Workbook
Name BD12__Consulta: #REF!
Name Base: 'Base'!$A$1:$C$646

Sheet municipios
A1: UF | B1: CodMunDv | C1: CodMun | D1: NomeMunicipio | E1: Mesoregiao | F1: 37803 | G1: 38169 | H1: 38534 | I1: 38899 | J1: 39264 | K1: 39630 | L1: 39995 | M1: 40360 | N1: 40725 | O1: 41091 | P1: 41456 | Q1: 41821 | R1: 42186 | S1: 42552
A2: RO | B2: 1100015 | C2: 110001 | D2: Alta Floresta D'Oeste | E2: =VLOOKUP(B2,[1]MunicipioRegioes!I$2:N$5586,6,FALSE) -> Ro1102 | F2: 27563 | G2: 29001 | H2: 28629 | I2: 29005 | K2: 24577 | L2: 24354 | M2: 24422 | N2: 24228 | O2: 24069 | P2: 25728 | Q2: 25652 | R2: 25578 | S2: 25506
A3: RO | B3: 1100023 | C3: 110002 | D3: Ariquemes | E3: =VLOOKUP(B3,[1]MunicipioRegioes!I$2:N$5586,6,FALSE) -> Ro1102 | F3: 79680 | G3: 86901 | H3: 85031 | I3: 86924 | K3: 84581 | L3: 85541 | M3: 90354 | N3: 91570 | O3: 92747 | P3: 101269 | Q3: 102860 | R3: 104401 | S3: 105896
A4: RO | B4: 1100031 | C4: 110003 | D4: Cabixi | E4: =VLOOKUP(B4,[1]MunicipioRegioes!I$2:N$5586,6,FALSE) -> Ro1102 | F4: 7478 | G4: 7421 | H4: 7436 | I4: 7421 | K4: 6777 | L4: 6695 | M4: 6309 | N4: 6221 | O4: 6132 | P4: 6495 | Q4: 6424 | R4: 6355 | S4: 6289
A5: RO | B5: 1100049 | C5: 110004 | D5: Cacoal | E5: =VLOOKUP(B5,[1]MunicipioRegioes!I$2:N$5586,6,FALSE) -> Ro1102 | F5: 74758 | G5: 76417 | H5: 75988 | I5: 76422 | K5: 78263 | L5: 78675 | M5: 78601 | N5: 78958 | O5: 79330 | P5: 85863 | Q5: 86556 | R5: 87226 | S5: 87877
A6: RO | B6: 1100056 | C6: 110005 | D6: Cerejeiras | E6: =VLOOKUP(B6,[1]MunicipioRegioes!I$2:N$5586,6,FALSE) -> Ro1102 | F6: 17794 | G6: 17217 | H6: 17366 | I6: 17215 | K6: 16784 | L6: 16622 | M6: 17030 | N6: 16939 | O6: 16852 | P6: 18041 | Q6: 18013 | R6: 17986 | S6: 17959
A7: RO | B7: 1100064 | C7: 110006 | D7: Colorado do Oeste | E7: =VLOOKUP(B7,[1]MunicipioRegioes!I$2:N$5586,6,FALSE) -> Ro1102 | F7: 20412 | G7: 18349 | H7: 18883 | I7: 18342 | K7: 18216 | L7: 17822 | M7: 18602 | N7: 18338 | O7: 18093 | P7: 19190 | Q7: 19001 | R7: 18817 | S7: 18639
A8: RO | B8: 1100072 | C8: 110007 | D8: Corumbiara | E8: =VLOOKUP(B8,[1]MunicipioRegioes!I$2:N$5586,6,FALSE) -> Ro1102 | F8: 10022 | G8: 9411 | H8: 9569 | I8: 9409 | K8: 9761 | L8: 9680 | M8: 8802 | N8: 8654 | O8: 8530 | P8: 9036 | Q8: 8938 | R8: 8842 | S8: 8749
A9: RO | B9: 1100080 | C9: 110008 | D9: Costa Marques | E9: =VLOOKUP(B9,[1]MunicipioRegioes!I$2:N$5586,6,FALSE) -> Ro1101 | F9: 10255 | G9: 11731 | H9: 11349 | I9: 11735 | K9: 13973 | L9: 14452 | M9: 13700 | N9: 14022 | O9: 14355 | P9: 15853 | Q9: 16258 | R9: 16651 | S9: 17031
A10: RO | B10: 1100098 | C10: 110009 | D10: Espigão D'Oeste | E10: =VLOOKUP(B10,[1]MunicipioRegioes!I$2:N$5586,6,FALSE) -> Ro1102 | F10: 26468 | G10: 27556 | H10: 27274 | I10: 27559 | K10: 28617 | L10: 28892 | M10: 28741 | N10: 28962 | O10: 29189 | P10: 31699 | Q10: 32047 | R10: 32385 | S10: 32712
A11: RO | B11: 1100106 | C11: 110010 | D11: Guajará-Mirim | E11: =VLOOKUP(B11,[1]MunicipioRegioes!I$2:N$5586,6,FALSE) -> Ro1101 | F11: 39728 | G11: 42075 | H11: 41467 | I11: 42082 | K11: 40541 | L11: 40762 | M11: 41646 | N11: 41933 | O11: 42202 | P11: 45761 | Q11: 46203 | R11: 46632 | S11: 47048
A12: RO | B12: 1100114 | C12: 110011 | D12: Jaru | E12: =VLOOKUP(B12,[1]MunicipioRegioes!I$2:N$5586,6,FALSE) -> Ro1102 | F12: 54701 | G12: 56238 | H12: 55840 | I12: 56242 | K12: 53955 | L12: 53943 | M12: 52043 | N12: 51883 | O12: 51765 | P12: 55597 | Q12: 55669 | R12: 55738 | S12: 55806
A13: RO | B13: 1100122 | C13: 110012 | D13: Ji-Paraná | E13: =VLOOKUP(B13,[1]MunicipioRegioes!I$2:N$5586,6,FALSE) -> Ro1102 | F13: 109573 | G13: 113441 | H13: 112439 | I13: 113453 | K13: 110707 | L13: 111010 | M13: 116587 | N13: 117363 | O13: 118092 | P13: 128026 | Q13: 129242 | R13: 130419 | S13: 131560
... A5565: GO | B5565: 5221858 | C5565: 522185 | D5565: Valparaíso de Goiás | E5565: =VLOOKUP(B5565,[1]MunicipioRegioes!I$2:N$5586,6,FALSE) -> Go5204 | F5565: 106970 | G5565: 115032 | H5565: 119493 | I5565: 123921 | K5565: 120878 | L5565: 123444 | M5565: 132947 | N5565: 135908 | O5565: 138740 | P5565: 146694 | Q5565: 150005 | R5565: 153255 | S5565: 156419
A5566: PI | B5566: 2206720 | C5566: 220672 | D5566: Nazária | E5566: =VLOOKUP(B5566,[1]MunicipioRegioes!I$2:N$5586,6,FALSE) -> Pi2202 | K5566: 8501 | L5566: 7895 | M5566: 8039 | N5566: 8149 | O5566: 8227 | P5566: 8289 | Q5566: 8330 | R5566: 8366 | S5566: 8398
A5567: PA | B5567: 1504752 | C5567: 150475 | D5567: Mojuí dos Campos (**) | E5567: =VLOOKUP(B5567,[1]MunicipioRegioes!I$2:N$5586,6,FALSE) -> Pa1501 | O5567: 15018 | P5567: 15232 | Q5567: 15341 | R5567: 15446 | S5567: 15548
A5568: SC | B5568: 4212650 | C5568: 421265 | D5568: Pescaria Brava (**) | E5568: =VLOOKUP(B5568,[1]MunicipioRegioes!I$2:N$5586,6,FALSE) -> Sc4206 | O5568: 9416 | P5568: 9687 | Q5568: 9761 | R5568: 9835 | S5568: 9908
A5569: SC | B5569: 4220000 | C5569: 422000 | D5569: Balneário Rincão (**) | E5569: =VLOOKUP(B5569,[1]MunicipioRegioes!I$2:N$5586,6,FALSE) -> Sc4206 | O5569: 11136 | P5569: 11628 | Q5569: 11824 | R5569: 12018 | S5569: 12212
A5570: RS | B5570: 4314548 | C5570: 431454 | D5570: Pinto Bandeira (**) | E5570: =VLOOKUP(B5570,[1]MunicipioRegioes!I$2:N$5586,6,FALSE) -> Rs4302 | O5570: 2578 | P5570: 2681 | Q5570: 2800 | R5570: 2824 | S5570: 2847
A5571: MS | B5571: 5006275 | C5571: 500627 | D5571: Paraíso das Águas (**) | E5571: =VLOOKUP(B5571,[1]MunicipioRegioes!I$2:N$5586,6,FALSE) -> Ms5003 | O5571: 4723 | P5571: 4942 | Q5571: 5047 | R5571: 5150 | S5571: 5251
F5574: =SUM(F2:F5565) -> 176871437 | G5574: =SUM(G2:G5565) -> 181581024 | H5574: =SUM(H2:H5565) -> 184184264 | I5574: =SUM(I2:I5565) -> 186770562 | K5574: =SUM(K2:K5566) -> 189612814 | L5574: =SUM(L2:L5566) -> 191446848 | M5574: =SUM(M2:M5566) -> 190732694 | N5574: =SUM(N2:N5566) -> 192376496 | O5574: =SUM(O2:O5572) -> 193917083 | P5574: =SUM(P2:P5572) -> 201062789 | Q5574: =SUM(Q2:Q5572) -> 202758031 | R5574: =SUM(R2:R5572) -> 204440972 | S5574: =SUM(S2:S5572) -> 205873492
G5575: =G5574/F5574 -> 1.0266272 | H5575: =H5574/G5574 -> 1.0143365 | I5575: =I5574/H5574 -> 1.0140419 | K5575: =K5574/I5574 -> 1.0152179 | L5575: =L5574/K5574 -> 1.0096725 | M5575: =M5574/L5574 -> 0.9962697 | N5575: =N5574/M5574 -> 1.0086184 | O5575: =O5574/N5574 -> 1.0080082 | P5575: =P5574/O5574 -> 1.0368493 | Q5575: =Q5574/P5574 -> 1.0084314 | R5575: =R5574/Q5574 -> 1.0083002 | S5575: =S5574/R5574 -> 1.007007
S5576: =S5574/F5574 -> 1.1639725
M5577: CENSO 2010

Sheet mesoregioes
A1: Mesoregiao | C1: 37803 | D1: 38169 | E1: 38534 | F1: 38899 | G1: 39264 | H1: 39630 | I1: 39995 | J1: 40360 | K1: 40725 | L1: 41091 | M1: 41456 | N1: 41821 | O1: 42186 | P1: 42552
A2: Ro1102 | B2: 1102 | C2: =SUMIF(municipios!$E$2:$E$5571,mesoregioes!$A2,municipios!F$2:F$5571) -> 943135 | D2: =SUMIF(municipios!$E$2:$E$5571,mesoregioes!$A2,municipios!G$2:G$5571) -> 992904 | E2: =SUMIF(municipios!$E$2:$E$5571,mesoregioes!$A2,municipios!H$2:H$5571) -> 980012 | F2: =SUMIF(municipios!$E$2:$E$5571,mesoregioes!$A2,municipios!I$2:I$5571) -> 993054 | G2: =SUMIF(municipios!$E$2:$E$5571,mesoregioes!$A2,municipios!J$2:J$5571) -> 0 | H2: =SUMIF(municipios!$E$2:$E$5571,mesoregioes!$A2,municipios!K$2:K$5571) -> 936077 | I2: =SUMIF(municipios!$E$2:$E$5571,mesoregioes!$A2,municipios!L$2:L$5571) -> 938778 | J2: =SUMIF(municipios!$E$2:$E$5571,mesoregioes!$A2,municipios!M$2:M$5571) -> 950756 | ... P2: =SUMIF(municipios!$E$2:$E$5571,mesoregioes!$A2,municipios!S$2:S$5571) -> 1054975
A3: Ro1101 | B3: 1101 | C3: =SUMIF(municipios!$E$2:$E$5571,mesoregioes!$A3,municipios!F$2:F$5571) -> 512772 | D3: =SUMIF(municipios!$E$2:$E$5571,mesoregioes!$A3,municipios!G$2:G$5571) -> 569181 | E3: =SUMIF(municipios!$E$2:$E$5571,mesoregioes!$A3,municipios!H$2:H$5571) -> 554582 | F3: =SUMIF(municipios!$E$2:$E$5571,mesoregioes!$A3,municipios!I$2:I$5571) -> 569363 | G3: =SUMIF(municipios!$E$2:$E$5571,mesoregioes!$A3,municipios!J$2:J$5571) -> 0 | H3: =SUMIF(municipios!$E$2:$E$5571,mesoregioes!$A3,municipios!K$2:K$5571) -> 557489 | I3: =SUMIF(municipios!$E$2:$E$5571,mesoregioes!$A3,municipios!L$2:L$5571) -> 565150 | J3: =SUMIF(municipios!$E$2:$E$5571,mesoregioes!$A3,municipios!M$2:M$5571) -> 609745 | ... P3: =SUMIF(municipios!$E$2:$E$5571,mesoregioes!$A3,municipios!S$2:S$5571) -> 732304
A4: Ac1202 | B4: 1202 | C4: =SUMIF(municipios!$E$2:$E$5571,mesoregioes!$A4,municipios!F$2:F$5571) -> 432076 | D4: =SUMIF(municipios!$E$2:$E$5571,mesoregioes!$A4,municipios!G$2:G$5571) -> 446932 | E4: =SUMIF(municipios!$E$2:$E$5571,mesoregioes!$A4,municipios!H$2:H$5571) -> 476232 | F4: =SUMIF(municipios!$E$2:$E$5571,mesoregioes!$A4,municipios!I$2:I$5571) -> 488751 | G4: =SUMIF(municipios!$E$2:$E$5571,mesoregioes!$A4,municipios!J$2:J$5571) -> 0 | H4: =SUMIF(municipios!$E$2:$E$5571,mesoregioes!$A4,municipios!K$2:K$5571) -> 482073 | I4: =SUMIF(municipios!$E$2:$E$5571,mesoregioes!$A4,municipios!L$2:L$5571) -> 490100 | J4: =SUMIF(municipios!$E$2:$E$5571,mesoregioes!$A4,municipios!M$2:M$5571) -> 527029 | ... P4: =SUMIF(municipios!$E$2:$E$5571,mesoregioes!$A4,municipios!S$2:S$5571) -> 591659
A5: Ac1201 | B5: 1201 | C5: =SUMIF(municipios!$E$2:$E$5571,mesoregioes!$A5,municipios!F$2:F$5571) -> 168519 | D5: =SUMIF(municipios!$E$2:$E$5571,mesoregioes!$A5,municipios!G$2:G$5571) -> 183396 | E5: =SUMIF(municipios!$E$2:$E$5571,mesoregioes!$A5,municipios!H$2:H$5571) -> 193504 | F5: =SUMIF(municipios!$E$2:$E$5571,mesoregioes!$A5,municipios!I$2:I$5571) -> 197901 | G5: =SUMIF(municipios!$E$2:$E$5571,mesoregioes!$A5,municipios!J$2:J$5571) -> 0 | H5: =SUMIF(municipios!$E$2:$E$5571,mesoregioes!$A5,municipios!K$2:K$5571) -> 198000 | I5: =SUMIF(municipios!$E$2:$E$5571,mesoregioes!$A5,municipios!L$2:L$5571) -> 201032 | J5: =SUMIF(municipios!$E$2:$E$5571,mesoregioes!$A5,municipios!M$2:M$5571) -> 205764 | ... P5: =SUMIF(municipios!$E$2:$E$5571,mesoregioes!$A5,municipios!S$2:S$5571) -> 225028
A6: Am1303 | B6: 1303 | C6: =SUMIF(municipios!$E$2:$E$5571,mesoregioes!$A6,municipios!F$2:F$5571) -> 2348341 | D6: =SUMIF(municipios!$E$2:$E$5571,mesoregioes!$A6,municipios!G$2:G$5571) -> 2446699 | E6: =SUMIF(municipios!$E$2:$E$5571,mesoregioes!$A6,municipios!H$2:H$5571) -> 2525302 | F6: =SUMIF(municipios!$E$2:$E$5571,mesoregioes!$A6,municipios!I$2:I$5571) -> 2591388 | G6: =SUMIF(municipios!$E$2:$E$5571,mesoregioes!$A6,municipios!J$2:J$5571) -> 0 | H6: =SUMIF(municipios!$E$2:$E$5571,mesoregioes!$A6,municipios!K$2:K$5571) -> 2600396 | I6: =SUMIF(municipios!$E$2:$E$5571,mesoregioes!$A6,municipios!L$2:L$5571) -> 2642804 | J6: =SUMIF(municipios!$E$2:$E$5571,mesoregioes!$A6,municipios!M$2:M$5571) -> 2726021 | ... P6: =SUMIF(municipios!$E$2:$E$5571,mesoregioes!$A6,municipios!S$2:S$5571) -> 3148018
A7: Am1302 | B7: 1302 | C7: =SUMIF(municipios!$E$2:$E$5571,mesoregioes!$A7,municipios!F$2:F$5571) -> 338100 | D7: =SUMIF(municipios!$E$2:$E$5571,mesoregioes!$A7,municipios!G$2:G$5571) -> 340030 | E7: =SUMIF(municipios!$E$2:$E$5571,mesoregioes!$A7,municipios!H$2:H$5571) -> 351388 | F7: =SUMIF(municipios!$E$2:$E$5571,mesoregioes!$A7,municipios!I$2:I$5571) -> 360935 | G7: =SUMIF(municipios!$E$2:$E$5571,mesoregioes!$A7,municipios!J$2:J$5571) -> 0 | H7: =SUMIF(municipios!$E$2:$E$5571,mesoregioes!$A7,municipios!K$2:K$5571) -> 343171 | I7: =SUMIF(municipios!$E$2:$E$5571,mesoregioes!$A7,municipios!L$2:L$5571) -> 347366 | J7: =SUMIF(municipios!$E$2:$E$5571,mesoregioes!$A7,municipios!M$2:M$5571) -> 351897 | ... P7: =SUMIF(municipios!$E$2:$E$5571,mesoregioes!$A7,municipios!S$2:S$5571) -> 395239
A8: Am1304 | B8: 1304 | C8: =SUMIF(municipios!$E$2:$E$5571,mesoregioes!$A8,municipios!F$2:F$5571) -> 238136 | D8: =SUMIF(municipios!$E$2:$E$5571,mesoregioes!$A8,municipios!G$2:G$5571) -> 240055 | E8: =SUMIF(municipios!$E$2:$E$5571,mesoregioes!$A8,municipios!H$2:H$5571) -> 241502 | F8: =SUMIF(municipios!$E$2:$E$5571,mesoregioes!$A8,municipios!I$2:I$5571) -> 242718 | G8: =SUMIF(municipios!$E$2:$E$5571,mesoregioes!$A8,municipios!J$2:J$5571) -> 0 | H8: =SUMIF(municipios!$E$2:$E$5571,mesoregioes!$A8,municipios!K$2:K$5571) -> 275206 | I8: =SUMIF(municipios!$E$2:$E$5571,mesoregioes!$A8,municipios!L$2:L$5571) -> 279110 | J8: =SUMIF(municipios!$E$2:$E$5571,mesoregioes!$A8,municipios!M$2:M$5571) -> 282438 | ... P8: =SUMIF(municipios!$E$2:$E$5571,mesoregioes!$A8,municipios!S$2:S$5571) -> 322628
A9: Am1301 | B9: 1301 | C9: =SUMIF(municipios!$E$2:$E$5571,mesoregioes!$A9,municipios!F$2:F$5571) -> 106491 | D9: =SUMIF(municipios!$E$2:$E$5571,mesoregioes!$A9,municipios!G$2:G$5571) -> 111942 | E9: =SUMIF(municipios!$E$2:$E$5571,mesoregioes!$A9,municipios!H$2:H$5571) -> 114138 | F9: =SUMIF(municipios!$E$2:$E$5571,mesoregioes!$A9,municipios!I$2:I$5571) -> 115985 | G9: =SUMIF(municipios!$E$2:$E$5571,mesoregioes!$A9,municipios!J$2:J$5571) -> 0 | H9: =SUMIF(municipios!$E$2:$E$5571,mesoregioes!$A9,municipios!K$2:K$5571) -> 122323 | I9: =SUMIF(municipios!$E$2:$E$5571,mesoregioes!$A9,municipios!L$2:L$5571) -> 124089 | J9: =SUMIF(municipios!$E$2:$E$5571,mesoregioes!$A9,municipios!M$2:M$5571) -> 120581 | ... P9: =SUMIF(municipios!$E$2:$E$5571,mesoregioes!$A9,municipios!S$2:S$5571) -> 135782
A10: Rr1401 | B10: 1401 | C10: =SUMIF(municipios!$E$2:$E$5571,mesoregioes!$A10,municipios!F$2:F$5571) -> 286587 | D10: =SUMIF(municipios!$E$2:$E$5571,mesoregioes!$A10,municipios!G$2:G$5571) -> 306013 | E10: =SUMIF(municipios!$E$2:$E$5571,mesoregioes!$A10,municipios!H$2:H$5571) -> 313456 | F10: =SUMIF(municipios!$E$2:$E$5571,mesoregioes!$A10,municipios!I$2:I$5571) -> 322955 | G10: =SUMIF(municipios!$E$2:$E$5571,mesoregioes!$A10,municipios!J$2:J$5571) -> 0 | H10: =SUMIF(municipios!$E$2:$E$5571,mesoregioes!$A10,municipios!K$2:K$5571) -> 329878 | I10: =SUMIF(municipios!$E$2:$E$5571,mesoregioes!$A10,municipios!L$2:L$5571) -> 336704 | J10: =SUMIF(municipios!$E$2:$E$5571,mesoregioes!$A10,municipios!M$2:M$5571) -> 362124 | ... P10: =SUMIF(municipios!$E$2:$E$5571,mesoregioes!$A10,municipios!S$2:S$5571) -> 414263
A11: Rr1402 | B11: 1402 | C11: =SUMIF(municipios!$E$2:$E$5571,mesoregioes!$A11,municipios!F$2:F$5571) -> 70715 | D11: =SUMIF(municipios!$E$2:$E$5571,mesoregioes!$A11,municipios!G$2:G$5571) -> 75883 | E11: =SUMIF(municipios!$E$2:$E$5571,mesoregioes!$A11,municipios!H$2:H$5571) -> 77861 | F11: =SUMIF(municipios!$E$2:$E$5571,mesoregioes!$A11,municipios!I$2:I$5571) -> 80389 | G11: =SUMIF(municipios!$E$2:$E$5571,mesoregioes!$A11,municipios!J$2:J$5571) -> 0 | H11: =SUMIF(municipios!$E$2:$E$5571,mesoregioes!$A11,municipios!K$2:K$5571) -> 82905 | I11: =SUMIF(municipios!$E$2:$E$5571,mesoregioes!$A11,municipios!L$2:L$5571) -> 84795 | J11: =SUMIF(municipios!$E$2:$E$5571,mesoregioes!$A11,municipios!M$2:M$5571) -> 89103 | ... P11: =SUMIF(municipios!$E$2:$E$5571,mesoregioes!$A11,municipios!S$2:S$5571) -> 99966
A12: Pa1504 | B12: 1504 | C12: =SUMIF(municipios!$E$2:$E$5571,mesoregioes!$A12,municipios!F$2:F$5571) -> 1553079 | D12: =SUMIF(municipios!$E$2:$E$5571,mesoregioes!$A12,municipios!G$2:G$5571) -> 1610473 | E12: =SUMIF(municipios!$E$2:$E$5571,mesoregioes!$A12,municipios!H$2:H$5571) -> 1635583 | F12: =SUMIF(municipios!$E$2:$E$5571,mesoregioes!$A12,municipios!I$2:I$5571) -> 1664761 | G12: =SUMIF(municipios!$E$2:$E$5571,mesoregioes!$A12,municipios!J$2:J$5571) -> 0 | H12: =SUMIF(municipios!$E$2:$E$5571,mesoregioes!$A12,municipios!K$2:K$5571) -> 1691920 | I12: =SUMIF(municipios!$E$2:$E$5571,mesoregioes!$A12,municipios!L$2:L$5571) -> 1712887 | J12: =SUMIF(municipios!$E$2:$E$5571,mesoregioes!$A12,municipios!M$2:M$5571) -> 1789556 | ... P12: =SUMIF(municipios!$E$2:$E$5571,mesoregioes!$A12,municipios!S$2:S$5571) -> 1942216
A13: Pa1506 | B13: 1506 | C13: =SUMIF(municipios!$E$2:$E$5571,mesoregioes!$A13,municipios!F$2:F$5571) -> 1284094 | D13: =SUMIF(municipios!$E$2:$E$5571,mesoregioes!$A13,municipios!G$2:G$5571) -> 1350231 | E13: =SUMIF(municipios!$E$2:$E$5571,mesoregioes!$A13,municipios!H$2:H$5571) -> 1379158 | F13: =SUMIF(municipios!$E$2:$E$5571,mesoregioes!$A13,municipios!I$2:I$5571) -> 1412777 | G13: =SUMIF(municipios!$E$2:$E$5571,mesoregioes!$A13,municipios!J$2:J$5571) -> 0 | H13: =SUMIF(municipios!$E$2:$E$5571,mesoregioes!$A13,municipios!K$2:K$5571) -> 1509176 | I13: =SUMIF(municipios!$E$2:$E$5571,mesoregioes!$A13,municipios!L$2:L$5571) -> 1540419 | J13: =SUMIF(municipios!$E$2:$E$5571,mesoregioes!$A13,municipios!M$2:M$5571) -> 1647508 | ... P13: =SUMIF(municipios!$E$2:$E$5571,mesoregioes!$A13,municipios!S$2:S$5571) -> 1882450
... A138: Go5301 | B138: 5301 | C138: =SUMIF(municipios!$E$2:$E$5571,mesoregioes!$A138,municipios!F$2:F$5571) -> 2189789 | D138: =SUMIF(municipios!$E$2:$E$5571,mesoregioes!$A138,municipios!G$2:G$5571) -> 2282049 | E138: =SUMIF(municipios!$E$2:$E$5571,mesoregioes!$A138,municipios!H$2:H$5571) -> 2333108 | F138: =SUMIF(municipios!$E$2:$E$5571,mesoregioes!$A138,municipios!I$2:I$5571) -> 2383784 | G138: =SUMIF(municipios!$E$2:$E$5571,mesoregioes!$A138,municipios!J$2:J$5571) -> 0 | H138: =SUMIF(municipios!$E$2:$E$5571,mesoregioes!$A138,municipios!K$2:K$5571) -> 2557158 | I138: =SUMIF(municipios!$E$2:$E$5571,mesoregioes!$A138,municipios!L$2:L$5571) -> 2606885 | J138: =SUMIF(municipios!$E$2:$E$5571,mesoregioes!$A138,municipios!M$2:M$5571) -> 2562963 | ... P138: =SUMIF(municipios!$E$2:$E$5571,mesoregioes!$A138,municipios!S$2:S$5571) -> 2977216
C140: =SUM(C2:C138) -> 176871437 | D140: =SUM(D2:D138) -> 181581024 | E140: =SUM(E2:E138) -> 184184264 | F140: =SUM(F2:F138) -> 186770562 | G140: =SUM(G2:G138) -> 0 | H140: =SUM(H2:H138) -> 189612814 | I140: =SUM(I2:I138) -> 191446848 | J140: =SUM(J2:J138) -> 190732694 | ... P140: =SUM(P2:P138) -> 205873492
C141: =municipios!F5574 -> 176871437 | D141: =municipios!G5574 -> 181581024 | E141: =municipios!H5574 -> 184184264 | F141: =municipios!I5574 -> 186770562 | G141: =municipios!J5574 -> 0 | H141: =municipios!K5574 -> 189612814 | I141: =municipios!L5574 -> 191446848 | J141: =municipios!M5574 -> 190732694 | ... P141: =municipios!S5574 -> 205873492
B143: Conferencia | C143: =EXACT(C140,C141) -> TRUE | D143: =EXACT(D140,D141) -> TRUE | E143: =EXACT(E140,E141) -> TRUE | F143: =EXACT(F140,F141) -> TRUE | G143: =EXACT(G140,G141) -> TRUE | H143: =EXACT(H140,H141) -> TRUE | I143: =EXACT(I140,I141) -> TRUE | J143: =EXACT(J140,J141) -> TRUE | ... P143: =EXACT(P140,P141) -> TRUE
H5566: 8501 | I5566: 7895 | J5566: 8039 | K5566: 8149 | L5566: 8227 | M5566: 8289 | N5566: 8330 | O5566: 8366 | P5566: 8398
L5567: 15018 | M5567: 15232 | N5567: 15341 | O5567: 15446 | P5567: 15548
L5568: 9416 | M5568: 9687 | N5568: 9761 | O5568: 9835 | P5568: 9908
L5569: 11136 | M5569: 11628 | N5569: 11824 | O5569: 12018 | P5569: 12212
L5570: 2578 | M5570: 2681 | N5570: 2800 | O5570: 2824 | P5570: 2847
L5571: 4723 | M5571: 4942 | N5571: 5047 | O5571: 5150 | P5571: 5251
C5574: =SUM(C2:C5565) -> 530614311 | D5574: =SUM(D2:D5565) -> 544743072 | E5574: =SUM(E2:E5565) -> 552552792 | F5574: =SUM(F2:F5565) -> 560311686 | H5574: =SUM(H2:H5566) -> 568846943 | I5574: =SUM(I2:I5566) -> 574348439 | J5574: =SUM(J2:J5566) -> 572206121 | K5574: =SUM(K2:K5566) -> 577137637 | L5574: =SUM(L2:L5572) -> 581802347 | M5574: =SUM(M2:M5572) -> 603240826 | N5574: =SUM(N2:N5572) -> 608327196 | O5574: =SUM(O2:O5572) -> 613376555 | P5574: =SUM(P2:P5572) -> 617674640
D5575: =D5574/C5574 -> 1.0266272 | E5575: =E5574/D5574 -> 1.0143365 | F5575: =F5574/E5574 -> 1.0140419 | H5575: =H5574/F5574 -> 1.0152331 | I5575: =I5574/H5574 -> 1.0096713 | J5575: =J5574/I5574 -> 0.99627 | K5575: =K5574/J5574 -> 1.0086184 | L5575: =L5574/K5574 -> 1.0080825 | M5575: =M5574/L5574 -> 1.0368484 | N5575: =N5574/M5574 -> 1.0084317 | O5575: =O5574/N5574 -> 1.0083004 | P5575: =P5574/O5574 -> 1.0070073
P5576: =P5574/C5574 -> 1.1640746
J5577: CENSO 2010

Sheet Estados
A1: UF | C1: 37803 | D1: 38169 | E1: 38534 | F1: 38899 | G1: 39264 | H1: 39630 | I1: 39995 | J1: 40360 | K1: 40725 | L1: 41091 | M1: 41456 | N1: 41821 | O1: 42186 | P1: 42552
A2: RO | C2: =SUMIF(municipios!$A$2:$A$5571,$A2,municipios!F$2:F$5571) -> 1455907 | D2: =SUMIF(municipios!$A$2:$A$5571,$A2,municipios!G$2:G$5571) -> 1562085 | E2: =SUMIF(municipios!$A$2:$A$5571,$A2,municipios!H$2:H$5571) -> 1534594 | F2: =SUMIF(municipios!$A$2:$A$5571,$A2,municipios!I$2:I$5571) -> 1562417 | G2: =SUMIF(municipios!$A$2:$A$5571,$A2,municipios!J$2:J$5571) -> 0 | H2: =SUMIF(municipios!$A$2:$A$5571,$A2,municipios!K$2:K$5571) -> 1493566 | I2: =SUMIF(municipios!$A$2:$A$5571,$A2,municipios!L$2:L$5571) -> 1503928 | J2: =SUMIF(municipios!$A$2:$A$5571,$A2,municipios!M$2:M$5571) -> 1560501 | ... P2: =SUMIF(municipios!$A$2:$A$5571,$A2,municipios!S$2:S$5571) -> 1787279
A3: AC | C3: =SUMIF(municipios!$A$2:$A$5571,$A3,municipios!F$2:F$5571) -> 600595 | D3: =SUMIF(municipios!$A$2:$A$5571,$A3,municipios!G$2:G$5571) -> 630328 | E3: =SUMIF(municipios!$A$2:$A$5571,$A3,municipios!H$2:H$5571) -> 669736 | F3: =SUMIF(municipios!$A$2:$A$5571,$A3,municipios!I$2:I$5571) -> 686652 | G3: =SUMIF(municipios!$A$2:$A$5571,$A3,municipios!J$2:J$5571) -> 0 | H3: =SUMIF(municipios!$A$2:$A$5571,$A3,municipios!K$2:K$5571) -> 680073 | I3: =SUMIF(municipios!$A$2:$A$5571,$A3,municipios!L$2:L$5571) -> 691132 | J3: =SUMIF(municipios!$A$2:$A$5571,$A3,municipios!M$2:M$5571) -> 732793 | ... P3: =SUMIF(municipios!$A$2:$A$5571,$A3,municipios!S$2:S$5571) -> 816687
A4: AM | C4: =SUMIF(municipios!$A$2:$A$5571,$A4,municipios!F$2:F$5571) -> 3031068 | D4: =SUMIF(municipios!$A$2:$A$5571,$A4,municipios!G$2:G$5571) -> 3138726 | E4: =SUMIF(municipios!$A$2:$A$5571,$A4,municipios!H$2:H$5571) -> 3232330 | F4: =SUMIF(municipios!$A$2:$A$5571,$A4,municipios!I$2:I$5571) -> 3311026 | G4: =SUMIF(municipios!$A$2:$A$5571,$A4,municipios!J$2:J$5571) -> 0 | H4: =SUMIF(municipios!$A$2:$A$5571,$A4,municipios!K$2:K$5571) -> 3341096 | I4: =SUMIF(municipios!$A$2:$A$5571,$A4,municipios!L$2:L$5571) -> 3393369 | J4: =SUMIF(municipios!$A$2:$A$5571,$A4,municipios!M$2:M$5571) -> 3480937 | ... P4: =SUMIF(municipios!$A$2:$A$5571,$A4,municipios!S$2:S$5571) -> 4001667
A5: RR | C5: =SUMIF(municipios!$A$2:$A$5571,$A5,municipios!F$2:F$5571) -> 357302 | D5: =SUMIF(municipios!$A$2:$A$5571,$A5,municipios!G$2:G$5571) -> 381896 | E5: =SUMIF(municipios!$A$2:$A$5571,$A5,municipios!H$2:H$5571) -> 391317 | F5: =SUMIF(municipios!$A$2:$A$5571,$A5,municipios!I$2:I$5571) -> 403344 | G5: =SUMIF(municipios!$A$2:$A$5571,$A5,municipios!J$2:J$5571) -> 0 | H5: =SUMIF(municipios!$A$2:$A$5571,$A5,municipios!K$2:K$5571) -> 412783 | I5: =SUMIF(municipios!$A$2:$A$5571,$A5,municipios!L$2:L$5571) -> 421499 | J5: =SUMIF(municipios!$A$2:$A$5571,$A5,municipios!M$2:M$5571) -> 451227 | ... P5: =SUMIF(municipios!$A$2:$A$5571,$A5,municipios!S$2:S$5571) -> 514229
A6: PA | C6: =SUMIF(municipios!$A$2:$A$5571,$A6,municipios!F$2:F$5571) -> 6574993 | D6: =SUMIF(municipios!$A$2:$A$5571,$A6,municipios!G$2:G$5571) -> 6850181 | E6: =SUMIF(municipios!$A$2:$A$5571,$A6,municipios!H$2:H$5571) -> 6970586 | F6: =SUMIF(municipios!$A$2:$A$5571,$A6,municipios!I$2:I$5571) -> 7110465 | G6: =SUMIF(municipios!$A$2:$A$5571,$A6,municipios!J$2:J$5571) -> 0 | H6: =SUMIF(municipios!$A$2:$A$5571,$A6,municipios!K$2:K$5571) -> 7321493 | I6: =SUMIF(municipios!$A$2:$A$5571,$A6,municipios!L$2:L$5571) -> 7397238 | J6: =SUMIF(municipios!$A$2:$A$5571,$A6,municipios!M$2:M$5571) -> 7588078 | ... P6: =SUMIF(municipios!$A$2:$A$5571,$A6,municipios!S$2:S$5571) -> 8263872
A7: AP | C7: =SUMIF(municipios!$A$2:$A$5571,$A7,municipios!F$2:F$5571) -> 534835 | D7: =SUMIF(municipios!$A$2:$A$5571,$A7,municipios!G$2:G$5571) -> 547400 | E7: =SUMIF(municipios!$A$2:$A$5571,$A7,municipios!H$2:H$5571) -> 594587 | F7: =SUMIF(municipios!$A$2:$A$5571,$A7,municipios!I$2:I$5571) -> 615715 | G7: =SUMIF(municipios!$A$2:$A$5571,$A7,municipios!J$2:J$5571) -> 0 | H7: =SUMIF(municipios!$A$2:$A$5571,$A7,municipios!K$2:K$5571) -> 613164 | I7: =SUMIF(municipios!$A$2:$A$5571,$A7,municipios!L$2:L$5571) -> 626609 | J7: =SUMIF(municipios!$A$2:$A$5571,$A7,municipios!M$2:M$5571) -> 668689 | ... P7: =SUMIF(municipios!$A$2:$A$5571,$A7,municipios!S$2:S$5571) -> 782295
A8: TO | C8: =SUMIF(municipios!$A$2:$A$5571,$A8,municipios!F$2:F$5571) -> 1230181 | D8: =SUMIF(municipios!$A$2:$A$5571,$A8,municipios!G$2:G$5571) -> 1262644 | E8: =SUMIF(municipios!$A$2:$A$5571,$A8,municipios!H$2:H$5571) -> 1305728 | F8: =SUMIF(municipios!$A$2:$A$5571,$A8,municipios!I$2:I$5571) -> 1332441 | G8: =SUMIF(municipios!$A$2:$A$5571,$A8,municipios!J$2:J$5571) -> 0 | H8: =SUMIF(municipios!$A$2:$A$5571,$A8,municipios!K$2:K$5571) -> 1280509 | I8: =SUMIF(municipios!$A$2:$A$5571,$A8,municipios!L$2:L$5571) -> 1292051 | J8: =SUMIF(municipios!$A$2:$A$5571,$A8,municipios!M$2:M$5571) -> 1383453 | ... P8: =SUMIF(municipios!$A$2:$A$5571,$A8,municipios!S$2:S$5571) -> 1532902
A9: MA | C9: =SUMIF(municipios!$A$2:$A$5571,$A9,municipios!F$2:F$5571) -> 5873655 | D9: =SUMIF(municipios!$A$2:$A$5571,$A9,municipios!G$2:G$5571) -> 6021504 | E9: =SUMIF(municipios!$A$2:$A$5571,$A9,municipios!H$2:H$5571) -> 6103327 | F9: =SUMIF(municipios!$A$2:$A$5571,$A9,municipios!I$2:I$5571) -> 6184538 | G9: =SUMIF(municipios!$A$2:$A$5571,$A9,municipios!J$2:J$5571) -> 0 | H9: =SUMIF(municipios!$A$2:$A$5571,$A9,municipios!K$2:K$5571) -> 6305539 | I9: =SUMIF(municipios!$A$2:$A$5571,$A9,municipios!L$2:L$5571) -> 6367138 | J9: =SUMIF(municipios!$A$2:$A$5571,$A9,municipios!M$2:M$5571) -> 6569683 | ... P9: =SUMIF(municipios!$A$2:$A$5571,$A9,municipios!S$2:S$5571) -> 6834594
A10: PI | C10: =SUMIF(municipios!$A$2:$A$5571,$A10,municipios!F$2:F$5571) -> 2923725 | D10: =SUMIF(municipios!$A$2:$A$5571,$A10,municipios!G$2:G$5571) -> 2977259 | E10: =SUMIF(municipios!$A$2:$A$5571,$A10,municipios!H$2:H$5571) -> 3006885 | F10: =SUMIF(municipios!$A$2:$A$5571,$A10,municipios!I$2:I$5571) -> 3036290 | G10: =SUMIF(municipios!$A$2:$A$5571,$A10,municipios!J$2:J$5571) -> 0 | H10: =SUMIF(municipios!$A$2:$A$5571,$A10,municipios!K$2:K$5571) -> 3119697 | I10: =SUMIF(municipios!$A$2:$A$5571,$A10,municipios!L$2:L$5571) -> 3145325 | J10: =SUMIF(municipios!$A$2:$A$5571,$A10,municipios!M$2:M$5571) -> 3119015 | ... P10: =SUMIF(municipios!$A$2:$A$5571,$A10,municipios!S$2:S$5571) -> 3212180
A11: CE | C11: =SUMIF(municipios!$A$2:$A$5571,$A11,municipios!F$2:F$5571) -> 7758441 | D11: =SUMIF(municipios!$A$2:$A$5571,$A11,municipios!G$2:G$5571) -> 7976563 | E11: =SUMIF(municipios!$A$2:$A$5571,$A11,municipios!H$2:H$5571) -> 8097276 | F11: =SUMIF(municipios!$A$2:$A$5571,$A11,municipios!I$2:I$5571) -> 8217085 | G11: =SUMIF(municipios!$A$2:$A$5571,$A11,municipios!J$2:J$5571) -> 0 | H11: =SUMIF(municipios!$A$2:$A$5571,$A11,municipios!K$2:K$5571) -> 8450527 | I11: =SUMIF(municipios!$A$2:$A$5571,$A11,municipios!L$2:L$5571) -> 8547809 | J11: =SUMIF(municipios!$A$2:$A$5571,$A11,municipios!M$2:M$5571) -> 8448055 | ... P11: =SUMIF(municipios!$A$2:$A$5571,$A11,municipios!S$2:S$5571) -> 8963663
A12: RN | C12: =SUMIF(municipios!$A$2:$A$5571,$A12,municipios!F$2:F$5571) -> 2888058 | D12: =SUMIF(municipios!$A$2:$A$5571,$A12,municipios!G$2:G$5571) -> 2962107 | E12: =SUMIF(municipios!$A$2:$A$5571,$A12,municipios!H$2:H$5571) -> 3003087 | F12: =SUMIF(municipios!$A$2:$A$5571,$A12,municipios!I$2:I$5571) -> 3043760 | G12: =SUMIF(municipios!$A$2:$A$5571,$A12,municipios!J$2:J$5571) -> 0 | H12: =SUMIF(municipios!$A$2:$A$5571,$A12,municipios!K$2:K$5571) -> 3106430 | I12: =SUMIF(municipios!$A$2:$A$5571,$A12,municipios!L$2:L$5571) -> 3137541 | J12: =SUMIF(municipios!$A$2:$A$5571,$A12,municipios!M$2:M$5571) -> 3168133 | ... P12: =SUMIF(municipios!$A$2:$A$5571,$A12,municipios!S$2:S$5571) -> 3474998
A13: PB | C13: =SUMIF(municipios!$A$2:$A$5571,$A13,municipios!F$2:F$5571) -> 3518595 | D13: =SUMIF(municipios!$A$2:$A$5571,$A13,municipios!G$2:G$5571) -> 3568350 | E13: =SUMIF(municipios!$A$2:$A$5571,$A13,municipios!H$2:H$5571) -> 3595886 | F13: =SUMIF(municipios!$A$2:$A$5571,$A13,municipios!I$2:I$5571) -> 3623215 | G13: =SUMIF(municipios!$A$2:$A$5571,$A13,municipios!J$2:J$5571) -> 0 | H13: =SUMIF(municipios!$A$2:$A$5571,$A13,municipios!K$2:K$5571) -> 3742606 | I13: =SUMIF(municipios!$A$2:$A$5571,$A13,municipios!L$2:L$5571) -> 3769977 | J13: =SUMIF(municipios!$A$2:$A$5571,$A13,municipios!M$2:M$5571) -> 3766834 | ... P13: =SUMIF(municipios!$A$2:$A$5571,$A13,municipios!S$2:S$5571) -> 3999415
... A28: DF | C28: =SUMIF(municipios!$A$2:$A$5571,$A28,municipios!F$2:F$5571) -> 2189789 | D28: =SUMIF(municipios!$A$2:$A$5571,$A28,municipios!G$2:G$5571) -> 2282049 | E28: =SUMIF(municipios!$A$2:$A$5571,$A28,municipios!H$2:H$5571) -> 2333108 | F28: =SUMIF(municipios!$A$2:$A$5571,$A28,municipios!I$2:I$5571) -> 2383784 | G28: =SUMIF(municipios!$A$2:$A$5571,$A28,municipios!J$2:J$5571) -> 0 | H28: =SUMIF(municipios!$A$2:$A$5571,$A28,municipios!K$2:K$5571) -> 2557158 | I28: =SUMIF(municipios!$A$2:$A$5571,$A28,municipios!L$2:L$5571) -> 2606885 | J28: =SUMIF(municipios!$A$2:$A$5571,$A28,municipios!M$2:M$5571) -> 2562963 | ... P28: =SUMIF(municipios!$A$2:$A$5571,$A28,municipios!S$2:S$5571) -> 2977216
C30: =SUM(C2:C28) -> 176871437 | D30: =SUM(D2:D28) -> 181581024 | E30: =SUM(E2:E28) -> 184184264 | F30: =SUM(F2:F28) -> 186770562 | G30: =SUM(G2:G28) -> 0 | H30: =SUM(H2:H28) -> 189612814 | I30: =SUM(I2:I28) -> 191446848 | J30: =SUM(J2:J28) -> 190732694 | ... P30: =SUM(P2:P28) -> 205873492

Sheet MunicipioRegioes
A1: UF | B1: Sigla UF | C1: Nome_UF | D1: Mesorregião Geográfica | E1: Nome_Mesorregião | F1: Microrregião Geográfica | G1: Nome_Microrregião | H1: Município | I1: Código Município Completo | J1: Nome_Município | K1: Código Município Sem digito | L1: UF-NomeMesoregiao | M1: UF-NomeMicroregiao | N1: População Residente | O1: Elemento | P1: Ignorar | Q1: Exogeno | R1: AcpMember | S1: ManualImput | T1: GVAR Short Name
A2: 11 | B2: RO | C2: Rondônia | D2: 1102 | E2: Leste Rondoniense | F2: 11006 | G2: Cacoal | H2: 00015 | I2: 1100015 | J2: Alta Floresta D'Oeste | K2: 110001 | L2: Ro-Leste Rondoniense | M2: Ro-Cacoal | N2: =SUMIF(#REF!,MunicipioRegioes!I2,#REF!) -> #REF! | O2: ="Mun_"&I2 -> Mun_1100015 | P2: 0 | Q2: =SUMIF(#REF!,MunicipioRegioes!K2,#REF!)/K2 -> #REF! | R2: =SUMIF(#REF!,MunicipioRegioes!I2,#REF!)/I2 -> #REF! | S2: =SUMIF(#REF!,MunicipioRegioes!I2)/I2 -> #REF!
A3: 11 | B3: RO | C3: Rondônia | D3: 1102 | E3: Leste Rondoniense | F3: 11006 | G3: Cacoal | H3: 00379 | I3: 1100379 | J3: Alto Alegre dos Parecis | K3: 110037 | L3: Ro-Leste Rondoniense | M3: Ro-Cacoal | N3: =SUMIF(#REF!,MunicipioRegioes!I3,#REF!) -> #REF! | O3: ="Mun_"&I3 -> Mun_1100379 | P3: 0 | Q3: =SUMIF(#REF!,MunicipioRegioes!K3,#REF!)/K3 -> #REF! | R3: =SUMIF(#REF!,MunicipioRegioes!I3,#REF!)/I3 -> #REF! | S3: =SUMIF(#REF!,MunicipioRegioes!I3)/I3 -> #REF!
A4: 11 | B4: RO | C4: Rondônia | D4: 1102 | E4: Leste Rondoniense | F4: 11003 | G4: Ariquemes | H4: 00403 | I4: 1100403 | J4: Alto Paraíso | K4: 110040 | L4: Ro-Leste Rondoniense | M4: Ro-Ariquemes | N4: =SUMIF(#REF!,MunicipioRegioes!I4,#REF!) -> #REF! | O4: ="Mun_"&I4 -> Mun_1100403 | P4: 0 | Q4: =SUMIF(#REF!,MunicipioRegioes!K4,#REF!)/K4 -> #REF! | R4: =SUMIF(#REF!,MunicipioRegioes!I4,#REF!)/I4 -> #REF! | S4: =SUMIF(#REF!,MunicipioRegioes!I4)/I4 -> #REF!
A5: 11 | B5: RO | C5: Rondônia | D5: 1102 | E5: Leste Rondoniense | F5: 11005 | G5: Alvorada D'Oeste | H5: 00346 | I5: 1100346 | J5: Alvorada D'Oeste | K5: 110034 | L5: Ro-Leste Rondoniense | M5: Ro-Alvorada D'Oeste | N5: =SUMIF(#REF!,MunicipioRegioes!I5,#REF!) -> #REF! | O5: ="Mun_"&I5 -> Mun_1100346 | P5: 0 | Q5: =SUMIF(#REF!,MunicipioRegioes!K5,#REF!)/K5 -> #REF! | R5: =SUMIF(#REF!,MunicipioRegioes!I5,#REF!)/I5 -> #REF! | S5: =SUMIF(#REF!,MunicipioRegioes!I5)/I5 -> #REF!
A6: 11 | B6: RO | C6: Rondônia | D6: 1102 | E6: Leste Rondoniense | F6: 11003 | G6: Ariquemes | H6: 00023 | I6: 1100023 | J6: Ariquemes | K6: 110002 | L6: Ro-Leste Rondoniense | M6: Ro-Ariquemes | N6: =SUMIF(#REF!,MunicipioRegioes!I6,#REF!) -> #REF! | O6: ="Mun_"&I6 -> Mun_1100023 | P6: 0 | Q6: =SUMIF(#REF!,MunicipioRegioes!K6,#REF!)/K6 -> #REF! | R6: =SUMIF(#REF!,MunicipioRegioes!I6,#REF!)/I6 -> #REF! | S6: =SUMIF(#REF!,MunicipioRegioes!I6)/I6 -> #REF!
A7: 11 | B7: RO | C7: Rondônia | D7: 1101 | E7: Madeira-Guaporé | F7: 11001 | G7: Porto Velho | H7: 00452 | I7: 1100452 | J7: Buritis | K7: 110045 | L7: Ro-Madeira-Guaporé | M7: Ro-Porto Velho | N7: =SUMIF(#REF!,MunicipioRegioes!I7,#REF!) -> #REF! | O7: ="Mun_"&I7 -> Mun_1100452 | P7: 0 | Q7: =SUMIF(#REF!,MunicipioRegioes!K7,#REF!)/K7 -> #REF! | R7: =SUMIF(#REF!,MunicipioRegioes!I7,#REF!)/I7 -> #REF! | S7: =SUMIF(#REF!,MunicipioRegioes!I7)/I7 -> #REF!
A8: 11 | B8: RO | C8: Rondônia | D8: 1102 | E8: Leste Rondoniense | F8: 11008 | G8: Colorado do Oeste | H8: 00031 | I8: 1100031 | J8: Cabixi | K8: 110003 | L8: Ro-Leste Rondoniense | M8: Ro-Colorado do Oeste | N8: =SUMIF(#REF!,MunicipioRegioes!I8,#REF!) -> #REF! | O8: ="Mun_"&I8 -> Mun_1100031 | P8: 0 | Q8: =SUMIF(#REF!,MunicipioRegioes!K8,#REF!)/K8 -> #REF! | R8: =SUMIF(#REF!,MunicipioRegioes!I8,#REF!)/I8 -> #REF! | S8: =SUMIF(#REF!,MunicipioRegioes!I8)/I8 -> #REF!
A9: 11 | B9: RO | C9: Rondônia | D9: 1102 | E9: Leste Rondoniense | F9: 11003 | G9: Ariquemes | H9: 00601 | I9: 1100601 | J9: Cacaulândia | K9: 110060 | L9: Ro-Leste Rondoniense | M9: Ro-Ariquemes | N9: =SUMIF(#REF!,MunicipioRegioes!I9,#REF!) -> #REF! | O9: ="Mun_"&I9 -> Mun_1100601 | P9: 0 | Q9: =SUMIF(#REF!,MunicipioRegioes!K9,#REF!)/K9 -> #REF! | R9: =SUMIF(#REF!,MunicipioRegioes!I9,#REF!)/I9 -> #REF! | S9: =SUMIF(#REF!,MunicipioRegioes!I9)/I9 -> #REF!
A10: 11 | B10: RO | C10: Rondônia | D10: 1102 | E10: Leste Rondoniense | F10: 11006 | G10: Cacoal | H10: 00049 | I10: 1100049 | J10: Cacoal | K10: 110004 | L10: Ro-Leste Rondoniense | M10: Ro-Cacoal | N10: =SUMIF(#REF!,MunicipioRegioes!I10,#REF!) -> #REF! | O10: ="Mun_"&I10 -> Mun_1100049 | P10: 0 | Q10: =SUMIF(#REF!,MunicipioRegioes!K10,#REF!)/K10 -> #REF! | R10: =SUMIF(#REF!,MunicipioRegioes!I10,#REF!)/I10 -> #REF! | S10: =SUMIF(#REF!,MunicipioRegioes!I10)/I10 -> #REF!
A11: 11 | B11: RO | C11: Rondônia | D11: 1101 | E11: Madeira-Guaporé | F11: 11001 | G11: Porto Velho | H11: 00700 | I11: 1100700 | J11: Campo Novo de Rondônia | K11: 110070 | L11: Ro-Madeira-Guaporé | M11: Ro-Porto Velho | N11: =SUMIF(#REF!,MunicipioRegioes!I11,#REF!) -> #REF! | O11: ="Mun_"&I11 -> Mun_1100700 | P11: 0 | Q11: =SUMIF(#REF!,MunicipioRegioes!K11,#REF!)/K11 -> #REF! | R11: =SUMIF(#REF!,MunicipioRegioes!I11,#REF!)/I11 -> #REF! | S11: =SUMIF(#REF!,MunicipioRegioes!I11)/I11 -> #REF!
A12: 11 | B12: RO | C12: Rondônia | D12: 1101 | E12: Madeira-Guaporé | F12: 11001 | G12: Porto Velho | H12: 00809 | I12: 1100809 | J12: Candeias do Jamari | K12: 110080 | L12: Ro-Madeira-Guaporé | M12: Ro-Porto Velho | N12: =SUMIF(#REF!,MunicipioRegioes!I12,#REF!) -> #REF! | O12: ="Mun_"&I12 -> Mun_1100809 | P12: 0 | Q12: =SUMIF(#REF!,MunicipioRegioes!K12,#REF!)/K12 -> #REF! | R12: =SUMIF(#REF!,MunicipioRegioes!I12,#REF!)/I12 -> #REF! | S12: =SUMIF(#REF!,MunicipioRegioes!I12)/I12 -> #REF!
A13: 11 | B13: RO | C13: Rondônia | D13: 1102 | E13: Leste Rondoniense | F13: 11006 | G13: Cacoal | H13: 00908 | I13: 1100908 | J13: Castanheiras | K13: 110090 | L13: Ro-Leste Rondoniense | M13: Ro-Cacoal | N13: =SUMIF(#REF!,MunicipioRegioes!I13,#REF!) -> #REF! | O13: ="Mun_"&I13 -> Mun_1100908 | P13: 0 | Q13: =SUMIF(#REF!,MunicipioRegioes!K13,#REF!)/K13 -> #REF! | R13: =SUMIF(#REF!,MunicipioRegioes!I13,#REF!)/I13 -> #REF! | S13: =SUMIF(#REF!,MunicipioRegioes!I13)/I13 -> #REF!
... A5586: 52 | B5586: GO | C5586: Goiás | D5586: 5200 | E5586: Go-Meso-Ignorado | F5586: 52000 | G5586: Go-Micro-Ignorado | H5586: 00000 | I5586: 5200000 | J5586: Go-Ignorado | K5586: 520000 | L5586: Go-Meso-Ignorado | M5586: Go-Micro-Ignorado | N5586: =SUMIF(#REF!,MunicipioRegioes!I5586,#REF!) -> #REF! | O5586: ="Mun_"&I5586 -> Mun_5200000 | P5586: 1 | Q5586: =SUMIF(#REF!,MunicipioRegioes!K5586,#REF!)/K5586 -> #REF! | R5586: =SUMIF(#REF!,MunicipioRegioes!I5586,#REF!)/I5586 -> #REF! | S5586: =SUMIF(#REF!,MunicipioRegioes!I5586)/I5586 -> #REF!
A5588: =COLUMN(A5586) -> 1 | B5588: =COLUMN(B5586) -> 2 | C5588: =COLUMN(C5586) -> 3 | D5588: =COLUMN(D5586) -> 4 | E5588: =COLUMN(E5586) -> 5 | F5588: =COLUMN(F5586) -> 6 | G5588: =COLUMN(G5586) -> 7 | H5588: =COLUMN(H5586) -> 8 | ... R5588: =COLUMN(R5586) -> 18

Sheet Base
A1: Id | B1: Nome | C1: CD_GEOCMU
A2: 1 | B2: CAIU┴ | C2: 3509106
A3: 2 | B3: CASTILHO | C3: 3511003
A4: 3 | B4: DRACENA | C4: 3514403
A5: 4 | B5: ESTRELA DO NORTE | C5: 3515301
A6: 5 | B6: EUCLIDES DA CUNHA PAULISTA | C6: 3515350
A7: 6 | B7: MARAB┴ PAULISTA | C7: 3528700
A8: 7 | B8: MIRANTE DO PARANAPANEMA | C8: 3530201
A9: 8 | B9: MONTE CASTELO | C9: 3531605
A10: 9 | B10: NARANDIBA | C10: 3532207
A11: 10 | B11: NOVA GUATAPORANGA | C11: 3533106
A12: 11 | B12: OURO VERDE | C12: 3534807
A13: 12 | B13: PANORAMA | C13: 3535408
... A646: 645 | B646: TACIBA | C646: 3552908
