Workbook

Sheet ToImport
A1: Data | B1: DataPIM_BR | C1: DataPIM_US
A2: 27395 | B2: 40.694754 | C2: 42.2035 | D2: =LN(B2) -> 3.7060992 | E2: =LN(C2) -> 3.7425032 | F2: =D2-D1 -> 3.7060992 | G2: =E2-E1 -> 3.7425032
A3: 27426 | B3: 38.18129 | C3: 42.02 | D3: =LN(B3) -> 3.6423456 | E3: =LN(C3) -> 3.7381457 | F3: =D3-D2 -> -0.063753568 | G3: =E3-E2 -> -0.0043574606
A4: 27454 | B4: 41.35231 | C4: 41.6022 | D4: =LN(B4) -> 3.7221283 | E4: =LN(C4) -> 3.7281531 | F4: =D4-D3 -> 0.079782673 | G4: =E4-E3 -> -0.0099926449
A5: 27485 | B5: 43.570795 | C5: 41.7066 | D5: =LN(B5) -> 3.7743871 | E5: =LN(C5) -> 3.7306594 | F5: =D5-D4 -> 0.052258796 | G5: =E5-E4 -> 0.0025063392
A6: 27515 | B6: 43.724429 | C6: 41.4999 | D6: =LN(B6) -> 3.777907 | E6: =LN(C6) -> 3.725691 | F6: =D6-D5 -> 0.003519891 | G6: =E6-E5 -> -0.0049683721
A7: 27546 | B7: 45.174741 | C7: 42.7036 | D7: =LN(B7) -> 3.8105381 | E7: =LN(C7) -> 3.7542832 | F7: =D7-D6 -> 0.032631127 | G7: =E7-E6 -> 0.028592208
A8: 27576 | B8: 46.877013 | C8: 40.9055 | D8: =LN(B8) -> 3.8475274 | E8: =LN(C8) -> 3.7112645 | F8: =D8-D7 -> 0.036989329 | G8: =E8-E7 -> -0.043018697
A9: 27607 | B9: 46.022804 | C9: 42.5577 | D9: =LN(B9) -> 3.829137 | E9: =LN(C9) -> 3.7508608 | F9: =D9-D8 -> -0.01839041 | G9: =E9-E8 -> 0.039596274
A10: 27638 | B10: 47.178137 | C10: 43.9232 | D10: =LN(B10) -> 3.8539306 | E10: =LN(C10) -> 3.7824427 | F10: =D10-D9 -> 0.024793569 | G10: =E10-E9 -> 0.031581852
A11: 27668 | B11: 48.81281 | C11: 44.1579 | D11: =LN(B11) -> 3.8879928 | E11: =LN(C11) -> 3.7877718 | F11: =D11-D10 -> 0.034062192 | G11: =E11-E10 -> 0.0053291922
A12: 27699 | B12: 45.752407 | C12: 43.6988 | D12: =LN(B12) -> 3.8232444 | E12: =LN(C12) -> 3.7773206 | F12: =D12-D11 -> -0.064748372 | G12: =E12-E11 -> -0.010451205
A13: 27729 | B13: 44.394277 | C13: 43.4423 | D13: =LN(B13) -> 3.7931106 | E13: =LN(C13) -> 3.7714336 | F13: =D13-D12 -> -0.03013385 | G13: =E13-E12 -> -0.005887021
... A349: 37956 | B349: 77.9 | C349: 94.6425 | D349: =LN(B349) -> 4.355426 | E349: =LN(C349) -> 4.5501066 | F349: =D349-D348 -> -0.082508314 | G349: =E349-E348 -> -0.0055549786
A350: 37987 | B350: 76.8 | C350: 94.4102 | D350: =LN(B350) -> 4.3412046 | E350: =LN(C350) -> 4.5476491 | F350: =D350-D349 -> -0.014221313 | G350: =E350-E349 -> -0.0024575171 | H350: <<<< | I350: INICIO | J350: <<<< | K350: INICIO | L350: <<<< | M350: INICIO | N350: <<<< | O350: INICIO | P350: <<<< | Q350: INICIO
A351: 38018 | B351: 74 | C351: 96.2589 | D351: =LN(B351) -> 4.3040651 | E351: =LN(C351) -> 4.5670414 | F351: =D351-D350 -> -0.037139547 | G351: =E351-E350 -> 0.019392318
A352: 38047 | B352: 86.9 | C352: 96.6183 | D352: =LN(B352) -> 4.464758 | E352: =LN(C352) -> 4.5707682 | F352: =D352-D351 -> 0.16069294 | G352: =E352-E351 -> 0.0037267278
A353: 38078 | B353: 82.2 | C353: 94.8371 | D353: =LN(B353) -> 4.4091553 | E353: =LN(C353) -> 4.5521607 | F353: =D353-D352 -> -0.05560273 | G353: =E353-E352 -> -0.018607481
A354: 38108 | B354: 86.3 | C354: 96.3792 | D354: =LN(B354) -> 4.4578296 | E354: =LN(C354) -> 4.5682904 | F354: =D354-D353 -> 0.048674296 | G354: =E354-E353 -> 0.016129728
A355: 38139 | B355: 86.1 | C355: 98.5806 | D355: =LN(B355) -> 4.4555094 | E355: =LN(C355) -> 4.5908745 | F355: =D355-D354 -> -0.0023201867 | G355: =E355-E354 -> 0.022584077
A356: 38169 | B356: 90.1 | C356: 95.4028 | D356: =LN(B356) -> 4.5009202 | E356: =LN(C356) -> 4.5581079 | F356: =D356-D355 -> 0.045410753 | G356: =E356-E355 -> -0.03276656
A357: 38200 | B357: 92.1 | C357: 98.9902 | D357: =LN(B357) -> 4.5228749 | E357: =LN(C357) -> 4.5950209 | F357: =D357-D356 -> 0.021954779 | G357: =E357-E356 -> 0.036912927
A358: 38231 | B358: 92.1 | C358: 98.3802 | D358: =LN(B358) -> 4.5228749 | E358: =LN(C358) -> 4.5888396 | F358: =D358-D357 -> 0 | G358: =E358-E357 -> -0.006181291
A359: 38261 | B359: 93.5 | C359: 98.573 | D359: =LN(B359) -> 4.5379614 | E359: =LN(C359) -> 4.5907974 | F359: =D359-D358 -> 0.015086493 | G359: =E359-E358 -> 0.0019578261
A360: 38292 | B360: 91.8 | C360: 97.6279 | D360: =LN(B360) -> 4.5196123 | E360: =LN(C360) -> 4.5811633 | F360: =D360-D359 -> -0.018349139 | G360: =E360-E359 -> -0.0096340772
A361: 38322 | B361: 84.7 | C361: 98.0015 | D361: =LN(B361) -> 4.4391156 | E361: =LN(C361) -> 4.5849828 | F361: =D361-D360 -> -0.080496696 | G361: =E361-E360 -> 0.0038194715
A362: 38353 | B362: 81 | C362: 98.2289 | D362: =LN(B362) -> 4.3944492 | E362: =LN(C362) -> 4.5873005 | F362: =D362-D361 -> -0.044666447 | G362: =E362-E361 -> 0.0023176847
... A471: 41671 | B471: 92.3 | C471: 102.7889 | D471: =LN(B471) -> 4.5250441 | E471: =LN(C471) -> 4.6326774 | F471: =D471-D470 -> -0.0032450001 | G471: =E471-E470 -> 0.006055917
A472: =EOMONTH(A471,0)+1 -> 41699 | B472: 97.3 | C472: 104.2804 | D472: =LN(B472) -> 4.577799 | E472: =LN(C472) -> 4.6470834 | F472: =D472-D471 -> 0.052754848 | G472: =E472-E471 -> 0.014406054
A473: =EOMONTH(A472,0)+1 -> 41730 | B473: 96 | C473: 102.9064 | D473: =LN(B473) -> 4.5643482 | E473: =LN(C473) -> 4.6338198 | F473: =D473-D472 -> -0.013450798 | G473: =E473-E472 -> -0.013263588
A474: =EOMONTH(A473,0)+1 -> 41760 | B474: 101.7 | C474: 103.7271 | D474: =LN(B474) -> 4.6220273 | E474: =LN(C474) -> 4.6417634 | F474: =D474-D473 -> 0.057679112 | G474: =E474-E473 -> 0.0079435746
A475: =EOMONTH(A474,0)+1 -> 41791 | B475: 94.9 | C475: 106.8076 | D475: =LN(B475) -> 4.5528237 | E475: =LN(C475) -> 4.6710291 | F475: =D475-D474 -> -0.069203597 | G475: =E475-E474 -> 0.029265673
A476: =EOMONTH(A475,0)+1 -> 41821 | B476: 104.4 | C476: 104.8018 | D476: =LN(B476) -> 4.6482297 | E476: =LN(C476) -> 4.6520709 | F476: =D476-D475 -> 0.09540597 | G476: =E476-E475 -> -0.018958138
A477: =EOMONTH(A476,0)+1 -> 41852 | B477: 106.3 | C477: 107.4252 | D477: =LN(B477) -> 4.6662653 | E477: =LN(C477) -> 4.6767948 | F477: =D477-D476 -> 0.01803561 | G477: =E477-E476 -> 0.024723844
A478: =EOMONTH(A477,0)+1 -> 41883 | B478: 105.6 | C478: 106.6147 | D478: =LN(B478) -> 4.6596584 | E478: =LN(C478) -> 4.6692214 | F478: =D478-D477 -> -0.0066069141 | G478: =E478-E477 -> -0.0075733905
A479: =EOMONTH(A478,0)+1 -> 41913 | B479: 109.3 | C479: 105.4789 | D479: =LN(B479) -> 4.6940964 | E479: =LN(C479) -> 4.6585109 | F479: =D479-D478 -> 0.034438024 | G479: =E479-E478 -> -0.010710468
A480: =EOMONTH(A479,0)+1 -> 41944 | B480: 99.8 | C480: 105.915 | D480: =LN(B480) -> 4.6031682 | E480: =LN(C480) -> 4.6626369 | F480: =D480-D479 -> -0.090928212 | G480: =E480-E479 -> 0.0041259527
A481: =EOMONTH(A480,0)+1 -> 41974 | B481: 87.7 | C481: 105.777 | D481: =LN(B481) -> 4.4739219 | E481: =LN(C481) -> 4.6613331 | F481: =D481-D480 -> -0.12924628 | G481: =E481-E480 -> -0.0013037811
A482: =EOMONTH(A481,0)+1 -> 42005 | B482: 88.1 | C482: 105.3085 | D482: =LN(B482) -> 4.4784725 | E482: =LN(C482) -> 4.6568941 | F482: =D482-D481 -> 0.0045506336 | G482: =E482-E481 -> -0.0044389669
A483: =EOMONTH(A482,0)+1 -> 42036 | B483: 83.7 | C483: 105.3511 | D483: =LN(B483) -> 4.427239 | E483: =LN(C483) -> 4.6572986 | F483: =D483-D482 -> -0.051233555 | G483: =E483-E482 -> 0.00040444395
... A505: =EOMONTH(A504,0)+1 -> 42705 | B505: 77.2 | C505: 103.513 | D505: =LN(B505) -> 4.3463995 | E505: =LN(C505) -> 4.6396972 | F505: =D505-D504 -> -0.11374496 | G505: =E505-E504 -> 0.0061650529
A506: =EOMONTH(A505,0)+1 -> 42736 | B506: 77.9 | I506: =B506/B505 -> 1.0090674
A507: =EOMONTH(A506,0)+1 -> 42767 | B507: 75.9 | I507: =B507/B506 -> 0.97432606
A508: =EOMONTH(A507,0)+1 -> 42795 | B508: 85.4 | I508: =B508/B507 -> 1.1251647
A509: =EOMONTH(A508,0)+1 -> 42826 | B509: 79.3 | I509: =B509/B508 -> 0.92857143
A510: =EOMONTH(A509,0)+1 -> 42856 | B510: 90.1 | I510: =B510/B509 -> 1.1361917
A511: =EOMONTH(A510,0)+1 -> 42887 | B511: 88.4 | I511: =B511/B510 -> 0.98113208
A512: =EOMONTH(A511,0)+1 -> 42917 | B512: 92.1 | I512: =B512/B511 -> 1.0418552
A513: =EOMONTH(A512,0)+1 -> 42948 | B513: 96.7 | I513: =B513/B512 -> 1.0499457
A514: =EOMONTH(A513,0)+1 -> 42979 | B514: 93 | I514: =B514/B513 -> 0.96173733
A515: =EOMONTH(A514,0)+1 -> 43009 | B515: 95.1 | I515: =B515/B514 -> 1.0225806
A516: =EOMONTH(A515,0)+1 -> 43040 | B516: 90.6 | I516: =B516/B515 -> 0.95268139
A517: =EOMONTH(A516,0)+1 -> 43070 | B517: 81 | C517: =B517/B505 -> 1.0492228 | D517: =J517^12 -> 1.0492228 | E517: =D517-1 -> 0.049222798 | I517: =B517/B516 -> 0.89403974 | J517: =GEOMEAN(I506:I517) -> 1.0040122
A518: =EOMONTH(A517,0)+1 -> 43101 | B518: 82.3 | I518: =B518/B517 -> 1.0160494
A519: =EOMONTH(A518,0)+1 -> 43132 | B519: 77.3 | I519: =B519/B518 -> 0.93924666
A520: =EOMONTH(A519,0)+1 -> 43160 | B520: 86.2 | I520: =B520/B519 -> 1.1151358
A521: =EOMONTH(A520,0)+1 -> 43191 | B521: 86.5 | I521: =B521/B520 -> 1.0034803
A522: =EOMONTH(A521,0)+1 -> 43221 | B522: 84.4 | I522: =B522/B521 -> 0.97572254
A523: =EOMONTH(A522,0)+1 -> 43252 | B523: 91.1 | I523: =B523/B522 -> 1.0793839
A524: =EOMONTH(A523,0)+1 -> 43282 | B524: 95.8 | I524: =B524/B523 -> 1.0515917
A525: =EOMONTH(A524,0)+1 -> 43313 | B525: 98.2 | I525: =B525/B524 -> 1.0250522
A526: =EOMONTH(A525,0)+1 -> 43344 | B526: 90.7 | I526: =B526/B525 -> 0.92362525
A527: =EOMONTH(A526,0)+1 -> 43374 | B527: 95.8 | I527: =B527/B526 -> 1.0562293
A528: =EOMONTH(A527,0)+1 -> 43405 | B528: 89.5 | I528: =B528/B527 -> 0.934238
A529: =EOMONTH(A528,0)+1 -> 43435 | B529: 78 | C529: =B529/B517 -> 0.96296296 | D529: =J529^12 -> 0.96296296 | E529: =D529-1 -> -0.037037037 | I529: =B529/B528 -> 0.87150838 | J529: =GEOMEAN(I518:I529) -> 0.99685991
A530: =EOMONTH(A529,0)+1 -> 43466 | B530: 80.6 | I530: =B530/B529 -> 1.0333333
A531: =EOMONTH(A530,0)+1 -> 43497 | B531: 79.1 | I531: =B531/B530 -> 0.98138958
A532: =EOMONTH(A531,0)+1 -> 43525 | B532: 81 | I532: =B532/B531 -> 1.0240202
A533: =EOMONTH(A532,0)+1 -> 43556 | B533: 83.4 | I533: =B533/B532 -> 1.0296296
A534: =EOMONTH(A533,0)+1 -> 43586 | B534: 90.9 | I534: =B534/B533 -> 1.0899281
A535: =EOMONTH(A534,0)+1 -> 43617 | B535: 85.8 | I535: =B535/B534 -> 0.94389439
A536: =EOMONTH(A535,0)+1 -> 43647 | B536: 93.4 | I536: =B536/B535 -> 1.0885781
A537: =EOMONTH(A536,0)+1 -> 43678 | B537: 96.2 | I537: =B537/B536 -> 1.0299786
A538: =EOMONTH(A537,0)+1 -> 43709 | B538: 91.8 | I538: =B538/B537 -> 0.95426195
A539: =EOMONTH(A538,0)+1 -> 43739 | B539: 97 | I539: =B539/B538 -> 1.0566449
A540: =EOMONTH(A539,0)+1 -> 43770 | B540: 88 | I540: =B540/B539 -> 0.90721649
A541: =EOMONTH(A540,0)+1 -> 43800 | B541: 76.9 | C541: =B541/B529 -> 0.98589744 | D541: =J541^12 -> 0.98589744 | E541: =D541-1 -> -0.014102564 | I541: =B541/B540 -> 0.87386364 | J541: =GEOMEAN(I530:I541) -> 0.99881712
A542: =EOMONTH(A541,0)+1 -> 43831 | B542: 79.9
A543: =EOMONTH(A542,0)+1 -> 43862 | B543: 78.8 | I543: =GEOMEAN(I506:I541) -> 0.99989185 | J543: =GEOMEAN(J517:J541) -> 0.99989185
A544: =EOMONTH(A543,0)+1 -> 43891 | B544: 78
A545: =EOMONTH(A544,0)+1 -> 43922 | B545: 60.7

Sheet PIM_US
A1: Data | B1: PIM_US
A2: 27395 | B2: =FRED!B684 -> 42.2035
A3: 27426 | B3: =FRED!B685 -> 42.02
A4: 27454 | B4: =FRED!B686 -> 41.6022
A5: 27485 | B5: =FRED!B687 -> 41.7066
A6: 27515 | B6: =FRED!B688 -> 41.4999
A7: 27546 | B7: =FRED!B689 -> 42.7036
A8: 27576 | B8: =FRED!B690 -> 40.9055
A9: 27607 | B9: =FRED!B691 -> 42.5577
A10: 27638 | B10: =FRED!B692 -> 43.9232
A11: 27668 | B11: =FRED!B693 -> 44.1579
A12: 27699 | B12: =FRED!B694 -> 43.6988
A13: 27729 | B13: =FRED!B695 -> 43.4423
... A471: 41671 | B471: =FRED!B1153 -> 102.7889
A472: =EOMONTH(A471,0)+1 -> 41699 | B472: =FRED!B1154 -> 104.2804
A473: =EOMONTH(A472,0)+1 -> 41730 | B473: =FRED!B1155 -> 102.9064
A474: =EOMONTH(A473,0)+1 -> 41760 | B474: =FRED!B1156 -> 103.7271
A475: =EOMONTH(A474,0)+1 -> 41791 | B475: =FRED!B1157 -> 106.8076
A476: =EOMONTH(A475,0)+1 -> 41821 | B476: =FRED!B1158 -> 104.8018
A477: =EOMONTH(A476,0)+1 -> 41852 | B477: =FRED!B1159 -> 107.4252
A478: =EOMONTH(A477,0)+1 -> 41883 | B478: =FRED!B1160 -> 106.6147
A479: =EOMONTH(A478,0)+1 -> 41913 | B479: =FRED!B1161 -> 105.4789
A480: =EOMONTH(A479,0)+1 -> 41944 | B480: =FRED!B1162 -> 105.915
A481: =EOMONTH(A480,0)+1 -> 41974 | B481: =FRED!B1163 -> 105.777
A482: =EOMONTH(A481,0)+1 -> 42005 | B482: =FRED!B1164 -> 105.3085
A483: =EOMONTH(A482,0)+1 -> 42036 | B483: =FRED!B1165 -> 105.3511
... A505: =EOMONTH(A504,0)+1 -> 42705 | B505: =FRED!B1187 -> 103.513

Sheet PIM_BR
A1: Data | B1: PIM_BR | C1: PIM(2002=100) | D1: PIM(2012=100)
A2: 27395 | B2: =IF(ISBLANK(D2),B3/(C3/C2),D2) -> 40.694754 | C2: ='PIM(2002 = 100)'!B2 -> 51.008963
A3: 27426 | B3: =IF(ISBLANK(D3),B4/(C4/C3),D3) -> 38.18129 | C3: ='PIM(2002 = 100)'!B3 -> 47.858454
A4: 27454 | B4: =IF(ISBLANK(D4),B5/(C5/C4),D4) -> 41.35231 | C4: ='PIM(2002 = 100)'!B4 -> 51.833179
A5: 27485 | B5: =IF(ISBLANK(D5),B6/(C6/C5),D5) -> 43.570795 | C5: ='PIM(2002 = 100)'!B5 -> 54.613945
A6: 27515 | B6: =IF(ISBLANK(D6),B7/(C7/C6),D6) -> 43.724429 | C6: ='PIM(2002 = 100)'!B6 -> 54.806519
A7: 27546 | B7: =IF(ISBLANK(D7),B8/(C8/C7),D7) -> 45.174741 | C7: ='PIM(2002 = 100)'!B7 -> 56.624416
A8: 27576 | B8: =IF(ISBLANK(D8),B9/(C9/C8),D8) -> 46.877013 | C8: ='PIM(2002 = 100)'!B8 -> 58.758134
A9: 27607 | B9: =IF(ISBLANK(D9),B10/(C10/C9),D9) -> 46.022804 | C9: ='PIM(2002 = 100)'!B9 -> 57.687424
A10: 27638 | B10: =IF(ISBLANK(D10),B11/(C11/C10),D10) -> 47.178137 | C10: ='PIM(2002 = 100)'!B10 -> 59.135579
A11: 27668 | B11: =IF(ISBLANK(D11),B12/(C12/C11),D11) -> 48.81281 | C11: ='PIM(2002 = 100)'!B11 -> 61.184565
A12: 27699 | B12: =IF(ISBLANK(D12),B13/(C13/C12),D12) -> 45.752407 | C12: ='PIM(2002 = 100)'!B12 -> 57.348494
A13: 27729 | B13: =IF(ISBLANK(D13),B14/(C14/C13),D13) -> 44.394277 | C13: ='PIM(2002 = 100)'!B13 -> 55.646141
... A325: 37226 | B325: =IF(ISBLANK(D325),B326/(C326/C325),D325) -> 69.160948 | C325: ='PIM(2002 = 100)'!B325 -> 86.69
A326: 37257 | B326: =IF(ISBLANK(D326),B327/(C327/C326),D326) -> 72.4 | C326: ='PIM(2002 = 100)'!B326 -> 90.75 | D326: ='PIM(2012 = 100)'!B2 -> 72.4
A327: 37288 | B327: =IF(ISBLANK(D327),B328/(C328/C327),D327) -> 69.7 | C327: ='PIM(2002 = 100)'!B327 -> 87.85 | D327: ='PIM(2012 = 100)'!B3 -> 69.7
A328: 37316 | B328: =IF(ISBLANK(D328),B329/(C329/C328),D328) -> 77.4 | C328: ='PIM(2002 = 100)'!B328 -> 97.04 | D328: ='PIM(2012 = 100)'!B4 -> 77.4
A329: 37347 | B329: =IF(ISBLANK(D329),B330/(C330/C329),D329) -> 79.6 | C329: ='PIM(2002 = 100)'!B329 -> 100.11 | D329: ='PIM(2012 = 100)'!B5 -> 79.6
A330: 37377 | B330: =IF(ISBLANK(D330),B331/(C331/C330),D330) -> 80.4 | C330: ='PIM(2002 = 100)'!B330 -> 100.48 | D330: ='PIM(2012 = 100)'!B6 -> 80.4
A331: 37408 | B331: =IF(ISBLANK(D331),B332/(C332/C331),D331) -> 77.5 | C331: ='PIM(2002 = 100)'!B331 -> 96.8 | D331: ='PIM(2012 = 100)'!B7 -> 77.5
A332: 37438 | B332: =IF(ISBLANK(D332),B333/(C333/C332),D332) -> 83.3 | C332: ='PIM(2002 = 100)'!B332 -> 104.53 | D332: ='PIM(2012 = 100)'!B8 -> 83.3
A333: 37469 | B333: =IF(ISBLANK(D333),B334/(C334/C333),D333) -> 83.6 | C333: ='PIM(2002 = 100)'!B333 -> 105.34 | D333: ='PIM(2012 = 100)'!B9 -> 83.6
A334: 37500 | B334: =IF(ISBLANK(D334),B335/(C335/C334),D334) -> 82.1 | C334: ='PIM(2002 = 100)'!B334 -> 103.82 | D334: ='PIM(2012 = 100)'!B10 -> 82.1
A335: 37530 | B335: =IF(ISBLANK(D335),B336/(C336/C335),D335) -> 89.2 | C335: ='PIM(2002 = 100)'!B335 -> 113.18 | D335: ='PIM(2012 = 100)'!B11 -> 89.2
A336: 37561 | B336: =IF(ISBLANK(D336),B337/(C337/C336),D336) -> 83.9 | C336: ='PIM(2002 = 100)'!B336 -> 106.3 | D336: ='PIM(2012 = 100)'!B12 -> 83.9
A337: 37591 | B337: =IF(ISBLANK(D337),B338/(C338/C337),D337) -> 74.6 | C337: ='PIM(2002 = 100)'!B337 -> 93.75 | D337: ='PIM(2012 = 100)'!B13 -> 74.6
... A471: 41671 | B471: =IF(ISBLANK(D471),B472/(C472/C471),D471) -> 92.3 | C471: ='PIM(2002 = 100)'!B471 -> 117.91 | D471: ='PIM(2012 = 100)'!B147 -> 92.3
A472: =EOMONTH(A471,0)+1 -> 41699 | B472: =IF(ISBLANK(D472),B473/(C473/C472),D472) -> 97.3 | D472: ='PIM(2012 = 100)'!B148 -> 97.3
A473: =EOMONTH(A472,0)+1 -> 41730 | B473: =IF(ISBLANK(D473),B474/(C474/C473),D473) -> 96 | D473: ='PIM(2012 = 100)'!B149 -> 96
A474: =EOMONTH(A473,0)+1 -> 41760 | B474: =IF(ISBLANK(D474),B475/(C475/C474),D474) -> 101.7 | D474: ='PIM(2012 = 100)'!B150 -> 101.7
A475: =EOMONTH(A474,0)+1 -> 41791 | B475: =IF(ISBLANK(D475),B476/(C476/C475),D475) -> 94.9 | D475: ='PIM(2012 = 100)'!B151 -> 94.9
A476: =EOMONTH(A475,0)+1 -> 41821 | B476: =IF(ISBLANK(D476),B477/(C477/C476),D476) -> 104.4 | D476: ='PIM(2012 = 100)'!B152 -> 104.4
A477: =EOMONTH(A476,0)+1 -> 41852 | B477: =IF(ISBLANK(D477),B478/(C478/C477),D477) -> 106.3 | D477: ='PIM(2012 = 100)'!B153 -> 106.3
A478: =EOMONTH(A477,0)+1 -> 41883 | B478: =IF(ISBLANK(D478),B479/(C479/C478),D478) -> 105.6 | D478: ='PIM(2012 = 100)'!B154 -> 105.6
A479: =EOMONTH(A478,0)+1 -> 41913 | B479: =IF(ISBLANK(D479),B480/(C480/C479),D479) -> 109.3 | D479: ='PIM(2012 = 100)'!B155 -> 109.3
A480: =EOMONTH(A479,0)+1 -> 41944 | B480: =IF(ISBLANK(D480),B481/(C481/C480),D480) -> 99.8 | D480: ='PIM(2012 = 100)'!B156 -> 99.8
A481: =EOMONTH(A480,0)+1 -> 41974 | B481: =IF(ISBLANK(D481),B482/(C482/C481),D481) -> 87.7 | D481: ='PIM(2012 = 100)'!B157 -> 87.7
A482: =EOMONTH(A481,0)+1 -> 42005 | B482: =IF(ISBLANK(D482),B483/(C483/C482),D482) -> 88.1 | D482: ='PIM(2012 = 100)'!B158 -> 88.1
A483: =EOMONTH(A482,0)+1 -> 42036 | B483: =IF(ISBLANK(D483),B484/(C484/C483),D483) -> 83.7 | D483: ='PIM(2012 = 100)'!B159 -> 83.7
... A505: =EOMONTH(A504,0)+1 -> 42705 | B505: =IF(ISBLANK(D505),B506/(C506/C505),D505) -> 77.2 | D505: ='PIM(2012 = 100)'!B181 -> 77.2

Sheet 1
B1: ipg | C1: nfpsnominal | D1: nfpsreal | E1: Dnfpsreal | F1: pigeral1 | G1: pigeral2 | H1: SELIC | I1: txinflacao | J1: lnjurosreal | K1: lnjurosreal12 | L1: INDPRO_ADJUSTED | M1: INDPRO_notADJUSTED | N1: DLPIusaAdj | O1: DLPIusaNAdj | P1: PI-BRA | Q1: DLPI-BRA | R1: INFL | S1: Lnselic | T1: I:1997(11) | U1: I:1997(12) | V1: I:2002(11) | W1: I:2003(11) | X1: DLnselic | Y1: I:1996(7) | Z1: I:1998(9) | AA1: I:1998(10) | AB1: I:1999(2) | AC1: I:1999(3) | AD1: I:1999(4) | AE1: I:2000(2) | AF1: I:1996(4) | AG1: I:2000(7) | AH1: I:1981(3) | AI1: I:1985(5) | AJ1: I:1985(7) | AK1: I:1985(8) | AL1: I:1985(11) | AM1: I:1986(2) | AN1: I:1986(3) | AO1: I:1986(11) | AP1: I:1986(12) | AQ1: I:1987(1) | AR1: I:1987(2) | AS1: I:1987(3) | AT1: I:1987(4) | AU1: I:1987(5) | AV1: I:1987(6) | AW1: I:1987(7) | AX1: I:1987(8) | AY1: I:1987(10) | AZ1: I:1987(11) | BA1: I:1988(1) | BB1: I:1988(6) | BC1: I:1988(9) | BD1: I:1988(10) | BE1: I:1989(1) | BF1: I:1989(2) | BG1: I:1989(3) | BH1: I:1989(4) | BI1: I:1989(5) | BJ1: I:1989(6) | BK1: I:1989(7) | BL1: I:1989(8) | BM1: I:1989(10) | BN1: I:1989(11) | BO1: I:1989(12) | BP1: I:1990(1) | BQ1: I:1990(2) | BR1: I:1990(3) | BS1: I:1990(4) | BT1: I:1990(5) | BU1: I:1990(7) | BV1: I:1990(8) | BW1: I:1990(12) | BX1: I:1991(1) | BY1: I:1991(2) | BZ1: I:1991(4) | CA1: I:1991(9) | CB1: I:1991(10) | CC1: I:1991(11) | CD1: I:1991(12) | CE1: I:1992(2) | CF1: I:1992(5) | CG1: I:1992(7) | CH1: I:1993(1) | CI1: I:1994(3) | CJ1: I:1994(7) | CK1: I:1995(6) | CL1: I:1995(8) | CM1: I:1995(5) | CN1: I:1998(8) | CO1: I:1998(12) | CP1: I:2006(4) | CQ1: S1:1997(10) | CR1: S1:1997(12) | CS1: S1:1999(5) | CT1: I:2003(9)
A2: 1974(1) | B2: #N/A | C2: #N/A | D2: #N/A | E2: #N/A | F2: #N/A | G2: #N/A | H2: 1.46 | I2: #N/A | J2: #N/A | K2: #N/A | L2: 47.3282 | M2: 46.2745 | N2: #N/A | O2: #N/A | P2: #N/A | Q2: #N/A | R2: #N/A | S2: #N/A | T2: 0 | U2: 0 | V2: 0 | W2: 0 | X2: #N/A | Y2: 0 | Z2: 0 | AA2: 0 | AB2: 0 | AC2: 0 | AD2: 0 | AE2: 0 | AF2: 0 | AG2: 0 | AH2: 0 | AI2: 0 | AJ2: 0 | AK2: 0 | AL2: 0 | AM2: 0 | AN2: 0 | AO2: 0 | AP2: 0 | AQ2: 0 | AR2: 0 | AS2: 0 | AT2: 0 | AU2: 0 | AV2: 0 | AW2: 0 | AX2: 0 | AY2: 0 | AZ2: 0 | BA2: 0 | BB2: 0 | BC2: 0 | BD2: 0 | BE2: 0 | BF2: 0 | BG2: 0 | BH2: 0 | BI2: 0 | BJ2: 0 | BK2: 0 | BL2: 0 | BM2: 0 | BN2: 0 | BO2: 0 | BP2: 0 | BQ2: 0 | BR2: 0 | BS2: 0 | BT2: 0 | BU2: 0 | BV2: 0 | BW2: 0 | BX2: 0 | BY2: 0 | BZ2: 0 | CA2: 0 | CB2: 0 | CC2: 0 | CD2: 0 | CE2: 0 | CF2: 0 | CG2: 0 | CH2: 0 | CI2: 0 | CJ2: 0 | CK2: 0 | CL2: 0 | CM2: 0 | CN2: 0 | CO2: 0 | CP2: 0 | CQ2: 1 | CR2: 1 | CS2: 1 | CT2: 0
A3: 1974(2) | B3: #N/A | C3: #N/A | D3: #N/A | E3: #N/A | F3: #N/A | G3: #N/A | H3: 1.15 | I3: #N/A | J3: #N/A | K3: #N/A | L3: 47.1853 | M3: 47.0204 | N3: -0.0030239089 | O3: 0.015990497 | P3: #N/A | Q3: #N/A | R3: #N/A | S3: #N/A | T3: 0 | U3: 0 | V3: 0 | W3: 0 | X3: #N/A | Y3: 0 | Z3: 0 | AA3: 0 | AB3: 0 | AC3: 0 | AD3: 0 | AE3: 0 | AF3: 0 | AG3: 0 | AH3: 0 | AI3: 0 | AJ3: 0 | AK3: 0 | AL3: 0 | AM3: 0 | AN3: 0 | AO3: 0 | AP3: 0 | AQ3: 0 | AR3: 0 | AS3: 0 | AT3: 0 | AU3: 0 | AV3: 0 | AW3: 0 | AX3: 0 | AY3: 0 | AZ3: 0 | BA3: 0 | BB3: 0 | BC3: 0 | BD3: 0 | BE3: 0 | BF3: 0 | BG3: 0 | BH3: 0 | BI3: 0 | BJ3: 0 | BK3: 0 | BL3: 0 | BM3: 0 | BN3: 0 | BO3: 0 | BP3: 0 | BQ3: 0 | BR3: 0 | BS3: 0 | BT3: 0 | BU3: 0 | BV3: 0 | BW3: 0 | BX3: 0 | BY3: 0 | BZ3: 0 | CA3: 0 | CB3: 0 | CC3: 0 | CD3: 0 | CE3: 0 | CF3: 0 | CG3: 0 | CH3: 0 | CI3: 0 | CJ3: 0 | CK3: 0 | CL3: 0 | CM3: 0 | CN3: 0 | CO3: 0 | CP3: 0 | CQ3: 1 | CR3: 1 | CS3: 1 | CT3: 0
A4: 1974(3) | B4: #N/A | C4: #N/A | D4: #N/A | E4: #N/A | F4: #N/A | G4: #N/A | H4: 1.16 | I4: #N/A | J4: #N/A | K4: #N/A | L4: 47.1963 | M4: 47.2636 | N4: 0.00023309628 | O4: 0.0051588931 | P4: #N/A | Q4: #N/A | R4: #N/A | S4: #N/A | T4: 0 | U4: 0 | V4: 0 | W4: 0 | X4: #N/A | Y4: 0 | Z4: 0 | AA4: 0 | AB4: 0 | AC4: 0 | AD4: 0 | AE4: 0 | AF4: 0 | AG4: 0 | AH4: 0 | AI4: 0 | AJ4: 0 | AK4: 0 | AL4: 0 | AM4: 0 | AN4: 0 | AO4: 0 | AP4: 0 | AQ4: 0 | AR4: 0 | AS4: 0 | AT4: 0 | AU4: 0 | AV4: 0 | AW4: 0 | AX4: 0 | AY4: 0 | AZ4: 0 | BA4: 0 | BB4: 0 | BC4: 0 | BD4: 0 | BE4: 0 | BF4: 0 | BG4: 0 | BH4: 0 | BI4: 0 | BJ4: 0 | BK4: 0 | BL4: 0 | BM4: 0 | BN4: 0 | BO4: 0 | BP4: 0 | BQ4: 0 | BR4: 0 | BS4: 0 | BT4: 0 | BU4: 0 | BV4: 0 | BW4: 0 | BX4: 0 | BY4: 0 | BZ4: 0 | CA4: 0 | CB4: 0 | CC4: 0 | CD4: 0 | CE4: 0 | CF4: 0 | CG4: 0 | CH4: 0 | CI4: 0 | CJ4: 0 | CK4: 0 | CL4: 0 | CM4: 0 | CN4: 0 | CO4: 0 | CP4: 0 | CQ4: 1 | CR4: 1 | CS4: 1 | CT4: 0
A5: 1974(4) | B5: #N/A | C5: #N/A | D5: #N/A | E5: #N/A | F5: #N/A | G5: #N/A | H5: 1.21 | I5: #N/A | J5: #N/A | K5: #N/A | L5: 47.0514 | M5: 46.6531 | N5: -0.0030748785 | O5: -0.013001066 | P5: #N/A | Q5: #N/A | R5: #N/A | S5: #N/A | T5: 0 | U5: 0 | V5: 0 | W5: 0 | X5: #N/A | Y5: 0 | Z5: 0 | AA5: 0 | AB5: 0 | AC5: 0 | AD5: 0 | AE5: 0 | AF5: 0 | AG5: 0 | AH5: 0 | AI5: 0 | AJ5: 0 | AK5: 0 | AL5: 0 | AM5: 0 | AN5: 0 | AO5: 0 | AP5: 0 | AQ5: 0 | AR5: 0 | AS5: 0 | AT5: 0 | AU5: 0 | AV5: 0 | AW5: 0 | AX5: 0 | AY5: 0 | AZ5: 0 | BA5: 0 | BB5: 0 | BC5: 0 | BD5: 0 | BE5: 0 | BF5: 0 | BG5: 0 | BH5: 0 | BI5: 0 | BJ5: 0 | BK5: 0 | BL5: 0 | BM5: 0 | BN5: 0 | BO5: 0 | BP5: 0 | BQ5: 0 | BR5: 0 | BS5: 0 | BT5: 0 | BU5: 0 | BV5: 0 | BW5: 0 | BX5: 0 | BY5: 0 | BZ5: 0 | CA5: 0 | CB5: 0 | CC5: 0 | CD5: 0 | CE5: 0 | CF5: 0 | CG5: 0 | CH5: 0 | CI5: 0 | CJ5: 0 | CK5: 0 | CL5: 0 | CM5: 0 | CN5: 0 | CO5: 0 | CP5: 0 | CQ5: 1 | CR5: 1 | CS5: 1 | CT5: 0
A6: 1974(5) | B6: #N/A | C6: #N/A | D6: #N/A | E6: #N/A | F6: #N/A | G6: #N/A | H6: 1.24 | I6: #N/A | J6: #N/A | K6: #N/A | L6: 47.4078 | M6: 47.5165 | N6: 0.007546151 | O6: 0.018337642 | P6: #N/A | Q6: #N/A | R6: #N/A | S6: #N/A | T6: 0 | U6: 0 | V6: 0 | W6: 0 | X6: #N/A | Y6: 0 | Z6: 0 | AA6: 0 | AB6: 0 | AC6: 0 | AD6: 0 | AE6: 0 | AF6: 0 | AG6: 0 | AH6: 0 | AI6: 0 | AJ6: 0 | AK6: 0 | AL6: 0 | AM6: 0 | AN6: 0 | AO6: 0 | AP6: 0 | AQ6: 0 | AR6: 0 | AS6: 0 | AT6: 0 | AU6: 0 | AV6: 0 | AW6: 0 | AX6: 0 | AY6: 0 | AZ6: 0 | BA6: 0 | BB6: 0 | BC6: 0 | BD6: 0 | BE6: 0 | BF6: 0 | BG6: 0 | BH6: 0 | BI6: 0 | BJ6: 0 | BK6: 0 | BL6: 0 | BM6: 0 | BN6: 0 | BO6: 0 | BP6: 0 | BQ6: 0 | BR6: 0 | BS6: 0 | BT6: 0 | BU6: 0 | BV6: 0 | BW6: 0 | BX6: 0 | BY6: 0 | BZ6: 0 | CA6: 0 | CB6: 0 | CC6: 0 | CD6: 0 | CE6: 0 | CF6: 0 | CG6: 0 | CH6: 0 | CI6: 0 | CJ6: 0 | CK6: 0 | CL6: 0 | CM6: 0 | CN6: 0 | CO6: 0 | CP6: 0 | CQ6: 1 | CR6: 1 | CS6: 1 | CT6: 0
A7: 1974(6) | B7: #N/A | C7: #N/A | D7: #N/A | E7: #N/A | F7: #N/A | G7: #N/A | H7: 1.51 | I7: #N/A | J7: #N/A | K7: #N/A | L7: 47.3559 | M7: 48.455 | N7: -0.0010953562 | O7: 0.019558513 | P7: #N/A | Q7: #N/A | R7: #N/A | S7: #N/A | T7: 0 | U7: 0 | V7: 0 | W7: 0 | X7: #N/A | Y7: 0 | Z7: 0 | AA7: 0 | AB7: 0 | AC7: 0 | AD7: 0 | AE7: 0 | AF7: 0 | AG7: 0 | AH7: 0 | AI7: 0 | AJ7: 0 | AK7: 0 | AL7: 0 | AM7: 0 | AN7: 0 | AO7: 0 | AP7: 0 | AQ7: 0 | AR7: 0 | AS7: 0 | AT7: 0 | AU7: 0 | AV7: 0 | AW7: 0 | AX7: 0 | AY7: 0 | AZ7: 0 | BA7: 0 | BB7: 0 | BC7: 0 | BD7: 0 | BE7: 0 | BF7: 0 | BG7: 0 | BH7: 0 | BI7: 0 | BJ7: 0 | BK7: 0 | BL7: 0 | BM7: 0 | BN7: 0 | BO7: 0 | BP7: 0 | BQ7: 0 | BR7: 0 | BS7: 0 | BT7: 0 | BU7: 0 | BV7: 0 | BW7: 0 | BX7: 0 | BY7: 0 | BZ7: 0 | CA7: 0 | CB7: 0 | CC7: 0 | CD7: 0 | CE7: 0 | CF7: 0 | CG7: 0 | CH7: 0 | CI7: 0 | CJ7: 0 | CK7: 0 | CL7: 0 | CM7: 0 | CN7: 0 | CO7: 0 | CP7: 0 | CQ7: 1 | CR7: 1 | CS7: 1 | CT7: 0
A8: 1974(7) | B8: #N/A | C8: #N/A | D8: #N/A | E8: #N/A | F8: #N/A | G8: #N/A | H8: 1.62 | I8: #N/A | J8: #N/A | K8: #N/A | L8: 47.3768 | M8: 46.1372 | N8: 0.00044124152 | O8: -0.049015966 | P8: #N/A | Q8: #N/A | R8: #N/A | S8: #N/A | T8: 0 | U8: 0 | V8: 0 | W8: 0 | X8: #N/A | Y8: 0 | Z8: 0 | AA8: 0 | AB8: 0 | AC8: 0 | AD8: 0 | AE8: 0 | AF8: 0 | AG8: 0 | AH8: 0 | AI8: 0 | AJ8: 0 | AK8: 0 | AL8: 0 | AM8: 0 | AN8: 0 | AO8: 0 | AP8: 0 | AQ8: 0 | AR8: 0 | AS8: 0 | AT8: 0 | AU8: 0 | AV8: 0 | AW8: 0 | AX8: 0 | AY8: 0 | AZ8: 0 | BA8: 0 | BB8: 0 | BC8: 0 | BD8: 0 | BE8: 0 | BF8: 0 | BG8: 0 | BH8: 0 | BI8: 0 | BJ8: 0 | BK8: 0 | BL8: 0 | BM8: 0 | BN8: 0 | BO8: 0 | BP8: 0 | BQ8: 0 | BR8: 0 | BS8: 0 | BT8: 0 | BU8: 0 | BV8: 0 | BW8: 0 | BX8: 0 | BY8: 0 | BZ8: 0 | CA8: 0 | CB8: 0 | CC8: 0 | CD8: 0 | CE8: 0 | CF8: 0 | CG8: 0 | CH8: 0 | CI8: 0 | CJ8: 0 | CK8: 0 | CL8: 0 | CM8: 0 | CN8: 0 | CO8: 0 | CP8: 0 | CQ8: 1 | CR8: 1 | CS8: 1 | CT8: 0
A9: 1974(8) | B9: #N/A | C9: #N/A | D9: #N/A | E9: #N/A | F9: #N/A | G9: #N/A | H9: 1 | I9: #N/A | J9: #N/A | K9: #N/A | L9: 46.913 | M9: 46.6709 | N9: -0.0098378349 | O9: 0.011501278 | P9: #N/A | Q9: #N/A | R9: #N/A | S9: #N/A | T9: 0 | U9: 0 | V9: 0 | W9: 0 | X9: #N/A | Y9: 0 | Z9: 0 | AA9: 0 | AB9: 0 | AC9: 0 | AD9: 0 | AE9: 0 | AF9: 0 | AG9: 0 | AH9: 0 | AI9: 0 | AJ9: 0 | AK9: 0 | AL9: 0 | AM9: 0 | AN9: 0 | AO9: 0 | AP9: 0 | AQ9: 0 | AR9: 0 | AS9: 0 | AT9: 0 | AU9: 0 | AV9: 0 | AW9: 0 | AX9: 0 | AY9: 0 | AZ9: 0 | BA9: 0 | BB9: 0 | BC9: 0 | BD9: 0 | BE9: 0 | BF9: 0 | BG9: 0 | BH9: 0 | BI9: 0 | BJ9: 0 | BK9: 0 | BL9: 0 | BM9: 0 | BN9: 0 | BO9: 0 | BP9: 0 | BQ9: 0 | BR9: 0 | BS9: 0 | BT9: 0 | BU9: 0 | BV9: 0 | BW9: 0 | BX9: 0 | BY9: 0 | BZ9: 0 | CA9: 0 | CB9: 0 | CC9: 0 | CD9: 0 | CE9: 0 | CF9: 0 | CG9: 0 | CH9: 0 | CI9: 0 | CJ9: 0 | CK9: 0 | CL9: 0 | CM9: 0 | CN9: 0 | CO9: 0 | CP9: 0 | CQ9: 1 | CR9: 1 | CS9: 1 | CT9: 0
A10: 1974(9) | B10: #N/A | C10: #N/A | D10: #N/A | E10: #N/A | F10: #N/A | G10: #N/A | H10: 1.38 | I10: #N/A | J10: #N/A | K10: #N/A | L10: 46.9406 | M10: 47.8221 | N10: 0.00058815007 | O10: 0.024367032 | P10: #N/A | Q10: #N/A | R10: #N/A | S10: #N/A | T10: 0 | U10: 0 | V10: 0 | W10: 0 | X10: #N/A | Y10: 0 | Z10: 0 | AA10: 0 | AB10: 0 | AC10: 0 | AD10: 0 | AE10: 0 | AF10: 0 | AG10: 0 | AH10: 0 | AI10: 0 | AJ10: 0 | AK10: 0 | AL10: 0 | AM10: 0 | AN10: 0 | AO10: 0 | AP10: 0 | AQ10: 0 | AR10: 0 | AS10: 0 | AT10: 0 | AU10: 0 | AV10: 0 | AW10: 0 | AX10: 0 | AY10: 0 | AZ10: 0 | BA10: 0 | BB10: 0 | BC10: 0 | BD10: 0 | BE10: 0 | BF10: 0 | BG10: 0 | BH10: 0 | BI10: 0 | BJ10: 0 | BK10: 0 | BL10: 0 | BM10: 0 | BN10: 0 | BO10: 0 | BP10: 0 | BQ10: 0 | BR10: 0 | BS10: 0 | BT10: 0 | BU10: 0 | BV10: 0 | BW10: 0 | BX10: 0 | BY10: 0 | BZ10: 0 | CA10: 0 | CB10: 0 | CC10: 0 | CD10: 0 | CE10: 0 | CF10: 0 | CG10: 0 | CH10: 0 | CI10: 0 | CJ10: 0 | CK10: 0 | CL10: 0 | CM10: 0 | CN10: 0 | CO10: 0 | CP10: 0 | CQ10: 1 | CR10: 1 | CS10: 1 | CT10: 0
A11: 1974(10) | B11: #N/A | C11: #N/A | D11: #N/A | E11: #N/A | F11: #N/A | G11: #N/A | H11: 1.12 | I11: #N/A | J11: #N/A | K11: #N/A | L11: 46.7581 | M11: 47.7994 | N11: -0.0038954699 | O11: -0.00047478863 | P11: #N/A | Q11: #N/A | R11: #N/A | S11: #N/A | T11: 0 | U11: 0 | V11: 0 | W11: 0 | X11: #N/A | Y11: 0 | Z11: 0 | AA11: 0 | AB11: 0 | AC11: 0 | AD11: 0 | AE11: 0 | AF11: 0 | AG11: 0 | AH11: 0 | AI11: 0 | AJ11: 0 | AK11: 0 | AL11: 0 | AM11: 0 | AN11: 0 | AO11: 0 | AP11: 0 | AQ11: 0 | AR11: 0 | AS11: 0 | AT11: 0 | AU11: 0 | AV11: 0 | AW11: 0 | AX11: 0 | AY11: 0 | AZ11: 0 | BA11: 0 | BB11: 0 | BC11: 0 | BD11: 0 | BE11: 0 | BF11: 0 | BG11: 0 | BH11: 0 | BI11: 0 | BJ11: 0 | BK11: 0 | BL11: 0 | BM11: 0 | BN11: 0 | BO11: 0 | BP11: 0 | BQ11: 0 | BR11: 0 | BS11: 0 | BT11: 0 | BU11: 0 | BV11: 0 | BW11: 0 | BX11: 0 | BY11: 0 | BZ11: 0 | CA11: 0 | CB11: 0 | CC11: 0 | CD11: 0 | CE11: 0 | CF11: 0 | CG11: 0 | CH11: 0 | CI11: 0 | CJ11: 0 | CK11: 0 | CL11: 0 | CM11: 0 | CN11: 0 | CO11: 0 | CP11: 0 | CQ11: 1 | CR11: 1 | CS11: 1 | CT11: 0
A12: 1974(11) | B12: #N/A | C12: #N/A | D12: #N/A | E12: #N/A | F12: #N/A | G12: #N/A | H12: 1.46 | I12: #N/A | J12: #N/A | K12: #N/A | L12: 45.2208 | M12: 45.5796 | N12: -0.033430345 | O12: -0.047552839 | P12: #N/A | Q12: #N/A | R12: #N/A | S12: #N/A | T12: 0 | U12: 0 | V12: 0 | W12: 0 | X12: #N/A | Y12: 0 | Z12: 0 | AA12: 0 | AB12: 0 | AC12: 0 | AD12: 0 | AE12: 0 | AF12: 0 | AG12: 0 | AH12: 0 | AI12: 0 | AJ12: 0 | AK12: 0 | AL12: 0 | AM12: 0 | AN12: 0 | AO12: 0 | AP12: 0 | AQ12: 0 | AR12: 0 | AS12: 0 | AT12: 0 | AU12: 0 | AV12: 0 | AW12: 0 | AX12: 0 | AY12: 0 | AZ12: 0 | BA12: 0 | BB12: 0 | BC12: 0 | BD12: 0 | BE12: 0 | BF12: 0 | BG12: 0 | BH12: 0 | BI12: 0 | BJ12: 0 | BK12: 0 | BL12: 0 | BM12: 0 | BN12: 0 | BO12: 0 | BP12: 0 | BQ12: 0 | BR12: 0 | BS12: 0 | BT12: 0 | BU12: 0 | BV12: 0 | BW12: 0 | BX12: 0 | BY12: 0 | BZ12: 0 | CA12: 0 | CB12: 0 | CC12: 0 | CD12: 0 | CE12: 0 | CF12: 0 | CG12: 0 | CH12: 0 | CI12: 0 | CJ12: 0 | CK12: 0 | CL12: 0 | CM12: 0 | CN12: 0 | CO12: 0 | CP12: 0 | CQ12: 1 | CR12: 1 | CS12: 1 | CT12: 0
A13: 1974(12) | B13: #N/A | C13: #N/A | D13: #N/A | E13: #N/A | F13: #N/A | G13: #N/A | H13: 1.73 | I13: #N/A | J13: #N/A | K13: #N/A | L13: 43.6268 | M13: 43.1688 | N13: -0.035885518 | O13: -0.054342236 | P13: #N/A | Q13: #N/A | R13: #N/A | S13: #N/A | T13: 0 | U13: 0 | V13: 0 | W13: 0 | X13: #N/A | Y13: 0 | Z13: 0 | AA13: 0 | AB13: 0 | AC13: 0 | AD13: 0 | AE13: 0 | AF13: 0 | AG13: 0 | AH13: 0 | AI13: 0 | AJ13: 0 | AK13: 0 | AL13: 0 | AM13: 0 | AN13: 0 | AO13: 0 | AP13: 0 | AQ13: 0 | AR13: 0 | AS13: 0 | AT13: 0 | AU13: 0 | AV13: 0 | AW13: 0 | AX13: 0 | AY13: 0 | AZ13: 0 | BA13: 0 | BB13: 0 | BC13: 0 | BD13: 0 | BE13: 0 | BF13: 0 | BG13: 0 | BH13: 0 | BI13: 0 | BJ13: 0 | BK13: 0 | BL13: 0 | BM13: 0 | BN13: 0 | BO13: 0 | BP13: 0 | BQ13: 0 | BR13: 0 | BS13: 0 | BT13: 0 | BU13: 0 | BV13: 0 | BW13: 0 | BX13: 0 | BY13: 0 | BZ13: 0 | CA13: 0 | CB13: 0 | CC13: 0 | CD13: 0 | CE13: 0 | CF13: 0 | CG13: 0 | CH13: 0 | CI13: 0 | CJ13: 0 | CK13: 0 | CL13: 0 | CM13: 0 | CN13: 0 | CO13: 0 | CP13: 0 | CQ13: 1 | CR13: 1 | CS13: 1 | CT13: 0
A14: 1975(1) | B14: #N/A | C14: #N/A | D14: #N/A | E14: #N/A | F14: #N/A | G14: 51.008963 | H14: 1.79 | I14: #N/A | J14: #N/A | K14: #N/A | L14: 43.023 | M14: 42.2035 | N14: -0.013936784 | O14: -0.022614856 | P14: 40.694754 | Q14: #N/A | R14: #N/A | S14: 0.017741681 | T14: 0 | U14: 0 | V14: 0 | W14: 0 | X14: #N/A | Y14: 0 | Z14: 0 | AA14: 0 | AB14: 0 | AC14: 0 | AD14: 0 | AE14: 0 | AF14: 0 | AG14: 0 | AH14: 0 | AI14: 0 | AJ14: 0 | AK14: 0 | AL14: 0 | AM14: 0 | AN14: 0 | AO14: 0 | AP14: 0 | AQ14: 0 | AR14: 0 | AS14: 0 | AT14: 0 | AU14: 0 | AV14: 0 | AW14: 0 | AX14: 0 | AY14: 0 | AZ14: 0 | BA14: 0 | BB14: 0 | BC14: 0 | BD14: 0 | BE14: 0 | BF14: 0 | BG14: 0 | BH14: 0 | BI14: 0 | BJ14: 0 | BK14: 0 | BL14: 0 | BM14: 0 | BN14: 0 | BO14: 0 | BP14: 0 | BQ14: 0 | BR14: 0 | BS14: 0 | BT14: 0 | BU14: 0 | BV14: 0 | BW14: 0 | BX14: 0 | BY14: 0 | BZ14: 0 | CA14: 0 | CB14: 0 | CC14: 0 | CD14: 0 | CE14: 0 | CF14: 0 | CG14: 0 | CH14: 0 | CI14: 0 | CJ14: 0 | CK14: 0 | CL14: 0 | CM14: 0 | CN14: 0 | CO14: 0 | CP14: 0 | CQ14: 1 | CR14: 1 | CS14: 1 | CT14: 0
A15: 1975(2) | B15: #N/A | C15: #N/A | D15: #N/A | E15: #N/A | F15: #N/A | G15: 47.858454 | H15: 1.6 | I15: #N/A | J15: #N/A | K15: #N/A | L15: 42.0254 | M15: 42.02 | N15: -0.023460659 | O15: -0.0043574606 | P15: 38.18129 | Q15: -0.063753568 | R15: #N/A | S15: 0.015873349 | T15: 0 | U15: 0 | V15: 0 | W15: 0 | X15: -0.0018683323 | Y15: 0 | Z15: 0 | AA15: 0 | AB15: 0 | AC15: 0 | AD15: 0 | AE15: 0 | AF15: 0 | AG15: 0 | AH15: 0 | AI15: 0 | AJ15: 0 | AK15: 0 | AL15: 0 | AM15: 0 | AN15: 0 | AO15: 0 | AP15: 0 | AQ15: 0 | AR15: 0 | AS15: 0 | AT15: 0 | AU15: 0 | AV15: 0 | AW15: 0 | AX15: 0 | AY15: 0 | AZ15: 0 | BA15: 0 | BB15: 0 | BC15: 0 | BD15: 0 | BE15: 0 | BF15: 0 | BG15: 0 | BH15: 0 | BI15: 0 | BJ15: 0 | BK15: 0 | BL15: 0 | BM15: 0 | BN15: 0 | BO15: 0 | BP15: 0 | BQ15: 0 | BR15: 0 | BS15: 0 | BT15: 0 | BU15: 0 | BV15: 0 | BW15: 0 | BX15: 0 | BY15: 0 | BZ15: 0 | CA15: 0 | CB15: 0 | CC15: 0 | CD15: 0 | CE15: 0 | CF15: 0 | CG15: 0 | CH15: 0 | CI15: 0 | CJ15: 0 | CK15: 0 | CL15: 0 | CM15: 0 | CN15: 0 | CO15: 0 | CP15: 0 | CQ15: 1 | CR15: 1 | CS15: 1 | CT15: 0
A16: 1975(3) | B16: #N/A | C16: #N/A | D16: #N/A | E16: #N/A | F16: #N/A | G16: 51.833179 | H16: 1.03 | I16: #N/A | J16: #N/A | K16: #N/A | L16: 41.5778 | M16: 41.6022 | N16: -0.010707826 | O16: -0.0099926449 | P16: 41.35231 | Q16: 0.079782673 | R16: #N/A | S16: 0.010247316 | T16: 0 | U16: 0 | V16: 0 | W16: 0 | X16: -0.0056260327 | Y16: 0 | Z16: 0 | AA16: 0 | AB16: 0 | AC16: 0 | AD16: 0 | AE16: 0 | AF16: 0 | AG16: 0 | AH16: 0 | AI16: 0 | AJ16: 0 | AK16: 0 | AL16: 0 | AM16: 0 | AN16: 0 | AO16: 0 | AP16: 0 | AQ16: 0 | AR16: 0 | AS16: 0 | AT16: 0 | AU16: 0 | AV16: 0 | AW16: 0 | AX16: 0 | AY16: 0 | AZ16: 0 | BA16: 0 | BB16: 0 | BC16: 0 | BD16: 0 | BE16: 0 | BF16: 0 | BG16: 0 | BH16: 0 | BI16: 0 | BJ16: 0 | BK16: 0 | BL16: 0 | BM16: 0 | BN16: 0 | BO16: 0 | BP16: 0 | BQ16: 0 | BR16: 0 | BS16: 0 | BT16: 0 | BU16: 0 | BV16: 0 | BW16: 0 | BX16: 0 | BY16: 0 | BZ16: 0 | CA16: 0 | CB16: 0 | CC16: 0 | CD16: 0 | CE16: 0 | CF16: 0 | CG16: 0 | CH16: 0 | CI16: 0 | CJ16: 0 | CK16: 0 | CL16: 0 | CM16: 0 | CN16: 0 | CO16: 0 | CP16: 0 | CQ16: 1 | CR16: 1 | CS16: 1 | CT16: 0
A17: 1975(4) | B17: #N/A | C17: #N/A | D17: #N/A | E17: #N/A | F17: #N/A | G17: 54.613945 | H17: 1.19 | I17: #N/A | J17: #N/A | K17: #N/A | L17: 41.6247 | M17: 41.7066 | N17: 0.0011273701 | O17: 0.0025063392 | P17: 43.570795 | Q17: 0.052258796 | R17: #N/A | S17: 0.011829752 | T17: 0 | U17: 0 | V17: 0 | W17: 0 | X17: 0.0015824353 | Y17: 0 | Z17: 0 | AA17: 0 | AB17: 0 | AC17: 0 | AD17: 0 | AE17: 0 | AF17: 0 | AG17: 0 | AH17: 0 | AI17: 0 | AJ17: 0 | AK17: 0 | AL17: 0 | AM17: 0 | AN17: 0 | AO17: 0 | AP17: 0 | AQ17: 0 | AR17: 0 | AS17: 0 | AT17: 0 | AU17: 0 | AV17: 0 | AW17: 0 | AX17: 0 | AY17: 0 | AZ17: 0 | BA17: 0 | BB17: 0 | BC17: 0 | BD17: 0 | BE17: 0 | BF17: 0 | BG17: 0 | BH17: 0 | BI17: 0 | BJ17: 0 | BK17: 0 | BL17: 0 | BM17: 0 | BN17: 0 | BO17: 0 | BP17: 0 | BQ17: 0 | BR17: 0 | BS17: 0 | BT17: 0 | BU17: 0 | BV17: 0 | BW17: 0 | BX17: 0 | BY17: 0 | BZ17: 0 | CA17: 0 | CB17: 0 | CC17: 0 | CD17: 0 | CE17: 0 | CF17: 0 | CG17: 0 | CH17: 0 | CI17: 0 | CJ17: 0 | CK17: 0 | CL17: 0 | CM17: 0 | CN17: 0 | CO17: 0 | CP17: 0 | CQ17: 1 | CR17: 1 | CS17: 1 | CT17: 0
A18: 1975(5) | B18: #N/A | C18: #N/A | D18: #N/A | E18: #N/A | F18: #N/A | G18: 54.806519 | H18: 1.46 | I18: #N/A | J18: #N/A | K18: #N/A | L18: 41.5252 | M18: 41.4999 | N18: -0.0023932692 | O18: -0.0049683721 | P18: 43.724429 | Q18: 0.003519891 | R18: #N/A | S18: 0.014494446 | T18: 0 | U18: 0 | V18: 0 | W18: 0 | X18: 0.0026646944 | Y18: 0 | Z18: 0 | AA18: 0 | AB18: 0 | AC18: 0 | AD18: 0 | AE18: 0 | AF18: 0 | AG18: 0 | AH18: 0 | AI18: 0 | AJ18: 0 | AK18: 0 | AL18: 0 | AM18: 0 | AN18: 0 | AO18: 0 | AP18: 0 | AQ18: 0 | AR18: 0 | AS18: 0 | AT18: 0 | AU18: 0 | AV18: 0 | AW18: 0 | AX18: 0 | AY18: 0 | AZ18: 0 | BA18: 0 | BB18: 0 | BC18: 0 | BD18: 0 | BE18: 0 | BF18: 0 | BG18: 0 | BH18: 0 | BI18: 0 | BJ18: 0 | BK18: 0 | BL18: 0 | BM18: 0 | BN18: 0 | BO18: 0 | BP18: 0 | BQ18: 0 | BR18: 0 | BS18: 0 | BT18: 0 | BU18: 0 | BV18: 0 | BW18: 0 | BX18: 0 | BY18: 0 | BZ18: 0 | CA18: 0 | CB18: 0 | CC18: 0 | CD18: 0 | CE18: 0 | CF18: 0 | CG18: 0 | CH18: 0 | CI18: 0 | CJ18: 0 | CK18: 0 | CL18: 0 | CM18: 0 | CN18: 0 | CO18: 0 | CP18: 0 | CQ18: 1 | CR18: 1 | CS18: 1 | CT18: 0
A19: 1975(6) | B19: #N/A | C19: #N/A | D19: #N/A | E19: #N/A | F19: #N/A | G19: 56.624416 | H19: 1.76 | I19: #N/A | J19: #N/A | K19: #N/A | L19: 41.8018 | M19: 42.7036 | N19: 0.0066389289 | O19: 0.028592208 | P19: 45.174741 | Q19: 0.032631127 | R19: #N/A | S19: 0.017446914 | T19: 0 | U19: 0 | V19: 0 | W19: 0 | X19: 0.0029524675 | Y19: 0 | Z19: 0 | AA19: 0 | AB19: 0 | AC19: 0 | AD19: 0 | AE19: 0 | AF19: 0 | AG19: 0 | AH19: 0 | AI19: 0 | AJ19: 0 | AK19: 0 | AL19: 0 | AM19: 0 | AN19: 0 | AO19: 0 | AP19: 0 | AQ19: 0 | AR19: 0 | AS19: 0 | AT19: 0 | AU19: 0 | AV19: 0 | AW19: 0 | AX19: 0 | AY19: 0 | AZ19: 0 | BA19: 0 | BB19: 0 | BC19: 0 | BD19: 0 | BE19: 0 | BF19: 0 | BG19: 0 | BH19: 0 | BI19: 0 | BJ19: 0 | BK19: 0 | BL19: 0 | BM19: 0 | BN19: 0 | BO19: 0 | BP19: 0 | BQ19: 0 | BR19: 0 | BS19: 0 | BT19: 0 | BU19: 0 | BV19: 0 | BW19: 0 | BX19: 0 | BY19: 0 | BZ19: 0 | CA19: 0 | CB19: 0 | CC19: 0 | CD19: 0 | CE19: 0 | CF19: 0 | CG19: 0 | CH19: 0 | CI19: 0 | CJ19: 0 | CK19: 0 | CL19: 0 | CM19: 0 | CN19: 0 | CO19: 0 | CP19: 0 | CQ19: 1 | CR19: 1 | CS19: 1 | CT19: 0
A20: 1975(7) | B20: #N/A | C20: #N/A | D20: #N/A | E20: #N/A | F20: #N/A | G20: 58.758134 | H20: 1.65 | I20: #N/A | J20: #N/A | K20: #N/A | L20: 42.1962 | M20: 40.9055 | N20: 0.0093907688 | O20: -0.043018697 | P20: 46.877013 | Q20: 0.036989329 | R20: #N/A | S20: 0.016365354 | T20: 0 | U20: 0 | V20: 0 | W20: 0 | X20: -0.0010815595 | Y20: 0 | Z20: 0 | AA20: 0 | AB20: 0 | AC20: 0 | AD20: 0 | AE20: 0 | AF20: 0 | AG20: 0 | AH20: 0 | AI20: 0 | AJ20: 0 | AK20: 0 | AL20: 0 | AM20: 0 | AN20: 0 | AO20: 0 | AP20: 0 | AQ20: 0 | AR20: 0 | AS20: 0 | AT20: 0 | AU20: 0 | AV20: 0 | AW20: 0 | AX20: 0 | AY20: 0 | AZ20: 0 | BA20: 0 | BB20: 0 | BC20: 0 | BD20: 0 | BE20: 0 | BF20: 0 | BG20: 0 | BH20: 0 | BI20: 0 | BJ20: 0 | BK20: 0 | BL20: 0 | BM20: 0 | BN20: 0 | BO20: 0 | BP20: 0 | BQ20: 0 | BR20: 0 | BS20: 0 | BT20: 0 | BU20: 0 | BV20: 0 | BW20: 0 | BX20: 0 | BY20: 0 | BZ20: 0 | CA20: 0 | CB20: 0 | CC20: 0 | CD20: 0 | CE20: 0 | CF20: 0 | CG20: 0 | CH20: 0 | CI20: 0 | CJ20: 0 | CK20: 0 | CL20: 0 | CM20: 0 | CN20: 0 | CO20: 0 | CP20: 0 | CQ20: 1 | CR20: 1 | CS20: 1 | CT20: 0
A21: 1975(8) | B21: #N/A | C21: #N/A | D21: #N/A | E21: #N/A | F21: #N/A | G21: 57.687424 | H21: 1.6 | I21: #N/A | J21: #N/A | K21: #N/A | L21: 42.6469 | M21: 42.5577 | N21: 0.010624417 | O21: 0.039596274 | P21: 46.022804 | Q21: -0.01839041 | R21: #N/A | S21: 0.015873349 | T21: 0 | U21: 0 | V21: 0 | W21: 0 | X21: -0.00049200493 | Y21: 0 | Z21: 0 | AA21: 0 | AB21: 0 | AC21: 0 | AD21: 0 | AE21: 0 | AF21: 0 | AG21: 0 | AH21: 0 | AI21: 0 | AJ21: 0 | AK21: 0 | AL21: 0 | AM21: 0 | AN21: 0 | AO21: 0 | AP21: 0 | AQ21: 0 | AR21: 0 | AS21: 0 | AT21: 0 | AU21: 0 | AV21: 0 | AW21: 0 | AX21: 0 | AY21: 0 | AZ21: 0 | BA21: 0 | BB21: 0 | BC21: 0 | BD21: 0 | BE21: 0 | BF21: 0 | BG21: 0 | BH21: 0 | BI21: 0 | BJ21: 0 | BK21: 0 | BL21: 0 | BM21: 0 | BN21: 0 | BO21: 0 | BP21: 0 | BQ21: 0 | BR21: 0 | BS21: 0 | BT21: 0 | BU21: 0 | BV21: 0 | BW21: 0 | BX21: 0 | BY21: 0 | BZ21: 0 | CA21: 0 | CB21: 0 | CC21: 0 | CD21: 0 | CE21: 0 | CF21: 0 | CG21: 0 | CH21: 0 | CI21: 0 | CJ21: 0 | CK21: 0 | CL21: 0 | CM21: 0 | CN21: 0 | CO21: 0 | CP21: 0 | CQ21: 1 | CR21: 1 | CS21: 1 | CT21: 0
A22: 1975(9) | B22: #N/A | C22: #N/A | D22: #N/A | E22: #N/A | F22: #N/A | G22: 59.135579 | H22: 1.57 | I22: #N/A | J22: #N/A | K22: #N/A | L22: 43.175 | M22: 43.9232 | N22: 0.012307037 | O22: 0.031581852 | P22: 47.178137 | Q22: 0.024793569 | R22: #N/A | S22: 0.01557803 | T22: 0 | U22: 0 | V22: 0 | W22: 0 | X22: -0.00029531919 | Y22: 0 | Z22: 0 | AA22: 0 | AB22: 0 | AC22: 0 | AD22: 0 | AE22: 0 | AF22: 0 | AG22: 0 | AH22: 0 | AI22: 0 | AJ22: 0 | AK22: 0 | AL22: 0 | AM22: 0 | AN22: 0 | AO22: 0 | AP22: 0 | AQ22: 0 | AR22: 0 | AS22: 0 | AT22: 0 | AU22: 0 | AV22: 0 | AW22: 0 | AX22: 0 | AY22: 0 | AZ22: 0 | BA22: 0 | BB22: 0 | BC22: 0 | BD22: 0 | BE22: 0 | BF22: 0 | BG22: 0 | BH22: 0 | BI22: 0 | BJ22: 0 | BK22: 0 | BL22: 0 | BM22: 0 | BN22: 0 | BO22: 0 | BP22: 0 | BQ22: 0 | BR22: 0 | BS22: 0 | BT22: 0 | BU22: 0 | BV22: 0 | BW22: 0 | BX22: 0 | BY22: 0 | BZ22: 0 | CA22: 0 | CB22: 0 | CC22: 0 | CD22: 0 | CE22: 0 | CF22: 0 | CG22: 0 | CH22: 0 | CI22: 0 | CJ22: 0 | CK22: 0 | CL22: 0 | CM22: 0 | CN22: 0 | CO22: 0 | CP22: 0 | CQ22: 1 | CR22: 1 | CS22: 1 | CT22: 0
A23: 1975(10) | B23: #N/A | C23: #N/A | D23: #N/A | E23: #N/A | F23: #N/A | G23: 61.184565 | H23: 1.95 | I23: #N/A | J23: #N/A | K23: #N/A | L23: 43.3625 | M23: 44.1579 | N23: 0.0043333883 | O23: 0.0053291922 | P23: 48.81281 | Q23: 0.034062192 | R23: #N/A | S23: 0.019312311 | T23: 0 | U23: 0 | V23: 0 | W23: 0 | X23: 0.0037342811 | Y23: 0 | Z23: 0 | AA23: 0 | AB23: 0 | AC23: 0 | AD23: 0 | AE23: 0 | AF23: 0 | AG23: 0 | AH23: 0 | AI23: 0 | AJ23: 0 | AK23: 0 | AL23: 0 | AM23: 0 | AN23: 0 | AO23: 0 | AP23: 0 | AQ23: 0 | AR23: 0 | AS23: 0 | AT23: 0 | AU23: 0 | AV23: 0 | AW23: 0 | AX23: 0 | AY23: 0 | AZ23: 0 | BA23: 0 | BB23: 0 | BC23: 0 | BD23: 0 | BE23: 0 | BF23: 0 | BG23: 0 | BH23: 0 | BI23: 0 | BJ23: 0 | BK23: 0 | BL23: 0 | BM23: 0 | BN23: 0 | BO23: 0 | BP23: 0 | BQ23: 0 | BR23: 0 | BS23: 0 | BT23: 0 | BU23: 0 | BV23: 0 | BW23: 0 | BX23: 0 | BY23: 0 | BZ23: 0 | CA23: 0 | CB23: 0 | CC23: 0 | CD23: 0 | CE23: 0 | CF23: 0 | CG23: 0 | CH23: 0 | CI23: 0 | CJ23: 0 | CK23: 0 | CL23: 0 | CM23: 0 | CN23: 0 | CO23: 0 | CP23: 0 | CQ23: 1 | CR23: 1 | CS23: 1 | CT23: 0
A24: 1975(11) | B24: #N/A | C24: #N/A | D24: #N/A | E24: #N/A | F24: #N/A | G24: 57.348494 | H24: 2.35 | I24: #N/A | J24: #N/A | K24: #N/A | L24: 43.4591 | M24: 43.6988 | N24: 0.0022252536 | O24: -0.010451205 | P24: 45.752407 | Q24: -0.064748372 | R24: #N/A | S24: 0.023228126 | T24: 0 | U24: 0 | V24: 0 | W24: 0 | X24: 0.0039158151 | Y24: 0 | Z24: 0 | AA24: 0 | AB24: 0 | AC24: 0 | AD24: 0 | AE24: 0 | AF24: 0 | AG24: 0 | AH24: 0 | AI24: 0 | AJ24: 0 | AK24: 0 | AL24: 0 | AM24: 0 | AN24: 0 | AO24: 0 | AP24: 0 | AQ24: 0 | AR24: 0 | AS24: 0 | AT24: 0 | AU24: 0 | AV24: 0 | AW24: 0 | AX24: 0 | AY24: 0 | AZ24: 0 | BA24: 0 | BB24: 0 | BC24: 0 | BD24: 0 | BE24: 0 | BF24: 0 | BG24: 0 | BH24: 0 | BI24: 0 | BJ24: 0 | BK24: 0 | BL24: 0 | BM24: 0 | BN24: 0 | BO24: 0 | BP24: 0 | BQ24: 0 | BR24: 0 | BS24: 0 | BT24: 0 | BU24: 0 | BV24: 0 | BW24: 0 | BX24: 0 | BY24: 0 | BZ24: 0 | CA24: 0 | CB24: 0 | CC24: 0 | CD24: 0 | CE24: 0 | CF24: 0 | CG24: 0 | CH24: 0 | CI24: 0 | CJ24: 0 | CK24: 0 | CL24: 0 | CM24: 0 | CN24: 0 | CO24: 0 | CP24: 0 | CQ24: 1 | CR24: 1 | CS24: 1 | CT24: 0
A25: 1975(12) | B25: #N/A | C25: #N/A | D25: #N/A | E25: #N/A | F25: #N/A | G25: 55.646141 | H25: 1.99 | I25: #N/A | J25: #N/A | K25: #N/A | L25: 44.0037 | M25: 43.4423 | N25: 0.012453455 | O25: -0.005887021 | P25: 44.394277 | Q25: -0.03013385 | R25: #N/A | S25: 0.019704583 | T25: 0 | U25: 0 | V25: 0 | W25: 0 | X25: -0.0035235428 | Y25: 0 | Z25: 0 | AA25: 0 | AB25: 0 | AC25: 0 | AD25: 0 | AE25: 0 | AF25: 0 | AG25: 0 | AH25: 0 | AI25: 0 | AJ25: 0 | AK25: 0 | AL25: 0 | AM25: 0 | AN25: 0 | AO25: 0 | AP25: 0 | AQ25: 0 | AR25: 0 | AS25: 0 | AT25: 0 | AU25: 0 | AV25: 0 | AW25: 0 | AX25: 0 | AY25: 0 | AZ25: 0 | BA25: 0 | BB25: 0 | BC25: 0 | BD25: 0 | BE25: 0 | BF25: 0 | BG25: 0 | BH25: 0 | BI25: 0 | BJ25: 0 | BK25: 0 | BL25: 0 | BM25: 0 | BN25: 0 | BO25: 0 | BP25: 0 | BQ25: 0 | BR25: 0 | BS25: 0 | BT25: 0 | BU25: 0 | BV25: 0 | BW25: 0 | BX25: 0 | BY25: 0 | BZ25: 0 | CA25: 0 | CB25: 0 | CC25: 0 | CD25: 0 | CE25: 0 | CF25: 0 | CG25: 0 | CH25: 0 | CI25: 0 | CJ25: 0 | CK25: 0 | CL25: 0 | CM25: 0 | CN25: 0 | CO25: 0 | CP25: 0 | CQ25: 1 | CR25: 1 | CS25: 1 | CT25: 0
A26: 1976(1) | B26: #N/A | C26: #N/A | D26: #N/A | E26: #N/A | F26: #N/A | G26: 55.091528 | H26: 2.36 | I26: #N/A | J26: #N/A | K26: #N/A | L26: 44.6407 | M26: 43.8465 | N26: 0.014372278 | O26: 0.0092612773 | P26: 43.951809 | Q26: -0.010016778 | R26: #N/A | S26: 0.023325825 | T26: 0 | U26: 0 | V26: 0 | W26: 0 | X26: 0.003621242 | Y26: 0 | Z26: 0 | AA26: 0 | AB26: 0 | AC26: 0 | AD26: 0 | AE26: 0 | AF26: 0 | AG26: 0 | AH26: 0 | AI26: 0 | AJ26: 0 | AK26: 0 | AL26: 0 | AM26: 0 | AN26: 0 | AO26: 0 | AP26: 0 | AQ26: 0 | AR26: 0 | AS26: 0 | AT26: 0 | AU26: 0 | AV26: 0 | AW26: 0 | AX26: 0 | AY26: 0 | AZ26: 0 | BA26: 0 | BB26: 0 | BC26: 0 | BD26: 0 | BE26: 0 | BF26: 0 | BG26: 0 | BH26: 0 | BI26: 0 | BJ26: 0 | BK26: 0 | BL26: 0 | BM26: 0 | BN26: 0 | BO26: 0 | BP26: 0 | BQ26: 0 | BR26: 0 | BS26: 0 | BT26: 0 | BU26: 0 | BV26: 0 | BW26: 0 | BX26: 0 | BY26: 0 | BZ26: 0 | CA26: 0 | CB26: 0 | CC26: 0 | CD26: 0 | CE26: 0 | CF26: 0 | CG26: 0 | CH26: 0 | CI26: 0 | CJ26: 0 | CK26: 0 | CL26: 0 | CM26: 0 | CN26: 0 | CO26: 0 | CP26: 0 | CQ26: 1 | CR26: 1 | CS26: 1 | CT26: 0
... A73: 1979(12) | B73: #N/A | C73: #N/A | D73: #N/A | E73: #N/A | F73: #N/A | G73: 69.311182 | H73: 3.57 | I73: #N/A | J73: #N/A | K73: #N/A | L73: 53.7087 | M73: 53.203 | N73: 0.00091274534 | O73: -0.009141779 | P73: 55.296193 | Q73: -0.076874598 | R73: #N/A | S73: 0.035077527 | T73: 0 | U73: 0 | V73: 0 | W73: 0 | X73: 0.014490893 | Y73: 0 | Z73: 0 | AA73: 0 | AB73: 0 | AC73: 0 | AD73: 0 | AE73: 0 | AF73: 0 | AG73: 0 | AH73: 0 | AI73: 0 | AJ73: 0 | AK73: 0 | AL73: 0 | AM73: 0 | AN73: 0 | AO73: 0 | AP73: 0 | AQ73: 0 | AR73: 0 | AS73: 0 | AT73: 0 | AU73: 0 | AV73: 0 | AW73: 0 | AX73: 0 | AY73: 0 | AZ73: 0 | BA73: 0 | BB73: 0 | BC73: 0 | BD73: 0 | BE73: 0 | BF73: 0 | BG73: 0 | BH73: 0 | BI73: 0 | BJ73: 0 | BK73: 0 | BL73: 0 | BM73: 0 | BN73: 0 | BO73: 0 | BP73: 0 | BQ73: 0 | BR73: 0 | BS73: 0 | BT73: 0 | BU73: 0 | BV73: 0 | BW73: 0 | BX73: 0 | BY73: 0 | BZ73: 0 | CA73: 0 | CB73: 0 | CC73: 0 | CD73: 0 | CE73: 0 | CF73: 0 | CG73: 0 | CH73: 0 | CI73: 0 | CJ73: 0 | CK73: 0 | CL73: 0 | CM73: 0 | CN73: 0 | CO73: 0 | CP73: 0 | CQ73: 1 | CR73: 1 | CS73: 1 | CT73: 0
A74: 1980(1) | B74: #N/A | C74: #N/A | D74: #N/A | E74: #N/A | F74: #N/A | G74: 71.568147 | H74: 2.95 | I74: 6.6156492 | J74: -0.03498687 | K74: #N/A | L74: 53.9628 | M74: 53.2023 | N74: 0.0047199207 | O74: -1.3157239e-05 | P74: 57.096792 | Q74: 0.032043859 | R74: 0.064060118 | S74: 0.029073247 | T74: 0 | U74: 0 | V74: 0 | W74: 0 | X74: -0.0060042791 | Y74: 0 | Z74: 0 | AA74: 0 | AB74: 0 | AC74: 0 | AD74: 0 | AE74: 0 | AF74: 0 | AG74: 0 | AH74: 0 | AI74: 0 | AJ74: 0 | AK74: 0 | AL74: 0 | AM74: 0 | AN74: 0 | AO74: 0 | AP74: 0 | AQ74: 0 | AR74: 0 | AS74: 0 | AT74: 0 | AU74: 0 | AV74: 0 | AW74: 0 | AX74: 0 | AY74: 0 | AZ74: 0 | BA74: 0 | BB74: 0 | BC74: 0 | BD74: 0 | BE74: 0 | BF74: 0 | BG74: 0 | BH74: 0 | BI74: 0 | BJ74: 0 | BK74: 0 | BL74: 0 | BM74: 0 | BN74: 0 | BO74: 0 | BP74: 0 | BQ74: 0 | BR74: 0 | BS74: 0 | BT74: 0 | BU74: 0 | BV74: 0 | BW74: 0 | BX74: 0 | BY74: 0 | BZ74: 0 | CA74: 0 | CB74: 0 | CC74: 0 | CD74: 0 | CE74: 0 | CF74: 0 | CG74: 0 | CH74: 0 | CI74: 0 | CJ74: 0 | CK74: 0 | CL74: 0 | CM74: 0 | CN74: 0 | CO74: 0 | CP74: 0 | CQ74: 1 | CR74: 1 | CS74: 1 | CT74: 0
A75: 1980(2) | B75: #N/A | C75: #N/A | D75: #N/A | E75: #N/A | F75: #N/A | G75: 70.150804 | H75: 2.47 | I75: 4.6169189 | J75: -0.020735214 | K75: #N/A | L75: 53.9815 | M75: 54.2363 | N75: 0.00034647499 | O75: 0.019248797 | P75: 55.966041 | Q75: -0.020002841 | R75: 0.045135101 | S75: 0.024399887 | T75: 0 | U75: 0 | V75: 0 | W75: 0 | X75: -0.0046733607 | Y75: 0 | Z75: 0 | AA75: 0 | AB75: 0 | AC75: 0 | AD75: 0 | AE75: 0 | AF75: 0 | AG75: 0 | AH75: 0 | AI75: 0 | AJ75: 0 | AK75: 0 | AL75: 0 | AM75: 0 | AN75: 0 | AO75: 0 | AP75: 0 | AQ75: 0 | AR75: 0 | AS75: 0 | AT75: 0 | AU75: 0 | AV75: 0 | AW75: 0 | AX75: 0 | AY75: 0 | AZ75: 0 | BA75: 0 | BB75: 0 | BC75: 0 | BD75: 0 | BE75: 0 | BF75: 0 | BG75: 0 | BH75: 0 | BI75: 0 | BJ75: 0 | BK75: 0 | BL75: 0 | BM75: 0 | BN75: 0 | BO75: 0 | BP75: 0 | BQ75: 0 | BR75: 0 | BS75: 0 | BT75: 0 | BU75: 0 | BV75: 0 | BW75: 0 | BX75: 0 | BY75: 0 | BZ75: 0 | CA75: 0 | CB75: 0 | CC75: 0 | CD75: 0 | CE75: 0 | CF75: 0 | CG75: 0 | CH75: 0 | CI75: 0 | CJ75: 0 | CK75: 0 | CL75: 0 | CM75: 0 | CN75: 0 | CO75: 0 | CP75: 0 | CQ75: 1 | CR75: 1 | CS75: 1 | CT75: 0
A76: 1980(3) | B76: #N/A | C76: #N/A | D76: #N/A | E76: #N/A | F76: #N/A | G76: 77.460907 | H76: 3.57 | I76: 6.0383887 | J76: -0.023553473 | K76: #N/A | L76: 53.8006 | M76: 54.4618 | N76: -0.0033567758 | O76: 0.0041491125 | P76: 61.798013 | Q76: 0.099126123 | R76: 0.058631 | S76: 0.035077527 | T76: 0 | U76: 0 | V76: 0 | W76: 0 | X76: 0.01067764 | Y76: 0 | Z76: 0 | AA76: 0 | AB76: 0 | AC76: 0 | AD76: 0 | AE76: 0 | AF76: 0 | AG76: 0 | AH76: 0 | AI76: 0 | AJ76: 0 | AK76: 0 | AL76: 0 | AM76: 0 | AN76: 0 | AO76: 0 | AP76: 0 | AQ76: 0 | AR76: 0 | AS76: 0 | AT76: 0 | AU76: 0 | AV76: 0 | AW76: 0 | AX76: 0 | AY76: 0 | AZ76: 0 | BA76: 0 | BB76: 0 | BC76: 0 | BD76: 0 | BE76: 0 | BF76: 0 | BG76: 0 | BH76: 0 | BI76: 0 | BJ76: 0 | BK76: 0 | BL76: 0 | BM76: 0 | BN76: 0 | BO76: 0 | BP76: 0 | BQ76: 0 | BR76: 0 | BS76: 0 | BT76: 0 | BU76: 0 | BV76: 0 | BW76: 0 | BX76: 0 | BY76: 0 | BZ76: 0 | CA76: 0 | CB76: 0 | CC76: 0 | CD76: 0 | CE76: 0 | CF76: 0 | CG76: 0 | CH76: 0 | CI76: 0 | CJ76: 0 | CK76: 0 | CL76: 0 | CM76: 0 | CN76: 0 | CO76: 0 | CP76: 0 | CQ76: 1 | CR76: 1 | CS76: 1 | CT76: 0
A77: 1980(4) | B77: #N/A | C77: #N/A | D77: #N/A | E77: #N/A | F77: #N/A | G77: 72.061136 | H77: 1.95 | I77: 5.2861138 | J77: -0.032199041 | K77: #N/A | L77: 52.7031 | M77: 52.5917 | N77: -0.020610342 | O77: -0.034941226 | P77: 57.490097 | Q77: -0.072258512 | R77: 0.051511352 | S77: 0.019312311 | T77: 0 | U77: 0 | V77: 0 | W77: 0 | X77: -0.015765216 | Y77: 0 | Z77: 0 | AA77: 0 | AB77: 0 | AC77: 0 | AD77: 0 | AE77: 0 | AF77: 0 | AG77: 0 | AH77: 0 | AI77: 0 | AJ77: 0 | AK77: 0 | AL77: 0 | AM77: 0 | AN77: 0 | AO77: 0 | AP77: 0 | AQ77: 0 | AR77: 0 | AS77: 0 | AT77: 0 | AU77: 0 | AV77: 0 | AW77: 0 | AX77: 0 | AY77: 0 | AZ77: 0 | BA77: 0 | BB77: 0 | BC77: 0 | BD77: 0 | BE77: 0 | BF77: 0 | BG77: 0 | BH77: 0 | BI77: 0 | BJ77: 0 | BK77: 0 | BL77: 0 | BM77: 0 | BN77: 0 | BO77: 0 | BP77: 0 | BQ77: 0 | BR77: 0 | BS77: 0 | BT77: 0 | BU77: 0 | BV77: 0 | BW77: 0 | BX77: 0 | BY77: 0 | BZ77: 0 | CA77: 0 | CB77: 0 | CC77: 0 | CD77: 0 | CE77: 0 | CF77: 0 | CG77: 0 | CH77: 0 | CI77: 0 | CJ77: 0 | CK77: 0 | CL77: 0 | CM77: 0 | CN77: 0 | CO77: 0 | CP77: 0 | CQ77: 1 | CR77: 1 | CS77: 1 | CT77: 0
A78: 1980(5) | B78: #N/A | C78: #N/A | D78: #N/A | E78: #N/A | F78: #N/A | G78: 79.201775 | H78: 2.03 | I78: 5.7027207 | J78: -0.035363744 | K78: #N/A | L78: 51.4325 | M78: 51.2055 | N78: -0.024404009 | O78: -0.026711364 | P78: 63.18687 | Q78: 0.094483834 | R78: 0.055460446 | S78: 0.020096702 | T78: 0 | U78: 0 | V78: 0 | W78: 0 | X78: 0.00078439067 | Y78: 0 | Z78: 0 | AA78: 0 | AB78: 0 | AC78: 0 | AD78: 0 | AE78: 0 | AF78: 0 | AG78: 0 | AH78: 0 | AI78: 0 | AJ78: 0 | AK78: 0 | AL78: 0 | AM78: 0 | AN78: 0 | AO78: 0 | AP78: 0 | AQ78: 0 | AR78: 0 | AS78: 0 | AT78: 0 | AU78: 0 | AV78: 0 | AW78: 0 | AX78: 0 | AY78: 0 | AZ78: 0 | BA78: 0 | BB78: 0 | BC78: 0 | BD78: 0 | BE78: 0 | BF78: 0 | BG78: 0 | BH78: 0 | BI78: 0 | BJ78: 0 | BK78: 0 | BL78: 0 | BM78: 0 | BN78: 0 | BO78: 0 | BP78: 0 | BQ78: 0 | BR78: 0 | BS78: 0 | BT78: 0 | BU78: 0 | BV78: 0 | BW78: 0 | BX78: 0 | BY78: 0 | BZ78: 0 | CA78: 0 | CB78: 0 | CC78: 0 | CD78: 0 | CE78: 0 | CF78: 0 | CG78: 0 | CH78: 0 | CI78: 0 | CJ78: 0 | CK78: 0 | CL78: 0 | CM78: 0 | CN78: 0 | CO78: 0 | CP78: 0 | CQ78: 1 | CR78: 1 | CS78: 1 | CT78: 0
A79: 1980(6) | B79: #N/A | C79: #N/A | D79: #N/A | E79: #N/A | F79: #N/A | G79: 80.241674 | H79: 2.45 | I79: 5.3053043 | J79: -0.027488916 | K79: #N/A | L79: 50.8002 | M79: 51.5013 | N79: -0.012369977 | O79: 0.0057601019 | P79: 64.016498 | Q79: 0.013044293 | R79: 0.051693605 | S79: 0.024204689 | T79: 0 | U79: 0 | V79: 0 | W79: 0 | X79: 0.004107987 | Y79: 0 | Z79: 0 | AA79: 0 | AB79: 0 | AC79: 0 | AD79: 0 | AE79: 0 | AF79: 0 | AG79: 0 | AH79: 0 | AI79: 0 | AJ79: 0 | AK79: 0 | AL79: 0 | AM79: 0 | AN79: 0 | AO79: 0 | AP79: 0 | AQ79: 0 | AR79: 0 | AS79: 0 | AT79: 0 | AU79: 0 | AV79: 0 | AW79: 0 | AX79: 0 | AY79: 0 | AZ79: 0 | BA79: 0 | BB79: 0 | BC79: 0 | BD79: 0 | BE79: 0 | BF79: 0 | BG79: 0 | BH79: 0 | BI79: 0 | BJ79: 0 | BK79: 0 | BL79: 0 | BM79: 0 | BN79: 0 | BO79: 0 | BP79: 0 | BQ79: 0 | BR79: 0 | BS79: 0 | BT79: 0 | BU79: 0 | BV79: 0 | BW79: 0 | BX79: 0 | BY79: 0 | BZ79: 0 | CA79: 0 | CB79: 0 | CC79: 0 | CD79: 0 | CE79: 0 | CF79: 0 | CG79: 0 | CH79: 0 | CI79: 0 | CJ79: 0 | CK79: 0 | CL79: 0 | CM79: 0 | CN79: 0 | CO79: 0 | CP79: 0 | CQ79: 1 | CR79: 1 | CS79: 1 | CT79: 0
A80: 1980(7) | B80: #N/A | C80: #N/A | D80: #N/A | E80: #N/A | F80: #N/A | G80: 84.147071 | H80: 3.21 | I80: 5.5456121 | J80: -0.022377454 | K80: #N/A | L80: 50.4013 | M80: 49.0516 | N80: -0.0078833232 | O80: -0.048734245 | P80: 67.132209 | Q80: 0.047523117 | R80: 0.053973016 | S80: 0.031595562 | T80: 0 | U80: 0 | V80: 0 | W80: 0 | X80: 0.0073908729 | Y80: 0 | Z80: 0 | AA80: 0 | AB80: 0 | AC80: 0 | AD80: 0 | AE80: 0 | AF80: 0 | AG80: 0 | AH80: 0 | AI80: 0 | AJ80: 0 | AK80: 0 | AL80: 0 | AM80: 0 | AN80: 0 | AO80: 0 | AP80: 0 | AQ80: 0 | AR80: 0 | AS80: 0 | AT80: 0 | AU80: 0 | AV80: 0 | AW80: 0 | AX80: 0 | AY80: 0 | AZ80: 0 | BA80: 0 | BB80: 0 | BC80: 0 | BD80: 0 | BE80: 0 | BF80: 0 | BG80: 0 | BH80: 0 | BI80: 0 | BJ80: 0 | BK80: 0 | BL80: 0 | BM80: 0 | BN80: 0 | BO80: 0 | BP80: 0 | BQ80: 0 | BR80: 0 | BS80: 0 | BT80: 0 | BU80: 0 | BV80: 0 | BW80: 0 | BX80: 0 | BY80: 0 | BZ80: 0 | CA80: 0 | CB80: 0 | CC80: 0 | CD80: 0 | CE80: 0 | CF80: 0 | CG80: 0 | CH80: 0 | CI80: 0 | CJ80: 0 | CK80: 0 | CL80: 0 | CM80: 0 | CN80: 0 | CO80: 0 | CP80: 0 | CQ80: 1 | CR80: 1 | CS80: 1 | CT80: 0
A81: 1980(8) | B81: #N/A | C81: #N/A | D81: #N/A | E81: #N/A | F81: #N/A | G81: 83.222717 | H81: 3.04 | I81: 4.9455824 | J81: -0.018324691 | K81: #N/A | L81: 50.5944 | M81: 50.597 | N81: 0.0038239298 | O81: 0.031019481 | P81: 66.394763 | Q81: -0.011045768 | R81: 0.048271767 | S81: 0.029947076 | T81: 0 | U81: 0 | V81: 0 | W81: 0 | X81: -0.0016484852 | Y81: 0 | Z81: 0 | AA81: 0 | AB81: 0 | AC81: 0 | AD81: 0 | AE81: 0 | AF81: 0 | AG81: 0 | AH81: 0 | AI81: 0 | AJ81: 0 | AK81: 0 | AL81: 0 | AM81: 0 | AN81: 0 | AO81: 0 | AP81: 0 | AQ81: 0 | AR81: 0 | AS81: 0 | AT81: 0 | AU81: 0 | AV81: 0 | AW81: 0 | AX81: 0 | AY81: 0 | AZ81: 0 | BA81: 0 | BB81: 0 | BC81: 0 | BD81: 0 | BE81: 0 | BF81: 0 | BG81: 0 | BH81: 0 | BI81: 0 | BJ81: 0 | BK81: 0 | BL81: 0 | BM81: 0 | BN81: 0 | BO81: 0 | BP81: 0 | BQ81: 0 | BR81: 0 | BS81: 0 | BT81: 0 | BU81: 0 | BV81: 0 | BW81: 0 | BX81: 0 | BY81: 0 | BZ81: 0 | CA81: 0 | CB81: 0 | CC81: 0 | CD81: 0 | CE81: 0 | CF81: 0 | CG81: 0 | CH81: 0 | CI81: 0 | CJ81: 0 | CK81: 0 | CL81: 0 | CM81: 0 | CN81: 0 | CO81: 0 | CP81: 0 | CQ81: 1 | CR81: 1 | CS81: 1 | CT81: 0
A82: 1980(9) | B82: #N/A | C82: #N/A | D82: #N/A | E82: #N/A | F82: #N/A | G82: 85.348732 | H82: 3.43 | I82: 4.2303253 | J82: -0.0077080614 | K82: #N/A | L82: 51.4172 | M82: 52.0561 | N82: 0.016131849 | O82: 0.028429697 | P82: 68.090889 | Q82: 0.025225245 | R82: 0.041432931 | S82: 0.033724869 | T82: 0 | U82: 0 | V82: 0 | W82: 0 | X82: 0.003777793 | Y82: 0 | Z82: 0 | AA82: 0 | AB82: 0 | AC82: 0 | AD82: 0 | AE82: 0 | AF82: 0 | AG82: 0 | AH82: 0 | AI82: 0 | AJ82: 0 | AK82: 0 | AL82: 0 | AM82: 0 | AN82: 0 | AO82: 0 | AP82: 0 | AQ82: 0 | AR82: 0 | AS82: 0 | AT82: 0 | AU82: 0 | AV82: 0 | AW82: 0 | AX82: 0 | AY82: 0 | AZ82: 0 | BA82: 0 | BB82: 0 | BC82: 0 | BD82: 0 | BE82: 0 | BF82: 0 | BG82: 0 | BH82: 0 | BI82: 0 | BJ82: 0 | BK82: 0 | BL82: 0 | BM82: 0 | BN82: 0 | BO82: 0 | BP82: 0 | BQ82: 0 | BR82: 0 | BS82: 0 | BT82: 0 | BU82: 0 | BV82: 0 | BW82: 0 | BX82: 0 | BY82: 0 | BZ82: 0 | CA82: 0 | CB82: 0 | CC82: 0 | CD82: 0 | CE82: 0 | CF82: 0 | CG82: 0 | CH82: 0 | CI82: 0 | CJ82: 0 | CK82: 0 | CL82: 0 | CM82: 0 | CN82: 0 | CO82: 0 | CP82: 0 | CQ82: 1 | CR82: 1 | CS82: 1 | CT82: 0
A83: 1980(10) | B83: #N/A | C83: #N/A | D83: #N/A | E83: #N/A | F83: #N/A | G83: 86.95865 | H83: 3.96 | I83: 9.4805312 | J83: -0.051740526 | K83: #N/A | L83: 52.054 | M83: 52.6315 | N83: 0.012308894 | O83: 0.010992817 | P83: 69.375275 | Q83: 0.018687119 | R83: 0.09057655 | S83: 0.038836024 | T83: 0 | U83: 0 | V83: 0 | W83: 0 | X83: 0.0051111544 | Y83: 0 | Z83: 0 | AA83: 0 | AB83: 0 | AC83: 0 | AD83: 0 | AE83: 0 | AF83: 0 | AG83: 0 | AH83: 0 | AI83: 0 | AJ83: 0 | AK83: 0 | AL83: 0 | AM83: 0 | AN83: 0 | AO83: 0 | AP83: 0 | AQ83: 0 | AR83: 0 | AS83: 0 | AT83: 0 | AU83: 0 | AV83: 0 | AW83: 0 | AX83: 0 | AY83: 0 | AZ83: 0 | BA83: 0 | BB83: 0 | BC83: 0 | BD83: 0 | BE83: 0 | BF83: 0 | BG83: 0 | BH83: 0 | BI83: 0 | BJ83: 0 | BK83: 0 | BL83: 0 | BM83: 0 | BN83: 0 | BO83: 0 | BP83: 0 | BQ83: 0 | BR83: 0 | BS83: 0 | BT83: 0 | BU83: 0 | BV83: 0 | BW83: 0 | BX83: 0 | BY83: 0 | BZ83: 0 | CA83: 0 | CB83: 0 | CC83: 0 | CD83: 0 | CE83: 0 | CF83: 0 | CG83: 0 | CH83: 0 | CI83: 0 | CJ83: 0 | CK83: 0 | CL83: 0 | CM83: 0 | CN83: 0 | CO83: 0 | CP83: 0 | CQ83: 1 | CR83: 1 | CS83: 1 | CT83: 0
A84: 1980(11) | B84: #N/A | C84: #N/A | D84: #N/A | E84: #N/A | F84: #N/A | G84: 80.64993 | H84: 4.04 | I84: 6.6733598 | J84: -0.024996012 | K84: #N/A | L84: 52.9626 | M84: 52.9546 | N84: 0.017304363 | O84: 0.0061201429 | P84: 64.342203 | Q84: -0.075314775 | R84: 0.064601267 | S84: 0.039605255 | T84: 0 | U84: 0 | V84: 0 | W84: 0 | X84: 0.00076923081 | Y84: 0 | Z84: 0 | AA84: 0 | AB84: 0 | AC84: 0 | AD84: 0 | AE84: 0 | AF84: 0 | AG84: 0 | AH84: 0 | AI84: 0 | AJ84: 0 | AK84: 0 | AL84: 0 | AM84: 0 | AN84: 0 | AO84: 0 | AP84: 0 | AQ84: 0 | AR84: 0 | AS84: 0 | AT84: 0 | AU84: 0 | AV84: 0 | AW84: 0 | AX84: 0 | AY84: 0 | AZ84: 0 | BA84: 0 | BB84: 0 | BC84: 0 | BD84: 0 | BE84: 0 | BF84: 0 | BG84: 0 | BH84: 0 | BI84: 0 | BJ84: 0 | BK84: 0 | BL84: 0 | BM84: 0 | BN84: 0 | BO84: 0 | BP84: 0 | BQ84: 0 | BR84: 0 | BS84: 0 | BT84: 0 | BU84: 0 | BV84: 0 | BW84: 0 | BX84: 0 | BY84: 0 | BZ84: 0 | CA84: 0 | CB84: 0 | CC84: 0 | CD84: 0 | CE84: 0 | CF84: 0 | CG84: 0 | CH84: 0 | CI84: 0 | CJ84: 0 | CK84: 0 | CL84: 0 | CM84: 0 | CN84: 0 | CO84: 0 | CP84: 0 | CQ84: 1 | CR84: 1 | CS84: 1 | CT84: 0
A85: 1980(12) | B85: #N/A | C85: #N/A | D85: #N/A | E85: #N/A | F85: #N/A | G85: 73.424559 | H85: 5.65 | I85: 6.6140836 | J85: -0.0090838756 | K85: -0.30855788 | L85: 53.2684 | M85: 52.8888 | N85: 0.0057572807 | O85: -0.0012433465 | P85: 58.57783 | Q85: -0.093859466 | R85: 0.064045434 | S85: 0.054961558 | T85: 0 | U85: 0 | V85: 0 | W85: 0 | X85: 0.015356303 | Y85: 0 | Z85: 0 | AA85: 0 | AB85: 0 | AC85: 0 | AD85: 0 | AE85: 0 | AF85: 0 | AG85: 0 | AH85: 0 | AI85: 0 | AJ85: 0 | AK85: 0 | AL85: 0 | AM85: 0 | AN85: 0 | AO85: 0 | AP85: 0 | AQ85: 0 | AR85: 0 | AS85: 0 | AT85: 0 | AU85: 0 | AV85: 0 | AW85: 0 | AX85: 0 | AY85: 0 | AZ85: 0 | BA85: 0 | BB85: 0 | BC85: 0 | BD85: 0 | BE85: 0 | BF85: 0 | BG85: 0 | BH85: 0 | BI85: 0 | BJ85: 0 | BK85: 0 | BL85: 0 | BM85: 0 | BN85: 0 | BO85: 0 | BP85: 0 | BQ85: 0 | BR85: 0 | BS85: 0 | BT85: 0 | BU85: 0 | BV85: 0 | BW85: 0 | BX85: 0 | BY85: 0 | BZ85: 0 | CA85: 0 | CB85: 0 | CC85: 0 | CD85: 0 | CE85: 0 | CF85: 0 | CG85: 0 | CH85: 0 | CI85: 0 | CJ85: 0 | CK85: 0 | CL85: 0 | CM85: 0 | CN85: 0 | CO85: 0 | CP85: 0 | CQ85: 1 | CR85: 1 | CS85: 1 | CT85: 0
A86: 1981(1) | B86: #N/A | C86: #N/A | D86: #N/A | E86: #N/A | F86: #N/A | G86: 71.683692 | H86: 5.29 | I86: 6.8375111 | J86: -0.014590645 | K86: -0.28816165 | L86: 52.9637 | M86: 52.5263 | N86: -0.0057365116 | O86: -0.0068775997 | P86: 57.188973 | Q86: -0.023995206 | R86: 0.066138907 | S86: 0.051548262 | T86: 0 | U86: 0 | V86: 0 | W86: 0 | X86: -0.0034132962 | Y86: 0 | Z86: 0 | AA86: 0 | AB86: 0 | AC86: 0 | AD86: 0 | AE86: 0 | AF86: 0 | AG86: 0 | AH86: 0 | AI86: 0 | AJ86: 0 | AK86: 0 | AL86: 0 | AM86: 0 | AN86: 0 | AO86: 0 | AP86: 0 | AQ86: 0 | AR86: 0 | AS86: 0 | AT86: 0 | AU86: 0 | AV86: 0 | AW86: 0 | AX86: 0 | AY86: 0 | AZ86: 0 | BA86: 0 | BB86: 0 | BC86: 0 | BD86: 0 | BE86: 0 | BF86: 0 | BG86: 0 | BH86: 0 | BI86: 0 | BJ86: 0 | BK86: 0 | BL86: 0 | BM86: 0 | BN86: 0 | BO86: 0 | BP86: 0 | BQ86: 0 | BR86: 0 | BS86: 0 | BT86: 0 | BU86: 0 | BV86: 0 | BW86: 0 | BX86: 0 | BY86: 0 | BZ86: 0 | CA86: 0 | CB86: 0 | CC86: 0 | CD86: 0 | CE86: 0 | CF86: 0 | CG86: 0 | CH86: 0 | CI86: 0 | CJ86: 0 | CK86: 0 | CL86: 0 | CM86: 0 | CN86: 0 | CO86: 0 | CP86: 0 | CQ86: 1 | CR86: 1 | CS86: 1 | CT86: 0
A87: 1981(2) | B87: #N/A | C87: #N/A | D87: #N/A | E87: #N/A | F87: #N/A | G87: 71.337059 | H87: 4.8 | I87: 6.4011494 | J87: -0.015162607 | K87: -0.28258905 | L87: 52.7111 | M87: 53.0746 | N87: -0.0047807137 | O87: 0.010384475 | P87: 56.91243 | Q87: -0.0048473192 | R87: 0.062046193 | S87: 0.046883586 | T87: 0 | U87: 0 | V87: 0 | W87: 0 | X87: -0.004664676 | Y87: 0 | Z87: 0 | AA87: 0 | AB87: 0 | AC87: 0 | AD87: 0 | AE87: 0 | AF87: 0 | AG87: 0 | AH87: 0 | AI87: 0 | AJ87: 0 | AK87: 0 | AL87: 0 | AM87: 0 | AN87: 0 | AO87: 0 | AP87: 0 | AQ87: 0 | AR87: 0 | AS87: 0 | AT87: 0 | AU87: 0 | AV87: 0 | AW87: 0 | AX87: 0 | AY87: 0 | AZ87: 0 | BA87: 0 | BB87: 0 | BC87: 0 | BD87: 0 | BE87: 0 | BF87: 0 | BG87: 0 | BH87: 0 | BI87: 0 | BJ87: 0 | BK87: 0 | BL87: 0 | BM87: 0 | BN87: 0 | BO87: 0 | BP87: 0 | BQ87: 0 | BR87: 0 | BS87: 0 | BT87: 0 | BU87: 0 | BV87: 0 | BW87: 0 | BX87: 0 | BY87: 0 | BZ87: 0 | CA87: 0 | CB87: 0 | CC87: 0 | CD87: 0 | CE87: 0 | CF87: 0 | CG87: 0 | CH87: 0 | CI87: 0 | CJ87: 0 | CK87: 0 | CL87: 0 | CM87: 0 | CN87: 0 | CO87: 0 | CP87: 0 | CQ87: 1 | CR87: 1 | CS87: 1 | CT87: 0
A88: 1981(3) | B88: #N/A | C88: #N/A | D88: #N/A | E88: #N/A | F88: #N/A | G88: 72.12276 | H88: 5.05 | I88: 4.9717481 | J88: 0.00074517869 | K88: -0.2582904 | L88: 53.0006 | M88: 53.6577 | N88: 0.0054771747 | O88: 0.010926511 | P88: 57.53926 | Q88: 0.010953718 | R88: 0.048521063 | S88: 0.049266241 | T88: 0 | U88: 0 | V88: 0 | W88: 0 | X88: 0.0023826554 | Y88: 0 | Z88: 0 | AA88: 0 | AB88: 0 | AC88: 0 | AD88: 0 | AE88: 0 | AF88: 0 | AG88: 0 | AH88: 1 | AI88: 0 | AJ88: 0 | AK88: 0 | AL88: 0 | AM88: 0 | AN88: 0 | AO88: 0 | AP88: 0 | AQ88: 0 | AR88: 0 | AS88: 0 | AT88: 0 | AU88: 0 | AV88: 0 | AW88: 0 | AX88: 0 | AY88: 0 | AZ88: 0 | BA88: 0 | BB88: 0 | BC88: 0 | BD88: 0 | BE88: 0 | BF88: 0 | BG88: 0 | BH88: 0 | BI88: 0 | BJ88: 0 | BK88: 0 | BL88: 0 | BM88: 0 | BN88: 0 | BO88: 0 | BP88: 0 | BQ88: 0 | BR88: 0 | BS88: 0 | BT88: 0 | BU88: 0 | BV88: 0 | BW88: 0 | BX88: 0 | BY88: 0 | BZ88: 0 | CA88: 0 | CB88: 0 | CC88: 0 | CD88: 0 | CE88: 0 | CF88: 0 | CG88: 0 | CH88: 0 | CI88: 0 | CJ88: 0 | CK88: 0 | CL88: 0 | CM88: 0 | CN88: 0 | CO88: 0 | CP88: 0 | CQ88: 1 | CR88: 1 | CS88: 1 | CT88: 0
A89: 1981(4) | B89: #N/A | C89: #N/A | D89: #N/A | E89: #N/A | F89: #N/A | G89: 67.354631 | H89: 4.52 | I89: 6.4620668 | J89: -0.0184103 | K89: -0.24450166 | L89: 52.7672 | M89: 52.547 | N89: -0.0044134487 | O89: -0.020916974 | P89: 53.735265 | Q89: -0.068398001 | R89: 0.062618555 | S89: 0.044208255 | T89: 0 | U89: 0 | V89: 0 | W89: 0 | X89: -0.0050579866 | Y89: 0 | Z89: 0 | AA89: 0 | AB89: 0 | AC89: 0 | AD89: 0 | AE89: 0 | AF89: 0 | AG89: 0 | AH89: 0 | AI89: 0 | AJ89: 0 | AK89: 0 | AL89: 0 | AM89: 0 | AN89: 0 | AO89: 0 | AP89: 0 | AQ89: 0 | AR89: 0 | AS89: 0 | AT89: 0 | AU89: 0 | AV89: 0 | AW89: 0 | AX89: 0 | AY89: 0 | AZ89: 0 | BA89: 0 | BB89: 0 | BC89: 0 | BD89: 0 | BE89: 0 | BF89: 0 | BG89: 0 | BH89: 0 | BI89: 0 | BJ89: 0 | BK89: 0 | BL89: 0 | BM89: 0 | BN89: 0 | BO89: 0 | BP89: 0 | BQ89: 0 | BR89: 0 | BS89: 0 | BT89: 0 | BU89: 0 | BV89: 0 | BW89: 0 | BX89: 0 | BY89: 0 | BZ89: 0 | CA89: 0 | CB89: 0 | CC89: 0 | CD89: 0 | CE89: 0 | CF89: 0 | CG89: 0 | CH89: 0 | CI89: 0 | CJ89: 0 | CK89: 0 | CL89: 0 | CM89: 0 | CN89: 0 | CO89: 0 | CP89: 0 | CQ89: 1 | CR89: 1 | CS89: 1 | CT89: 0
A90: 1981(5) | B90: #N/A | C90: #N/A | D90: #N/A | E90: #N/A | F90: #N/A | G90: 69.811874 | H90: 5.7 | I90: 5.55956 | J90: 0.001329549 | K90: -0.20780836 | L90: 53.0743 | M90: 52.8476 | N90: 0.0058030331 | O90: 0.0057042925 | P90: 55.695644 | Q90: 0.03583244 | R90: 0.054105158 | S90: 0.055434707 | T90: 0 | U90: 0 | V90: 0 | W90: 0 | X90: 0.011226452 | Y90: 0 | Z90: 0 | AA90: 0 | AB90: 0 | AC90: 0 | AD90: 0 | AE90: 0 | AF90: 0 | AG90: 0 | AH90: 0 | AI90: 0 | AJ90: 0 | AK90: 0 | AL90: 0 | AM90: 0 | AN90: 0 | AO90: 0 | AP90: 0 | AQ90: 0 | AR90: 0 | AS90: 0 | AT90: 0 | AU90: 0 | AV90: 0 | AW90: 0 | AX90: 0 | AY90: 0 | AZ90: 0 | BA90: 0 | BB90: 0 | BC90: 0 | BD90: 0 | BE90: 0 | BF90: 0 | BG90: 0 | BH90: 0 | BI90: 0 | BJ90: 0 | BK90: 0 | BL90: 0 | BM90: 0 | BN90: 0 | BO90: 0 | BP90: 0 | BQ90: 0 | BR90: 0 | BS90: 0 | BT90: 0 | BU90: 0 | BV90: 0 | BW90: 0 | BX90: 0 | BY90: 0 | BZ90: 0 | CA90: 0 | CB90: 0 | CC90: 0 | CD90: 0 | CE90: 0 | CF90: 0 | CG90: 0 | CH90: 0 | CI90: 0 | CJ90: 0 | CK90: 0 | CL90: 0 | CM90: 0 | CN90: 0 | CO90: 0 | CP90: 0 | CQ90: 1 | CR90: 1 | CS90: 1 | CT90: 0
A91: 1981(6) | B91: #N/A | C91: #N/A | D91: #N/A | E91: #N/A | F91: #N/A | G91: 72.477096 | H91: 4.75 | I91: 5.5177835 | J91: -0.0073029435 | K91: -0.18762239 | L91: 53.3261 | M91: 54.0437 | N91: 0.0047330737 | O91: 0.022380679 | P91: 57.821948 | Q91: 0.037466487 | R91: 0.053709316 | S91: 0.046406373 | T91: 0 | U91: 0 | V91: 0 | W91: 0 | X91: -0.0090283341 | Y91: 0 | Z91: 0 | AA91: 0 | AB91: 0 | AC91: 0 | AD91: 0 | AE91: 0 | AF91: 0 | AG91: 0 | AH91: 0 | AI91: 0 | AJ91: 0 | AK91: 0 | AL91: 0 | AM91: 0 | AN91: 0 | AO91: 0 | AP91: 0 | AQ91: 0 | AR91: 0 | AS91: 0 | AT91: 0 | AU91: 0 | AV91: 0 | AW91: 0 | AX91: 0 | AY91: 0 | AZ91: 0 | BA91: 0 | BB91: 0 | BC91: 0 | BD91: 0 | BE91: 0 | BF91: 0 | BG91: 0 | BH91: 0 | BI91: 0 | BJ91: 0 | BK91: 0 | BL91: 0 | BM91: 0 | BN91: 0 | BO91: 0 | BP91: 0 | BQ91: 0 | BR91: 0 | BS91: 0 | BT91: 0 | BU91: 0 | BV91: 0 | BW91: 0 | BX91: 0 | BY91: 0 | BZ91: 0 | CA91: 0 | CB91: 0 | CC91: 0 | CD91: 0 | CE91: 0 | CF91: 0 | CG91: 0 | CH91: 0 | CI91: 0 | CJ91: 0 | CK91: 0 | CL91: 0 | CM91: 0 | CN91: 0 | CO91: 0 | CP91: 0 | CQ91: 1 | CR91: 1 | CS91: 1 | CT91: 0
A92: 1981(7) | B92: #N/A | C92: #N/A | D92: #N/A | E92: #N/A | F92: #N/A | G92: 75.134615 | H92: 5.6 | I92: 6.2558196 | J92: -0.0061912076 | K92: -0.17143614 | L92: 53.6592 | M92: 52.4057 | N92: 0.0062270438 | O92: -0.030777615 | P92: 59.942106 | Q92: 0.036010779 | R92: 0.060679393 | S92: 0.054488185 | T92: 0 | U92: 0 | V92: 0 | W92: 0 | X92: 0.0080818125 | Y92: 0 | Z92: 0 | AA92: 0 | AB92: 0 | AC92: 0 | AD92: 0 | AE92: 0 | AF92: 0 | AG92: 0 | AH92: 0 | AI92: 0 | AJ92: 0 | AK92: 0 | AL92: 0 | AM92: 0 | AN92: 0 | AO92: 0 | AP92: 0 | AQ92: 0 | AR92: 0 | AS92: 0 | AT92: 0 | AU92: 0 | AV92: 0 | AW92: 0 | AX92: 0 | AY92: 0 | AZ92: 0 | BA92: 0 | BB92: 0 | BC92: 0 | BD92: 0 | BE92: 0 | BF92: 0 | BG92: 0 | BH92: 0 | BI92: 0 | BJ92: 0 | BK92: 0 | BL92: 0 | BM92: 0 | BN92: 0 | BO92: 0 | BP92: 0 | BQ92: 0 | BR92: 0 | BS92: 0 | BT92: 0 | BU92: 0 | BV92: 0 | BW92: 0 | BX92: 0 | BY92: 0 | BZ92: 0 | CA92: 0 | CB92: 0 | CC92: 0 | CD92: 0 | CE92: 0 | CF92: 0 | CG92: 0 | CH92: 0 | CI92: 0 | CJ92: 0 | CK92: 0 | CL92: 0 | CM92: 0 | CN92: 0 | CO92: 0 | CP92: 0 | CQ92: 1 | CR92: 1 | CS92: 1 | CT92: 0
A93: 1981(8) | B93: #N/A | C93: #N/A | D93: #N/A | E93: #N/A | F93: #N/A | G93: 73.162659 | H93: 5.89 | I93: 5.4957959 | J93: 0.0037297167 | K93: -0.14938173 | L93: 53.6472 | M93: 53.6005 | N93: -0.00022365861 | O93: 0.022543032 | P93: 58.368887 | Q93: -0.026596207 | R93: 0.053500917 | S93: 0.057230633 | T93: 0 | U93: 0 | V93: 0 | W93: 0 | X93: 0.0027424482 | Y93: 0 | Z93: 0 | AA93: 0 | AB93: 0 | AC93: 0 | AD93: 0 | AE93: 0 | AF93: 0 | AG93: 0 | AH93: 0 | AI93: 0 | AJ93: 0 | AK93: 0 | AL93: 0 | AM93: 0 | AN93: 0 | AO93: 0 | AP93: 0 | AQ93: 0 | AR93: 0 | AS93: 0 | AT93: 0 | AU93: 0 | AV93: 0 | AW93: 0 | AX93: 0 | AY93: 0 | AZ93: 0 | BA93: 0 | BB93: 0 | BC93: 0 | BD93: 0 | BE93: 0 | BF93: 0 | BG93: 0 | BH93: 0 | BI93: 0 | BJ93: 0 | BK93: 0 | BL93: 0 | BM93: 0 | BN93: 0 | BO93: 0 | BP93: 0 | BQ93: 0 | BR93: 0 | BS93: 0 | BT93: 0 | BU93: 0 | BV93: 0 | BW93: 0 | BX93: 0 | BY93: 0 | BZ93: 0 | CA93: 0 | CB93: 0 | CC93: 0 | CD93: 0 | CE93: 0 | CF93: 0 | CG93: 0 | CH93: 0 | CI93: 0 | CJ93: 0 | CK93: 0 | CL93: 0 | CM93: 0 | CN93: 0 | CO93: 0 | CP93: 0 | CQ93: 1 | CR93: 1 | CS93: 1 | CT93: 0
A94: 1981(9) | B94: #N/A | C94: #N/A | D94: #N/A | E94: #N/A | F94: #N/A | G94: 71.144485 | H94: 5.6 | I94: 5.2568405 | J94: 0.003254908 | K94: -0.13841877 | L94: 53.3276 | M94: 53.6196 | N94: -0.0059752568 | O94: 0.00035627649 | P94: 56.758796 | Q94: -0.027972359 | R94: 0.051233277 | S94: 0.054488185 | T94: 0 | U94: 0 | V94: 0 | W94: 0 | X94: -0.0027424482 | Y94: 0 | Z94: 0 | AA94: 0 | AB94: 0 | AC94: 0 | AD94: 0 | AE94: 0 | AF94: 0 | AG94: 0 | AH94: 0 | AI94: 0 | AJ94: 0 | AK94: 0 | AL94: 0 | AM94: 0 | AN94: 0 | AO94: 0 | AP94: 0 | AQ94: 0 | AR94: 0 | AS94: 0 | AT94: 0 | AU94: 0 | AV94: 0 | AW94: 0 | AX94: 0 | AY94: 0 | AZ94: 0 | BA94: 0 | BB94: 0 | BC94: 0 | BD94: 0 | BE94: 0 | BF94: 0 | BG94: 0 | BH94: 0 | BI94: 0 | BJ94: 0 | BK94: 0 | BL94: 0 | BM94: 0 | BN94: 0 | BO94: 0 | BP94: 0 | BQ94: 0 | BR94: 0 | BS94: 0 | BT94: 0 | BU94: 0 | BV94: 0 | BW94: 0 | BX94: 0 | BY94: 0 | BZ94: 0 | CA94: 0 | CB94: 0 | CC94: 0 | CD94: 0 | CE94: 0 | CF94: 0 | CG94: 0 | CH94: 0 | CI94: 0 | CJ94: 0 | CK94: 0 | CL94: 0 | CM94: 0 | CN94: 0 | CO94: 0 | CP94: 0 | CQ94: 1 | CR94: 1 | CS94: 1 | CT94: 0
A95: 1981(10) | B95: #N/A | C95: #N/A | D95: #N/A | E95: #N/A | F95: #N/A | G95: 73.054817 | H95: 6.02 | I95: 5.0775562 | J95: 0.0089290472 | K95: -0.077749192 | L95: 52.9431 | M95: 53.3889 | N95: -0.0072362688 | O95: -0.0043118137 | P95: 58.282852 | Q95: 0.026497277 | R95: 0.049528522 | S95: 0.05845757 | T95: 0 | U95: 0 | V95: 0 | W95: 0 | X95: 0.0039693843 | Y95: 0 | Z95: 0 | AA95: 0 | AB95: 0 | AC95: 0 | AD95: 0 | AE95: 0 | AF95: 0 | AG95: 0 | AH95: 0 | AI95: 0 | AJ95: 0 | AK95: 0 | AL95: 0 | AM95: 0 | AN95: 0 | AO95: 0 | AP95: 0 | AQ95: 0 | AR95: 0 | AS95: 0 | AT95: 0 | AU95: 0 | AV95: 0 | AW95: 0 | AX95: 0 | AY95: 0 | AZ95: 0 | BA95: 0 | BB95: 0 | BC95: 0 | BD95: 0 | BE95: 0 | BF95: 0 | BG95: 0 | BH95: 0 | BI95: 0 | BJ95: 0 | BK95: 0 | BL95: 0 | BM95: 0 | BN95: 0 | BO95: 0 | BP95: 0 | BQ95: 0 | BR95: 0 | BS95: 0 | BT95: 0 | BU95: 0 | BV95: 0 | BW95: 0 | BX95: 0 | BY95: 0 | BZ95: 0 | CA95: 0 | CB95: 0 | CC95: 0 | CD95: 0 | CE95: 0 | CF95: 0 | CG95: 0 | CH95: 0 | CI95: 0 | CJ95: 0 | CK95: 0 | CL95: 0 | CM95: 0 | CN95: 0 | CO95: 0 | CP95: 0 | CQ95: 1 | CR95: 1 | CS95: 1 | CT95: 0
A96: 1981(11) | B96: #N/A | C96: #N/A | D96: #N/A | E96: #N/A | F96: #N/A | G96: 68.456154 | H96: 5.5 | I96: 5.2715577 | J96: 0.0021676776 | K96: -0.050585502 | L96: 52.3413 | M96: 52.2878 | N96: -0.011432018 | O96: -0.020839785 | P96: 54.614055 | Q96: -0.065016633 | R96: 0.051373089 | S96: 0.053540767 | T96: 0 | U96: 0 | V96: 0 | W96: 0 | X96: -0.0049168026 | Y96: 0 | Z96: 0 | AA96: 0 | AB96: 0 | AC96: 0 | AD96: 0 | AE96: 0 | AF96: 0 | AG96: 0 | AH96: 0 | AI96: 0 | AJ96: 0 | AK96: 0 | AL96: 0 | AM96: 0 | AN96: 0 | AO96: 0 | AP96: 0 | AQ96: 0 | AR96: 0 | AS96: 0 | AT96: 0 | AU96: 0 | AV96: 0 | AW96: 0 | AX96: 0 | AY96: 0 | AZ96: 0 | BA96: 0 | BB96: 0 | BC96: 0 | BD96: 0 | BE96: 0 | BF96: 0 | BG96: 0 | BH96: 0 | BI96: 0 | BJ96: 0 | BK96: 0 | BL96: 0 | BM96: 0 | BN96: 0 | BO96: 0 | BP96: 0 | BQ96: 0 | BR96: 0 | BS96: 0 | BT96: 0 | BU96: 0 | BV96: 0 | BW96: 0 | BX96: 0 | BY96: 0 | BZ96: 0 | CA96: 0 | CB96: 0 | CC96: 0 | CD96: 0 | CE96: 0 | CF96: 0 | CG96: 0 | CH96: 0 | CI96: 0 | CJ96: 0 | CK96: 0 | CL96: 0 | CM96: 0 | CN96: 0 | CO96: 0 | CP96: 0 | CQ96: 1 | CR96: 1 | CS96: 1 | CT96: 0
... A205: 1990(12) | B205: #N/A | C205: #N/A | D205: #N/A | E205: #N/A | F205: #N/A | G205: 65.228616 | H205: 22.856974 | I205: 18.44 | J205: 0.036614362 | K205: -0.31715083 | L205: 63.7612 | M205: 63.0847 | N205: -0.0066667487 | O205: -0.014054754 | P205: 52.039138 | Q205: -0.23076676 | R205: 0.16923632 | S205: 0.20585068 | T205: 0 | U205: 0 | V205: 0 | W205: 0 | X205: 0.024951209 | Y205: 0 | Z205: 0 | AA205: 0 | AB205: 0 | AC205: 0 | AD205: 0 | AE205: 0 | AF205: 0 | AG205: 0 | AH205: 0 | AI205: 0 | AJ205: 0 | AK205: 0 | AL205: 0 | AM205: 0 | AN205: 0 | AO205: 0 | AP205: 0 | AQ205: 0 | AR205: 0 | AS205: 0 | AT205: 0 | AU205: 0 | AV205: 0 | AW205: 0 | AX205: 0 | AY205: 0 | AZ205: 0 | BA205: 0 | BB205: 0 | BC205: 0 | BD205: 0 | BE205: 0 | BF205: 0 | BG205: 0 | BH205: 0 | BI205: 0 | BJ205: 0 | BK205: 0 | BL205: 0 | BM205: 0 | BN205: 0 | BO205: 0 | BP205: 0 | BQ205: 0 | BR205: 0 | BS205: 0 | BT205: 0 | BU205: 0 | BV205: 0 | BW205: 1 | BX205: 0 | BY205: 0 | BZ205: 0 | CA205: 0 | CB205: 0 | CC205: 0 | CD205: 0 | CE205: 0 | CF205: 0 | CG205: 0 | CH205: 0 | CI205: 0 | CJ205: 0 | CK205: 0 | CL205: 0 | CM205: 0 | CN205: 0 | CO205: 0 | CP205: 0 | CQ205: 1 | CR205: 1 | CS205: 1 | CT205: 0
A206: 1991(1) | B206: 0.00526039 | C206: 0.03 | D206: 3532.8711 | E206: #N/A | F206: #N/A | G206: 66.23 | H206: 21.021842 | I206: 20.75 | J206: 0.0022487492 | K206: -0.3151835 | L206: 63.4795 | M206: 63.3763 | N206: -0.0044278358 | O206: 0.0046117066 | P206: 52.838039 | Q206: 0.015235265 | R206: 0.18855211 | S206: 0.19080086 | T206: 0 | U206: 0 | V206: 0 | W206: 0 | X206: -0.015049824 | Y206: 0 | Z206: 0 | AA206: 0 | AB206: 0 | AC206: 0 | AD206: 0 | AE206: 0 | AF206: 0 | AG206: 0 | AH206: 0 | AI206: 0 | AJ206: 0 | AK206: 0 | AL206: 0 | AM206: 0 | AN206: 0 | AO206: 0 | AP206: 0 | AQ206: 0 | AR206: 0 | AS206: 0 | AT206: 0 | AU206: 0 | AV206: 0 | AW206: 0 | AX206: 0 | AY206: 0 | AZ206: 0 | BA206: 0 | BB206: 0 | BC206: 0 | BD206: 0 | BE206: 0 | BF206: 0 | BG206: 0 | BH206: 0 | BI206: 0 | BJ206: 0 | BK206: 0 | BL206: 0 | BM206: 0 | BN206: 0 | BO206: 0 | BP206: 0 | BQ206: 0 | BR206: 0 | BS206: 0 | BT206: 0 | BU206: 0 | BV206: 0 | BW206: 0 | BX206: 1 | BY206: 0 | BZ206: 0 | CA206: 0 | CB206: 0 | CC206: 0 | CD206: 0 | CE206: 0 | CF206: 0 | CG206: 0 | CH206: 0 | CI206: 0 | CJ206: 0 | CK206: 0 | CL206: 0 | CM206: 0 | CN206: 0 | CO206: 0 | CP206: 0 | CQ206: 1 | CR206: 1 | CS206: 1 | CT206: 0
A207: 1991(2) | B207: 0.00637086 | C207: -0.08 | D207: -7778.8682 | E207: -11311.739 | F207: #N/A | G207: 60.75 | H207: 6.847974 | I207: 20.720497 | J207: -0.12207091 | K207: -0.47255315 | L207: 63.049 | M207: 63.1294 | N207: -0.0068048173 | O207: -0.0039033864 | P207: 48.466116 | Q207: -0.08636645 | R207: 0.18830774 | S207: 0.066236834 | T207: 0 | U207: 0 | V207: 0 | W207: 0 | X207: -0.12456402 | Y207: 0 | Z207: 0 | AA207: 0 | AB207: 0 | AC207: 0 | AD207: 0 | AE207: 0 | AF207: 0 | AG207: 0 | AH207: 0 | AI207: 0 | AJ207: 0 | AK207: 0 | AL207: 0 | AM207: 0 | AN207: 0 | AO207: 0 | AP207: 0 | AQ207: 0 | AR207: 0 | AS207: 0 | AT207: 0 | AU207: 0 | AV207: 0 | AW207: 0 | AX207: 0 | AY207: 0 | AZ207: 0 | BA207: 0 | BB207: 0 | BC207: 0 | BD207: 0 | BE207: 0 | BF207: 0 | BG207: 0 | BH207: 0 | BI207: 0 | BJ207: 0 | BK207: 0 | BL207: 0 | BM207: 0 | BN207: 0 | BO207: 0 | BP207: 0 | BQ207: 0 | BR207: 0 | BS207: 0 | BT207: 0 | BU207: 0 | BV207: 0 | BW207: 0 | BX207: 0 | BY207: 1 | BZ207: 0 | CA207: 0 | CB207: 0 | CC207: 0 | CD207: 0 | CE207: 0 | CF207: 0 | CG207: 0 | CH207: 0 | CI207: 0 | CJ207: 0 | CK207: 0 | CL207: 0 | CM207: 0 | CN207: 0 | CO207: 0 | CP207: 0 | CQ207: 1 | CR207: 1 | CS207: 1 | CT207: 0
A208: 1991(3) | B208: 0.00683275 | C208: -0.01 | D208: -906.62764 | E208: 6872.2405 | F208: #N/A | G208: 66.97 | H208: 8.992355 | I208: 11.922892 | J208: -0.02653243 | K208: -0.21113508 | L208: 62.7082 | M208: 62.4128 | N208: -0.0054199813 | O208: -0.011416206 | P208: 53.428408 | Q208: 0.097477676 | R208: 0.11263999 | S208: 0.086107556 | T208: 0 | U208: 0 | V208: 0 | W208: 0 | X208: 0.019870722 | Y208: 0 | Z208: 0 | AA208: 0 | AB208: 0 | AC208: 0 | AD208: 0 | AE208: 0 | AF208: 0 | AG208: 0 | AH208: 0 | AI208: 0 | AJ208: 0 | AK208: 0 | AL208: 0 | AM208: 0 | AN208: 0 | AO208: 0 | AP208: 0 | AQ208: 0 | AR208: 0 | AS208: 0 | AT208: 0 | AU208: 0 | AV208: 0 | AW208: 0 | AX208: 0 | AY208: 0 | AZ208: 0 | BA208: 0 | BB208: 0 | BC208: 0 | BD208: 0 | BE208: 0 | BF208: 0 | BG208: 0 | BH208: 0 | BI208: 0 | BJ208: 0 | BK208: 0 | BL208: 0 | BM208: 0 | BN208: 0 | BO208: 0 | BP208: 0 | BQ208: 0 | BR208: 0 | BS208: 0 | BT208: 0 | BU208: 0 | BV208: 0 | BW208: 0 | BX208: 0 | BY208: 0 | BZ208: 0 | CA208: 0 | CB208: 0 | CC208: 0 | CD208: 0 | CE208: 0 | CF208: 0 | CG208: 0 | CH208: 0 | CI208: 0 | CJ208: 0 | CK208: 0 | CL208: 0 | CM208: 0 | CN208: 0 | CO208: 0 | CP208: 0 | CQ208: 1 | CR208: 1 | CS208: 1 | CT208: 0
A209: 1991(4) | B209: 0.00742993 | C209: -0.15 | D209: -12506.363 | E209: -11599.735 | F209: #N/A | G209: 76.32 | H209: 9.666766 | I209: 4.9892737 | J209: 0.043588178 | K209: -0.064692726 | L209: 62.8463 | M209: 62.4138 | N209: 0.0021998424 | O209: 1.6022226e-05 | P209: 60.887802 | Q209: 0.13069027 | R209: 0.048688003 | S209: 0.092276182 | T209: 0 | U209: 0 | V209: 0 | W209: 0 | X209: 0.0061686257 | Y209: 0 | Z209: 0 | AA209: 0 | AB209: 0 | AC209: 0 | AD209: 0 | AE209: 0 | AF209: 0 | AG209: 0 | AH209: 0 | AI209: 0 | AJ209: 0 | AK209: 0 | AL209: 0 | AM209: 0 | AN209: 0 | AO209: 0 | AP209: 0 | AQ209: 0 | AR209: 0 | AS209: 0 | AT209: 0 | AU209: 0 | AV209: 0 | AW209: 0 | AX209: 0 | AY209: 0 | AZ209: 0 | BA209: 0 | BB209: 0 | BC209: 0 | BD209: 0 | BE209: 0 | BF209: 0 | BG209: 0 | BH209: 0 | BI209: 0 | BJ209: 0 | BK209: 0 | BL209: 0 | BM209: 0 | BN209: 0 | BO209: 0 | BP209: 0 | BQ209: 0 | BR209: 0 | BS209: 0 | BT209: 0 | BU209: 0 | BV209: 0 | BW209: 0 | BX209: 0 | BY209: 0 | BZ209: 1 | CA209: 0 | CB209: 0 | CC209: 0 | CD209: 0 | CE209: 0 | CF209: 0 | CG209: 0 | CH209: 0 | CI209: 0 | CJ209: 0 | CK209: 0 | CL209: 0 | CM209: 0 | CN209: 0 | CO209: 0 | CP209: 0 | CQ209: 1 | CR209: 1 | CS209: 1 | CT209: 0
A210: 1991(5) | B210: 0.00791511 | C210: -0.08 | D210: -6261.1991 | E210: 6245.1636 | F210: #N/A | G210: 80.8 | H210: 9.556621 | I210: 7.4318407 | J210: 0.019584896 | K210: -0.027323618 | L210: 63.4638 | M210: 62.8255 | N210: 0.0097776016 | O210: 0.0065746372 | P210: 64.461928 | Q210: 0.057041938 | R210: 0.071686421 | S210: 0.091271316 | T210: 0 | U210: 0 | V210: 0 | W210: 0 | X210: -0.0010048655 | Y210: 0 | Z210: 0 | AA210: 0 | AB210: 0 | AC210: 0 | AD210: 0 | AE210: 0 | AF210: 0 | AG210: 0 | AH210: 0 | AI210: 0 | AJ210: 0 | AK210: 0 | AL210: 0 | AM210: 0 | AN210: 0 | AO210: 0 | AP210: 0 | AQ210: 0 | AR210: 0 | AS210: 0 | AT210: 0 | AU210: 0 | AV210: 0 | AW210: 0 | AX210: 0 | AY210: 0 | AZ210: 0 | BA210: 0 | BB210: 0 | BC210: 0 | BD210: 0 | BE210: 0 | BF210: 0 | BG210: 0 | BH210: 0 | BI210: 0 | BJ210: 0 | BK210: 0 | BL210: 0 | BM210: 0 | BN210: 0 | BO210: 0 | BP210: 0 | BQ210: 0 | BR210: 0 | BS210: 0 | BT210: 0 | BU210: 0 | BV210: 0 | BW210: 0 | BX210: 0 | BY210: 0 | BZ210: 0 | CA210: 0 | CB210: 0 | CC210: 0 | CD210: 0 | CE210: 0 | CF210: 0 | CG210: 0 | CH210: 0 | CI210: 0 | CJ210: 0 | CK210: 0 | CL210: 0 | CM210: 0 | CN210: 0 | CO210: 0 | CP210: 0 | CQ210: 1 | CR210: 1 | CS210: 1 | CT210: 0
A211: 1991(6) | B211: 0.00869554 | C211: 0.12 | D211: 8548.8791 | E211: 14810.078 | F211: #N/A | G211: 81.51 | H211: 10.322192 | I211: 11.189001 | J211: -0.0078263641 | K211: -0.0077629637 | L211: 64.0488 | M211: 65.1955 | N211: 0.0091756282 | O211: 0.037029406 | P211: 65.028364 | Q211: 0.0087487466 | R211: 0.10606128 | S211: 0.098234917 | T211: 0 | U211: 0 | V211: 0 | W211: 0 | X211: 0.0069636004 | Y211: 0 | Z211: 0 | AA211: 0 | AB211: 0 | AC211: 0 | AD211: 0 | AE211: 0 | AF211: 0 | AG211: 0 | AH211: 0 | AI211: 0 | AJ211: 0 | AK211: 0 | AL211: 0 | AM211: 0 | AN211: 0 | AO211: 0 | AP211: 0 | AQ211: 0 | AR211: 0 | AS211: 0 | AT211: 0 | AU211: 0 | AV211: 0 | AW211: 0 | AX211: 0 | AY211: 0 | AZ211: 0 | BA211: 0 | BB211: 0 | BC211: 0 | BD211: 0 | BE211: 0 | BF211: 0 | BG211: 0 | BH211: 0 | BI211: 0 | BJ211: 0 | BK211: 0 | BL211: 0 | BM211: 0 | BN211: 0 | BO211: 0 | BP211: 0 | BQ211: 0 | BR211: 0 | BS211: 0 | BT211: 0 | BU211: 0 | BV211: 0 | BW211: 0 | BX211: 0 | BY211: 0 | BZ211: 0 | CA211: 0 | CB211: 0 | CC211: 0 | CD211: 0 | CE211: 0 | CF211: 0 | CG211: 0 | CH211: 0 | CI211: 0 | CJ211: 0 | CK211: 0 | CL211: 0 | CM211: 0 | CN211: 0 | CO211: 0 | CP211: 0 | CQ211: 1 | CR211: 1 | CS211: 1 | CT211: 0
A212: 1991(7) | B212: 0.00981118 | C212: -0.14 | D212: -8839.5728 | E212: -17388.452 | F212: #N/A | G212: 89.69 | H212: 12.387125 | I212: 12.408973 | J212: -0.0001943821 | K212: -0.015666223 | L212: 64.1013 | M212: 62.8622 | N212: 0.00081935173 | O212: -0.036445419 | P212: 71.554336 | Q212: 0.095633568 | R212: 0.11697358 | S212: 0.1167792 | T212: 0 | U212: 0 | V212: 0 | W212: 0 | X212: 0.018544282 | Y212: 0 | Z212: 0 | AA212: 0 | AB212: 0 | AC212: 0 | AD212: 0 | AE212: 0 | AF212: 0 | AG212: 0 | AH212: 0 | AI212: 0 | AJ212: 0 | AK212: 0 | AL212: 0 | AM212: 0 | AN212: 0 | AO212: 0 | AP212: 0 | AQ212: 0 | AR212: 0 | AS212: 0 | AT212: 0 | AU212: 0 | AV212: 0 | AW212: 0 | AX212: 0 | AY212: 0 | AZ212: 0 | BA212: 0 | BB212: 0 | BC212: 0 | BD212: 0 | BE212: 0 | BF212: 0 | BG212: 0 | BH212: 0 | BI212: 0 | BJ212: 0 | BK212: 0 | BL212: 0 | BM212: 0 | BN212: 0 | BO212: 0 | BP212: 0 | BQ212: 0 | BR212: 0 | BS212: 0 | BT212: 0 | BU212: 0 | BV212: 0 | BW212: 0 | BX212: 0 | BY212: 0 | BZ212: 0 | CA212: 0 | CB212: 0 | CC212: 0 | CD212: 0 | CE212: 0 | CF212: 0 | CG212: 0 | CH212: 0 | CI212: 0 | CJ212: 0 | CK212: 0 | CL212: 0 | CM212: 0 | CN212: 0 | CO212: 0 | CP212: 0 | CQ212: 1 | CR212: 1 | CS212: 1 | CT212: 0
A213: 1991(8) | B213: 0.0113309 | C213: 0.05 | D213: 2733.5693 | E213: 11573.142 | F213: #N/A | G213: 90.42 | H213: 15.748954 | I213: 15.630435 | J213: 0.001024458 | K213: -0.0025876004 | L213: 64.1515 | M213: 65.1235 | N213: 0.00078282895 | O213: 0.035340438 | P213: 72.136727 | Q213: 0.0081062017 | R213: 0.14522901 | S213: 0.14625347 | T213: 0 | U213: 0 | V213: 0 | W213: 0 | X213: 0.029474272 | Y213: 0 | Z213: 0 | AA213: 0 | AB213: 0 | AC213: 0 | AD213: 0 | AE213: 0 | AF213: 0 | AG213: 0 | AH213: 0 | AI213: 0 | AJ213: 0 | AK213: 0 | AL213: 0 | AM213: 0 | AN213: 0 | AO213: 0 | AP213: 0 | AQ213: 0 | AR213: 0 | AS213: 0 | AT213: 0 | AU213: 0 | AV213: 0 | AW213: 0 | AX213: 0 | AY213: 0 | AZ213: 0 | BA213: 0 | BB213: 0 | BC213: 0 | BD213: 0 | BE213: 0 | BF213: 0 | BG213: 0 | BH213: 0 | BI213: 0 | BJ213: 0 | BK213: 0 | BL213: 0 | BM213: 0 | BN213: 0 | BO213: 0 | BP213: 0 | BQ213: 0 | BR213: 0 | BS213: 0 | BT213: 0 | BU213: 0 | BV213: 0 | BW213: 0 | BX213: 0 | BY213: 0 | BZ213: 0 | CA213: 0 | CB213: 0 | CC213: 0 | CD213: 0 | CE213: 0 | CF213: 0 | CG213: 0 | CH213: 0 | CI213: 0 | CJ213: 0 | CK213: 0 | CL213: 0 | CM213: 0 | CN213: 0 | CO213: 0 | CP213: 0 | CQ213: 1 | CR213: 1 | CS213: 1 | CT213: 0
A214: 1991(9) | B214: 0.0131654 | C214: 0.07 | D214: 3293.7336 | E214: 560.16431 | F214: #N/A | G214: 82.36 | H214: 19.783044 | I214: 15.630758 | J214: 0.035280149 | K214: 0.025689899 | L214: 64.7177 | M214: 65.8034 | N214: 0.0087872609 | O214: 0.010386042 | P214: 65.70649 | Q214: -0.0933656 | R214: 0.1452318 | S214: 0.18051195 | T214: 0 | U214: 0 | V214: 0 | W214: 0 | X214: 0.034258484 | Y214: 0 | Z214: 0 | AA214: 0 | AB214: 0 | AC214: 0 | AD214: 0 | AE214: 0 | AF214: 0 | AG214: 0 | AH214: 0 | AI214: 0 | AJ214: 0 | AK214: 0 | AL214: 0 | AM214: 0 | AN214: 0 | AO214: 0 | AP214: 0 | AQ214: 0 | AR214: 0 | AS214: 0 | AT214: 0 | AU214: 0 | AV214: 0 | AW214: 0 | AX214: 0 | AY214: 0 | AZ214: 0 | BA214: 0 | BB214: 0 | BC214: 0 | BD214: 0 | BE214: 0 | BF214: 0 | BG214: 0 | BH214: 0 | BI214: 0 | BJ214: 0 | BK214: 0 | BL214: 0 | BM214: 0 | BN214: 0 | BO214: 0 | BP214: 0 | BQ214: 0 | BR214: 0 | BS214: 0 | BT214: 0 | BU214: 0 | BV214: 0 | BW214: 0 | BX214: 0 | BY214: 0 | BZ214: 0 | CA214: 1 | CB214: 0 | CC214: 0 | CD214: 0 | CE214: 0 | CF214: 0 | CG214: 0 | CH214: 0 | CI214: 0 | CJ214: 0 | CK214: 0 | CL214: 0 | CM214: 0 | CN214: 0 | CO214: 0 | CP214: 0 | CQ214: 1 | CR214: 1 | CS214: 1 | CT214: 0
A215: 1991(10) | B215: 0.0165687 | C215: 0.24 | D215: 8973.1989 | E215: 5679.4653 | F215: #N/A | G215: 87.73 | H215: 25.947925 | I215: 20.229579 | J215: 0.046465458 | K215: 0.05370314 | L215: 64.6012 | M215: 65.3125 | N215: -0.001801748 | O215: -0.0074880666 | P215: 69.990656 | Q215: 0.063164034 | R215: 0.18423288 | S215: 0.23069834 | T215: 0 | U215: 0 | V215: 0 | W215: 0 | X215: 0.050186388 | Y215: 0 | Z215: 0 | AA215: 0 | AB215: 0 | AC215: 0 | AD215: 0 | AE215: 0 | AF215: 0 | AG215: 0 | AH215: 0 | AI215: 0 | AJ215: 0 | AK215: 0 | AL215: 0 | AM215: 0 | AN215: 0 | AO215: 0 | AP215: 0 | AQ215: 0 | AR215: 0 | AS215: 0 | AT215: 0 | AU215: 0 | AV215: 0 | AW215: 0 | AX215: 0 | AY215: 0 | AZ215: 0 | BA215: 0 | BB215: 0 | BC215: 0 | BD215: 0 | BE215: 0 | BF215: 0 | BG215: 0 | BH215: 0 | BI215: 0 | BJ215: 0 | BK215: 0 | BL215: 0 | BM215: 0 | BN215: 0 | BO215: 0 | BP215: 0 | BQ215: 0 | BR215: 0 | BS215: 0 | BT215: 0 | BU215: 0 | BV215: 0 | BW215: 0 | BX215: 0 | BY215: 0 | BZ215: 0 | CA215: 0 | CB215: 1 | CC215: 0 | CD215: 0 | CE215: 0 | CF215: 0 | CG215: 0 | CH215: 0 | CI215: 0 | CJ215: 0 | CK215: 0 | CL215: 0 | CM215: 0 | CN215: 0 | CO215: 0 | CP215: 0 | CQ215: 1 | CR215: 1 | CS215: 1 | CT215: 0
A216: 1991(11) | B216: 0.0208367 | C216: -0.31 | D216: -9216.3135 | E216: -18189.512 | F216: #N/A | G216: 77.53 | H216: 32.429247 | I216: 25.210289 | J216: 0.056053885 | K216: 0.084236049 | L216: 64.5274 | M216: 64.1765 | N216: -0.0011430467 | O216: -0.017546342 | P216: 61.853135 | Q216: -0.12359896 | R216: 0.22482445 | S216: 0.28087833 | T216: 0 | U216: 0 | V216: 0 | W216: 0 | X216: 0.05017999 | Y216: 0 | Z216: 0 | AA216: 0 | AB216: 0 | AC216: 0 | AD216: 0 | AE216: 0 | AF216: 0 | AG216: 0 | AH216: 0 | AI216: 0 | AJ216: 0 | AK216: 0 | AL216: 0 | AM216: 0 | AN216: 0 | AO216: 0 | AP216: 0 | AQ216: 0 | AR216: 0 | AS216: 0 | AT216: 0 | AU216: 0 | AV216: 0 | AW216: 0 | AX216: 0 | AY216: 0 | AZ216: 0 | BA216: 0 | BB216: 0 | BC216: 0 | BD216: 0 | BE216: 0 | BF216: 0 | BG216: 0 | BH216: 0 | BI216: 0 | BJ216: 0 | BK216: 0 | BL216: 0 | BM216: 0 | BN216: 0 | BO216: 0 | BP216: 0 | BQ216: 0 | BR216: 0 | BS216: 0 | BT216: 0 | BU216: 0 | BV216: 0 | BW216: 0 | BX216: 0 | BY216: 0 | BZ216: 0 | CA216: 0 | CB216: 0 | CC216: 1 | CD216: 0 | CE216: 0 | CF216: 0 | CG216: 0 | CH216: 0 | CI216: 0 | CJ216: 0 | CK216: 0 | CL216: 0 | CM216: 0 | CN216: 0 | CO216: 0 | CP216: 0 | CQ216: 1 | CR216: 1 | CS216: 1 | CT216: 0
A217: 1991(12) | B217: 0.02545 | C217: -0.33 | D217: -8032.4982 | E217: 1183.8153 | F217: #N/A | G217: 64.02 | H217: 31.174029 | I217: 23.709336 | J217: 0.058590158 | K217: 0.10621185 | L217: 64.2613 | M217: 63.3248 | N217: -0.004132356 | O217: -0.013360062 | P217: 51.074909 | Q217: -0.19146942 | R217: 0.21276456 | S217: 0.27135472 | T217: 0 | U217: 0 | V217: 0 | W217: 0 | X217: -0.0095236107 | Y217: 0 | Z217: 0 | AA217: 0 | AB217: 0 | AC217: 0 | AD217: 0 | AE217: 0 | AF217: 0 | AG217: 0 | AH217: 0 | AI217: 0 | AJ217: 0 | AK217: 0 | AL217: 0 | AM217: 0 | AN217: 0 | AO217: 0 | AP217: 0 | AQ217: 0 | AR217: 0 | AS217: 0 | AT217: 0 | AU217: 0 | AV217: 0 | AW217: 0 | AX217: 0 | AY217: 0 | AZ217: 0 | BA217: 0 | BB217: 0 | BC217: 0 | BD217: 0 | BE217: 0 | BF217: 0 | BG217: 0 | BH217: 0 | BI217: 0 | BJ217: 0 | BK217: 0 | BL217: 0 | BM217: 0 | BN217: 0 | BO217: 0 | BP217: 0 | BQ217: 0 | BR217: 0 | BS217: 0 | BT217: 0 | BU217: 0 | BV217: 0 | BW217: 0 | BX217: 0 | BY217: 0 | BZ217: 0 | CA217: 0 | CB217: 0 | CC217: 0 | CD217: 1 | CE217: 0 | CF217: 0 | CG217: 0 | CH217: 0 | CI217: 0 | CJ217: 0 | CK217: 0 | CL217: 0 | CM217: 0 | CN217: 0 | CO217: 0 | CP217: 0 | CQ217: 1 | CR217: 1 | CS217: 1 | CT217: 0
A218: 1992(1) | B218: 0.0322808 | C218: -0.2 | D218: -3838.0461 | E218: 4194.4521 | F218: #N/A | G218: 65.02 | H218: 29.055858 | I218: 25.940283 | J218: 0.024437469 | K218: 0.12840057 | L218: 63.8916 | M218: 63.5552 | N218: -0.0057696865 | O218: 0.003631782 | P218: 51.872705 | Q218: 0.01549938 | R218: 0.23063766 | S218: 0.25507513 | T218: 0 | U218: 0 | V218: 0 | W218: 0 | X218: -0.016279589 | Y218: 0 | Z218: 0 | AA218: 0 | AB218: 0 | AC218: 0 | AD218: 0 | AE218: 0 | AF218: 0 | AG218: 0 | AH218: 0 | AI218: 0 | AJ218: 0 | AK218: 0 | AL218: 0 | AM218: 0 | AN218: 0 | AO218: 0 | AP218: 0 | AQ218: 0 | AR218: 0 | AS218: 0 | AT218: 0 | AU218: 0 | AV218: 0 | AW218: 0 | AX218: 0 | AY218: 0 | AZ218: 0 | BA218: 0 | BB218: 0 | BC218: 0 | BD218: 0 | BE218: 0 | BF218: 0 | BG218: 0 | BH218: 0 | BI218: 0 | BJ218: 0 | BK218: 0 | BL218: 0 | BM218: 0 | BN218: 0 | BO218: 0 | BP218: 0 | BQ218: 0 | BR218: 0 | BS218: 0 | BT218: 0 | BU218: 0 | BV218: 0 | BW218: 0 | BX218: 0 | BY218: 0 | BZ218: 0 | CA218: 0 | CB218: 0 | CC218: 0 | CD218: 0 | CE218: 0 | CF218: 0 | CG218: 0 | CH218: 0 | CI218: 0 | CJ218: 0 | CK218: 0 | CL218: 0 | CM218: 0 | CN218: 0 | CO218: 0 | CP218: 0 | CQ218: 1 | CR218: 1 | CS218: 1 | CT218: 0
... A337: 2001(12) | B337: 214.137 | C337: 5929.15 | D337: 17152.412 | E337: 19603.498 | F337: #N/A | G337: 86.69 | H337: 1.393542 | I337: 0.65 | J337: 0.0073602487 | K337: 0.085781697 | L337: 91.2654 | M337: 90.366 | N337: 0.00054690657 | O337: -0.0047085926 | P337: 69.160948 | Q337: -0.13207399 | R337: 0.0064789661 | S337: 0.013839215 | T337: 0 | U337: 0 | V337: 0 | W337: 0 | X337: 1.0257069e-06 | Y337: 0 | Z337: 0 | AA337: 0 | AB337: 0 | AC337: 0 | AD337: 0 | AE337: 0 | AF337: 0 | AG337: 0 | AH337: 0 | AI337: 0 | AJ337: 0 | AK337: 0 | AL337: 0 | AM337: 0 | AN337: 0 | AO337: 0 | AP337: 0 | AQ337: 0 | AR337: 0 | AS337: 0 | AT337: 0 | AU337: 0 | AV337: 0 | AW337: 0 | AX337: 0 | AY337: 0 | AZ337: 0 | BA337: 0 | BB337: 0 | BC337: 0 | BD337: 0 | BE337: 0 | BF337: 0 | BG337: 0 | BH337: 0 | BI337: 0 | BJ337: 0 | BK337: 0 | BL337: 0 | BM337: 0 | BN337: 0 | BO337: 0 | BP337: 0 | BQ337: 0 | BR337: 0 | BS337: 0 | BT337: 0 | BU337: 0 | BV337: 0 | BW337: 0 | BX337: 0 | BY337: 0 | BZ337: 0 | CA337: 0 | CB337: 0 | CC337: 0 | CD337: 0 | CE337: 0 | CF337: 0 | CG337: 0 | CH337: 0 | CI337: 0 | CJ337: 0 | CK337: 0 | CL337: 0 | CM337: 0 | CN337: 0 | CO337: 0 | CP337: 0 | CQ337: 0 | CR337: 0 | CS337: 0 | CT337: 0
A338: 2002(1) | B338: 214.535 | C338: -7039.63 | D338: -20327.135 | E338: -37479.547 | F338: 72.4 | G338: 90.75 | H338: 1.533959 | I338: 0.52 | J338: 0.010036601 | K338: 0.088930776 | L338: 91.7848 | M338: 90.7818 | N338: 0.0056749612 | O338: 0.0045907345 | P338: 72.4 | Q338: 0.045769936 | R338: 0.0051865267 | S338: 0.015223128 | T338: 0 | U338: 0 | V338: 0 | W338: 0 | X338: 0.0013839132 | Y338: 0 | Z338: 0 | AA338: 0 | AB338: 0 | AC338: 0 | AD338: 0 | AE338: 0 | AF338: 0 | AG338: 0 | AH338: 0 | AI338: 0 | AJ338: 0 | AK338: 0 | AL338: 0 | AM338: 0 | AN338: 0 | AO338: 0 | AP338: 0 | AQ338: 0 | AR338: 0 | AS338: 0 | AT338: 0 | AU338: 0 | AV338: 0 | AW338: 0 | AX338: 0 | AY338: 0 | AZ338: 0 | BA338: 0 | BB338: 0 | BC338: 0 | BD338: 0 | BE338: 0 | BF338: 0 | BG338: 0 | BH338: 0 | BI338: 0 | BJ338: 0 | BK338: 0 | BL338: 0 | BM338: 0 | BN338: 0 | BO338: 0 | BP338: 0 | BQ338: 0 | BR338: 0 | BS338: 0 | BT338: 0 | BU338: 0 | BV338: 0 | BW338: 0 | BX338: 0 | BY338: 0 | BZ338: 0 | CA338: 0 | CB338: 0 | CC338: 0 | CD338: 0 | CE338: 0 | CF338: 0 | CG338: 0 | CH338: 0 | CI338: 0 | CJ338: 0 | CK338: 0 | CL338: 0 | CM338: 0 | CN338: 0 | CO338: 0 | CP338: 0 | CQ338: 0 | CR338: 0 | CS338: 0 | CT338: 0
A339: 2002(2) | B339: 214.927 | C339: -2144.53 | D339: -6181.0981 | E339: 14146.037 | F339: 69.7 | G339: 87.85 | H339: 1.248215 | I339: 0.36 | J339: 0.0088113547 | K339: 0.092224482 | L339: 91.8034 | M339: 91.4904 | N339: 0.0002026274 | O339: 0.0077752238 | P339: 69.7 | Q339: -0.038005982 | R339: 0.0035935355 | S339: 0.01240489 | T339: 0 | U339: 0 | V339: 0 | W339: 0 | X339: -0.0028182378 | Y339: 0 | Z339: 0 | AA339: 0 | AB339: 0 | AC339: 0 | AD339: 0 | AE339: 0 | AF339: 0 | AG339: 0 | AH339: 0 | AI339: 0 | AJ339: 0 | AK339: 0 | AL339: 0 | AM339: 0 | AN339: 0 | AO339: 0 | AP339: 0 | AQ339: 0 | AR339: 0 | AS339: 0 | AT339: 0 | AU339: 0 | AV339: 0 | AW339: 0 | AX339: 0 | AY339: 0 | AZ339: 0 | BA339: 0 | BB339: 0 | BC339: 0 | BD339: 0 | BE339: 0 | BF339: 0 | BG339: 0 | BH339: 0 | BI339: 0 | BJ339: 0 | BK339: 0 | BL339: 0 | BM339: 0 | BN339: 0 | BO339: 0 | BP339: 0 | BQ339: 0 | BR339: 0 | BS339: 0 | BT339: 0 | BU339: 0 | BV339: 0 | BW339: 0 | BX339: 0 | BY339: 0 | BZ339: 0 | CA339: 0 | CB339: 0 | CC339: 0 | CD339: 0 | CE339: 0 | CF339: 0 | CG339: 0 | CH339: 0 | CI339: 0 | CJ339: 0 | CK339: 0 | CL339: 0 | CM339: 0 | CN339: 0 | CO339: 0 | CP339: 0 | CQ339: 0 | CR339: 0 | CS339: 0 | CT339: 0
A340: 2002(3) | B340: 215.17 | C340: -2314.24 | D340: -6662.7138 | E340: -481.61577 | F340: 77.4 | G340: 97.04 | H340: 1.371333 | I340: 0.6 | J340: 0.0076380815 | K340: 0.091155265 | L340: 92.5295 | M340: 93.037 | N340: 0.0078781786 | O340: 0.016763215 | P340: 77.4 | Q340: 0.10478646 | R340: 0.0059820717 | S340: 0.013620153 | T340: 0 | U340: 0 | V340: 0 | W340: 0 | X340: 0.001215263 | Y340: 0 | Z340: 0 | AA340: 0 | AB340: 0 | AC340: 0 | AD340: 0 | AE340: 0 | AF340: 0 | AG340: 0 | AH340: 0 | AI340: 0 | AJ340: 0 | AK340: 0 | AL340: 0 | AM340: 0 | AN340: 0 | AO340: 0 | AP340: 0 | AQ340: 0 | AR340: 0 | AS340: 0 | AT340: 0 | AU340: 0 | AV340: 0 | AW340: 0 | AX340: 0 | AY340: 0 | AZ340: 0 | BA340: 0 | BB340: 0 | BC340: 0 | BD340: 0 | BE340: 0 | BF340: 0 | BG340: 0 | BH340: 0 | BI340: 0 | BJ340: 0 | BK340: 0 | BL340: 0 | BM340: 0 | BN340: 0 | BO340: 0 | BP340: 0 | BQ340: 0 | BR340: 0 | BS340: 0 | BT340: 0 | BU340: 0 | BV340: 0 | BW340: 0 | BX340: 0 | BY340: 0 | BZ340: 0 | CA340: 0 | CB340: 0 | CC340: 0 | CD340: 0 | CE340: 0 | CF340: 0 | CG340: 0 | CH340: 0 | CI340: 0 | CJ340: 0 | CK340: 0 | CL340: 0 | CM340: 0 | CN340: 0 | CO340: 0 | CP340: 0 | CQ340: 0 | CR340: 0 | CS340: 0 | CT340: 0
A341: 2002(4) | B341: 216.673 | C341: -5732.5 | D341: -16389.426 | E341: -9726.7125 | F341: 79.6 | G341: 100.11 | H341: 1.483567 | I341: 0.8 | J341: 0.0067585283 | K341: 0.09190313 | L341: 92.9204 | M341: 92.0908 | N341: 0.0042157001 | O341: -0.010222217 | P341: 79.6 | Q341: 0.028027312 | R341: 0.0079681696 | S341: 0.014726698 | T341: 0 | U341: 0 | V341: 0 | W341: 0 | X341: 0.0011065447 | Y341: 0 | Z341: 0 | AA341: 0 | AB341: 0 | AC341: 0 | AD341: 0 | AE341: 0 | AF341: 0 | AG341: 0 | AH341: 0 | AI341: 0 | AJ341: 0 | AK341: 0 | AL341: 0 | AM341: 0 | AN341: 0 | AO341: 0 | AP341: 0 | AQ341: 0 | AR341: 0 | AS341: 0 | AT341: 0 | AU341: 0 | AV341: 0 | AW341: 0 | AX341: 0 | AY341: 0 | AZ341: 0 | BA341: 0 | BB341: 0 | BC341: 0 | BD341: 0 | BE341: 0 | BF341: 0 | BG341: 0 | BH341: 0 | BI341: 0 | BJ341: 0 | BK341: 0 | BL341: 0 | BM341: 0 | BN341: 0 | BO341: 0 | BP341: 0 | BQ341: 0 | BR341: 0 | BS341: 0 | BT341: 0 | BU341: 0 | BV341: 0 | BW341: 0 | BX341: 0 | BY341: 0 | BZ341: 0 | CA341: 0 | CB341: 0 | CC341: 0 | CD341: 0 | CE341: 0 | CF341: 0 | CG341: 0 | CH341: 0 | CI341: 0 | CJ341: 0 | CK341: 0 | CL341: 0 | CM341: 0 | CN341: 0 | CO341: 0 | CP341: 0 | CQ341: 0 | CR341: 0 | CS341: 0 | CT341: 0
A342: 2002(5) | B342: 219.07 | C342: -1848.04 | D342: -5225.8019 | E342: 11163.624 | F342: 80.4 | G342: 100.48 | H342: 1.414989 | I342: 0.21 | J342: 0.011952917 | K342: 0.094668524 | L342: 93.2998 | M342: 92.6034 | N342: 0.0040747516 | O342: 0.0055508112 | P342: 80.4 | Q342: 0.010000083 | R342: 0.0020977981 | S342: 0.014050715 | T342: 0 | U342: 0 | V342: 0 | W342: 0 | X342: -0.00067598315 | Y342: 0 | Z342: 0 | AA342: 0 | AB342: 0 | AC342: 0 | AD342: 0 | AE342: 0 | AF342: 0 | AG342: 0 | AH342: 0 | AI342: 0 | AJ342: 0 | AK342: 0 | AL342: 0 | AM342: 0 | AN342: 0 | AO342: 0 | AP342: 0 | AQ342: 0 | AR342: 0 | AS342: 0 | AT342: 0 | AU342: 0 | AV342: 0 | AW342: 0 | AX342: 0 | AY342: 0 | AZ342: 0 | BA342: 0 | BB342: 0 | BC342: 0 | BD342: 0 | BE342: 0 | BF342: 0 | BG342: 0 | BH342: 0 | BI342: 0 | BJ342: 0 | BK342: 0 | BL342: 0 | BM342: 0 | BN342: 0 | BO342: 0 | BP342: 0 | BQ342: 0 | BR342: 0 | BS342: 0 | BT342: 0 | BU342: 0 | BV342: 0 | BW342: 0 | BX342: 0 | BY342: 0 | BZ342: 0 | CA342: 0 | CB342: 0 | CC342: 0 | CD342: 0 | CE342: 0 | CF342: 0 | CG342: 0 | CH342: 0 | CI342: 0 | CJ342: 0 | CK342: 0 | CL342: 0 | CM342: 0 | CN342: 0 | CO342: 0 | CP342: 0 | CQ342: 0 | CR342: 0 | CS342: 0 | CT342: 0
A343: 2002(6) | B343: 222.872 | C343: -1781.49 | D343: -4951.6776 | E343: 274.12428 | F343: 77.5 | G343: 96.8 | H343: 1.329033 | I343: 0.42 | J343: 0.0090115837 | K343: 0.096213859 | L343: 94.1905 | M343: 96.4257 | N343: 0.009501363 | O343: 0.040446906 | P343: 77.5 | Q343: -0.03673624 | R343: 0.0041912046 | S343: 0.013202788 | T343: 0 | U343: 0 | V343: 0 | W343: 0 | X343: -0.00084792641 | Y343: 0 | Z343: 0 | AA343: 0 | AB343: 0 | AC343: 0 | AD343: 0 | AE343: 0 | AF343: 0 | AG343: 0 | AH343: 0 | AI343: 0 | AJ343: 0 | AK343: 0 | AL343: 0 | AM343: 0 | AN343: 0 | AO343: 0 | AP343: 0 | AQ343: 0 | AR343: 0 | AS343: 0 | AT343: 0 | AU343: 0 | AV343: 0 | AW343: 0 | AX343: 0 | AY343: 0 | AZ343: 0 | BA343: 0 | BB343: 0 | BC343: 0 | BD343: 0 | BE343: 0 | BF343: 0 | BG343: 0 | BH343: 0 | BI343: 0 | BJ343: 0 | BK343: 0 | BL343: 0 | BM343: 0 | BN343: 0 | BO343: 0 | BP343: 0 | BQ343: 0 | BR343: 0 | BS343: 0 | BT343: 0 | BU343: 0 | BV343: 0 | BW343: 0 | BX343: 0 | BY343: 0 | BZ343: 0 | CA343: 0 | CB343: 0 | CC343: 0 | CD343: 0 | CE343: 0 | CF343: 0 | CG343: 0 | CH343: 0 | CI343: 0 | CJ343: 0 | CK343: 0 | CL343: 0 | CM343: 0 | CN343: 0 | CO343: 0 | CP343: 0 | CQ343: 0 | CR343: 0 | CS343: 0 | CT343: 0
A344: 2002(7) | B344: 227.441 | C344: -2089.59 | D344: -5691.3699 | E344: -739.69223 | F344: 83.3 | G344: 104.53 | H344: 1.535435 | I344: 1.19 | J344: 0.0034079131 | K344: 0.097965373 | L344: 93.9664 | M344: 91.6492 | N344: -0.0023820557 | O344: -0.050804518 | P344: 83.3 | Q344: 0.072170613 | R344: 0.011829752 | S344: 0.015237665 | T344: 0 | U344: 0 | V344: 0 | W344: 0 | X344: 0.0020348765 | Y344: 0 | Z344: 0 | AA344: 0 | AB344: 0 | AC344: 0 | AD344: 0 | AE344: 0 | AF344: 0 | AG344: 0 | AH344: 0 | AI344: 0 | AJ344: 0 | AK344: 0 | AL344: 0 | AM344: 0 | AN344: 0 | AO344: 0 | AP344: 0 | AQ344: 0 | AR344: 0 | AS344: 0 | AT344: 0 | AU344: 0 | AV344: 0 | AW344: 0 | AX344: 0 | AY344: 0 | AZ344: 0 | BA344: 0 | BB344: 0 | BC344: 0 | BD344: 0 | BE344: 0 | BF344: 0 | BG344: 0 | BH344: 0 | BI344: 0 | BJ344: 0 | BK344: 0 | BL344: 0 | BM344: 0 | BN344: 0 | BO344: 0 | BP344: 0 | BQ344: 0 | BR344: 0 | BS344: 0 | BT344: 0 | BU344: 0 | BV344: 0 | BW344: 0 | BX344: 0 | BY344: 0 | BZ344: 0 | CA344: 0 | CB344: 0 | CC344: 0 | CD344: 0 | CE344: 0 | CF344: 0 | CG344: 0 | CH344: 0 | CI344: 0 | CJ344: 0 | CK344: 0 | CL344: 0 | CM344: 0 | CN344: 0 | CO344: 0 | CP344: 0 | CQ344: 0 | CR344: 0 | CS344: 0 | CT344: 0
A345: 2002(8) | B345: 232.818 | C345: -1417.87 | D345: -3772.6311 | E345: 1918.7387 | F345: 83.6 | G345: 105.34 | H345: 1.443404 | I345: 0.65 | J345: 0.0078518948 | K345: 0.096919523 | L345: 93.9897 | M345: 95.8827 | N345: 0.00024793024 | O345: 0.045157324 | P345: 83.6 | Q345: 0.0035949709 | R345: 0.0064789661 | S345: 0.014330861 | T345: 0 | U345: 0 | V345: 0 | W345: 0 | X345: -0.00090680395 | Y345: 0 | Z345: 0 | AA345: 0 | AB345: 0 | AC345: 0 | AD345: 0 | AE345: 0 | AF345: 0 | AG345: 0 | AH345: 0 | AI345: 0 | AJ345: 0 | AK345: 0 | AL345: 0 | AM345: 0 | AN345: 0 | AO345: 0 | AP345: 0 | AQ345: 0 | AR345: 0 | AS345: 0 | AT345: 0 | AU345: 0 | AV345: 0 | AW345: 0 | AX345: 0 | AY345: 0 | AZ345: 0 | BA345: 0 | BB345: 0 | BC345: 0 | BD345: 0 | BE345: 0 | BF345: 0 | BG345: 0 | BH345: 0 | BI345: 0 | BJ345: 0 | BK345: 0 | BL345: 0 | BM345: 0 | BN345: 0 | BO345: 0 | BP345: 0 | BQ345: 0 | BR345: 0 | BS345: 0 | BT345: 0 | BU345: 0 | BV345: 0 | BW345: 0 | BX345: 0 | BY345: 0 | BZ345: 0 | CA345: 0 | CB345: 0 | CC345: 0 | CD345: 0 | CE345: 0 | CF345: 0 | CG345: 0 | CH345: 0 | CI345: 0 | CJ345: 0 | CK345: 0 | CL345: 0 | CM345: 0 | CN345: 0 | CO345: 0 | CP345: 0 | CQ345: 0 | CR345: 0 | CS345: 0 | CT345: 0
A346: 2002(9) | B346: 238.973 | C346: -6043.9 | D346: -15667.255 | E346: -11894.624 | F346: 82.1 | G346: 103.82 | H346: 1.381266 | I346: 0.72 | J346: 0.0065439309 | K346: 0.093103355 | L346: 94.1275 | M346: 95.782 | N346: 0.0014650444 | O346: -0.0010507935 | P346: 82.1 | Q346: -0.018105504 | R346: 0.0071742037 | S346: 0.013718135 | T346: 0 | U346: 0 | V346: 0 | W346: 0 | X346: -0.00061272627 | Y346: 0 | Z346: 0 | AA346: 0 | AB346: 0 | AC346: 0 | AD346: 0 | AE346: 0 | AF346: 0 | AG346: 0 | AH346: 0 | AI346: 0 | AJ346: 0 | AK346: 0 | AL346: 0 | AM346: 0 | AN346: 0 | AO346: 0 | AP346: 0 | AQ346: 0 | AR346: 0 | AS346: 0 | AT346: 0 | AU346: 0 | AV346: 0 | AW346: 0 | AX346: 0 | AY346: 0 | AZ346: 0 | BA346: 0 | BB346: 0 | BC346: 0 | BD346: 0 | BE346: 0 | BF346: 0 | BG346: 0 | BH346: 0 | BI346: 0 | BJ346: 0 | BK346: 0 | BL346: 0 | BM346: 0 | BN346: 0 | BO346: 0 | BP346: 0 | BQ346: 0 | BR346: 0 | BS346: 0 | BT346: 0 | BU346: 0 | BV346: 0 | BW346: 0 | BX346: 0 | BY346: 0 | BZ346: 0 | CA346: 0 | CB346: 0 | CC346: 0 | CD346: 0 | CE346: 0 | CF346: 0 | CG346: 0 | CH346: 0 | CI346: 0 | CJ346: 0 | CK346: 0 | CL346: 0 | CM346: 0 | CN346: 0 | CO346: 0 | CP346: 0 | CQ346: 0 | CR346: 0 | CS346: 0 | CT346: 0
A347: 2002(10) | B347: 249.042 | C347: -4312.9 | D347: -10728.062 | E347: 4939.1932 | F347: 89.2 | G347: 113.18 | H347: 1.645925 | I347: 1.31 | J347: 0.0033103277 | K347: 0.089446657 | L347: 93.7988 | M347: 94.5346 | N347: -0.0034981834 | O347: -0.013108871 | P347: 89.2 | Q347: 0.082943023 | R347: 0.013014937 | S347: 0.016325265 | T347: 0 | U347: 0 | V347: 0 | W347: 0 | X347: 0.0026071301 | Y347: 0 | Z347: 0 | AA347: 0 | AB347: 0 | AC347: 0 | AD347: 0 | AE347: 0 | AF347: 0 | AG347: 0 | AH347: 0 | AI347: 0 | AJ347: 0 | AK347: 0 | AL347: 0 | AM347: 0 | AN347: 0 | AO347: 0 | AP347: 0 | AQ347: 0 | AR347: 0 | AS347: 0 | AT347: 0 | AU347: 0 | AV347: 0 | AW347: 0 | AX347: 0 | AY347: 0 | AZ347: 0 | BA347: 0 | BB347: 0 | BC347: 0 | BD347: 0 | BE347: 0 | BF347: 0 | BG347: 0 | BH347: 0 | BI347: 0 | BJ347: 0 | BK347: 0 | BL347: 0 | BM347: 0 | BN347: 0 | BO347: 0 | BP347: 0 | BQ347: 0 | BR347: 0 | BS347: 0 | BT347: 0 | BU347: 0 | BV347: 0 | BW347: 0 | BX347: 0 | BY347: 0 | BZ347: 0 | CA347: 0 | CB347: 0 | CC347: 0 | CD347: 0 | CE347: 0 | CF347: 0 | CG347: 0 | CH347: 0 | CI347: 0 | CJ347: 0 | CK347: 0 | CL347: 0 | CM347: 0 | CN347: 0 | CO347: 0 | CP347: 0 | CQ347: 0 | CR347: 0 | CS347: 0 | CT347: 0
A348: 2002(11) | B348: 263.58 | C348: -1560.54 | D348: -3667.642 | E348: 7060.4201 | F348: 83.9 | G348: 106.3 | H348: 1.540931 | I348: 3.02 | J348: -0.014461166 | K348: 0.068222215 | L348: 94.2885 | M348: 93.5441 | N348: 0.0052071682 | O348: -0.010532922 | P348: 83.9 | Q348: -0.061255426 | R348: 0.029752958 | S348: 0.015291792 | T348: 0 | U348: 0 | V348: 1 | W348: 0 | X348: -0.0010334725 | Y348: 0 | Z348: 0 | AA348: 0 | AB348: 0 | AC348: 0 | AD348: 0 | AE348: 0 | AF348: 0 | AG348: 0 | AH348: 0 | AI348: 0 | AJ348: 0 | AK348: 0 | AL348: 0 | AM348: 0 | AN348: 0 | AO348: 0 | AP348: 0 | AQ348: 0 | AR348: 0 | AS348: 0 | AT348: 0 | AU348: 0 | AV348: 0 | AW348: 0 | AX348: 0 | AY348: 0 | AZ348: 0 | BA348: 0 | BB348: 0 | BC348: 0 | BD348: 0 | BE348: 0 | BF348: 0 | BG348: 0 | BH348: 0 | BI348: 0 | BJ348: 0 | BK348: 0 | BL348: 0 | BM348: 0 | BN348: 0 | BO348: 0 | BP348: 0 | BQ348: 0 | BR348: 0 | BS348: 0 | BT348: 0 | BU348: 0 | BV348: 0 | BW348: 0 | BX348: 0 | BY348: 0 | BZ348: 0 | CA348: 0 | CB348: 0 | CC348: 0 | CD348: 0 | CE348: 0 | CF348: 0 | CG348: 0 | CH348: 0 | CI348: 0 | CJ348: 0 | CK348: 0 | CL348: 0 | CM348: 0 | CN348: 0 | CO348: 0 | CP348: 0 | CQ348: 0 | CR348: 0 | CS348: 0 | CT348: 0
A349: 2002(12) | B349: 270.692 | C349: 4366.13 | D349: 9991.8459 | E349: 13659.488 | F349: 74.6 | G349: 93.75 | H349: 1.742449 | I349: 2.1 | J349: -0.0035081149 | K349: 0.057353852 | L349: 93.8334 | M349: 92.7108 | N349: -0.0048383616 | O349: -0.0089480122 | P349: 74.6 | Q349: -0.11748511 | R349: 0.020782539 | S349: 0.017274424 | T349: 0 | U349: 0 | V349: 0 | W349: 0 | X349: 0.001982632 | Y349: 0 | Z349: 0 | AA349: 0 | AB349: 0 | AC349: 0 | AD349: 0 | AE349: 0 | AF349: 0 | AG349: 0 | AH349: 0 | AI349: 0 | AJ349: 0 | AK349: 0 | AL349: 0 | AM349: 0 | AN349: 0 | AO349: 0 | AP349: 0 | AQ349: 0 | AR349: 0 | AS349: 0 | AT349: 0 | AU349: 0 | AV349: 0 | AW349: 0 | AX349: 0 | AY349: 0 | AZ349: 0 | BA349: 0 | BB349: 0 | BC349: 0 | BD349: 0 | BE349: 0 | BF349: 0 | BG349: 0 | BH349: 0 | BI349: 0 | BJ349: 0 | BK349: 0 | BL349: 0 | BM349: 0 | BN349: 0 | BO349: 0 | BP349: 0 | BQ349: 0 | BR349: 0 | BS349: 0 | BT349: 0 | BU349: 0 | BV349: 0 | BW349: 0 | BX349: 0 | BY349: 0 | BZ349: 0 | CA349: 0 | CB349: 0 | CC349: 0 | CD349: 0 | CE349: 0 | CF349: 0 | CG349: 0 | CH349: 0 | CI349: 0 | CJ349: 0 | CK349: 0 | CL349: 0 | CM349: 0 | CN349: 0 | CO349: 0 | CP349: 0 | CQ349: 0 | CR349: 0 | CS349: 0 | CT349: 0
... A483: 2014(2) | B483: 537.703 | C483: 3389.48 | D483: 3904.9466 | E483: 18484.65 | F483: 92.3 | G483: 117.91 | H483: 0.79013811 | I483: 0.69 | J483: 0.00099402472 | K483: 0.029186823 | L483: 103.2919 | M483: 102.7889 | N483: 0.0080659866 | O483: 0.006055917 | P483: 92.3 | Q483: -0.0032450001 | R483: 0.0068763039 | S483: 0.0078703287 | T483: 0 | U483: 0 | V483: 0 | W483: 0 | X483: -0.00058715598 | Y483: 0 | Z483: 0 | AA483: 0 | AB483: 0 | AC483: 0 | AD483: 0 | AE483: 0 | AF483: 0 | AG483: 0 | AH483: 0 | AI483: 0 | AJ483: 0 | AK483: 0 | AL483: 0 | AM483: 0 | AN483: 0 | AO483: 0 | AP483: 0 | AQ483: 0 | AR483: 0 | AS483: 0 | AT483: 0 | AU483: 0 | AV483: 0 | AW483: 0 | AX483: 0 | AY483: 0 | AZ483: 0 | BA483: 0 | BB483: 0 | BC483: 0 | BD483: 0 | BE483: 0 | BF483: 0 | BG483: 0 | BH483: 0 | BI483: 0 | BJ483: 0 | BK483: 0 | BL483: 0 | BM483: 0 | BN483: 0 | BO483: 0 | BP483: 0 | BQ483: 0 | BR483: 0 | BS483: 0 | BT483: 0 | BU483: 0 | BV483: 0 | BW483: 0 | BX483: 0 | BY483: 0 | BZ483: 0 | CA483: 0 | CB483: 0 | CC483: 0 | CD483: 0 | CE483: 0 | CF483: 0 | CG483: 0 | CH483: 0 | CI483: 0 | CJ483: 0 | CK483: 0 | CL483: 0 | CM483: 0 | CN483: 0 | CO483: 0 | CP483: 0 | CQ483: 0 | CR483: 0 | CS483: 0 | CT483: 0
A484: 2014(3) | B484: 545.684 | C484: -3161.53 | D484: -3589.0588 | E484: -7494.0054 | F484: 97.3 | G484: #N/A | H484: 0.76594854 | I484: 0.92 | J484: -0.0015276373 | K484: 0.026869112 | L484: 104.0896 | M484: 104.2804 | N484: 0.007693106 | O484: 0.014406054 | P484: 97.3 | Q484: 0.052754848 | R484: 0.0091579378 | S484: 0.0076303005 | T484: 0 | U484: 0 | V484: 0 | W484: 0 | X484: -0.00024002815 | Y484: 0 | Z484: 0 | AA484: 0 | AB484: 0 | AC484: 0 | AD484: 0 | AE484: 0 | AF484: 0 | AG484: 0 | AH484: 0 | AI484: 0 | AJ484: 0 | AK484: 0 | AL484: 0 | AM484: 0 | AN484: 0 | AO484: 0 | AP484: 0 | AQ484: 0 | AR484: 0 | AS484: 0 | AT484: 0 | AU484: 0 | AV484: 0 | AW484: 0 | AX484: 0 | AY484: 0 | AZ484: 0 | BA484: 0 | BB484: 0 | BC484: 0 | BD484: 0 | BE484: 0 | BF484: 0 | BG484: 0 | BH484: 0 | BI484: 0 | BJ484: 0 | BK484: 0 | BL484: 0 | BM484: 0 | BN484: 0 | BO484: 0 | BP484: 0 | BQ484: 0 | BR484: 0 | BS484: 0 | BT484: 0 | BU484: 0 | BV484: 0 | BW484: 0 | BX484: 0 | BY484: 0 | BZ484: 0 | CA484: 0 | CB484: 0 | CC484: 0 | CD484: 0 | CE484: 0 | CF484: 0 | CG484: 0 | CH484: 0 | CI484: 0 | CJ484: 0 | CK484: 0 | CL484: 0 | CM484: 0 | CN484: 0 | CO484: 0 | CP484: 0 | CQ484: 0 | CR484: 0 | CS484: 0 | CT484: 0
A485: 2014(4) | B485: 548.145 | C485: -16854.34 | D485: -19047.623 | E485: -15458.564 | F485: 96 | G485: #N/A | H485: 0.82267525 | I485: 0.67 | J485: 0.0015154425 | K485: 0.027751694 | L485: 104.2409 | M485: 102.9064 | N485: 0.0014525 | O485: -0.013263588 | P485: 96 | Q485: -0.013450798 | R485: 0.0066776548 | S485: 0.0081930973 | T485: 0 | U485: 0 | V485: 0 | W485: 0 | X485: 0.00056279675 | Y485: 0 | Z485: 0 | AA485: 0 | AB485: 0 | AC485: 0 | AD485: 0 | AE485: 0 | AF485: 0 | AG485: 0 | AH485: 0 | AI485: 0 | AJ485: 0 | AK485: 0 | AL485: 0 | AM485: 0 | AN485: 0 | AO485: 0 | AP485: 0 | AQ485: 0 | AR485: 0 | AS485: 0 | AT485: 0 | AU485: 0 | AV485: 0 | AW485: 0 | AX485: 0 | AY485: 0 | AZ485: 0 | BA485: 0 | BB485: 0 | BC485: 0 | BD485: 0 | BE485: 0 | BF485: 0 | BG485: 0 | BH485: 0 | BI485: 0 | BJ485: 0 | BK485: 0 | BL485: 0 | BM485: 0 | BN485: 0 | BO485: 0 | BP485: 0 | BQ485: 0 | BR485: 0 | BS485: 0 | BT485: 0 | BU485: 0 | BV485: 0 | BW485: 0 | BX485: 0 | BY485: 0 | BZ485: 0 | CA485: 0 | CB485: 0 | CC485: 0 | CD485: 0 | CE485: 0 | CF485: 0 | CG485: 0 | CH485: 0 | CI485: 0 | CJ485: 0 | CK485: 0 | CL485: 0 | CM485: 0 | CN485: 0 | CO485: 0 | CP485: 0 | CQ485: 0 | CR485: 0 | CS485: 0 | CT485: 0
A486: 2014(5) | B486: 545.652 | C486: 11073.37 | D486: 12571.542 | E486: 31619.165 | F486: 101.7 | G486: #N/A | H486: 0.86588317 | I486: 0.46 | J486: 0.0040321067 | K486: 0.029509375 | L486: 104.6541 | M486: 103.7271 | N486: 0.0039560596 | O486: 0.0079435746 | P486: 101.7 | Q486: 0.057679112 | R486: 0.0045894523 | S486: 0.008621559 | T486: 0 | U486: 0 | V486: 0 | W486: 0 | X486: 0.00042846176 | Y486: 0 | Z486: 0 | AA486: 0 | AB486: 0 | AC486: 0 | AD486: 0 | AE486: 0 | AF486: 0 | AG486: 0 | AH486: 0 | AI486: 0 | AJ486: 0 | AK486: 0 | AL486: 0 | AM486: 0 | AN486: 0 | AO486: 0 | AP486: 0 | AQ486: 0 | AR486: 0 | AS486: 0 | AT486: 0 | AU486: 0 | AV486: 0 | AW486: 0 | AX486: 0 | AY486: 0 | AZ486: 0 | BA486: 0 | BB486: 0 | BC486: 0 | BD486: 0 | BE486: 0 | BF486: 0 | BG486: 0 | BH486: 0 | BI486: 0 | BJ486: 0 | BK486: 0 | BL486: 0 | BM486: 0 | BN486: 0 | BO486: 0 | BP486: 0 | BQ486: 0 | BR486: 0 | BS486: 0 | BT486: 0 | BU486: 0 | BV486: 0 | BW486: 0 | BX486: 0 | BY486: 0 | BZ486: 0 | CA486: 0 | CB486: 0 | CC486: 0 | CD486: 0 | CE486: 0 | CF486: 0 | CG486: 0 | CH486: 0 | CI486: 0 | CJ486: 0 | CK486: 0 | CL486: 0 | CM486: 0 | CN486: 0 | CO486: 0 | CP486: 0 | CQ486: 0 | CR486: 0 | CS486: 0 | CT486: 0
A487: 2014(6) | B487: 542.194 | C487: 2732.22 | D487: 3121.6589 | E487: -9449.883 | F487: 94.8 | G487: #N/A | H487: 0.82448114 | I487: 0.4 | J487: 0.0042189873 | K487: 0.030290489 | L487: 105.1223 | M487: 106.8076 | N487: 0.0044638079 | O487: 0.029265673 | P487: 94.8 | Q487: -0.070257894 | R487: 0.0039920213 | S487: 0.0082110086 | T487: 0 | U487: 0 | V487: 0 | W487: 0 | X487: -0.00041055043 | Y487: 0 | Z487: 0 | AA487: 0 | AB487: 0 | AC487: 0 | AD487: 0 | AE487: 0 | AF487: 0 | AG487: 0 | AH487: 0 | AI487: 0 | AJ487: 0 | AK487: 0 | AL487: 0 | AM487: 0 | AN487: 0 | AO487: 0 | AP487: 0 | AQ487: 0 | AR487: 0 | AS487: 0 | AT487: 0 | AU487: 0 | AV487: 0 | AW487: 0 | AX487: 0 | AY487: 0 | AZ487: 0 | BA487: 0 | BB487: 0 | BC487: 0 | BD487: 0 | BE487: 0 | BF487: 0 | BG487: 0 | BH487: 0 | BI487: 0 | BJ487: 0 | BK487: 0 | BL487: 0 | BM487: 0 | BN487: 0 | BO487: 0 | BP487: 0 | BQ487: 0 | BR487: 0 | BS487: 0 | BT487: 0 | BU487: 0 | BV487: 0 | BW487: 0 | BX487: 0 | BY487: 0 | BZ487: 0 | CA487: 0 | CB487: 0 | CC487: 0 | CD487: 0 | CE487: 0 | CF487: 0 | CG487: 0 | CH487: 0 | CI487: 0 | CJ487: 0 | CK487: 0 | CL487: 0 | CM487: 0 | CN487: 0 | CO487: 0 | CP487: 0 | CQ487: 0 | CR487: 0 | CS487: 0 | CT487: 0
A488: 2014(7) | B488: 539.21 | C488: 1894.96 | D488: 2177.0409 | E488: -944.61795 | F488: 104.4 | G488: #N/A | H488: 0.94873825 | I488: 0.01 | J488: 0.0093426649 | K488: 0.032718244 | L488: 105.2073 | M488: 104.8018 | N488: 0.00080825528 | O488: -0.018958138 | P488: 104.4 | Q488: 0.096460266 | R488: 9.9995e-05 | S488: 0.0094426599 | T488: 0 | U488: 0 | V488: 0 | W488: 0 | X488: 0.0012316513 | Y488: 0 | Z488: 0 | AA488: 0 | AB488: 0 | AC488: 0 | AD488: 0 | AE488: 0 | AF488: 0 | AG488: 0 | AH488: 0 | AI488: 0 | AJ488: 0 | AK488: 0 | AL488: 0 | AM488: 0 | AN488: 0 | AO488: 0 | AP488: 0 | AQ488: 0 | AR488: 0 | AS488: 0 | AT488: 0 | AU488: 0 | AV488: 0 | AW488: 0 | AX488: 0 | AY488: 0 | AZ488: 0 | BA488: 0 | BB488: 0 | BC488: 0 | BD488: 0 | BE488: 0 | BF488: 0 | BG488: 0 | BH488: 0 | BI488: 0 | BJ488: 0 | BK488: 0 | BL488: 0 | BM488: 0 | BN488: 0 | BO488: 0 | BP488: 0 | BQ488: 0 | BR488: 0 | BS488: 0 | BT488: 0 | BU488: 0 | BV488: 0 | BW488: 0 | BX488: 0 | BY488: 0 | BZ488: 0 | CA488: 0 | CB488: 0 | CC488: 0 | CD488: 0 | CE488: 0 | CF488: 0 | CG488: 0 | CH488: 0 | CI488: 0 | CJ488: 0 | CK488: 0 | CL488: 0 | CM488: 0 | CN488: 0 | CO488: 0 | CP488: 0 | CQ488: 0 | CR488: 0 | CS488: 0 | CT488: 0
A489: 2014(8) | B489: 539.55 | C489: 11950.77 | D489: 13721.092 | E489: 11544.051 | F489: 106.3 | G489: #N/A | H489: 0.86599144 | I489: 0.25 | J489: 0.0061257523 | K489: 0.034163034 | L489: 105.1989 | M489: 107.4252 | N489: -7.9845556e-05 | O489: 0.024723844 | P489: 106.3 | Q489: 0.01803561 | R489: 0.0024968802 | S489: 0.0086226325 | T489: 0 | U489: 0 | V489: 0 | W489: 0 | X489: -0.00082002744 | Y489: 0 | Z489: 0 | AA489: 0 | AB489: 0 | AC489: 0 | AD489: 0 | AE489: 0 | AF489: 0 | AG489: 0 | AH489: 0 | AI489: 0 | AJ489: 0 | AK489: 0 | AL489: 0 | AM489: 0 | AN489: 0 | AO489: 0 | AP489: 0 | AQ489: 0 | AR489: 0 | AS489: 0 | AT489: 0 | AU489: 0 | AV489: 0 | AW489: 0 | AX489: 0 | AY489: 0 | AZ489: 0 | BA489: 0 | BB489: 0 | BC489: 0 | BD489: 0 | BE489: 0 | BF489: 0 | BG489: 0 | BH489: 0 | BI489: 0 | BJ489: 0 | BK489: 0 | BL489: 0 | BM489: 0 | BN489: 0 | BO489: 0 | BP489: 0 | BQ489: 0 | BR489: 0 | BS489: 0 | BT489: 0 | BU489: 0 | BV489: 0 | BW489: 0 | BX489: 0 | BY489: 0 | BZ489: 0 | CA489: 0 | CB489: 0 | CC489: 0 | CD489: 0 | CE489: 0 | CF489: 0 | CG489: 0 | CH489: 0 | CI489: 0 | CJ489: 0 | CK489: 0 | CL489: 0 | CM489: 0 | CN489: 0 | CO489: 0 | CP489: 0 | CQ489: 0 | CR489: 0 | CS489: 0 | CT489: 0
A490: 2014(9) | B490: 539.649 | C490: 20994.74 | D490: 24100.364 | E490: 10379.272 | F490: 105.5 | G490: #N/A | H490: 0.9073022 | I490: 0.57 | J490: 0.003348293 | K490: 0.033900229 | L490: 105.575 | M490: 106.6147 | N490: 0.0035687568 | O490: -0.0075733905 | P490: 105.5 | Q490: -0.0075543324 | R490: 0.0056838165 | S490: 0.0090321095 | T490: 0 | U490: 0 | V490: 0 | W490: 0 | X490: 0.00040947701 | Y490: 0 | Z490: 0 | AA490: 0 | AB490: 0 | AC490: 0 | AD490: 0 | AE490: 0 | AF490: 0 | AG490: 0 | AH490: 0 | AI490: 0 | AJ490: 0 | AK490: 0 | AL490: 0 | AM490: 0 | AN490: 0 | AO490: 0 | AP490: 0 | AQ490: 0 | AR490: 0 | AS490: 0 | AT490: 0 | AU490: 0 | AV490: 0 | AW490: 0 | AX490: 0 | AY490: 0 | AZ490: 0 | BA490: 0 | BB490: 0 | BC490: 0 | BD490: 0 | BE490: 0 | BF490: 0 | BG490: 0 | BH490: 0 | BI490: 0 | BJ490: 0 | BK490: 0 | BL490: 0 | BM490: 0 | BN490: 0 | BO490: 0 | BP490: 0 | BQ490: 0 | BR490: 0 | BS490: 0 | BT490: 0 | BU490: 0 | BV490: 0 | BW490: 0 | BX490: 0 | BY490: 0 | BZ490: 0 | CA490: 0 | CB490: 0 | CC490: 0 | CD490: 0 | CE490: 0 | CF490: 0 | CG490: 0 | CH490: 0 | CI490: 0 | CJ490: 0 | CK490: 0 | CL490: 0 | CM490: 0 | CN490: 0 | CO490: 0 | CP490: 0 | CQ490: 0 | CR490: 0 | CS490: 0 | CT490: 0
A491: 2014(10) | B491: 542.853 | C491: -4903.11 | D491: -5595.1776 | E491: -29695.542 | F491: 109.1 | G491: #N/A | H491: 0.95054232 | I491: 0.42 | J491: 0.0052693263 | K491: 0.036780871 | L491: 105.6441 | M491: 105.4789 | N491: 0.00065429691 | O491: -0.010710468 | P491: 109.1 | Q491: 0.03355394 | R491: 0.0041912046 | S491: 0.0094605309 | T491: 0 | U491: 0 | V491: 0 | W491: 0 | X491: 0.00042842143 | Y491: 0 | Z491: 0 | AA491: 0 | AB491: 0 | AC491: 0 | AD491: 0 | AE491: 0 | AF491: 0 | AG491: 0 | AH491: 0 | AI491: 0 | AJ491: 0 | AK491: 0 | AL491: 0 | AM491: 0 | AN491: 0 | AO491: 0 | AP491: 0 | AQ491: 0 | AR491: 0 | AS491: 0 | AT491: 0 | AU491: 0 | AV491: 0 | AW491: 0 | AX491: 0 | AY491: 0 | AZ491: 0 | BA491: 0 | BB491: 0 | BC491: 0 | BD491: 0 | BE491: 0 | BF491: 0 | BG491: 0 | BH491: 0 | BI491: 0 | BJ491: 0 | BK491: 0 | BL491: 0 | BM491: 0 | BN491: 0 | BO491: 0 | BP491: 0 | BQ491: 0 | BR491: 0 | BS491: 0 | BT491: 0 | BU491: 0 | BV491: 0 | BW491: 0 | BX491: 0 | BY491: 0 | BZ491: 0 | CA491: 0 | CB491: 0 | CC491: 0 | CD491: 0 | CE491: 0 | CF491: 0 | CG491: 0 | CH491: 0 | CI491: 0 | CJ491: 0 | CK491: 0 | CL491: 0 | CM491: 0 | CN491: 0 | CO491: 0 | CP491: 0 | CQ491: 0 | CR491: 0 | CS491: 0 | CT491: 0
A492: 2014(11) | B492: 549.04 | C492: 6658.88 | D492: 7513.1436 | E492: 13108.321 | F492: 99.8 | G492: #N/A | H492: 0.84250109 | I492: 0.51 | J492: 0.0033026796 | K492: 0.038302618 | L492: 106.6868 | M492: 105.915 | N492: 0.0098215416 | O492: 0.0041259527 | P492: 99.8 | Q492: -0.08909671 | R492: 0.005087039 | S492: 0.0083897186 | T492: 0 | U492: 0 | V492: 0 | W492: 0 | X492: -0.0010708123 | Y492: 0 | Z492: 0 | AA492: 0 | AB492: 0 | AC492: 0 | AD492: 0 | AE492: 0 | AF492: 0 | AG492: 0 | AH492: 0 | AI492: 0 | AJ492: 0 | AK492: 0 | AL492: 0 | AM492: 0 | AN492: 0 | AO492: 0 | AP492: 0 | AQ492: 0 | AR492: 0 | AS492: 0 | AT492: 0 | AU492: 0 | AV492: 0 | AW492: 0 | AX492: 0 | AY492: 0 | AZ492: 0 | BA492: 0 | BB492: 0 | BC492: 0 | BD492: 0 | BE492: 0 | BF492: 0 | BG492: 0 | BH492: 0 | BI492: 0 | BJ492: 0 | BK492: 0 | BL492: 0 | BM492: 0 | BN492: 0 | BO492: 0 | BP492: 0 | BQ492: 0 | BR492: 0 | BS492: 0 | BT492: 0 | BU492: 0 | BV492: 0 | BW492: 0 | BX492: 0 | BY492: 0 | BZ492: 0 | CA492: 0 | CB492: 0 | CC492: 0 | CD492: 0 | CE492: 0 | CF492: 0 | CG492: 0 | CH492: 0 | CI492: 0 | CJ492: 0 | CK492: 0 | CL492: 0 | CM492: 0 | CN492: 0 | CO492: 0 | CP492: 0 | CQ492: 0 | CR492: 0 | CS492: 0 | CT492: 0
A493: 2014(12) | B493: 551.149 | C493: -754.65 | D493: -848.20541 | E493: -8361.349 | F493: 87.7 | G493: #N/A | H493: 0.96130079 | I493: 0.78 | J493: 0.0017973596 | K493: 0.041391554 | L493: 106.5182 | M493: 105.777 | N493: -0.0015815767 | O493: -0.0013037811 | P493: 87.7 | Q493: -0.12924628 | R493: 0.0077697373 | S493: 0.0095670969 | T493: 0 | U493: 0 | V493: 0 | W493: 0 | X493: 0.0011773783 | Y493: 0 | Z493: 0 | AA493: 0 | AB493: 0 | AC493: 0 | AD493: 0 | AE493: 0 | AF493: 0 | AG493: 0 | AH493: 0 | AI493: 0 | AJ493: 0 | AK493: 0 | AL493: 0 | AM493: 0 | AN493: 0 | AO493: 0 | AP493: 0 | AQ493: 0 | AR493: 0 | AS493: 0 | AT493: 0 | AU493: 0 | AV493: 0 | AW493: 0 | AX493: 0 | AY493: 0 | AZ493: 0 | BA493: 0 | BB493: 0 | BC493: 0 | BD493: 0 | BE493: 0 | BF493: 0 | BG493: 0 | BH493: 0 | BI493: 0 | BJ493: 0 | BK493: 0 | BL493: 0 | BM493: 0 | BN493: 0 | BO493: 0 | BP493: 0 | BQ493: 0 | BR493: 0 | BS493: 0 | BT493: 0 | BU493: 0 | BV493: 0 | BW493: 0 | BX493: 0 | BY493: 0 | BZ493: 0 | CA493: 0 | CB493: 0 | CC493: 0 | CD493: 0 | CE493: 0 | CF493: 0 | CG493: 0 | CH493: 0 | CI493: 0 | CJ493: 0 | CK493: 0 | CL493: 0 | CM493: 0 | CN493: 0 | CO493: 0 | CP493: 0 | CQ493: 0 | CR493: 0 | CS493: 0 | CT493: 0
A494: 2015(1) | B494: 554.835 | C494: -10075.09 | D494: -11248.887 | E494: -10400.682 | F494: 88 | G494: #N/A | H494: 0.93507997 | I494: 1.24 | J494: -0.003016398 | K494: 0.035402602 | L494: 105.9906 | M494: 105.3085 | N494: -0.0049654516 | O494: -0.0044389669 | P494: 88 | Q494: 0.0034149151 | R494: 0.01232375 | S494: 0.0093073517 | T494: 0 | U494: 0 | V494: 0 | W494: 0 | X494: -0.00025974524 | Y494: 0 | Z494: 0 | AA494: 0 | AB494: 0 | AC494: 0 | AD494: 0 | AE494: 0 | AF494: 0 | AG494: 0 | AH494: 0 | AI494: 0 | AJ494: 0 | AK494: 0 | AL494: 0 | AM494: 0 | AN494: 0 | AO494: 0 | AP494: 0 | AQ494: 0 | AR494: 0 | AS494: 0 | AT494: 0 | AU494: 0 | AV494: 0 | AW494: 0 | AX494: 0 | AY494: 0 | AZ494: 0 | BA494: 0 | BB494: 0 | BC494: 0 | BD494: 0 | BE494: 0 | BF494: 0 | BG494: 0 | BH494: 0 | BI494: 0 | BJ494: 0 | BK494: 0 | BL494: 0 | BM494: 0 | BN494: 0 | BO494: 0 | BP494: 0 | BQ494: 0 | BR494: 0 | BS494: 0 | BT494: 0 | BU494: 0 | BV494: 0 | BW494: 0 | BX494: 0 | BY494: 0 | BZ494: 0 | CA494: 0 | CB494: 0 | CC494: 0 | CD494: 0 | CE494: 0 | CF494: 0 | CG494: 0 | CH494: 0 | CI494: 0 | CJ494: 0 | CK494: 0 | CL494: 0 | CM494: 0 | CN494: 0 | CO494: 0 | CP494: 0 | CQ494: 0 | CR494: 0 | CS494: 0 | CT494: 0
A495: 2015(2) | B495: 557.803 | C495: 6671.41 | D495: 7409.0286 | E495: 18657.916 | F495: 83.7 | G495: #N/A | H495: 0.82241393 | I495: 1.22 | J495: -0.0039356744 | K495: 0.030472902 | L495: 105.8576 | M495: 105.3511 | N495: -0.0012556162 | O495: 0.00040444395 | P495: 83.7 | Q495: -0.050097837 | R495: 0.01212618 | S495: 0.0081905054 | T495: 0 | U495: 0 | V495: 0 | W495: 0 | X495: -0.0011168463 | Y495: 0 | Z495: 0 | AA495: 0 | AB495: 0 | AC495: 0 | AD495: 0 | AE495: 0 | AF495: 0 | AG495: 0 | AH495: 0 | AI495: 0 | AJ495: 0 | AK495: 0 | AL495: 0 | AM495: 0 | AN495: 0 | AO495: 0 | AP495: 0 | AQ495: 0 | AR495: 0 | AS495: 0 | AT495: 0 | AU495: 0 | AV495: 0 | AW495: 0 | AX495: 0 | AY495: 0 | AZ495: 0 | BA495: 0 | BB495: 0 | BC495: 0 | BD495: 0 | BE495: 0 | BF495: 0 | BG495: 0 | BH495: 0 | BI495: 0 | BJ495: 0 | BK495: 0 | BL495: 0 | BM495: 0 | BN495: 0 | BO495: 0 | BP495: 0 | BQ495: 0 | BR495: 0 | BS495: 0 | BT495: 0 | BU495: 0 | BV495: 0 | BW495: 0 | BX495: 0 | BY495: 0 | BZ495: 0 | CA495: 0 | CB495: 0 | CC495: 0 | CD495: 0 | CE495: 0 | CF495: 0 | CG495: 0 | CH495: 0 | CI495: 0 | CJ495: 0 | CK495: 0 | CL495: 0 | CM495: 0 | CN495: 0 | CO495: 0 | CP495: 0 | CQ495: 0 | CR495: 0 | CS495: 0 | CT495: 0
... A502: 2015(9) | B502: 589.897 | C502: 6840.14 | D502: 7183.1228 | E502: -201.94015 | F502: 94.1 | G502: #N/A | H502: 1.0558782 | I502: 0.54 | J502: 0.0051179553 | K502: 0.027702605 | L502: 105.3072 | M502: 105.9993 | N502: -0.0025710649 | O502: -0.019057932 | P502: 94.1 | Q502: -0.030352932 | R502: 0.0053854723 | S502: 0.010503428 | T502: 0 | U502: 0 | V502: 0 | W502: 0 | X502: -0.00052517138 | Y502: 0 | Z502: 0 | AA502: 0 | AB502: 0 | AC502: 0 | AD502: 0 | AE502: 0 | AF502: 0 | AG502: 0 | AH502: 0 | AI502: 0 | AJ502: 0 | AK502: 0 | AL502: 0 | AM502: 0 | AN502: 0 | AO502: 0 | AP502: 0 | AQ502: 0 | AR502: 0 | AS502: 0 | AT502: 0 | AU502: 0 | AV502: 0 | AW502: 0 | AX502: 0 | AY502: 0 | AZ502: 0 | BA502: 0 | BB502: 0 | BC502: 0 | BD502: 0 | BE502: 0 | BF502: 0 | BG502: 0 | BH502: 0 | BI502: 0 | BJ502: 0 | BK502: 0 | BL502: 0 | BM502: 0 | BN502: 0 | BO502: 0 | BP502: 0 | BQ502: 0 | BR502: 0 | BS502: 0 | BT502: 0 | BU502: 0 | BV502: 0 | BW502: 0 | BX502: 0 | BY502: 0 | BZ502: 0 | CA502: 0 | CB502: 0 | CC502: 0 | CD502: 0 | CE502: 0 | CF502: 0 | CG502: 0 | CH502: 0 | CI502: 0 | CJ502: 0 | CK502: 0 | CL502: 0 | CM502: 0 | CN502: 0 | CO502: 0 | CP502: 0 | CQ502: 0 | CR502: 0 | CS502: 0 | CT502: 0
A503: 2015(10) | B503: 600.269 | C503: 12316.38 | D503: 12710.471 | E503: 5527.3484 | F503: #N/A | G503: #N/A | H503: 1.108965 | I503: 0.82 | J503: 0.002862048 | K503: 0.025295326 | L503: 105.2021 | M503: 105.11 | N503: -0.00099853079 | O503: -0.0084250695 | P503: #N/A | Q503: #N/A | R503: 1.108965 | S503: 0.82 | T503: 0 | U503: 0 | V503: 0 | W503: 0 | X503: 0.80949657 | Y503: 0 | Z503: 0 | AA503: 0 | AB503: 0 | AC503: 0 | AD503: 0 | AE503: 0 | AF503: 0 | AG503: 0 | AH503: 0 | AI503: 0 | AJ503: 0 | AK503: 0 | AL503: 0 | AM503: 0 | AN503: 0 | AO503: 0 | AP503: 0 | AQ503: 0 | AR503: 0 | AS503: 0 | AT503: 0 | AU503: 0 | AV503: 0 | AW503: 0 | AX503: 0 | AY503: 0 | AZ503: 0 | BA503: 0 | BB503: 0 | BC503: 0 | BD503: 0 | BE503: 0 | BF503: 0 | BG503: 0 | BH503: 0 | BI503: 0 | BJ503: 0 | BK503: 0 | BL503: 0 | BM503: 0 | BN503: 0 | BO503: 0 | BP503: 0 | BQ503: 0 | BR503: 0 | BS503: 0 | BT503: 0 | BU503: 0 | BV503: 0 | BW503: 0 | BX503: 0 | BY503: 0 | BZ503: 0 | CA503: 0 | CB503: 0 | CC503: 0 | CD503: 0 | CE503: 0 | CF503: 0 | CG503: 0 | CH503: 0 | CI503: 0 | CJ503: 0 | CK503: 0 | CL503: 0 | CM503: 0 | CN503: 0 | CO503: 0 | CP503: 0 | CQ503: 0 | CR503: 0 | CS503: 0 | CT503: 0
A504: 2015(11) | B504: 607.441 | C504: 21670.57 | D504: 22099.921 | E504: 9389.4497 | F504: #N/A | G504: #N/A | H504: #N/A | I504: #N/A | J504: #N/A | K504: #N/A | L504: 104.5083 | M504: 103.7603 | N504: -0.006616768 | O504: -0.01292399 | P504: #N/A | Q504: #N/A | R504: #N/A | S504: #N/A | T504: 0 | U504: 0 | V504: 0 | W504: 0 | X504: #N/A | Y504: 0 | Z504: 0 | AA504: 0 | AB504: 0 | AC504: 0 | AD504: 0 | AE504: 0 | AF504: 0 | AG504: 0 | AH504: 0 | AI504: 0 | AJ504: 0 | AK504: 0 | AL504: 0 | AM504: 0 | AN504: 0 | AO504: 0 | AP504: 0 | AQ504: 0 | AR504: 0 | AS504: 0 | AT504: 0 | AU504: 0 | AV504: 0 | AW504: 0 | AX504: 0 | AY504: 0 | AZ504: 0 | BA504: 0 | BB504: 0 | BC504: 0 | BD504: 0 | BE504: 0 | BF504: 0 | BG504: 0 | BH504: 0 | BI504: 0 | BJ504: 0 | BK504: 0 | BL504: 0 | BM504: 0 | BN504: 0 | BO504: 0 | BP504: 0 | BQ504: 0 | BR504: 0 | BS504: 0 | BT504: 0 | BU504: 0 | BV504: 0 | BW504: 0 | BX504: 0 | BY504: 0 | BZ504: 0 | CA504: 0 | CB504: 0 | CC504: 0 | CD504: 0 | CE504: 0 | CF504: 0 | CG504: 0 | CH504: 0 | CI504: 0 | CJ504: 0 | CK504: 0 | CL504: 0 | CM504: 0 | CN504: 0 | CO504: 0 | CP504: 0 | CQ504: 0 | CR504: 0 | CS504: 0 | CT504: 0
A505: 2015(12) | B505: 610.128 | C505: 60943.99 | D505: 61877.736 | E505: 39777.815 | F505: #N/A | G505: #N/A | H505: #N/A | I505: #N/A | J505: #N/A | K505: #N/A | L505: 104.0693 | M505: 103.0189 | N505: -0.0042094707 | O505: -0.0071709647 | P505: #N/A | Q505: #N/A | R505: #N/A | S505: #N/A | T505: 0 | U505: 0 | V505: 0 | W505: 0 | X505: #N/A | Y505: 0 | Z505: 0 | AA505: 0 | AB505: 0 | AC505: 0 | AD505: 0 | AE505: 0 | AF505: 0 | AG505: 0 | AH505: 0 | AI505: 0 | AJ505: 0 | AK505: 0 | AL505: 0 | AM505: 0 | AN505: 0 | AO505: 0 | AP505: 0 | AQ505: 0 | AR505: 0 | AS505: 0 | AT505: 0 | AU505: 0 | AV505: 0 | AW505: 0 | AX505: 0 | AY505: 0 | AZ505: 0 | BA505: 0 | BB505: 0 | BC505: 0 | BD505: 0 | BE505: 0 | BF505: 0 | BG505: 0 | BH505: 0 | BI505: 0 | BJ505: 0 | BK505: 0 | BL505: 0 | BM505: 0 | BN505: 0 | BO505: 0 | BP505: 0 | BQ505: 0 | BR505: 0 | BS505: 0 | BT505: 0 | BU505: 0 | BV505: 0 | BW505: 0 | BX505: 0 | BY505: 0 | BZ505: 0 | CA505: 0 | CB505: 0 | CC505: 0 | CD505: 0 | CE505: 0 | CF505: 0 | CG505: 0 | CH505: 0 | CI505: 0 | CJ505: 0 | CK505: 0 | CL505: 0 | CM505: 0 | CN505: 0 | CO505: 0 | CP505: 0 | CQ505: 0 | CR505: 0 | CS505: 0 | CT505: 0
A506: 2016(1) | B506: 619.476 | C506: -20898.52 | D506: -20898.52 | E506: -82776.256 | F506: #N/A | G506: #N/A | H506: #N/A | I506: #N/A | J506: #N/A | K506: #N/A | L506: 104.7304 | M506: 103.9329 | N506: 0.0063324057 | O506: 0.0088330321 | P506: #N/A | Q506: #N/A | R506: #N/A | S506: #N/A | T506: 0 | U506: 0 | V506: 0 | W506: 0 | X506: #N/A | Y506: 0 | Z506: 0 | AA506: 0 | AB506: 0 | AC506: 0 | AD506: 0 | AE506: 0 | AF506: 0 | AG506: 0 | AH506: 0 | AI506: 0 | AJ506: 0 | AK506: 0 | AL506: 0 | AM506: 0 | AN506: 0 | AO506: 0 | AP506: 0 | AQ506: 0 | AR506: 0 | AS506: 0 | AT506: 0 | AU506: 0 | AV506: 0 | AW506: 0 | AX506: 0 | AY506: 0 | AZ506: 0 | BA506: 0 | BB506: 0 | BC506: 0 | BD506: 0 | BE506: 0 | BF506: 0 | BG506: 0 | BH506: 0 | BI506: 0 | BJ506: 0 | BK506: 0 | BL506: 0 | BM506: 0 | BN506: 0 | BO506: 0 | BP506: 0 | BQ506: 0 | BR506: 0 | BS506: 0 | BT506: 0 | BU506: 0 | BV506: 0 | BW506: 0 | BX506: 0 | BY506: 0 | BZ506: 0 | CA506: 0 | CB506: 0 | CC506: 0 | CD506: 0 | CE506: 0 | CF506: 0 | CG506: 0 | CH506: 0 | CI506: 0 | CJ506: 0 | CK506: 0 | CL506: 0 | CM506: 0 | CN506: 0 | CO506: 0 | CP506: 0 | CQ506: 0 | CR506: 0 | CS506: 0 | CT506: 0
A507: 2016(2) | B507: #N/A | C507: 26432.76 | D507: #N/A | E507: #N/A | F507: #N/A | G507: #N/A | H507: #N/A | I507: #N/A | J507: #N/A | K507: #N/A | L507: 104.1893 | M507: 103.3847 | N507: -0.0051799922 | O507: -0.0052885165 | P507: #N/A | Q507: #N/A | R507: #N/A | S507: #N/A | T507: 0 | U507: 0 | V507: 0 | W507: 0 | X507: #N/A | Y507: 0 | Z507: 0 | AA507: 0 | AB507: 0 | AC507: 0 | AD507: 0 | AE507: 0 | AF507: 0 | AG507: 0 | AH507: 0 | AI507: 0 | AJ507: 0 | AK507: 0 | AL507: 0 | AM507: 0 | AN507: 0 | AO507: 0 | AP507: 0 | AQ507: 0 | AR507: 0 | AS507: 0 | AT507: 0 | AU507: 0 | AV507: 0 | AW507: 0 | AX507: 0 | AY507: 0 | AZ507: 0 | BA507: 0 | BB507: 0 | BC507: 0 | BD507: 0 | BE507: 0 | BF507: 0 | BG507: 0 | BH507: 0 | BI507: 0 | BJ507: 0 | BK507: 0 | BL507: 0 | BM507: 0 | BN507: 0 | BO507: 0 | BP507: 0 | BQ507: 0 | BR507: 0 | BS507: 0 | BT507: 0 | BU507: 0 | BV507: 0 | BW507: 0 | BX507: 0 | BY507: 0 | BZ507: 0 | CA507: 0 | CB507: 0 | CC507: 0 | CD507: 0 | CE507: 0 | CF507: 0 | CG507: 0 | CH507: 0 | CI507: 0 | CJ507: 0 | CK507: 0 | CL507: 0 | CM507: 0 | CN507: 0 | CO507: 0 | CP507: 0 | CQ507: 0 | CR507: 0 | CS507: 0 | CT507: 0
A508: 2016(3) | B508: #N/A | C508: #N/A | D508: #N/A | E508: #N/A | F508: #N/A | G508: #N/A | H508: #N/A | I508: #N/A | J508: #N/A | K508: #N/A | L508: #N/A | M508: #N/A | N508: #N/A | O508: #N/A | P508: #N/A | Q508: #N/A | R508: #N/A | S508: #N/A | T508: 0 | U508: 0 | V508: 0 | W508: 0 | X508: #N/A | Y508: 0 | Z508: 0 | AA508: 0 | AB508: 0 | AC508: 0 | AD508: 0 | AE508: 0 | AF508: 0 | AG508: 0 | AH508: 0 | AI508: 0 | AJ508: 0 | AK508: 0 | AL508: 0 | AM508: 0 | AN508: 0 | AO508: 0 | AP508: 0 | AQ508: 0 | AR508: 0 | AS508: 0 | AT508: 0 | AU508: 0 | AV508: 0 | AW508: 0 | AX508: 0 | AY508: 0 | AZ508: 0 | BA508: 0 | BB508: 0 | BC508: 0 | BD508: 0 | BE508: 0 | BF508: 0 | BG508: 0 | BH508: 0 | BI508: 0 | BJ508: 0 | BK508: 0 | BL508: 0 | BM508: 0 | BN508: 0 | BO508: 0 | BP508: 0 | BQ508: 0 | BR508: 0 | BS508: 0 | BT508: 0 | BU508: 0 | BV508: 0 | BW508: 0 | BX508: 0 | BY508: 0 | BZ508: 0 | CA508: 0 | CB508: 0 | CC508: 0 | CD508: 0 | CE508: 0 | CF508: 0 | CG508: 0 | CH508: 0 | CI508: 0 | CJ508: 0 | CK508: 0 | CL508: 0 | CM508: 0 | CN508: 0 | CO508: 0 | CP508: 0 | CQ508: 0 | CR508: 0 | CS508: 0 | CT508: 0
A509: 2016(4) | B509: #N/A | C509: #N/A | D509: #N/A | E509: #N/A | F509: #N/A | G509: #N/A | H509: #N/A | I509: #N/A | J509: #N/A | K509: #N/A | L509: #N/A | M509: #N/A | N509: #N/A | O509: #N/A | P509: #N/A | Q509: #N/A | R509: #N/A | S509: #N/A | T509: 0 | U509: 0 | V509: 0 | W509: 0 | X509: #N/A | Y509: 0 | Z509: 0 | AA509: 0 | AB509: 0 | AC509: 0 | AD509: 0 | AE509: 0 | AF509: 0 | AG509: 0 | AH509: 0 | AI509: 0 | AJ509: 0 | AK509: 0 | AL509: 0 | AM509: 0 | AN509: 0 | AO509: 0 | AP509: 0 | AQ509: 0 | AR509: 0 | AS509: 0 | AT509: 0 | AU509: 0 | AV509: 0 | AW509: 0 | AX509: 0 | AY509: 0 | AZ509: 0 | BA509: 0 | BB509: 0 | BC509: 0 | BD509: 0 | BE509: 0 | BF509: 0 | BG509: 0 | BH509: 0 | BI509: 0 | BJ509: 0 | BK509: 0 | BL509: 0 | BM509: 0 | BN509: 0 | BO509: 0 | BP509: 0 | BQ509: 0 | BR509: 0 | BS509: 0 | BT509: 0 | BU509: 0 | BV509: 0 | BW509: 0 | BX509: 0 | BY509: 0 | BZ509: 0 | CA509: 0 | CB509: 0 | CC509: 0 | CD509: 0 | CE509: 0 | CF509: 0 | CG509: 0 | CH509: 0 | CI509: 0 | CJ509: 0 | CK509: 0 | CL509: 0 | CM509: 0 | CN509: 0 | CO509: 0 | CP509: 0 | CQ509: 0 | CR509: 0 | CS509: 0 | CT509: 0
A510: 2016(5) | B510: #N/A | C510: #N/A | D510: #N/A | E510: #N/A | F510: #N/A | G510: #N/A | H510: #N/A | I510: #N/A | J510: #N/A | K510: #N/A | L510: #N/A | M510: #N/A | N510: #N/A | O510: #N/A | P510: #N/A | Q510: #N/A | R510: #N/A | S510: #N/A | T510: 0 | U510: 0 | V510: 0 | W510: 0 | X510: #N/A | Y510: 0 | Z510: 0 | AA510: 0 | AB510: 0 | AC510: 0 | AD510: 0 | AE510: 0 | AF510: 0 | AG510: 0 | AH510: 0 | AI510: 0 | AJ510: 0 | AK510: 0 | AL510: 0 | AM510: 0 | AN510: 0 | AO510: 0 | AP510: 0 | AQ510: 0 | AR510: 0 | AS510: 0 | AT510: 0 | AU510: 0 | AV510: 0 | AW510: 0 | AX510: 0 | AY510: 0 | AZ510: 0 | BA510: 0 | BB510: 0 | BC510: 0 | BD510: 0 | BE510: 0 | BF510: 0 | BG510: 0 | BH510: 0 | BI510: 0 | BJ510: 0 | BK510: 0 | BL510: 0 | BM510: 0 | BN510: 0 | BO510: 0 | BP510: 0 | BQ510: 0 | BR510: 0 | BS510: 0 | BT510: 0 | BU510: 0 | BV510: 0 | BW510: 0 | BX510: 0 | BY510: 0 | BZ510: 0 | CA510: 0 | CB510: 0 | CC510: 0 | CD510: 0 | CE510: 0 | CF510: 0 | CG510: 0 | CH510: 0 | CI510: 0 | CJ510: 0 | CK510: 0 | CL510: 0 | CM510: 0 | CN510: 0 | CO510: 0 | CP510: 0 | CQ510: 0 | CR510: 0 | CS510: 0 | CT510: 0
A511: 2016(6) | B511: #N/A | C511: #N/A | D511: #N/A | E511: #N/A | F511: #N/A | G511: #N/A | H511: #N/A | I511: #N/A | J511: #N/A | K511: #N/A | L511: #N/A | M511: #N/A | N511: #N/A | O511: #N/A | P511: #N/A | Q511: #N/A | R511: #N/A | S511: #N/A | T511: 0 | U511: 0 | V511: 0 | W511: 0 | X511: #N/A | Y511: 0 | Z511: 0 | AA511: 0 | AB511: 0 | AC511: 0 | AD511: 0 | AE511: 0 | AF511: 0 | AG511: 0 | AH511: 0 | AI511: 0 | AJ511: 0 | AK511: 0 | AL511: 0 | AM511: 0 | AN511: 0 | AO511: 0 | AP511: 0 | AQ511: 0 | AR511: 0 | AS511: 0 | AT511: 0 | AU511: 0 | AV511: 0 | AW511: 0 | AX511: 0 | AY511: 0 | AZ511: 0 | BA511: 0 | BB511: 0 | BC511: 0 | BD511: 0 | BE511: 0 | BF511: 0 | BG511: 0 | BH511: 0 | BI511: 0 | BJ511: 0 | BK511: 0 | BL511: 0 | BM511: 0 | BN511: 0 | BO511: 0 | BP511: 0 | BQ511: 0 | BR511: 0 | BS511: 0 | BT511: 0 | BU511: 0 | BV511: 0 | BW511: 0 | BX511: 0 | BY511: 0 | BZ511: 0 | CA511: 0 | CB511: 0 | CC511: 0 | CD511: 0 | CE511: 0 | CF511: 0 | CG511: 0 | CH511: 0 | CI511: 0 | CJ511: 0 | CK511: 0 | CL511: 0 | CM511: 0 | CN511: 0 | CO511: 0 | CP511: 0 | CQ511: 0 | CR511: 0 | CS511: 0 | CT511: 0
...

Sheet PIM(2012 = 100)
A1: Data | B1: Produção industrial - indústria geral - quantum - índice (média 2012 = 100) - - - Instituto Brasileiro de Geografia e Estatística, Pesquisa Industrial Mensal - Produção Física (IBGE/PIM-PF) - PIMPFN12_QIIGN12
A2: 2002.01 | B2: 72.4 | C2: ='1'!P338 -> 72.4 | D2: =EXACT(B2,C2) -> TRUE
A3: 2002.02 | B3: 69.7 | C3: ='1'!P339 -> 69.7 | D3: =EXACT(B3,C3) -> TRUE
A4: 2002.03 | B4: 77.4 | C4: ='1'!P340 -> 77.4 | D4: =EXACT(B4,C4) -> TRUE
A5: 2002.04 | B5: 79.6 | C5: ='1'!P341 -> 79.6 | D5: =EXACT(B5,C5) -> TRUE
A6: 2002.05 | B6: 80.4 | C6: ='1'!P342 -> 80.4 | D6: =EXACT(B6,C6) -> TRUE
A7: 2002.06 | B7: 77.5 | C7: ='1'!P343 -> 77.5 | D7: =EXACT(B7,C7) -> TRUE
A8: 2002.07 | B8: 83.3 | C8: ='1'!P344 -> 83.3 | D8: =EXACT(B8,C8) -> TRUE
A9: 2002.08 | B9: 83.6 | C9: ='1'!P345 -> 83.6 | D9: =EXACT(B9,C9) -> TRUE
A10: 2002.09 | B10: 82.1 | C10: ='1'!P346 -> 82.1 | D10: =EXACT(B10,C10) -> TRUE
A11: 2002.10 | B11: 89.2 | C11: ='1'!P347 -> 89.2 | D11: =EXACT(B11,C11) -> TRUE
A12: 2002.11 | B12: 83.9 | C12: ='1'!P348 -> 83.9 | D12: =EXACT(B12,C12) -> TRUE
A13: 2002.12 | B13: 74.6 | C13: ='1'!P349 -> 74.6 | D13: =EXACT(B13,C13) -> TRUE
... A148: 2014.03 | B148: 97.3 | C148: ='1'!P484 -> 97.3 | D148: =EXACT(B148,C148) -> TRUE
A149: 2014.04 | B149: 96 | C149: ='1'!P485 -> 96 | D149: =EXACT(B149,C149) -> TRUE | K149: 2014.07 | L149: 104.4
A150: 2014.05 | B150: 101.7 | C150: ='1'!P486 -> 101.7 | D150: =EXACT(B150,C150) -> TRUE | K150: 2014.08 | L150: 106.3
A151: 2014.06 | B151: 94.9 | C151: ='1'!P487 -> 94.8 | D151: =EXACT(B151,C151) -> FALSE | K151: 2014.09 | L151: 105.6
A152: 2014.07 | B152: 104.4 | C152: ='1'!P488 -> 104.4 | D152: =EXACT(B152,C152) -> TRUE | F152: =EXACT(L149,B152) -> TRUE | K152: 2014.1 | L152: 109.3
A153: 2014.08 | B153: 106.3 | C153: ='1'!P489 -> 106.3 | D153: =EXACT(B153,C153) -> TRUE | F153: =EXACT(L150,B153) -> TRUE | K153: 2014.11 | L153: 99.8
A154: 2014.09 | B154: 105.6 | C154: ='1'!P490 -> 105.5 | D154: =EXACT(B154,C154) -> FALSE | F154: =EXACT(L151,B154) -> TRUE | H154: 2015.07 | I154: 95.5 | K154: 2014.12 | L154: 87.7
A155: 2014.10 | B155: 109.3 | C155: ='1'!P491 -> 109.1 | D155: =EXACT(B155,C155) -> FALSE | F155: =EXACT(L152,B155) -> TRUE | H155: 2015.08 | I155: 97.6 | K155: 2015.01 | L155: 88.1
A156: 2014.11 | B156: 99.8 | C156: ='1'!P492 -> 99.8 | D156: =EXACT(B156,C156) -> TRUE | F156: =EXACT(L153,B156) -> TRUE | H156: 2015.09 | I156: 94.3 | K156: 2015.02 | L156: 83.7
A157: 2014.12 | B157: 87.7 | C157: ='1'!P493 -> 87.7 | D157: =EXACT(B157,C157) -> TRUE | F157: =EXACT(L154,B157) -> TRUE | H157: 2015.1 | I157: 97.2 | K157: 2015.03 | L157: 94.3
A158: 2015.01 | B158: 88.1 | C158: ='1'!P494 -> 88 | D158: =EXACT(B158,C158) -> FALSE | F158: =EXACT(L155,B158) -> TRUE | H158: 2015.11 | I158: 87.6 | K158: 2015.04 | L158: 88.8
A159: 2015.02 | B159: 83.7 | C159: ='1'!P495 -> 83.7 | D159: =EXACT(B159,C159) -> TRUE | F159: =EXACT(L156,B159) -> TRUE | H159: 2015.12 | I159: 77.2 | K159: 2015.05 | L159: 93.1
A160: 2015.03 | B160: 94.3 | C160: ='1'!P496 -> 94.2 | D160: =EXACT(B160,C160) -> FALSE | F160: =EXACT(L157,B160) -> TRUE | H160: 2016.01 | I160: 76.3 | K160: 2015.06 | L160: 92.5
A161: 2015.04 | B161: 88.8 | C161: ='1'!P497 -> 88.6 | D161: =EXACT(B161,C161) -> FALSE | F161: =EXACT(L158,B161) -> TRUE | H161: 2016.02 | I161: 75.8 | K161: 2015.07 | L161: 95.5
A162: 2015.05 | B162: 93.1 | C162: ='1'!P498 -> 92.8 | D162: =EXACT(B162,C162) -> FALSE | F162: =EXACT(L159,B162) -> TRUE | H162: 2016.03 | I162: 83.6 | K162: 2015.08 | L162: 97.6
A163: 2015.06 | B163: 92.5 | C163: ='1'!P499 -> 92.1 | D163: =EXACT(B163,C163) -> FALSE | F163: =EXACT(L160,B163) -> TRUE | H163: 2016.04 | I163: 82.9 | K163: 2015.09 | L163: 94.3
A164: 2015.07 | B164: 95.5 | C164: ='1'!P500 -> 95 | D164: =EXACT(B164,C164) -> FALSE | F164: =EXACT(L161,B164) -> TRUE | H164: 2016.05 | I164: 86.2 | K164: 2015.1 | L164: 97.2
A165: 2015.08 | B165: 97.6 | C165: ='1'!P501 -> 97 | D165: =EXACT(B165,C165) -> FALSE | F165: =EXACT(L162,B165) -> TRUE | H165: 2016.06 | I165: 87.4 | K165: 2015.11 | L165: 87.6
... A171: 2016.02 | B171: 75.8 | C171: ='1'!P507 -> #N/A | D171: =EXACT(B171,C171) -> FALSE | F171: =EXACT(L168,B171) -> TRUE | H171: 2016.12 | I171: 77.2 | K171: 2016.05 | L171: 86.2
A172: 2016.03 | B172: 83.6 | C172: ='1'!P508 -> #N/A | D172: =EXACT(B172,C172) -> FALSE | F172: =EXACT(L169,B172) -> TRUE | K172: 2016.06 | L172: 87.4
A173: 2016.04 | B173: 82.9 | C173: ='1'!P509 -> #N/A | D173: =EXACT(B173,C173) -> FALSE | F173: =EXACT(L170,B173) -> TRUE | K173: 2016.07 | L173: 89.5
A174: 2016.05 | B174: 86.2 | C174: ='1'!P510 -> #N/A | D174: =EXACT(B174,C174) -> FALSE | F174: =EXACT(L171,B174) -> TRUE | K174: 2016.08 | L174: 92.8
A175: 2016.06 | B175: 87.4 | C175: ='1'!P511 -> #N/A | D175: =EXACT(B175,C175) -> FALSE | F175: =EXACT(L172,B175) -> TRUE | K175: 2016.09 | L175: 90
A176: 2016.07 | B176: 89.5 | C176: ='1'!P512 -> #N/A | D176: =EXACT(B176,C176) -> FALSE | F176: =EXACT(L173,B176) -> TRUE | K176: 2016.1 | L176: 90.2
A177: 2016.08 | B177: 92.8 | C177: ='1'!P513 -> #N/A | D177: =EXACT(B177,C177) -> FALSE | F177: =EXACT(L174,B177) -> TRUE | K177: 2016.11 | L177: 86.5
A178: 2016.09 | B178: 90 | C178: ='1'!P514 -> #N/A | D178: =EXACT(B178,C178) -> FALSE | F178: =EXACT(L175,B178) -> TRUE | K178: 2016.12 | L178: 77.2
A179: 2016.10 | B179: 90.2 | C179: ='1'!P515 -> #N/A | D179: =EXACT(B179,C179) -> FALSE | F179: =EXACT(L176,B179) -> TRUE
A180: 2016.11 | B180: 86.5
A181: 2016.11 | B181: 77.2

Sheet OBS_PIM(2012 = 100)
A1: Séries | B1: Comentários
A2: Produção industrial - indústria geral - quantum - índice (média 2012 = 100) - - - Instituto Brasileiro de Geografia e Estatística, Pesquisa Industrial Mensal - Produção Física (IBGE/PIM-PF) - PIMPFN12_QIIGN12 | B2: A partir de maio de 2014, tem início a divulgação da nova série de índices mensais da produção industrial, elaborados com base na Pesquisa Industrial Mensal de Produção Física (PIM-PF) reformulada.

Sheet PIM(2002 = 100)
A1: Data | B1: Produção industrial - indústria geral - quantum - índice (média 2002 = 100) - - - Instituto Brasileiro de Geografia e Estatística, Pesquisa Industrial Mensal - Produção Física - antiga metodologia (IBGE/PIM-PF antiga) - PIMPFN12_QIIG12
A2: 1975.01 | B2: 51.008963 | E2: =E3/C3 -> 40.694754 | G2: ='1'!P14 -> 40.694754 | H2: =EXACT(E2,G2) -> TRUE
A3: 1975.02 | B3: 47.858454 | C3: =B3/B2 -> 0.93823618 | E3: =E4/C4 -> 38.18129 | G3: ='1'!P15 -> 38.18129 | H3: =EXACT(E3,G3) -> TRUE
A4: 1975.03 | B4: 51.833179 | C4: =B4/B3 -> 1.0830517 | E4: =E5/C5 -> 41.35231 | G4: ='1'!P16 -> 41.35231 | H4: =EXACT(E4,G4) -> TRUE
A5: 1975.04 | B5: 54.613945 | C5: =B5/B4 -> 1.0536484 | E5: =E6/C6 -> 43.570795 | G5: ='1'!P17 -> 43.570795 | H5: =EXACT(E5,G5) -> TRUE
A6: 1975.05 | B6: 54.806519 | C6: =B6/B5 -> 1.0035261 | E6: =E7/C7 -> 43.724429 | G6: ='1'!P18 -> 43.724429 | H6: =EXACT(E6,G6) -> TRUE
A7: 1975.06 | B7: 56.624416 | C7: =B7/B6 -> 1.0331694 | E7: =E8/C8 -> 45.174741 | G7: ='1'!P19 -> 45.174741 | H7: =EXACT(E7,G7) -> TRUE
A8: 1975.07 | B8: 58.758134 | C8: =B8/B7 -> 1.0376819 | E8: =E9/C9 -> 46.877013 | G8: ='1'!P20 -> 46.877013 | H8: =EXACT(E8,G8) -> TRUE
A9: 1975.08 | B9: 57.687424 | C9: =B9/B8 -> 0.98177766 | E9: =E10/C10 -> 46.022804 | G9: ='1'!P21 -> 46.022804 | H9: =EXACT(E9,G9) -> TRUE
A10: 1975.09 | B10: 59.135579 | C10: =B10/B9 -> 1.0251035 | E10: =E11/C11 -> 47.178137 | G10: ='1'!P22 -> 47.178137 | H10: =EXACT(E10,G10) -> TRUE
A11: 1975.10 | B11: 61.184565 | C11: =B11/B10 -> 1.034649 | E11: =E12/C12 -> 48.81281 | G11: ='1'!P23 -> 48.81281 | H11: =EXACT(E11,G11) -> TRUE
A12: 1975.11 | B12: 57.348494 | C12: =B12/B11 -> 0.93730329 | E12: =E13/C13 -> 45.752407 | G12: ='1'!P24 -> 45.752407 | H12: =EXACT(E12,G12) -> TRUE
A13: 1975.12 | B13: 55.646141 | C13: =B13/B12 -> 0.97031565 | E13: =E14/C14 -> 44.394277 | G13: ='1'!P25 -> 44.394277 | H13: =EXACT(E13,G13) -> TRUE
A14: 1976.01 | B14: 55.091528 | C14: =B14/B13 -> 0.99003322 | E14: =E15/C15 -> 43.951809 | G14: ='1'!P26 -> 43.951809 | H14: =EXACT(E14,G14) -> TRUE
... A325: 2001.12 | B325: 86.69 | C325: =B325/B324 -> 0.87627615 | E325: =E326/C326 -> 69.160948 | G325: ='1'!P337 -> 69.160948 | H325: =EXACT(E325,G325) -> TRUE
A326: 2002.01 | B326: 90.75 | C326: =B326/B325 -> 1.0468335 | E326: ='PIM(2012 = 100)'!B2 -> 72.4 | G326: ='1'!P338 -> 72.4 | H326: =EXACT(E326,G326) -> TRUE
A327: 2002.02 | B327: 87.85 | C327: =B327/B326 -> 0.96804408
A328: 2002.03 | B328: 97.04 | C328: =B328/B327 -> 1.1046101 | H328: =AND(H2:H326) -> TRUE
A329: 2002.04 | B329: 100.11 | C329: =B329/B328 -> 1.0316364
A330: 2002.05 | B330: 100.48 | C330: =B330/B329 -> 1.0036959
A331: 2002.06 | B331: 96.8 | C331: =B331/B330 -> 0.9633758
A332: 2002.07 | B332: 104.53 | C332: =B332/B331 -> 1.0798554
A333: 2002.08 | B333: 105.34 | C333: =B333/B332 -> 1.007749
A334: 2002.09 | B334: 103.82 | C334: =B334/B333 -> 0.98557053
A335: 2002.10 | B335: 113.18 | C335: =B335/B334 -> 1.090156
A336: 2002.11 | B336: 106.3 | C336: =B336/B335 -> 0.93921187
A337: 2002.12 | B337: 93.75 | C337: =B337/B336 -> 0.88193791
A338: 2003.01 | B338: 92.22 | C338: =B338/B337 -> 0.98368
A339: 2003.02 | B339: 90.26 | C339: =B339/B338 -> 0.97874648
A340: 2003.03 | B340: 96.04 | C340: =B340/B339 -> 1.0640372
... A471: 2014.02 | B471: 117.91 | C471: =B471/B470 -> 1.004772

Sheet OBS_PIM(2002 = 100)
A1: Séries | B1: Comentários
A2: Produção industrial - indústria geral - quantum - índice (média 2002 = 100) - - - Instituto Brasileiro de Geografia e Estatística, Pesquisa Industrial Mensal - Produção Física - antiga metodologia (IBGE/PIM-PF antiga) - PIMPFN12_QIIG12 | B2: A partir de janeiro de 1991, houve uma reformulação da série para se adequar a nova metodologia da PIM-PF. A unificação das duas séries, antes e depois de 1991, foi feita por uma regra de três simples tomando-se como base o mês de janeiro de 1991. Série descontinuada pela fonte.

Sheet FRED
A1: FRED Graph Observations | C1: 42760
A2: Federal Reserve Economic Data
A3: Link: https://fred.stlouisfed.org
A4: Help: https://fred.stlouisfed.org/help-faq
A5: Economic Research Division
A6: Federal Reserve Bank of St. Louis
A8: IPB50001N | B8: Industrial Production: Total index, Index 2012=100, Monthly, Not Seasonally Adjusted
A10: Frequency: Monthly
A11: observation_date | B11: IPB50001N
A12: 6941 | B12: 4.9739
A13: 6972 | B13: 4.7783
A14: 7000 | B14: 4.6665
A15: 7031 | B15: 4.7504
A16: 7061 | B16: 4.8901
A17: 7092 | B17: 5.1975
A18: 7122 | B18: 5.3651
A19: 7153 | B19: 5.4769
A20: 7184 | B20: 5.5048
A21: 7214 | B21: 5.4769
A22: 7245 | B22: 5.3651
A23: 7275 | B23: 5.0019
... A671: 26999 | B671: 46.7311
A672: 27030 | B672: 46.2745 | D672: ='1'!M2 -> 46.2745 | E672: =EXACT(B672,D672) -> TRUE
A673: 27061 | B673: 47.0204 | D673: ='1'!M3 -> 47.0204 | E673: =EXACT(B673,D673) -> TRUE
A674: 27089 | B674: 47.2636 | D674: ='1'!M4 -> 47.2636 | E674: =EXACT(B674,D674) -> TRUE
A675: 27120 | B675: 46.6531 | D675: ='1'!M5 -> 46.6531 | E675: =EXACT(B675,D675) -> TRUE
A676: 27150 | B676: 47.5165 | D676: ='1'!M6 -> 47.5165 | E676: =EXACT(B676,D676) -> TRUE
A677: 27181 | B677: 48.455 | D677: ='1'!M7 -> 48.455 | E677: =EXACT(B677,D677) -> TRUE
A678: 27211 | B678: 46.1372 | D678: ='1'!M8 -> 46.1372 | E678: =EXACT(B678,D678) -> TRUE
A679: 27242 | B679: 46.6709 | D679: ='1'!M9 -> 46.6709 | E679: =EXACT(B679,D679) -> TRUE
A680: 27273 | B680: 47.8221 | D680: ='1'!M10 -> 47.8221 | E680: =EXACT(B680,D680) -> TRUE
A681: 27303 | B681: 47.7994 | D681: ='1'!M11 -> 47.7994 | E681: =EXACT(B681,D681) -> TRUE
A682: 27334 | B682: 45.5796 | D682: ='1'!M12 -> 45.5796 | E682: =EXACT(B682,D682) -> TRUE
A683: 27364 | B683: 43.1688 | D683: ='1'!M13 -> 43.1688 | E683: =EXACT(B683,D683) -> TRUE
... A1186: 42675 | B1186: 102.8768 | D1186: ='1'!M516 -> #N/A | E1186: =EXACT(B1186,D1186) -> FALSE
A1187: 42705 | B1187: 103.513
