Workbook

Sheet conditional forecasts_0
A1: GVAR Conditional Forecasts
A2: Last in-sample estimation date: | B2: 2016M12
A3: Last forecast date: | B3: 2024M12
D4: =DATE(LEFT(D5,4),SUBSTITUTE(RIGHT(D5,2),"M",""),1) -> 42736 | E4: =DATE(LEFT(E5,4),SUBSTITUTE(RIGHT(E5,2),"M",""),1) -> 42767 | F4: =DATE(LEFT(F5,4),SUBSTITUTE(RIGHT(F5,2),"M",""),1) -> 42795 | G4: =DATE(LEFT(G5,4),SUBSTITUTE(RIGHT(G5,2),"M",""),1) -> 42826 | H4: =DATE(LEFT(H5,4),SUBSTITUTE(RIGHT(H5,2),"M",""),1) -> 42856 | I4: =DATE(LEFT(I5,4),SUBSTITUTE(RIGHT(I5,2),"M",""),1) -> 42887 | J4: =DATE(LEFT(J5,4),SUBSTITUTE(RIGHT(J5,2),"M",""),1) -> 42917 | K4: =DATE(LEFT(K5,4),SUBSTITUTE(RIGHT(K5,2),"M",""),1) -> 42948 | ... CU4: =DATE(LEFT(CU5,4),SUBSTITUTE(RIGHT(CU5,2),"M",""),1) -> 45627
D5: 2017M1 | E5: 2017M2 | F5: 2017M3 | G5: 2017M4 | H5: 2017M5 | I5: 2017M6 | J5: 2017M7 | K5: 2017M8 | L5: 2017M9 | M5: 2017M10 | N5: 2017M11 | O5: 2017M12 | P5: 2018M1 | Q5: 2018M2 | R5: 2018M3 | S5: 2018M4 | T5: 2018M5 | U5: 2018M6 | V5: 2018M7 | W5: 2018M8 | X5: 2018M9 | Y5: 2018M10 | Z5: 2018M11 | AA5: 2018M12 | AB5: 2019M1 | AC5: 2019M2 | AD5: 2019M3 | AE5: 2019M4 | AF5: 2019M5 | AG5: 2019M6 | AH5: 2019M7 | AI5: 2019M8 | AJ5: 2019M9 | AK5: 2019M10 | AL5: 2019M11 | AM5: 2019M12 | AN5: 2020M1 | AO5: 2020M2 | AP5: 2020M3 | AQ5: 2020M4 | AR5: 2020M5 | AS5: 2020M6 | AT5: 2020M7 | AU5: 2020M8 | AV5: 2020M9 | AW5: 2020M10 | AX5: 2020M11 | AY5: 2020M12 | AZ5: 2021M1 | BA5: 2021M2 | BB5: 2021M3 | BC5: 2021M4 | BD5: 2021M5 | BE5: 2021M6 | BF5: 2021M7 | BG5: 2021M8 | BH5: 2021M9 | BI5: 2021M10 | BJ5: 2021M11 | BK5: 2021M12 | BL5: 2022M1 | BM5: 2022M2 | BN5: 2022M3 | BO5: 2022M4 | BP5: 2022M5 | BQ5: 2022M6 | BR5: 2022M7 | BS5: 2022M8 | BT5: 2022M9 | BU5: 2022M10 | BV5: 2022M11 | BW5: 2022M12 | BX5: 2023M1 | BY5: 2023M2 | BZ5: 2023M3 | CA5: 2023M4 | CB5: 2023M5 | CC5: 2023M6 | CD5: 2023M7 | CE5: 2023M8 | CF5: 2023M9 | CG5: 2023M10 | CH5: 2023M11 | CI5: 2023M12 | CJ5: 2024M1 | CK5: 2024M2 | CL5: 2024M3 | CM5: 2024M4 | CN5: 2024M5 | CO5: 2024M6 | CP5: 2024M7 | CQ5: 2024M8 | CR5: 2024M9 | CS5: 2024M10 | CT5: 2024M11 | CU5: 2024M12 | CV5: Serie | CW5: Meso
A6: Ro1101 | B6: adm | C6: Forecast | D6: 2524.1851 | E6: 2825.1414 | F6: 3461.1573 | G6: 3515.3689 | H6: 3622.9448 | I6: 3797.7889 | J6: 3672.5493 | K6: 3632.0697 | L6: 3363.4653 | M6: 2931.898 | N6: 2507.3125 | O6: 1792.0365 | P6: 2192.2521 | Q6: 2524.1183 | R6: 3223.1074 | S6: 3332.1711 | T6: 3467.2478 | U6: 3621.494 | V6: 3455.2846 | W6: 3363.5401 | X6: 3050.1935 | Y6: 2597.1567 | Z6: 2175.613 | AA6: 1481.2339 | AB6: 1910.0256 | AC6: 2267.5904 | AD6: 2982.6296 | AE6: 3096.5032 | AF6: 3227.434 | AG6: 3372.6032 | AH6: 3196.2795 | AI6: 3096.0457 | AJ6: 2777.111 | AK6: 2321.6651 | AL6: 1900.6125 | AM6: 1209.0855 | AN6: 1642.4076 | AO6: 2005.3715 | AP6: 2725.7976 | AQ6: 2844.2426 | AR6: 2978.3928 | AS6: 3125.2942 | AT6: 2949.4921 | AU6: 2849.1332 | AV6: 2530.072 | AW6: 2075.0244 | AX6: 1655.1751 | AY6: 965.6677 | AZ6: 1401.6333 | BA6: 1767.5789 | BB6: 2491.0509 | BC6: 2612.413 | BD6: 2749.2591 | BE6: 2898.6264 | BF6: 2725.0983 | BG6: 2626.8691 | BH6: 2309.8272 | BI6: 1856.7003 | BJ6: 1438.6709 | BK6: 750.8839 | BL6: 1188.4945 | BM6: 1556.0716 | BN6: 2281.2659 | BO6: 2404.5744 | BP6: 2543.7232 | BQ6: 2695.8351 | BR6: 2525.482 | BS6: 2430.7108 | BT6: 2117.1177 | BU6: 1667.0317 | BV6: 1251.2209 | BW6: 564.52794 | BX6: 1002.0507 | BY6: 1368.6373 | BZ6: 2092.5635 | CA6: 2215.1995 | CB6: 2355.189 | CC6: 2510.3544 | CD6: 2345.5051 | CE6: 2258.3106 | CF6: 1953.3649 | CG6: 1511.4785 | CH6: 1101.541 | CI6: 416.72005 | CJ6: 850.94397 | CK6: 1208.1827 | CL6: 1918.8544 | CM6: 2027.8864 | CN6: 2155.6664 | CO6: 2311.2544 | CP6: 2152.9709 | CQ6: 2087.7099 | CR6: 1843.311 | CS6: 1342.3951 | CT6: 1006.7343 | CU6: 587.68306 | CV6: 1 | CW6: 1101
C7: Actual | CV7: 0 | CW7: 0
A8: Ro1101 | B8: desl | C8: Forecast | D8: 3096.6012 | E8: 3063.6978 | F8: 3312.137 | G8: 3340.5202 | H8: 3591.1785 | I8: 3489.4544 | J8: 3600.5181 | K8: 3591.3097 | L8: 3424.232 | M8: 3497.8382 | N8: 3359.207 | O8: 3193.9078 | P8: 2967.7198 | Q8: 2858.5307 | R8: 3093.9463 | S8: 3087.5907 | T8: 3329.8398 | U8: 3204.8187 | V8: 3283.0385 | W8: 3231.8106 | X8: 3024.7893 | Y8: 3069.7671 | Z8: 2919.1841 | AA8: 2757.7738 | AB8: 2545.8837 | AC8: 2454.3751 | AD8: 2704.9307 | AE8: 2707.8643 | AF8: 2953.1767 | AG8: 2826.6017 | AH8: 2900.9915 | AI8: 2845.7477 | AJ8: 2635.8822 | AK8: 2679.8071 | AL8: 2530.0831 | AM8: 2371.2868 | AN8: 2163.4472 | AO8: 2076.9825 | AP8: 2333.0331 | AQ8: 2341.34 | AR8: 2591.4164 | AS8: 2468.7111 | AT8: 2546.0575 | AU8: 2493.0832 | AV8: 2285.1724 | AW8: 2331.1257 | AX8: 2183.7936 | AY8: 2027.884 | AZ8: 1823.4004 | BA8: 1740.6271 | BB8: 2000.5292 | BC8: 2012.6888 | BD8: 2266.5104 | BE8: 2147.3914 | BF8: 2228.1592 | BG8: 2178.4602 | BH8: 1973.7049 | BI8: 2022.7152 | BJ8: 1878.3571 | BK8: 1725.3511 | BL8: 1523.7194 | BM8: 1443.7777 | BN8: 1706.54 | BO8: 1721.6516 | BP8: 1978.5841 | BQ8: 1862.7853 | BR8: 1947.0924 | BS8: 1901.0976 | BT8: 1700.0811 | BU8: 1752.6688 | BV8: 1611.5012 | BW8: 1461.1064 | BX8: 1261.4213 | BY8: 1182.8453 | BZ8: 1446.6694 | CA8: 1462.9758 | CB8: 1721.7412 | CC8: 1608.8527 | CD8: 1697.3744 | CE8: 1656.8073 | CF8: 1461.9845 | CG8: 1520.7724 | CH8: 1384.9169 | CI8: 1237.9976 | CJ8: 1039.0993 | CK8: 958.52048 | CL8: 1217.5546 | CM8: 1227.5814 | CN8: 1481.6552 | CO8: 1364.6246 | CP8: 1459.6489 | CQ8: 1435.4249 | CR8: 1239.8352 | CS8: 1362.7475 | CT8: 1231.8669 | CU8: 972.60755 | CV8: -1 | CW8: 1101
C9: Actual | CV9: 0 | CW9: 0
A10: Ro1102 | B10: adm | C10: Forecast | D10: 4258.3425 | E10: 4814.1484 | F10: 5639.4208 | G10: 5563.7988 | H10: 5518.3668 | I10: 5518.0367 | J10: 5143.8368 | K10: 5056.8465 | L10: 4735.9982 | M10: 4398.2171 | N10: 4323.284 | O10: 3820.2172 | P10: 4536.7638 | Q10: 4836.368 | R10: 5565.3225 | S10: 5463.7514 | T10: 5370.944 | U10: 5300.8109 | V10: 4863.6092 | W10: 4722.8936 | X10: 4372.6948 | Y10: 4040.0118 | Z10: 3996.3342 | AA10: 3535.647 | AB10: 4290.3613 | AC10: 4612.8568 | AD10: 5346.4629 | AE10: 5235.5412 | AF10: 5126.9101 | AG10: 5041.6049 | AH10: 4594.3619 | AI10: 4450.0591 | AJ10: 4101.7805 | AK10: 3774.6303 | AL10: 3738.2544 | AM10: 3285.2988 | AN10: 4047.3206 | AO10: 4376.1167 | AP10: 5114.5756 | AQ10: 5006.8001 | AR10: 4899.6473 | AS10: 4814.5509 | AT10: 4366.9302 | AU10: 4222.4314 | AV10: 3874.7553 | AW10: 3549.3025 | AX10: 3515.655 | AY10: 3066.1228 | AZ10: 3831.8165 | BA10: 4164.1364 | BB10: 4905.7275 | BC10: 4800.6244 | BD10: 4695.7506 | BE10: 4612.6685 | BF10: 4166.9213 | BG10: 4024.2349 | BH10: 3678.3383 | BI10: 3354.6276 | BJ10: 3322.6754 | BK10: 2874.8033 | BL10: 3642.17 | BM10: 3976.261 | BN10: 4719.8299 | BO10: 4617.0174 | BP10: 4514.8131 | BQ10: 4434.7627 | BR10: 3992.2715 | BS10: 3852.7897 | BT10: 3509.6586 | BU10: 3187.857 | BV10: 3156.6478 | BW10: 2708.3089 | BX10: 3474.3397 | BY10: 3806.9655 | BZ10: 4549.9454 | CA10: 4448.4139 | CB10: 4349.9899 | CC10: 4276.1865 | CD10: 3841.6128 | CE10: 3710.3202 | CF10: 3374.0162 | CG10: 3056.1922 | CH10: 3025.0258 | CI10: 2572.4355 | CJ10: 3330.1601 | CK10: 3650.9012 | CL10: 4381.5455 | CM10: 4270.3345 | CN10: 4166.5343 | CO10: 4102.6481 | CP10: 3690.5662 | CQ10: 3603.2813 | CR10: 3339.9342 | CS10: 2956.9475 | CT10: 2995.3883 | CU10: 2706.2312 | CV10: 1 | CW10: 1102
C11: Actual | CV11: 0 | CW11: 0
A12: Ro1102 | B12: desl | C12: Forecast | D12: 4963.0991 | E12: 4931.8561 | F12: 5459.9551 | G12: 5121.6489 | H12: 5334.3733 | I12: 4851.9846 | J12: 4867.9636 | K12: 5008.9333 | L12: 4551.6853 | M12: 5071.6806 | N12: 5241.4367 | O12: 5187.8774 | P12: 4962.1405 | Q12: 4743.5797 | R12: 5280.369 | S12: 4883.9462 | T12: 5053.259 | U12: 4541.0391 | V12: 4521.4711 | W12: 4639.5488 | X12: 4176.5485 | Y12: 4707.2516 | Z12: 4898.5312 | AA12: 4867.2556 | AB12: 4656.5399 | AC12: 4442.9265 | AD12: 4976.5026 | AE12: 4572.9955 | AF12: 4735.7065 | AG12: 4220.0936 | AH12: 4200.9789 | AI12: 4322.5341 | AJ12: 3864.6605 | AK12: 4400.9461 | AL12: 4597.6075 | AM12: 4571.3093 | AN12: 4365.1384 | AO12: 4155.5832 | AP12: 4692.6181 | AQ12: 4291.8879 | AR12: 4456.7512 | AS12: 3942.8979 | AT12: 3925.4939 | AU12: 4049.0419 | AV12: 3593.6468 | AW12: 4132.9176 | AX12: 4332.9316 | AY12: 4310.1332 | AZ12: 4107.3988 | BA12: 3901.0792 | BB12: 4441.1034 | BC12: 4043.1434 | BD12: 4210.6174 | BE12: 3699.2722 | BF12: 3684.3079 | BG12: 3810.2402 | BH12: 3357.179 | BI12: 3898.7462 | BJ12: 4101.0504 | BK12: 4080.5841 | BL12: 3880.2795 | BM12: 3676.5355 | BN12: 4219.3066 | BO12: 3824.2533 | BP12: 3994.7369 | BQ12: 3486.3964 | BR12: 3474.2773 | BS12: 3602.7138 | BT12: 3151.6471 | BU12: 3694.6068 | BV12: 3897.7556 | BW12: 3877.8378 | BX12: 3678.2304 | BY12: 3475.8845 | BZ12: 4021.2442 | CA12: 3630.1883 | CB12: 3805.8581 | CC12: 3303.2089 | CD12: 3296.2865 | CE12: 3428.411 | CF12: 2978.8282 | CG12: 3520.8896 | CH12: 3721.2889 | CI12: 3697.6343 | CJ12: 3493.8809 | CK12: 3288.7843 | CL12: 3833.3915 | CM12: 3443.7256 | CN12: 3628.6163 | CO12: 3135.1537 | CP12: 3152.8513 | CQ12: 3330.8758 | CR12: 2833.8822 | CS12: 3498.0723 | CT12: 3702.4602 | CU12: 3151.5013 | CV12: -1 | CW12: 1102
C13: Actual | CV13: 0 | CW13: 0
A14: Ac1201 | B14: adm | C14: Forecast | D14: 117.23356 | E14: 125.42947 | F14: 166.59193 | G14: 194.74557 | H14: 220.19168 | I14: 236.47094 | J14: 219.56357 | K14: 206.78142 | L14: 182.14917 | M14: 151.43048 | N14: 132.42233 | O14: 103.00676 | P14: 121.41803 | Q14: 125.25577 | R14: 159.37322 | S14: 186.85137 | T14: 212.87751 | U14: 228.61233 | V14: 208.7603 | W14: 190.53103 | X14: 159.89159 | Y14: 124.52704 | Z14: 103.54134 | AA14: 75.20187 | AB14: 96.961256 | AC14: 105.03908 | AD14: 142.94973 | AE14: 172.88238 | AF14: 199.76222 | AG14: 215.03343 | AH14: 193.96651 | AI14: 174.3503 | AJ14: 142.57269 | AK14: 106.5274 | AL14: 85.350523 | AM14: 57.23577 | AN14: 79.516505 | AO14: 88.282235 | AP14: 126.92213 | AQ14: 157.514 | AR14: 184.89699 | AS14: 200.46839 | AT14: 179.5002 | AU14: 159.82862 | AV14: 127.91908 | AW14: 91.748927 | AX14: 70.520386 | AY14: 42.460872 | AZ14: 64.90245 | BA14: 73.90676 | BB14: 112.82287 | BC14: 143.6904 | BD14: 171.3218 | BE14: 187.10234 | BF14: 166.30445 | BG14: 146.77216 | BH14: 114.98062 | BI14: 78.915032 | BJ14: 57.78209 | BK14: 29.810998 | BL14: 52.334979 | BM14: 61.418629 | BN14: 100.4176 | BO14: 131.38223 | BP14: 159.13834 | BQ14: 175.08381 | BR14: 154.49796 | BS14: 135.22053 | BT14: 103.7074 | BU14: 67.909234 | BV14: 46.988256 | BW14: 19.130063 | BX14: 41.639808 | BY14: 50.583994 | BZ14: 89.359073 | CA14: 120.09337 | CB14: 147.71337 | CC14: 163.71464 | CD14: 143.4415 | CE14: 124.7415 | CF14: 94.008343 | CG14: 59.062011 | CH14: 38.88446 | CI14: 11.468783 | CJ14: 33.949918 | CK14: 42.275877 | CL14: 79.890736 | CM14: 109.08918 | CN14: 135.07868 | CO14: 149.98853 | CP14: 129.55233 | CQ14: 112.29638 | CR14: 85.404974 | CS14: 49.968145 | CT14: 34.599839 | CU14: 16.776869 | CV14: 1 | CW14: 1201
C15: Actual | CV15: 0 | CW15: 0
A16: Ac1201 | B16: desl | C16: Forecast | D16: 192.34537 | E16: 157.3683 | F16: 151.37491 | G16: 135.92012 | H16: 148.87912 | I16: 144.22455 | J16: 159.48715 | K16: 170.74774 | L16: 164.90686 | M16: 191.45279 | N16: 198.56444 | O16: 199.70157 | P16: 182.08888 | Q16: 157.39252 | R16: 146.11049 | S16: 122.34733 | T16: 132.94283 | U16: 127.65236 | V16: 143.36015 | W16: 155.37628 | X16: 149.42257 | Y16: 174.7671 | Z16: 180.04287 | AA16: 179.42007 | AB16: 160.63984 | AC16: 135.55017 | AD16: 124.53887 | AE16: 101.424 | AF16: 112.74662 | AG16: 108.06354 | AH16: 124.18964 | AI16: 136.46049 | AJ16: 130.65886 | AK16: 156.10405 | AL16: 161.45567 | AM16: 160.8945 | AN16: 142.17204 | AO16: 117.15486 | AP16: 106.25422 | AQ16: 83.305765 | AR16: 94.852776 | AS16: 90.436377 | AT16: 106.84372 | AU16: 119.38133 | AV16: 113.81177 | AW16: 139.44818 | AX16: 144.95713 | AY16: 144.53415 | AZ16: 125.94642 | BA16: 101.07195 | BB16: 90.326946 | BC16: 67.546139 | BD16: 79.268356 | BE16: 75.029435 | BF16: 91.612396 | BG16: 104.32174 | BH16: 98.920038 | BI16: 124.7219 | BJ16: 130.3959 | BK16: 130.13914 | BL16: 111.71921 | BM16: 87.012754 | BN16: 76.432804 | BO16: 53.809594 | BP16: 65.677278 | BQ16: 61.568533 | BR16: 78.266538 | BS16: 91.080616 | BT16: 85.783028 | BU16: 111.7014 | BV16: 117.51736 | BW16: 117.43666 | BX16: 99.226955 | BY16: 74.753855 | BZ16: 64.408555 | CA16: 41.992733 | CB16: 54.012747 | CC16: 49.983073 | CD16: 66.685004 | CE16: 79.445084 | CF16: 74.069386 | CG16: 99.931904 | CH16: 105.77376 | CI16: 105.84599 | CJ16: 87.940246 | CK16: 63.966966 | CL16: 54.214514 | CM16: 32.393941 | CN16: 45.043212 | CO16: 41.008737 | CP16: 57.835 | CQ16: 69.935173 | CR16: 61.093198 | CS16: 92.859227 | CT16: 96.337278 | CU16: 79.056288 | CV16: -1 | CW16: 1201
C17: Actual | CV17: 0 | CW17: 0
A18: Ac1202 | B18: adm | C18: Forecast | D18: 1363.2593 | E18: 1507.1465 | F18: 1760.0591 | G18: 1777.9428 | H18: 1775.8408 | I18: 1796.2064 | J18: 1710.8391 | K18: 1688.6328 | L18: 1581.7083 | M18: 1462.2254 | N18: 1418.7179 | O18: 1191.402 | P18: 1354.5818 | Q18: 1463.8552 | R18: 1718.8847 | S18: 1724.7065 | T18: 1713.4432 | U18: 1714.845 | V18: 1614.1832 | W18: 1577.1723 | X18: 1458.7287 | Y18: 1335.9189 | Z18: 1296.0376 | AA18: 1077.3442 | AB18: 1251.2604 | AC18: 1369.9378 | AD18: 1630.8008 | AE18: 1638.3367 | AF18: 1625.4754 | AG18: 1623.5246 | AH18: 1519.3726 | AI18: 1479.8855 | AJ18: 1360.4891 | AK18: 1238.2163 | AL18: 1199.9972 | AM18: 983.61763 | AN18: 1160.0632 | AO18: 1281.1436 | AP18: 1544.046 | AQ18: 1553.1241 | AR18: 1541.2763 | AS18: 1539.8784 | AT18: 1435.9699 | AU18: 1396.6141 | AV18: 1277.4302 | AW18: 1155.5923 | AX18: 1118.0902 | AY18: 902.6862 | AZ18: 1080.2813 | BA18: 1202.5763 | BB18: 1466.66 | BC18: 1476.8211 | BD18: 1465.9331 | BE18: 1465.3793 | BF18: 1362.225 | BG18: 1323.5632 | BH18: 1205.0372 | BI18: 1083.8373 | BJ18: 1046.9639 | BK18: 832.18969 | BL18: 1010.4302 | BM18: 1133.4061 | BN18: 1398.2298 | BO18: 1409.2111 | BP18: 1399.2349 | BQ18: 1399.6766 | BR18: 1297.5669 | BS18: 1259.9349 | BT18: 1142.3358 | BU18: 1021.8639 | BV18: 985.44428 | BW18: 770.82822 | BX18: 948.99339 | BY18: 1071.8174 | BZ18: 1336.6448 | CA18: 1348.0382 | CB18: 1339.0733 | CC18: 1341.1715 | CD18: 1241.2175 | CE18: 1205.9156 | CF18: 1090.384 | CG18: 971.26761 | CH18: 935.15659 | CI18: 719.69563 | CJ18: 895.98651 | CK18: 1016.1041 | CL18: 1278.1615 | CM18: 1287.6144 | CN18: 1277.6402 | CO18: 1281.6049 | CP18: 1187.452 | CQ18: 1160.1416 | CR18: 1062.1431 | CS18: 932.72531 | CT18: 906.65602 | CU18: 738.59124 | CV18: 1 | CW18: 1202
C19: Actual | CV19: 0 | CW19: 0
A20: Ac1202 | B20: desl | C20: Forecast | D20: 1763.8669 | E20: 1663.7472 | F20: 1763.4336 | G20: 1605.8637 | H20: 1744.5096 | I20: 1560.8023 | J20: 1584.9124 | K20: 1630.4511 | L20: 1492.8403 | M20: 1735.3283 | N20: 1792.8142 | O20: 1885.143 | P20: 1784.693 | Q20: 1610.8214 | R20: 1691.6493 | S20: 1511.1504 | T20: 1633.0083 | U20: 1440.1258 | V20: 1452.0641 | W20: 1490.4766 | X20: 1350.8839 | Y20: 1595.582 | Z20: 1658.9076 | AA20: 1757.8537 | AB20: 1662.3876 | AC20: 1490.9865 | AD20: 1572.0616 | AE20: 1390.5513 | AF20: 1511.2321 | AG20: 1317.7458 | AH20: 1329.8966 | AI20: 1369.238 | AJ20: 1231.0438 | AK20: 1477.3742 | AL20: 1542.4246 | AM20: 1643.1215 | AN20: 1549.3823 | AO20: 1379.6166 | AP20: 1462.1563 | AQ20: 1281.883 | AR20: 1403.5714 | AS20: 1210.9247 | AT20: 1223.8505 | AU20: 1264.0087 | AV20: 1126.7472 | AW20: 1374.1499 | AX20: 1440.3877 | AY20: 1542.3355 | AZ20: 1449.8549 | BA20: 1281.3139 | BB20: 1365.0241 | BC20: 1185.864 | BD20: 1308.6144 | BE20: 1116.9853 | BF20: 1130.8878 | BG20: 1171.9828 | BH20: 1035.6209 | BI20: 1283.8945 | BJ20: 1350.9914 | BK20: 1453.8103 | BL20: 1362.2394 | BM20: 1194.6703 | BN20: 1279.4283 | BO20: 1101.3902 | BP20: 1225.315 | BQ20: 1034.8689 | BR20: 1049.8985 | BS20: 1091.9887 | BT20: 956.41862 | BU20: 1205.239 | BV20: 1272.6541 | BW20: 1375.6576 | BX20: 1284.3099 | BY20: 1117.2207 | BZ20: 1202.9143 | CA20: 1026.3676 | CB20: 1152.275 | CC20: 964.05819 | CD20: 981.18616 | CE20: 1024.8399 | CF20: 889.99868 | CG20: 1138.5936 | CH20: 1204.9714 | CI20: 1306.4432 | CJ20: 1213.2709 | CK20: 1044.7845 | CL20: 1129.9373 | CM20: 953.66402 | CN20: 1083.3222 | CO20: 899.1385 | CP20: 924.17621 | CQ20: 988.85991 | CR20: 834.68492 | CS20: 1123.7669 | CT20: 1201.8214 | CU20: 1099.788 | CV20: -1 | CW20: 1202
C21: Actual | CV21: 0 | CW21: 0
A22: Am1301 | B22: adm | C22: Forecast | D22: 23.498568 | E22: 26.862069 | F22: 27.567616 | G22: 21.202216 | H22: 20.376514 | I22: 25.802135 | J22: 15.123014 | K22: 17.710581 | L22: 19.635768 | M22: 12.168634 | N22: 18.538943 | O22: 16.920056 | P22: 38.662862 | Q22: 28.500394 | R22: 28.04813 | S22: 22.167734 | T22: 19.824184 | U22: 25.264709 | V22: 14.79844 | W22: 17.155314 | X22: 18.995741 | Y22: 11.449266 | Z22: 17.762693 | AA22: 16.184076 | AB22: 38.023078 | AC22: 27.9574 | AD22: 27.571664 | AE22: 21.717329 | AF22: 19.363096 | AG22: 24.772862 | AH22: 14.274214 | AI22: 16.608328 | AJ22: 18.439834 | AK22: 10.896459 | AL22: 17.219956 | AM22: 15.654132 | AN22: 37.506494 | AO22: 27.453926 | AP22: 27.080651 | AQ22: 21.237461 | AR22: 18.892066 | AS22: 24.30758 | AT22: 13.811542 | AU22: 16.145976 | AV22: 17.976986 | AW22: 10.433863 | AX22: 16.759456 | AY22: 15.19791 | AZ22: 37.056362 | BA22: 27.010915 | BB22: 26.644965 | BC22: 20.808703 | BD22: 18.469556 | BE22: 23.89062 | BF22: 13.399549 | BG22: 15.73848 | BH22: 17.573558 | BI22: 10.034029 | BJ22: 16.362667 | BK22: 14.803586 | BL22: 36.66403 | BM22: 26.620433 | BN22: 26.256767 | BO22: 20.423982 | BP22: 18.090238 | BQ22: 23.519023 | BR22: 13.037703 | BS22: 15.387257 | BT22: 17.231907 | BU22: 9.6987109 | BV22: 16.028778 | BW22: 14.465885 | BX22: 36.318659 | BY22: 26.266353 | BZ22: 25.896316 | CA22: 20.062361 | CB22: 17.734216 | CC22: 23.175349 | CD22: 12.712165 | CE22: 15.084629 | CF22: 16.956123 | CG22: 9.4512214 | CH22: 15.802701 | CI22: 14.247722 | CJ22: 36.085549 | CK22: 25.965831 | CL22: 25.515205 | CM22: 19.605231 | CN22: 17.200784 | CO22: 22.828097 | CP22: 12.265469 | CQ22: 14.890673 | CR22: 18.271262 | CS22: 6.3958764 | CT22: 15.864313 | CU22: 20.931297 | CV22: 1 | CW22: 1301
C23: Actual | CV23: 0 | CW23: 0
A24: Am1301 | B24: desl | C24: Forecast | D24: 32.275753 | E24: 29.637096 | F24: 21.877141 | G24: 24.26779 | H24: 24.502715 | I24: 16.413167 | J24: 20.059959 | K24: 18.989537 | L24: 17.760044 | M24: 27.650773 | N24: 29.795961 | O24: 44.733367 | P24: 29.558427 | Q24: 30.083091 | R24: 22.688694 | S24: 23.567692 | T24: 23.973426 | U24: 16.083804 | V24: 19.573537 | W24: 18.696766 | X24: 17.667718 | Y24: 27.650871 | Z24: 29.823196 | AA24: 44.703297 | AB24: 29.418634 | AC24: 29.843621 | AD24: 22.396902 | AE24: 23.275247 | AF24: 23.716113 | AG24: 15.872754 | AH24: 19.399217 | AI24: 18.541636 | AJ24: 17.516509 | AK24: 27.495356 | AL24: 29.662145 | AM24: 44.538928 | AN24: 29.252864 | AO24: 29.676582 | AP24: 22.227577 | AQ24: 23.103007 | AR24: 23.541894 | AS24: 15.699076 | AT24: 19.229156 | AU24: 18.377492 | AV24: 17.358929 | AW24: 27.343275 | AX24: 29.513457 | AY24: 44.391465 | AZ24: 29.105188 | BA24: 29.528314 | BB24: 22.079226 | BC24: 22.9555 | BD24: 23.396071 | BE24: 15.555356 | BF24: 19.087453 | BG24: 18.237351 | BH24: 17.219769 | BI24: 27.20464 | BJ24: 29.375214 | BK24: 44.253893 | BL24: 28.96898 | BM24: 29.394477 | BN24: 21.948877 | BO24: 22.829562 | BP24: 23.274894 | BQ24: 15.438352 | BR24: 18.972888 | BS24: 18.122465 | BT24: 17.101341 | BU24: 27.079958 | BV24: 29.24321 | BW24: 44.116059 | BX24: 28.829601 | BY24: 29.259877 | BZ24: 21.825724 | CA24: 22.722699 | CB24: 23.185544 | CC24: 15.363552 | CD24: 18.906008 | CE24: 18.054607 | CF24: 17.022903 | CG24: 26.981249 | CH24: 29.118424 | CI24: 43.962913 | CJ24: 28.638696 | CK24: 29.046257 | CL24: 21.607459 | CM24: 22.528957 | CN24: 23.14986 | CO24: 15.346007 | CP24: 19.076456 | CQ24: 18.811257 | CR24: 15.908772 | CS24: 28.543945 | CT24: 30.572682 | CU24: 35.733463 | CV24: -1 | CW24: 1301
C25: Actual | CV25: 0 | CW25: 0
A26: Am1302 | B26: adm | C26: Forecast | D26: 23.387857 | E26: 22.996226 | F26: 26.801023 | G26: 26.204703 | H26: 25.922107 | I26: 27.749353 | J26: 24.36331 | K26: 24.980507 | L26: 24.412051 | M26: 20.517846 | N26: 21.037856 | O26: 17.446292 | P26: 23.135583 | Q26: 21.819834 | R26: 25.291831 | S26: 25.06311 | T26: 24.526746 | U26: 26.13992 | V26: 22.505908 | W26: 22.758254 | X26: 21.939427 | Y26: 17.985209 | Z26: 18.630442 | AA26: 15.289139 | AB26: 21.24817 | AC26: 20.128635 | AD26: 23.681807 | AE26: 23.431162 | AF26: 22.813881 | AG26: 24.337341 | AH26: 20.640235 | AI26: 20.868925 | AJ26: 20.061054 | AK26: 16.139552 | AL26: 16.826797 | AM26: 13.529011 | AN26: 19.529693 | AO26: 18.448496 | AP26: 22.03514 | AQ26: 21.811042 | AR26: 21.211798 | AS26: 22.744971 | AT26: 19.051711 | AU26: 19.282455 | AV26: 18.479085 | AW26: 14.567464 | AX26: 15.270785 | AY26: 11.994066 | AZ26: 18.018388 | BA26: 16.960841 | BB26: 20.569278 | BC26: 20.364308 | BD26: 19.781668 | BE26: 21.329607 | BF26: 17.650063 | BG26: 17.894052 | BH26: 17.103731 | BI26: 13.205011 | BJ26: 13.921056 | BK26: 10.65693 | BL26: 16.693916 | BM26: 15.649456 | BN26: 19.271833 | BO26: 19.082056 | BP26: 18.516105 | BQ26: 20.082183 | BR26: 16.421772 | BS26: 16.684936 | BT26: 15.912398 | BU26: 12.02834 | BV26: 12.754345 | BW26: 9.4946761 | BX26: 15.531266 | BY26: 14.484084 | BZ26: 18.105683 | CA26: 17.922162 | CB26: 17.373732 | CC26: 18.970024 | CD26: 15.349935 | CE26: 15.656985 | CF26: 14.923111 | CG26: 11.064145 | CH26: 11.795266 | CI26: 8.5218044 | CJ26: 14.531007 | CK26: 13.439282 | CL26: 17.020373 | CM26: 16.803532 | CN26: 16.203429 | CO26: 17.861857 | CP26: 14.213576 | CQ26: 14.71986 | CR26: 14.750602 | CS26: 9.553499 | CT26: 11.51291 | CU26: 10.513754 | CV26: 1 | CW26: 1302
C27: Actual | CV27: 0 | CW27: 0
A28: Am1302 | B28: desl | C28: Forecast | D28: 30.493672 | E28: 26.688984 | F28: 27.770004 | G28: 25.745242 | H28: 27.102886 | I28: 27.393345 | J28: 27.734609 | K28: 29.366413 | L28: 31.026096 | M28: 31.02499 | N28: 30.240296 | O28: 26.900826 | P28: 28.207076 | Q28: 24.597104 | R28: 26.741076 | S28: 24.594485 | T28: 25.92379 | U28: 26.522851 | V28: 26.929337 | W28: 28.512697 | X28: 30.12544 | Y28: 30.04444 | Z28: 29.175059 | AA28: 25.777065 | AB28: 27.054559 | AC28: 23.442517 | AD28: 25.605905 | AE28: 23.491881 | AF28: 24.859595 | AG28: 25.497821 | AH28: 25.939815 | AI28: 27.551133 | AJ28: 29.181588 | AK28: 29.107462 | AL28: 28.236323 | AM28: 24.832207 | AN28: 26.103972 | AO28: 22.490478 | AP28: 24.658782 | AQ28: 22.556 | AR28: 23.939512 | AS28: 24.595495 | AT28: 25.054731 | AU28: 26.681077 | AV28: 28.323655 | AW28: 28.258938 | AX28: 27.39523 | AY28: 23.997503 | AZ28: 25.275455 | BA28: 21.668534 | BB28: 23.844095 | BC28: 21.749304 | BD28: 23.141421 | BE28: 23.806425 | BF28: 24.274891 | BG28: 25.910528 | BH28: 27.562386 | BI28: 27.506944 | BJ28: 26.65255 | BK28: 23.264189 | BL28: 24.551465 | BM28: 20.95357 | BN28: 23.137446 | BO28: 21.049778 | BP28: 22.447467 | BQ28: 23.116491 | BR28: 23.587986 | BS28: 25.226815 | BT28: 26.883565 | BU28: 26.836155 | BV28: 25.993678 | BW28: 22.620676 | BX28: 23.924994 | BY28: 20.343128 | BZ28: 22.53918 | CA28: 20.457821 | CB28: 21.855461 | CC28: 22.519056 | CD28: 22.981586 | CE28: 24.610262 | CF28: 26.258287 | CG28: 26.20659 | CH28: 25.368149 | CI28: 22.014999 | CJ28: 23.358359 | CK28: 19.827398 | CL28: 22.089975 | CM28: 20.080386 | CN28: 21.482562 | CO28: 22.122693 | CP28: 22.426061 | CQ28: 24.006128 | CR28: 26.014516 | CS28: 24.452803 | CT28: 23.62864 | CU28: 22.020158 | CV28: -1 | CW28: 1302
C29: Actual | CV29: 0 | CW29: 0
A30: Am1303 | B30: adm | C30: Forecast | D30: 8814.2814 | E30: 9374.7043 | F30: 11539.764 | G30: 11397.061 | H30: 11362.832 | I30: 11920.123 | J30: 11281.972 | K30: 11660.398 | L30: 11235.049 | M30: 10289.635 | N30: 9745.6558 | O30: 7089.4974 | P30: 8362.9885 | Q30: 8865.1235 | R30: 11264.548 | S30: 11294.23 | T30: 11208.662 | U30: 11597.1 | V30: 10800.764 | W30: 11082.011 | X30: 10660.052 | Y30: 9822.6294 | Z30: 9435.8804 | AA30: 6922.6632 | AB30: 8283.0776 | AC30: 8801.8797 | AD30: 11161.367 | AE30: 11124.557 | AF30: 10975.389 | AG30: 11321.283 | AH30: 10508.15 | AI30: 10793.281 | AJ30: 10387.147 | AK30: 9569.8698 | AL30: 9202.9178 | AM30: 6707.002 | AN30: 8081.2724 | AO30: 8609.699 | AP30: 10973.822 | AQ30: 10936.458 | AR30: 10782.446 | AS30: 11121.229 | AT30: 10301.304 | AU30: 10582.239 | AV30: 10175.739 | AW30: 9361.8414 | AX30: 9000.8581 | AY30: 6511.8562 | AZ30: 7892.4864 | BA30: 8425.7968 | BB30: 10793.103 | BC30: 10757.545 | BD30: 10604.537 | BE30: 10944.07 | BF30: 10124.982 | BG30: 10406.937 | BH30: 10001.55 | BI30: 9188.7105 | BJ30: 8828.6325 | BK30: 6340.4121 | BL30: 7721.8794 | BM30: 8256.3836 | BN30: 10625.596 | BO30: 10592.969 | BP30: 10444.066 | BQ30: 10788.74 | BR30: 9975.3083 | BS30: 10262.504 | BT30: 9860.718 | BU30: 9048.6072 | BV30: 8685.5955 | BW30: 6190.9189 | BX30: 7563.8062 | BY30: 8090.2259 | BZ30: 10455.153 | CA30: 10425.028 | CB30: 10286.912 | CC30: 10649.743 | CD30: 9858.3637 | CE30: 10166.3 | CF30: 9778.5511 | CG30: 8969.6487 | CH30: 8596.8497 | CI30: 6080.1897 | CJ30: 7421.2448 | CK30: 7907.5141 | CL30: 10235.418 | CM30: 10180.312 | CN30: 10028.246 | CO30: 10430.209 | CP30: 9703.1081 | CQ30: 10153.42 | CR30: 10043.258 | CS30: 8908.2471 | CT30: 8689.6511 | CU30: 6915.2416 | CV30: 1 | CW30: 1303
C31: Actual | CV31: 0 | CW31: 0
A32: Am1303 | B32: desl | C32: Forecast | D32: 12136.977 | E32: 11974.527 | F32: 12951.334 | G32: 12345.644 | H32: 12991.284 | I32: 11480.293 | J32: 11559.938 | K32: 11930.899 | L32: 10849.936 | M32: 12587.6 | N32: 13455.036 | O32: 13968.434 | P32: 12681.98 | Q32: 11702.81 | R32: 12639.78 | S32: 11812.144 | T32: 12357.376 | U32: 10759.543 | V32: 10710.182 | W32: 10990.598 | X32: 9888.2341 | Y32: 11680.955 | Z32: 12655.383 | AA32: 13282.543 | AB32: 12077.55 | AC32: 11130.353 | AD32: 12055.292 | AE32: 11190.446 | AF32: 11694.813 | AG32: 10067.904 | AH32: 10007.104 | AI32: 10291.838 | AJ32: 9203.8271 | AK32: 11015.088 | AL32: 12008.389 | AM32: 12652.991 | AN32: 11463.321 | AO32: 10528.812 | AP32: 11463.209 | AQ32: 10604.208 | AR32: 11111.096 | AS32: 9484.5149 | AT32: 9423.5598 | AU32: 9709.373 | AV32: 8624.8311 | AW32: 10442.218 | AX32: 11443.739 | AY32: 12097.606 | AZ32: 10917.155 | BA32: 9991.0338 | BB32: 10932.657 | BC32: 10079.787 | BD32: 10592.008 | BE32: 8970.2926 | BF32: 8913.9795 | BG32: 9204.3278 | BH32: 8124.2434 | BI32: 9946.0216 | BJ32: 10951.922 | BK32: 11610.282 | BL32: 10434.618 | BM32: 9513.7867 | BN32: 10461.371 | BO32: 9615.2122 | BP32: 10134.809 | BQ32: 8520.8366 | BR32: 8472.0859 | BS32: 8769.0553 | BT32: 7693.8113 | BU32: 9517.9877 | BV32: 10523.694 | BW32: 11179.92 | BX32: 10001.747 | BY32: 9080.2742 | BZ32: 10031.401 | CA32: 9194.4972 | CB32: 9729.01 | CC32: 8133.6385 | CD32: 8103.6239 | CE32: 8415.3728 | CF32: 7347.5593 | CG32: 9169.9985 | CH32: 10165.527 | CI32: 10805.111 | CJ32: 9604.972 | CK32: 8662.7086 | CL32: 9597.7238 | CM32: 8750.6927 | CN32: 9303.048 | CO32: 7731.3732 | CP32: 7797.2595 | CQ32: 8286.2795 | CR32: 7065.1438 | CS32: 9354.7839 | CT32: 10392.951 | CU32: 9240.7026 | CV32: -1 | CW32: 1303
C33: Actual | CV33: 0 | CW33: 0
A34: Am1304 | B34: adm | C34: Forecast | D34: 79.06833 | E34: 84.505061 | F34: 98.387473 | G34: 88.178726 | H34: 86.029979 | I34: 84.987352 | J34: 77.533541 | K34: 77.673038 | L34: 70.901514 | M34: 66.933367 | N34: 67.521551 | O34: 55.597986 | P34: 75.661301 | Q34: 79.672247 | R34: 95.009224 | S34: 85.707468 | T34: 82.649859 | U34: 80.266695 | V34: 71.856063 | W34: 71.248967 | X34: 64.117267 | Y34: 60.229617 | Z34: 61.12708 | AA34: 49.552509 | AB34: 69.869083 | AC34: 73.960073 | AD34: 89.216156 | AE34: 79.74654 | AF34: 76.515505 | AG34: 74.010093 | AH34: 65.550782 | AI34: 64.962367 | AJ34: 57.897097 | AK34: 54.103294 | AL34: 55.106453 | AM34: 43.639224 | AN34: 64.057775 | AO34: 68.239367 | AP34: 83.569712 | AQ34: 74.155812 | AR34: 70.963961 | AS34: 68.487352 | AT34: 60.054892 | AU34: 59.499292 | AV34: 52.477756 | AW34: 48.739525 | AX34: 49.807453 | AY34: 38.409597 | AZ34: 58.897458 | BA34: 63.144975 | BB34: 78.536428 | BC34: 69.179016 | BD34: 66.040128 | BE34: 63.61418 | BF34: 55.230922 | BG34: 54.723384 | BH34: 47.748736 | BI34: 44.056144 | BJ34: 45.16865 | BK34: 33.814949 | BL34: 54.347657 | BM34: 58.642163 | BN34: 74.084233 | BO34: 64.782158 | BP34: 61.703477 | BQ34: 59.341289 | BR34: 51.022228 | BS34: 50.574555 | BT34: 43.649892 | BU34: 39.992718 | BV34: 41.124348 | BW34: 29.776491 | BX34: 50.310083 | BY34: 54.612855 | BZ34: 70.083792 | CA34: 60.840863 | CB34: 57.853608 | CC34: 55.607456 | CD34: 47.413139 | CE34: 47.079137 | CF34: 40.238442 | CG34: 36.620875 | CH34: 37.737578 | CI34: 26.318266 | CJ34: 46.732933 | CK34: 50.878575 | CL34: 66.209231 | CM34: 56.914185 | CN34: 53.958317 | CO34: 52.011706 | CP34: 44.406171 | CQ34: 44.705666 | CR34: 39.016521 | CS34: 33.709634 | CT34: 35.356773 | CU34: 27.044281 | CV34: 1 | CW34: 1304
C35: Actual | CV35: 0 | CW35: 0
A36: Am1304 | B36: desl | C36: Forecast | D36: 88.452191 | E36: 78.122826 | F36: 77.386571 | G36: 76.666271 | H36: 75.955703 | I36: 69.421304 | J36: 68.219188 | K36: 68.002673 | L36: 66.421215 | M36: 73.512677 | N36: 78.082699 | O36: 82.567594 | P36: 76.56208 | Q36: 74.286002 | R36: 75.064283 | S36: 73.312432 | T36: 71.446653 | U36: 64.166069 | V36: 62.103564 | W36: 61.309229 | X36: 59.467676 | Y36: 66.527333 | Z36: 71.254387 | AA36: 75.966028 | AB36: 70.143566 | AC36: 67.952073 | AD36: 68.714298 | AE36: 66.880312 | AF36: 64.914353 | AG36: 57.555732 | AH36: 55.459068 | AI36: 54.67889 | AJ36: 52.8924 | AK36: 60.035302 | AL36: 64.861106 | AM36: 69.676483 | AN36: 63.954362 | AO36: 61.853425 | AP36: 62.692329 | AQ36: 60.919971 | AR36: 59.00269 | AS36: 51.684653 | AT36: 49.626673 | AU36: 48.888997 | AV36: 47.152534 | AW36: 54.35396 | AX36: 59.245257 | AY36: 64.130034 | AZ36: 58.477833 | BA36: 56.444619 | BB36: 57.347517 | BC36: 55.635086 | BD36: 53.774173 | BE36: 46.509859 | BF36: 44.503888 | BG36: 43.81726 | BH36: 42.131416 | BI36: 49.383406 | BJ36: 54.325521 | BK36: 59.261674 | BL36: 53.661725 | BM36: 51.681943 | BN36: 52.639672 | BO36: 50.983481 | BP36: 49.179862 | BQ36: 41.972989 | BR36: 40.023066 | BS36: 39.389031 | BT36: 37.750185 | BU36: 45.042133 | BV36: 50.017341 | BW36: 54.982193 | BX36: 49.411317 | BY36: 47.467047 | BZ36: 48.472163 | CA36: 46.877821 | CB36: 45.148691 | CC36: 38.02265 | CD36: 36.15065 | CE36: 35.582455 | CF36: 33.990928 | CG36: 41.308802 | CH36: 46.29061 | CI36: 51.244834 | CJ36: 45.64518 | CK36: 43.672779 | CL36: 44.652556 | CM36: 43.055804 | CN36: 41.431556 | CO36: 34.412219 | CP36: 32.914045 | CQ36: 32.991216 | CR36: 31.024884 | CS36: 39.437738 | CT36: 43.232269 | CU36: 42.389442 | CV36: -1 | CW36: 1304
C37: Actual | CV37: 0 | CW37: 0
A38: Rr1401 | B38: adm | C38: Forecast | D38: 1478.6558 | E38: 1519.9108 | F38: 1651.5941 | G38: 1639.608 | H38: 1631.2619 | I38: 1693.4605 | J38: 1632.0646 | K38: 1647.4335 | L38: 1635.9378 | M38: 1544.4232 | N38: 1538.0963 | O38: 1402.1212 | P38: 1560.8813 | Q38: 1584.8067 | R38: 1707.9222 | S38: 1703.2293 | T38: 1685.5408 | U38: 1736.4798 | V38: 1666.886 | W38: 1677.1663 | X38: 1665.1823 | Y38: 1578.2243 | Z38: 1578.7151 | AA38: 1449.2671 | AB38: 1612.3948 | AC38: 1637.684 | AD38: 1759.5423 | AE38: 1752.1997 | AF38: 1731.7445 | AG38: 1780.6634 | AH38: 1710.115 | AI38: 1720.3894 | AJ38: 1709.0333 | AK38: 1623.023 | AL38: 1624.5507 | AM38: 1496.0882 | AN38: 1660.0636 | AO38: 1685.9963 | AP38: 1808.2441 | AQ38: 1801.0246 | AR38: 1780.4692 | AS38: 1829.1617 | AT38: 1758.3841 | AU38: 1768.5371 | AV38: 1757.2313 | AW38: 1671.4474 | AX38: 1673.3312 | AY38: 1545.2823 | AZ38: 1709.6591 | BA38: 1735.934 | BB38: 1858.4481 | BC38: 1851.4276 | BD38: 1831.0267 | BE38: 1879.853 | BF38: 1809.2054 | BG38: 1819.4909 | BH38: 1808.319 | BI38: 1722.6653 | BJ38: 1724.6733 | BK38: 1596.7448 | BL38: 1761.2472 | BM38: 1787.667 | BN38: 1910.3607 | BO38: 1903.5673 | BP38: 1883.4457 | BQ38: 1932.5955 | BR38: 1862.2913 | BS38: 1872.8989 | BT38: 1861.9733 | BU38: 1776.4352 | BV38: 1778.3901 | BW38: 1650.2426 | BX38: 1814.4194 | BY38: 1840.5255 | BZ38: 1963.0738 | CA38: 1956.4527 | CB38: 1936.9045 | CC38: 1986.9962 | CD38: 1917.8368 | CE38: 1929.5284 | CF38: 1919.3435 | CG38: 1833.9897 | CH38: 1835.4676 | CI38: 1706.2713 | CJ38: 1869.0285 | CK38: 1893.317 | CL38: 2014.3053 | CM38: 2006.9475 | CN38: 1986.6505 | CO38: 2038.7962 | CP38: 1971.5757 | CQ38: 1987.8783 | CR38: 1999.1675 | CS38: 1885.2182 | CT38: 1902.0935 | CU38: 1847.4427 | CV38: 1 | CW38: 1401
C39: Actual | CV39: 0 | CW39: 0
A40: Rr1401 | B40: desl | C40: Forecast | D40: 1736.6042 | E40: 1628.5051 | F40: 1806.4313 | G40: 1663.6568 | H40: 1758.2326 | I40: 1674.6032 | J40: 1661.3888 | K40: 1704.451 | L40: 1596.3589 | M40: 1682.4595 | N40: 1687.7635 | O40: 1639.3641 | P40: 1743.4822 | Q40: 1678.7825 | R40: 1860.5407 | S40: 1716.7136 | T40: 1803.8364 | U40: 1715.5614 | V40: 1693.4421 | W40: 1731.8348 | X40: 1623.7291 | Y40: 1714.8925 | Z40: 1727.3073 | AA40: 1685.6126 | AB40: 1793.8815 | AC40: 1730.1887 | AD40: 1910.4755 | AE40: 1764.0105 | AF40: 1848.5673 | AG40: 1758.5848 | AH40: 1735.8275 | AI40: 1774.4648 | AJ40: 1667.1442 | AK40: 1759.3255 | AL40: 1772.796 | AM40: 1732.0951 | AN40: 1841.2327 | AO40: 1778.2237 | AP40: 1958.9566 | AQ40: 1812.683 | AR40: 1897.2166 | AS40: 1807.0925 | AT40: 1784.1975 | AU40: 1822.8085 | AV40: 1715.6327 | AW40: 1808.1295 | AX40: 1822.0364 | AY40: 1781.8201 | AZ40: 1891.4235 | BA40: 1828.8178 | BB40: 2009.8781 | BC40: 1863.8658 | BD40: 1948.6168 | BE40: 1858.6883 | BF40: 1835.9827 | BG40: 1874.7839 | BH40: 1767.7998 | BI40: 1860.4879 | BJ40: 1874.5858 | BK40: 1834.564 | BL40: 1944.3736 | BM40: 1881.9974 | BN40: 2063.3221 | BO40: 1917.6171 | BP40: 2002.7171 | BQ40: 1913.1649 | BR40: 1890.8325 | BS40: 1929.9597 | BT40: 1823.2054 | BU40: 1915.9881 | BV40: 1930.0348 | BW40: 1889.8499 | BX40: 1999.4662 | BY40: 1936.9839 | BZ40: 2118.4124 | CA40: 1973.1073 | CB40: 2058.9147 | CC40: 1970.2963 | CD40: 1948.9607 | CE40: 1988.9407 | CF40: 1882.7007 | CG40: 1975.5164 | CH40: 1989.0613 | CI40: 1947.9045 | CJ40: 2056.1354 | CK40: 1992.1467 | CL40: 2172.4459 | CM40: 2026.3535 | CN40: 2112.5823 | CO40: 2025.9062 | CP40: 2007.7073 | CQ40: 2059.1823 | CR40: 1952.3013 | CS40: 2047.8521 | CT40: 2083.6539 | CU40: 1979.4068 | CV40: -1 | CW40: 1401
C41: Actual | CV41: 0 | CW41: 0
A42: Rr1402 | B42: adm | C42: Forecast | D42: 79.904152 | E42: 71.593442 | F42: 78.073587 | G42: 75.839161 | H42: 73.005585 | I42: 72.982176 | J42: 66.689126 | K42: 63.554233 | L42: 58.808066 | M42: 51.583366 | N42: 49.506353 | O42: 44.204516 | P42: 53.626057 | Q42: 58.184151 | R42: 66.829518 | S42: 68.126123 | T42: 66.592574 | U42: 67.388764 | V42: 61.196001 | W42: 57.793914 | X42: 52.822846 | Y42: 45.616415 | Z42: 43.893072 | AA42: 39.184768 | AB42: 49.254843 | AC42: 54.337982 | AD42: 63.283488 | AE42: 64.653911 | AF42: 63.037486 | AG42: 63.688227 | AH42: 57.36541 | AI42: 53.890492 | AJ42: 48.91166 | AK42: 41.749887 | AL42: 40.104891 | AM42: 35.492747 | AN42: 45.665754 | AO42: 50.850311 | AP42: 59.888004 | AQ42: 61.334186 | AR42: 59.772333 | AS42: 60.456321 | AT42: 54.150565 | AU42: 50.685436 | AV42: 45.718795 | AW42: 38.578955 | AX42: 36.968732 | AY42: 32.402935 | AZ42: 42.629632 | BA42: 47.870083 | BB42: 56.961651 | BC42: 58.457354 | BD42: 56.940253 | BE42: 57.665073 | BF42: 51.397475 | BG42: 47.968786 | BH42: 43.037231 | BI42: 35.93098 | BJ42: 34.352546 | BK42: 29.816676 | BL42: 40.071929 | BM42: 45.340742 | BN42: 54.462258 | BO42: 55.991595 | BP42: 54.513762 | BQ42: 55.284637 | BR42: 49.069534 | BS42: 45.697303 | BT42: 40.821327 | BU42: 33.763054 | BV42: 32.217859 | BW42: 27.695299 | BX42: 37.943346 | BY42: 43.19044 | BZ42: 52.288502 | CA42: 53.809794 | CB42: 52.35597 | CC42: 53.193079 | CD42: 47.085341 | CE42: 43.847714 | CF42: 39.109866 | CG42: 32.166248 | CH42: 30.686324 | CI42: 26.163481 | CJ42: 36.342189 | CK42: 41.445181 | CL42: 50.35613 | CM42: 51.687151 | CN42: 50.033662 | CO42: 50.891227 | CP42: 44.828511 | CQ42: 41.890073 | CR42: 38.696015 | CS42: 30.882415 | CT42: 30.502261 | CU42: 29.570241 | CV42: 1 | CW42: 1402
C43: Actual | CV43: 0 | CW43: 0
A44: Rr1402 | B44: desl | C44: Forecast | D44: 74.359176 | E44: 78.6045 | F44: 83.570549 | G44: 74.955016 | H44: 77.946229 | I44: 69.141854 | J44: 68.621517 | K44: 67.243105 | L44: 57.038496 | M44: 61.787386 | N44: 57.177291 | O44: 54.931312 | P44: 57.376889 | Q44: 59.741291 | R44: 71.285173 | S44: 64.508347 | T44: 69.6545 | U44: 62.187808 | V44: 62.274014 | W44: 60.998037 | X44: 50.65853 | Y44: 55.294271 | Z44: 50.76246 | AA44: 48.836693 | AB44: 51.758709 | AC44: 54.620918 | AD44: 66.564034 | AE44: 60.022159 | AF44: 65.241975 | AG44: 57.739287 | AH44: 57.746197 | AI44: 56.401785 | AJ44: 46.033424 | AK44: 50.684963 | AL44: 46.205213 | AM44: 44.355652 | AN44: 47.367467 | AO44: 50.325162 | AP44: 62.362962 | AQ44: 55.908731 | AR44: 61.203506 | AS44: 53.759584 | AT44: 53.809203 | AU44: 52.495515 | AV44: 42.152634 | AW44: 46.831542 | AX44: 42.386345 | AY44: 40.580682 | AZ44: 43.644746 | BA44: 46.659926 | BB44: 58.756678 | BC44: 52.359715 | BD44: 57.708236 | BE44: 50.314061 | BF44: 50.409909 | BG44: 49.139817 | BH44: 38.83874 | BI44: 43.558217 | BJ44: 39.152631 | BK44: 37.385774 | BL44: 40.488066 | BM44: 43.541357 | BN44: 55.676854 | BO44: 49.320235 | BP44: 54.711646 | BQ44: 47.363507 | BR44: 47.508419 | BS44: 46.289288 | BT44: 36.038854 | BU44: 40.805618 | BV44: 36.440743 | BW44: 34.705531 | BX44: 37.829676 | BY44: 40.896875 | BZ44: 53.042942 | CA44: 46.700333 | CB44: 52.116788 | CC44: 44.811181 | CD44: 45.019218 | CE44: 43.881937 | CF44: 33.724283 | CG44: 38.581366 | CH44: 34.289374 | CI44: 32.593504 | CJ44: 35.706417 | CK44: 38.726046 | CL44: 50.796461 | CM44: 44.342819 | CN44: 49.710838 | CO44: 42.373272 | CP44: 42.664732 | CQ44: 42.004993 | CR44: 31.282322 | CS44: 37.55877 | CT44: 33.744054 | CU44: 27.171701 | CV44: -1 | CW44: 1402
C45: Actual | CV45: 0 | CW45: 0
A46: Pa1501 | B46: adm | C46: Forecast | D46: 933.04056 | E46: 1023.4543 | F46: 1176.2761 | G46: 1159.188 | H46: 1097.3115 | I46: 1136.3867 | J46: 1049.191 | K46: 1083.5608 | L46: 1066.2059 | M46: 989.8237 | N46: 1025.9536 | O46: 856.21063 | P46: 975.96119 | Q46: 1002.9157 | R46: 1145.1672 | S46: 1134.4978 | T46: 1056.6727 | U46: 1077.5258 | V46: 979.69285 | W46: 1009.9171 | X46: 997.37003 | Y46: 933.31386 | Z46: 983.98564 | AA46: 825.5321 | AB46: 950.23071 | AC46: 975.4659 | AD46: 1111.4412 | AE46: 1093.2352 | AF46: 1009.4257 | AG46: 1027.2644 | AH46: 929.37985 | AI46: 961.59053 | AJ46: 951.90907 | AK46: 890.69178 | AL46: 943.68688 | AM46: 786.90059 | AN46: 912.65263 | AO46: 938.41186 | AP46: 1074.4604 | AQ46: 1055.9737 | AR46: 971.68003 | AS46: 989.03177 | AT46: 890.86302 | AU46: 923.13669 | AV46: 913.90154 | AW46: 853.43705 | AX46: 907.33912 | AY46: 751.44633 | AZ46: 877.95093 | BA46: 904.26508 | BB46: 1040.6843 | BC46: 1022.4436 | BD46: 938.34344 | BE46: 955.89436 | BF46: 857.96037 | BG46: 890.50712 | BH46: 881.56943 | BI46: 821.40978 | BJ46: 875.61487 | BK46: 720.02696 | BL46: 846.85375 | BM46: 873.5291 | BN46: 1010.3685 | BO46: 992.61667 | BP46: 909.06637 | BQ46: 927.19747 | BR46: 829.81898 | BS46: 862.82202 | BT46: 854.16153 | BU46: 794.0394 | BV46: 848.03279 | BW46: 692.05399 | BX46: 818.47014 | BY46: 844.94209 | BZ46: 982.02147 | CA46: 965.11224 | CB46: 883.00271 | CC46: 902.95796 | CD46: 807.39094 | CE46: 841.72521 | CF46: 833.52924 | CG46: 772.82133 | CH46: 825.24031 | CI46: 667.03605 | CJ46: 791.04117 | CK46: 815.18659 | CL46: 950.82512 | CM46: 934.11067 | CN46: 853.3767 | CO46: 878.01626 | CP46: 789.3056 | CQ46: 833.33607 | CR46: 844.27298 | CS46: 758.66129 | CT46: 821.08464 | CU46: 707.37888 | CV46: 1 | CW46: 1501
C47: Actual | CV47: 0 | CW47: 0
A48: Pa1501 | B48: desl | C48: Forecast | D48: 1367.7956 | E48: 1294.9805 | F48: 1380.9688 | G48: 1227.6076 | H48: 1248.733 | I48: 1087.3776 | J48: 1021.9692 | K48: 1061.8808 | L48: 964.33555 | M48: 1140.3008 | N48: 1282.8081 | O48: 1366.8547 | P48: 1394.0956 | Q48: 1269.0722 | R48: 1344.4625 | S48: 1175.995 | T48: 1174.6399 | U48: 1000.8548 | V48: 921.53784 | W48: 954.00921 | X48: 859.88129 | Y48: 1048.1935 | Z48: 1207.8586 | AA48: 1307.4362 | AB48: 1343.6986 | AC48: 1219.6499 | AD48: 1289.6365 | AE48: 1112.848 | AF48: 1103.7597 | AG48: 925.11676 | AH48: 844.4608 | AI48: 878.47185 | AJ48: 787.5356 | AK48: 979.50158 | AL48: 1142.4831 | AM48: 1244.6739 | AN48: 1282.7686 | AO48: 1159.8199 | AP48: 1230.2637 | AQ48: 1053.414 | AR48: 1043.9303 | AS48: 864.80151 | AT48: 783.82902 | AU48: 817.89725 | AV48: 727.48016 | AW48: 920.37941 | AX48: 1084.5539 | AY48: 1187.9994 | AZ48: 1227.2376 | BA48: 1105.219 | BB48: 1176.3601 | BC48: 1000.0206 | BD48: 990.93587 | BE48: 812.16801 | BF48: 731.56769 | BG48: 766.04033 | BH48: 676.06025 | BI48: 869.42196 | BJ48: 1034.0811 | BK48: 1138.0399 | BL48: 1177.8348 | BM48: 1056.4342 | BN48: 1128.2674 | BO48: 952.69319 | BP48: 944.4253 | BQ48: 766.47882 | BR48: 686.6323 | BS48: 721.70209 | BT48: 632.0763 | BU48: 825.49759 | BV48: 989.94123 | BW48: 1093.5287 | BX48: 1133.0164 | BY48: 1011.6536 | BZ48: 1084.1278 | CA48: 909.9269 | CB48: 903.67508 | CC48: 728.05373 | CD48: 650.32928 | CE48: 686.77892 | CF48: 597.4039 | CG48: 789.82792 | CH48: 952.24792 | CI48: 1053.235 | CJ48: 1089.9357 | CK48: 966.3326 | CL48: 1037.768 | CM48: 863.95992 | CN48: 861.31431 | CO48: 690.94559 | CP48: 623.55828 | CQ48: 679.43368 | CR48: 581.59793 | CS48: 796.42098 | CT48: 969.81621 | CU48: 920.07047 | CV48: -1 | CW48: 1501
C49: Actual | CV49: 0 | CW49: 0
A50: Pa1502 | B50: adm | C50: Forecast | D50: 110.62206 | E50: 131.62758 | F50: 144.45445 | G50: 144.92956 | H50: 136.97213 | I50: 155.96441 | J50: 145.14908 | K50: 148.50451 | L50: 155.02849 | M50: 129.49608 | N50: 117.59527 | O50: 91.990977 | P50: 122.5101 | Q50: 136.41055 | R50: 149.13469 | S50: 151.64321 | T50: 143.94691 | U50: 162.15516 | V50: 151.08262 | W50: 154.44549 | X50: 161.23741 | Y50: 136.28997 | Z50: 124.89694 | AA50: 99.528748 | AB50: 130.00778 | AC50: 143.649 | AD50: 156.01229 | AE50: 158.1915 | AF50: 150.27561 | AG50: 168.38548 | AH50: 157.3024 | AI50: 160.69175 | AJ50: 167.50603 | AK50: 142.55781 | AL50: 131.13887 | AM50: 105.72516 | AN50: 136.14486 | AO50: 149.71571 | AP50: 161.99838 | AQ50: 164.08868 | AR50: 156.08044 | AS50: 174.10159 | AT50: 162.94013 | AU50: 166.26503 | AV50: 173.02789 | AW50: 148.03657 | AX50: 136.57651 | AY50: 111.11813 | AZ50: 141.48663 | BA50: 154.99969 | BB50: 167.22018 | BC50: 169.247 | BD50: 161.17676 | BE50: 179.13899 | BF50: 167.92192 | BG50: 171.19375 | BH50: 177.90469 | BI50: 152.86125 | BJ50: 141.3479 | BK50: 115.83479 | BL50: 146.14766 | BM50: 159.60547 | BN50: 171.77289 | BO50: 173.75065 | BP50: 165.63657 | BQ50: 183.56017 | BR50: 172.30793 | BS50: 175.54462 | BT50: 182.21603 | BU50: 157.12447 | BV50: 145.55205 | BW50: 119.96972 | BX50: 150.20748 | BY50: 163.59137 | BZ50: 175.69438 | CA50: 177.62483 | CB50: 169.48501 | CC50: 187.40416 | CD50: 176.16361 | CE50: 179.41894 | CF50: 186.1048 | CG50: 161.00765 | CH50: 149.38205 | CI50: 123.69498 | CJ50: 153.78199 | CK50: 166.92545 | CL50: 178.82879 | CM50: 180.61963 | CN50: 172.32119 | CO50: 190.64025 | CP50: 178.86342 | CQ50: 183.03879 | CR50: 193.18246 | CS50: 157.261 | CT50: 150.80473 | CU50: 147.79532 | CV50: 1 | CW50: 1502
C51: Actual | CV51: 0 | CW51: 0
A52: Pa1502 | B52: desl | C52: Forecast | D52: 151.26516 | E52: 155.95621 | F52: 170.10363 | G52: 159.72237 | H52: 168.88654 | I52: 158.04277 | J52: 168.76985 | K52: 180.63018 | L52: 168.68883 | M52: 192.40782 | N52: 204.48953 | O52: 202.37704 | P52: 186.01717 | Q52: 170.02061 | R52: 176.85675 | S52: 161.71197 | T52: 169.22083 | U52: 159.34452 | V52: 171.98462 | W52: 185.66763 | X52: 174.78032 | Y52: 198.39835 | Z52: 209.39163 | AA52: 205.74058 | AB52: 187.96038 | AC52: 171.07625 | AD52: 177.70582 | AE52: 162.90651 | AF52: 171.03337 | AG52: 161.77115 | AH52: 174.84433 | AI52: 188.72593 | AJ52: 177.83898 | AK52: 201.33078 | AL52: 212.13817 | AM52: 208.28745 | AN52: 190.32036 | AO52: 173.27893 | AP52: 179.79487 | AQ52: 164.93661 | AR52: 173.06183 | AS52: 163.84533 | AT52: 176.98979 | AU52: 190.94108 | AV52: 180.09866 | AW52: 203.5969 | AX52: 214.3729 | AY52: 210.46384 | AZ52: 192.42724 | BA52: 175.31978 | BB52: 181.78244 | BC52: 166.88642 | BD52: 174.98703 | BE52: 165.75425 | BF52: 178.88621 | BG52: 192.8261 | BH52: 181.97289 | BI52: 205.46185 | BJ52: 216.23109 | BK52: 212.31777 | BL52: 194.27765 | BM52: 177.16395 | BN52: 183.61317 | BO52: 168.69211 | BP52: 176.75312 | BQ52: 167.46599 | BR52: 180.53251 | BS52: 194.40401 | BT52: 183.49181 | BU52: 206.94607 | BV52: 217.71878 | BW52: 213.85472 | BX52: 195.90543 | BY52: 178.90444 | BZ52: 185.45381 | CA52: 170.57786 | CB52: 178.59125 | CC52: 169.14706 | CD52: 181.96367 | CE52: 195.54415 | CF52: 184.37362 | CG52: 207.67639 | CH52: 218.46407 | CI52: 214.78916 | CJ52: 197.17634 | CK52: 180.66191 | CL52: 187.68323 | CM52: 173.19049 | CN52: 181.54716 | CO52: 171.71024 | CP52: 184.80328 | CQ52: 197.11772 | CR52: 181.2183 | CS52: 212.29131 | CT52: 219.98027 | CU52: 194.45713 | CV52: -1 | CW52: 1502
C53: Actual | CV53: 0 | CW53: 0
A54: Pa1503 | B54: adm | C54: Forecast | D54: 9259.8665 | E54: 9341.8378 | F54: 9986.1584 | G54: 10295.441 | H54: 10041.059 | I54: 10363.836 | J54: 9829.267 | K54: 9952.2949 | L54: 9950.9729 | M54: 9280.9417 | N54: 9370.9468 | O54: 8474.5882 | P54: 8884.678 | Q54: 8966.2999 | R54: 9689.4211 | S54: 10050.56 | T54: 9742.3684 | U54: 9975.7618 | V54: 9357.4414 | W54: 9422.3919 | X54: 9408.7462 | Y54: 8779.1848 | Z54: 8939.4799 | AA54: 8114.8235 | AB54: 8576.5062 | AC54: 8678.7065 | AD54: 9393.8306 | AE54: 9730.2738 | AF54: 9394.2334 | AG54: 9606.4874 | AH54: 8977.9468 | AI54: 9042.9603 | AJ54: 9036.5308 | AK54: 8417.9138 | AL54: 8590.2942 | AM54: 7777.291 | AN54: 8249.2709 | AO54: 8359.7345 | AP54: 9080.5592 | AQ54: 9419.9447 | AR54: 9084.4383 | AS54: 9295.7346 | AT54: 8665.9902 | AU54: 8730.7341 | AV54: 8725.7203 | AW54: 8110.3489 | AX54: 8287.403 | AY54: 7479.7888 | AZ54: 7957.1406 | BA54: 8072.434 | BB54: 8797.324 | BC54: 9140.0577 | BD54: 8807.3854 | BE54: 9021.233 | BF54: 8393.9257 | BG54: 8461.0657 | BH54: 8458.4043 | BI54: 7845.3116 | BJ54: 8024.5636 | BK54: 7219.1175 | BL54: 7698.7258 | BM54: 7816.5322 | BN54: 8544.373 | BO54: 8890.6355 | BP54: 8562.1077 | BQ54: 8780.5899 | BR54: 8158.0768 | BS54: 8229.6382 | BT54: 8230.3675 | BU54: 7619.0168 | BV54: 7798.0237 | BW54: 6990.5294 | BX54: 7467.1363 | BY54: 7582.4447 | BZ54: 8310.0394 | CA54: 8659.8101 | CB54: 8339.1923 | CC54: 8569.3393 | CD54: 7960.2775 | CE54: 8044.2547 | CF54: 8053.4915 | CG54: 7444.5493 | CH54: 7618.7244 | CI54: 6799.6386 | CJ54: 7259.3814 | CK54: 7353.9077 | CL54: 8063.3627 | CM54: 8403.4182 | CN54: 8082.1244 | CO54: 8341.0539 | CP54: 7773.7407 | CQ54: 7930.57 | CR54: 8069.2245 | CS54: 7288.6203 | CT54: 7586.8347 | CU54: 7091.1054 | CV54: 1 | CW54: 1503
C55: Actual | CV55: 0 | CW55: 0
A56: Pa1503 | B56: desl | C56: Forecast | D56: 11277.227 | E56: 10737.004 | F56: 11271.629 | G56: 10800.923 | H56: 10985.834 | I56: 10053.726 | J56: 9909.9219 | K56: 10209.212 | L56: 9558.3234 | M56: 10542.414 | N56: 11172.8 | O56: 11408.067 | P56: 10791.462 | Q56: 10173.461 | R56: 10810.123 | S56: 10222.459 | T56: 10334.04 | U56: 9360.8871 | V56: 9156.4502 | W56: 9422.5548 | X56: 8774.2041 | Y56: 9791.8677 | Z56: 10474.007 | AA56: 10759.406 | AB56: 10176.144 | AC56: 9569.4468 | AD56: 10199.717 | AE56: 9597.0619 | AF56: 9694.0479 | AG56: 8712.4678 | AH56: 8507.4614 | AI56: 8779.6329 | AJ56: 8141.5062 | AK56: 9171.1601 | AL56: 9865.4631 | AM56: 10162.373 | AN56: 9589.5113 | AO56: 8991.7388 | AP56: 9629.1696 | AQ56: 9031.8531 | AR56: 9132.6745 | AS56: 8154.1037 | AT56: 7952.1254 | AU56: 8228.0845 | AV56: 7594.9161 | AW56: 8630.697 | AX56: 9331.955 | AY56: 9636.1475 | AZ56: 9070.4265 | BA56: 8479.3497 | BB56: 9122.9266 | BC56: 8531.259 | BD56: 8637.3589 | BE56: 7663.8204 | BF56: 7466.7087 | BG56: 7747.4036 | BH56: 7118.8562 | BI56: 8159.174 | BJ56: 8864.9519 | BK56: 9173.7532 | BL56: 8612.8569 | BM56: 8026.9402 | BN56: 8676.0897 | BO56: 8090.4082 | BP56: 8202.8005 | BQ56: 7235.6228 | BR56: 7044.5695 | BS56: 7330.5574 | BT56: 6706.0844 | BU56: 7748.9793 | BV56: 8455.9229 | BW56: 8765.0664 | BX56: 8204.7734 | BY56: 7621.0886 | BZ56: 8275.3278 | CA56: 7698.167 | CB56: 7822.029 | CC56: 6867.6717 | CD56: 6688.4415 | CE56: 6982.897 | CF56: 6361.9288 | CG56: 7402.8925 | CH56: 8103.4431 | CI56: 8403.318 | CJ56: 7831.7491 | CK56: 7238.8887 | CL56: 7888.7908 | CM56: 7311.8058 | CN56: 7453.3857 | CO56: 6524.3449 | CP56: 6404.9088 | CQ56: 6807.7202 | CR56: 6089.1065 | CS56: 7327.5479 | CT56: 8074.6818 | CU56: 7315.0344 | CV56: -1 | CW56: 1503
C57: Actual | CV57: 0 | CW57: 0
A58: Pa1504 | B58: adm | C58: Forecast | D58: 1413.7969 | E58: 1437.1135 | F58: 1630.369 | G58: 1627.6257 | H58: 1557.8736 | I58: 1576.5816 | J58: 1404.4671 | K58: 1467.9892 | L58: 1460.0235 | M58: 1308.7705 | N58: 1372.5493 | O58: 1120.4659 | P58: 1258.7063 | Q58: 1204.8783 | R58: 1478.4874 | S58: 1522.6098 | T58: 1445.5839 | U58: 1450.3088 | V58: 1264.5856 | W58: 1318.5782 | X58: 1315.0936 | Y58: 1182.1008 | Z58: 1270.453 | AA58: 1040.217 | AB58: 1191.3761 | AC58: 1139.6761 | AD58: 1407.0487 | AE58: 1441.378 | AF58: 1355.5252 | AG58: 1355.0445 | AH58: 1168.2365 | AI58: 1224.2525 | AJ58: 1224.3787 | AK58: 1095.3172 | AL58: 1187.2042 | AM58: 959.86374 | AN58: 1113.2628 | AO58: 1063.1531 | AP58: 1331.4426 | AQ58: 1366.0315 | AR58: 1279.9192 | AS58: 1278.9375 | AT58: 1091.7344 | AU58: 1147.7598 | AV58: 1148.4492 | AW58: 1020.4683 | AX58: 1113.7698 | AY58: 887.93412 | AZ58: 1042.7161 | BA58: 993.74677 | BB58: 1262.9175 | BC58: 1298.1882 | BD58: 1212.6486 | BE58: 1212.2095 | BF58: 1025.5629 | BG58: 1082.1657 | BH58: 1083.4376 | BI58: 956.02546 | BJ58: 1049.8759 | BK58: 824.58415 | BL58: 979.93938 | BM58: 931.61805 | BN58: 1201.5564 | BO58: 1237.7444 | BP58: 1153.2723 | BQ58: 1154.0084 | BR58: 968.54883 | BS58: 1026.2036 | BT58: 1028.2159 | BU58: 901.07462 | BV58: 994.65626 | BW58: 768.64272 | BX58: 923.10184 | BY58: 874.15209 | BZ58: 1144.2263 | CA58: 1181.6925 | CB58: 1099.7203 | CC58: 1103.8509 | CD58: 921.9893 | CE58: 982.59131 | CF58: 986.16107 | CG58: 858.76697 | CH58: 950.24756 | CI58: 720.68579 | CJ58: 870.62819 | CK58: 816.49126 | CL58: 1082.4538 | CM58: 1118.1483 | CN58: 1036.865 | CO58: 1049.4699 | CP58: 879.64731 | CQ58: 963.92456 | CR58: 1001.5852 | CS58: 817.45596 | CT58: 948.20386 | CU58: 781.34451 | CV58: 1 | CW58: 1504
C59: Actual | CV59: 0 | CW59: 0
A60: Pa1504 | B60: desl | C60: Forecast | D60: 1890.8616 | E60: 1817.1466 | F60: 1956.8445 | G60: 1752.9416 | H60: 1840.3733 | I60: 1670.0596 | J60: 1623.0069 | K60: 1609.3431 | L60: 1460.1895 | M60: 1606.9816 | N60: 1644.4625 | O60: 1659.7136 | P60: 1766.5706 | Q60: 1647.1822 | R60: 1789.1936 | S60: 1577.9243 | T60: 1669.0959 | U60: 1501.5437 | V60: 1451.219 | W60: 1434.3391 | X60: 1285.2759 | Y60: 1436.9847 | Z60: 1484.4844 | AA60: 1512.2049 | AB60: 1630.3434 | AC60: 1518.2878 | AD60: 1662.8021 | AE60: 1450.1173 | AF60: 1537.9008 | AG60: 1367.0061 | AH60: 1314.7452 | AI60: 1297.8091 | AJ60: 1150.322 | AK60: 1304.6252 | AL60: 1355.104 | AM60: 1385.7307 | AN60: 1506.4529 | AO60: 1396.5571 | AP60: 1542.784 | AQ60: 1331.3835 | AR60: 1420.0844 | AS60: 1249.8534 | AT60: 1198.1596 | AU60: 1181.8621 | AV60: 1035.2189 | AW60: 1190.6337 | AX60: 1242.4711 | AY60: 1274.6173 | AZ60: 1396.9052 | BA60: 1288.5186 | BB60: 1436.1336 | BC60: 1225.9826 | BD60: 1315.8137 | BE60: 1146.6315 | BF60: 1095.9431 | BG60: 1080.6348 | BH60: 934.97763 | BI60: 1091.3793 | BJ60: 1144.2057 | BK60: 1177.3475 | BL60: 1300.6482 | BM60: 1193.3055 | BN60: 1342.0103 | BO60: 1133.0045 | BP60: 1224.0347 | BQ60: 1056.0881 | BR60: 1006.6348 | BS60: 992.50335 | BT60: 847.89382 | BU60: 1005.1454 | BV60: 1058.5846 | BW60: 1092.1216 | BX60: 1215.6991 | BY60: 1108.6917 | BZ60: 1258.0088 | CA60: 1050.0822 | CB60: 1142.7385 | CC60: 976.87298 | CD60: 929.68518 | CE60: 917.62147 | CF60: 774.50574 | CG60: 932.42404 | CH60: 985.67252 | CI60: 1018.3062 | CJ60: 1140.4785 | CK60: 1032.0555 | CL60: 1180.2182 | CM60: 971.50671 | CN60: 1064.999 | CO60: 901.15278 | CP60: 861.18401 | CQ60: 862.23739 | CR60: 718.73904 | CS60: 900.57476 | CT60: 955.63759 | CU60: 887.6068 | CV60: -1 | CW60: 1504
C61: Actual | CV61: 0 | CW61: 0
A62: Pa1505 | B62: adm | C62: Forecast | D62: 1165.9253 | E62: 1566.7767 | F62: 1965.101 | G62: 2048.5098 | H62: 1980.4114 | I62: 2002.245 | J62: 1750.143 | K62: 1645.7893 | L62: 1526.012 | M62: 1273.0494 | N62: 1199.936 | O62: 980.1352 | P62: 1338.3094 | Q62: 1618.2973 | R62: 2004.6836 | S62: 2090.8358 | T62: 1996.0134 | U62: 1965.2006 | V62: 1662.3866 | W62: 1521.2352 | X62: 1386.046 | Y62: 1144.243 | Z62: 1102.3397 | AA62: 920.47892 | AB62: 1310.0146 | AC62: 1606.4414 | AD62: 1993.4373 | AE62: 2069.2463 | AF62: 1959.8655 | AG62: 1915.9005 | AH62: 1604.5256 | AI62: 1460.1118 | AJ62: 1325.9835 | AK62: 1087.9686 | AL62: 1051.1412 | AM62: 874.64594 | AN62: 1269.1872 | AO62: 1569.7638 | AP62: 1959.646 | AQ62: 2036.8462 | AR62: 1927.4272 | AS62: 1882.3902 | AT62: 1569.5372 | AU62: 1423.9041 | AV62: 1289.3132 | AW62: 1051.7933 | AX62: 1016.3122 | AY62: 841.69644 | AZ62: 1238.2681 | BA62: 1540.712 | BB62: 1932.1272 | BC62: 2010.5022 | BD62: 1901.9769 | BE62: 1857.6653 | BF62: 1545.462 | BG62: 1400.4482 | BH62: 1266.4442 | BI62: 1029.4519 | BJ62: 994.41454 | BK62: 820.16369 | BL62: 1217.0701 | BM62: 1519.9145 | BN62: 1911.927 | BO62: 1991.2361 | BP62: 1884.0876 | BQ62: 1841.6139 | BR62: 1531.5886 | BS62: 1388.8035 | BT62: 1256.6431 | BU62: 1020.6194 | BV62: 985.29193 | BW62: 809.39862 | BX62: 1203.646 | BY62: 1503.5964 | BZ62: 1893.5574 | CA62: 1972.7245 | CB62: 1868.0264 | CC62: 1830.5974 | CD62: 1527.4548 | CE62: 1392.0646 | CF62: 1266.2813 | CG62: 1034.1852 | CH62: 999.11175 | CI62: 819.03399 | CJ62: 1204.259 | CK62: 1490.3089 | CL62: 1864.2071 | CM62: 1928.656 | CN62: 1814.8122 | CO62: 1785.5252 | CP62: 1505.0487 | CQ62: 1420.3579 | CR62: 1359.6909 | CS62: 1076.1013 | CT62: 1096.8429 | CU62: 1055.1833 | CV62: 1 | CW62: 1505
C63: Actual | CV63: 0 | CW63: 0
A64: Pa1505 | B64: desl | C64: Forecast | D64: 1982.6813 | E64: 1941.3854 | F64: 1973.2485 | G64: 1844.0733 | H64: 1937.6053 | I64: 1768.833 | J64: 1863.2671 | K64: 1890.8316 | L64: 1827.8363 | M64: 2086.3485 | N64: 2137.0049 | O64: 2129.69 | P64: 1978.337 | Q64: 1836.049 | R64: 1924.9603 | S64: 1763.0129 | T64: 1862.3539 | U64: 1697.6052 | V64: 1794.2791 | W64: 1824.2472 | X64: 1765.0361 | Y64: 2027.0838 | Z64: 2079.5175 | AA64: 2071.9129 | AB64: 1918.8917 | AC64: 1774.708 | AD64: 1862.1861 | AE64: 1699.6233 | AF64: 1799.3326 | AG64: 1635.8775 | AH64: 1734.4384 | AI64: 1766.4816 | AJ64: 1709.2222 | AK64: 1972.9398 | AL64: 2026.7247 | AM64: 2020.1809 | AN64: 1867.9922 | AO64: 1724.4993 | AP64: 1812.6224 | AQ64: 1650.7443 | AR64: 1751.2394 | AS64: 1588.7024 | AT64: 1688.3109 | AU64: 1721.4981 | AV64: 1665.4262 | AW64: 1930.3182 | AX64: 1985.22 | AY64: 1979.7133 | AZ64: 1828.4823 | BA64: 1685.8855 | BB64: 1774.8687 | BC64: 1613.8388 | BD64: 1715.187 | BE64: 1553.5142 | BF64: 1653.9966 | BG64: 1688.062 | BH64: 1632.8676 | BI64: 1898.636 | BJ64: 1954.4161 | BK64: 1949.7951 | BL64: 1799.4609 | BM64: 1657.7691 | BN64: 1747.6546 | BO64: 1587.5064 | BP64: 1689.6954 | BQ64: 1528.8068 | BR64: 1630.0108 | BS64: 1664.7424 | BT64: 1610.1782 | BU64: 1876.568 | BV64: 1932.993 | BW64: 1929.0745 | BX64: 1779.5355 | BY64: 1638.7615 | BZ64: 1729.697 | CA64: 1570.6986 | CB64: 1674.0501 | CC64: 1514.1951 | CD64: 1616.1325 | CE64: 1651.1573 | CF64: 1596.4191 | CG64: 1862.3466 | CH64: 1918.4599 | CI64: 1914.7855 | CJ64: 1766.2382 | CK64: 1627.4764 | CL64: 1720.8391 | CM64: 1564.0383 | CN64: 1668.9091 | CO64: 1507.3756 | CP64: 1612.9959 | CQ64: 1650.6857 | CR64: 1588.4647 | CS64: 1903.0167 | CT64: 1903.1669 | CU64: 1753.0512 | CV64: -1 | CW64: 1505
C65: Actual | CV65: 0 | CW65: 0
A66: Pa1506 | B66: adm | C66: Forecast | D66: 4902.024 | E66: 5849.1687 | F66: 7098.3139 | G66: 7532.5323 | H66: 7371.0363 | I66: 7793.1101 | J66: 7267.486 | K66: 7309.9615 | L66: 7206.2782 | M66: 6347.5735 | N66: 6158.4094 | O66: 4973.7313 | P66: 5707.4586 | Q66: 6097.7847 | R66: 7092.5505 | S66: 7443.2072 | T66: 7202.8063 | U66: 7546.1828 | V66: 6971.7318 | W66: 6978.8884 | X66: 6861.6594 | Y66: 6019.5269 | Z66: 5863.8353 | AA66: 4716.3903 | AB66: 5481.4838 | AC66: 5890.0851 | AD66: 6888.5268 | AE66: 7231.9656 | AF66: 6978.9686 | AG66: 7309.4684 | AH66: 6725.3965 | AI66: 6727.7708 | AJ66: 6610.6452 | AK66: 5772.6337 | AL66: 5623.7453 | AM66: 4484.3406 | AN66: 5257.3917 | AO66: 5672.7979 | AP66: 6676.1857 | AQ66: 7022.4724 | AR66: 6770.4691 | AS66: 7100.7359 | AT66: 6516.0185 | AU66: 6518.101 | AV66: 6401.5619 | AW66: 5565.206 | AX66: 5418.9186 | AY66: 4282.7291 | AZ66: 5059.2117 | BA66: 5477.9246 | BB66: 6484.2824 | BC66: 6833.1324 | BD66: 6583.3238 | BE66: 6915.5098 | BF66: 6332.5342 | BG66: 6336.2525 | BH66: 6221.2797 | BI66: 5386.4334 | BJ66: 5241.6086 | BK66: 4106.8614 | BL66: 4884.8251 | BM66: 5305.1515 | BN66: 6313.3717 | BO66: 6664.445 | BP66: 6417.2856 | BQ66: 6752.5149 | BR66: 6172.8027 | BS66: 6179.6734 | BT66: 6067.2922 | BU66: 5234.0159 | BV66: 5089.4357 | BW66: 3953.6393 | BX66: 4729.7357 | BY66: 5148.2722 | BZ66: 6155.9025 | CA66: 6508.5985 | CB66: 6265.7962 | CC66: 6607.872 | CD66: 6036.4688 | CE66: 6051.5767 | CF66: 5945.7489 | CG66: 5115.9763 | CH66: 4970.7261 | CI66: 3829.7064 | CJ66: 4596.2743 | CK66: 5000.6168 | CL66: 5994.2119 | CM66: 6337.261 | CN66: 6086.9773 | CO66: 6446.8957 | CP66: 5900.4435 | CQ66: 5958.7206 | CR66: 5982.3197 | CS66: 4942.6874 | CT66: 4901.6266 | CU66: 4269.9449 | CV66: 1 | CW66: 1506
C67: Actual | CV67: 0 | CW67: 0
A68: Pa1506 | B68: desl | C68: Forecast | D68: 8231.2809 | E68: 7724.0891 | F68: 8068.3601 | G68: 7614.0025 | H68: 7670.4852 | I68: 7024.0048 | J68: 6923.3041 | K68: 7265.9529 | L68: 6818.0096 | M68: 7702.8271 | N68: 8368.9935 | O68: 8495.5477 | P68: 8002.0963 | Q68: 7418.5399 | R68: 7798.8967 | S68: 7262.7743 | T68: 7238.2616 | U68: 6553.5495 | V68: 6409.8362 | W68: 6738.1354 | X68: 6306.1762 | Y68: 7229.5599 | Z68: 7942.3862 | AA68: 8107.0655 | AB68: 7631.7304 | AC68: 7045.1749 | AD68: 7408.5119 | AE68: 6851.4961 | AF68: 6810.8112 | AG68: 6119.1094 | AH68: 5977.6204 | AI68: 6314.6286 | AJ68: 5894.3445 | AK68: 6829.4964 | AL68: 7552.5809 | AM68: 7725.5036 | AN68: 7256.4522 | AO68: 6674.4248 | AP68: 7040.7615 | AQ68: 6485.5353 | AR68: 6445.9305 | AS68: 5755.2596 | AT68: 5615.4162 | AU68: 5955.1495 | AV68: 5538.792 | AW68: 6478.8385 | AX68: 7207.3134 | AY68: 7385.5987 | AZ68: 6921.4778 | BA68: 6343.7565 | BB68: 6713.7937 | BC68: 6161.8192 | BD68: 6125.2168 | BE68: 5437.4629 | BF68: 5300.5451 | BG68: 5643.2432 | BH68: 5229.8893 | BI68: 6172.9816 | BJ68: 6904.5738 | BK68: 7086.1022 | BL68: 6625.4121 | BM68: 6051.3522 | BN68: 6425.2795 | BO68: 5877.359 | BP68: 5844.8393 | BQ68: 5160.9961 | BR68: 5027.572 | BS68: 5373.1001 | BT68: 4961.7346 | BU68: 5905.9571 | BV68: 6638.0562 | BW68: 6819.9973 | BX68: 6360.3969 | BY68: 5788.9385 | BZ68: 6167.5861 | CA68: 5626.5618 | CB68: 5602.4122 | CC68: 4926.9986 | CD68: 4800.2723 | CE68: 5149.1808 | CF68: 4737.0715 | CG68: 5676.6967 | CH68: 6401.9309 | CI68: 6576.811 | CJ68: 6111.3127 | CK68: 5538.2968 | CL68: 5920.5675 | CM68: 5387.1385 | CN68: 5381.147 | CO68: 4720.972 | CP68: 4633.6077 | CQ68: 5048.6805 | CR68: 4555.8279 | CS68: 5662.6384 | CT68: 6377.1027 | CU68: 5696.5623 | CV68: -1 | CW68: 1506
C69: Actual | CV69: 0 | CW69: 0
A70: Ap1601 | B70: adm | C70: Forecast | D70: -4.205772 | E70: -0.98195708 | F70: 18.513041 | G70: 23.865973 | H70: 29.562742 | I70: 40.036041 | J70: 42.348418 | K70: 50.010559 | L70: 48.148401 | M70: 36.391987 | N70: 21.389341 | O70: -12.592038 | P70: -15.595458 | Q70: -12.890297 | R70: 12.559259 | S70: 23.459517 | T70: 32.60555 | U70: 44.38116 | V70: 47.121764 | W70: 54.749834 | X70: 52.730063 | Y70: 40.874316 | Z70: 25.775832 | AA70: -8.3392339 | AB70: -11.488038 | AC70: -8.9092531 | AD70: 16.466311 | AE70: 27.358996 | AF70: 36.551681 | AG70: 48.3975 | AH70: 51.198058 | AI70: 58.850443 | AJ70: 56.809804 | AK70: 44.894342 | AL70: 29.713282 | AM70: -4.4894902 | AN70: -7.7175036 | AO70: -5.2024586 | AP70: 20.125704 | AQ70: 30.984257 | AR70: 40.15133 | AS70: 51.975256 | AT70: 54.753639 | AU70: 62.380658 | AV70: 60.309703 | AW70: 48.358406 | AX70: 33.136618 | AY70: -1.1101179 | AZ70: -4.3830522 | BA70: -1.9115751 | BB70: 23.37611 | BC70: 34.198027 | BD70: 43.331979 | BE70: 55.125125 | BF70: 57.873508 | BG70: 65.469885 | BH70: 63.366766 | BI70: 51.38164 | BJ70: 36.124886 | BK70: 1.842969 | BL70: -1.4643909 | BM70: 0.97412077 | BN70: 26.23059 | BO70: 37.022942 | BP70: 46.128619 | BQ70: 57.894287 | BR70: 60.615371 | BS70: 68.183772 | BT70: 66.050847 | BU70: 54.032841 | BV70: 38.739437 | BW70: 4.4178456 | BX70: 1.0705934 | BY70: 3.4736429 | BZ70: 28.704156 | CA70: 39.48308 | CB70: 48.586154 | CC70: 60.352404 | CD70: 63.065792 | CE70: 70.608013 | CF70: 68.427461 | CG70: 56.34708 | CH70: 40.98867 | CI70: 6.6217412 | CJ70: 3.2581869 | CK70: 5.6341931 | CL70: 30.845596 | CM70: 41.603698 | CN70: 50.616964 | CO70: 62.469291 | CP70: 64.864432 | CQ70: 72.696291 | CR70: 72.060063 | CS70: 56.503022 | CT70: 42.824792 | CU70: 16.029093 | CV70: 1 | CW70: 1601
C71: Actual | CV71: 0 | CW71: 0
A72: Ap1601 | B72: desl | C72: Forecast | D72: 42.899604 | E72: 29.293211 | F72: 14.785654 | G72: 16.851547 | H72: 28.864499 | I72: 19.558449 | J72: 30.065304 | K72: 40.355285 | L72: 38.913159 | M72: 64.26217 | N72: 78.162508 | O72: 104.08536 | P72: 65.65837 | Q72: 36.986235 | R72: 14.435622 | S72: 12.728579 | T72: 25.39458 | U72: 18.509829 | V72: 31.175131 | W72: 43.378174 | X72: 43.067096 | Y72: 68.793079 | Z72: 82.489282 | AA72: 107.86808 | AB72: 68.765707 | AC72: 39.527455 | AD72: 16.666032 | AE72: 14.931155 | AF72: 27.783102 | AG72: 21.185206 | AH72: 34.128547 | AI72: 46.530659 | AJ72: 46.31415 | AK72: 72.037843 | AL72: 85.660508 | AM72: 110.92484 | AN72: 71.693883 | AO72: 42.333867 | AP72: 19.372596 | AQ72: 17.56914 | AR72: 30.386802 | AS72: 23.785025 | AT72: 36.744796 | AU72: 49.169987 | AV72: 48.969838 | AW72: 74.693722 | AX72: 88.296959 | AY72: 113.52476 | AZ72: 74.246788 | BA72: 44.837135 | BB72: 21.830159 | BC72: 19.988547 | BD72: 32.775996 | BE72: 26.149919 | BF72: 39.088206 | BG72: 51.491924 | BH72: 51.268733 | BI72: 76.967981 | BJ72: 90.546283 | BK72: 115.75082 | BL72: 76.453049 | BM72: 47.027954 | BN72: 24.009245 | BO72: 22.157223 | BP72: 34.931684 | BQ72: 28.285374 | BR72: 41.192029 | BS72: 53.550711 | BT72: 53.270846 | BU72: 78.908266 | BV72: 92.430383 | BW72: 117.59728 | BX72: 78.291622 | BY72: 48.893395 | BZ72: 25.931236 | CA72: 24.149096 | CB72: 36.981943 | CC72: 30.356066 | CD72: 43.225192 | CE72: 55.481402 | CF72: 55.042744 | CG72: 80.487365 | CH72: 93.823097 | CI72: 118.85206 | CJ72: 79.474473 | CK72: 50.153132 | CL72: 27.404936 | CM72: 25.881246 | CN72: 39.266755 | CO72: 32.860365 | CP72: 45.991277 | CQ72: 59.06309 | CR72: 53.966434 | CS72: 86.076713 | CT72: 102.07006 | CU72: 100.76553 | CV72: -1 | CW72: 1601
C73: Actual | CV73: 0 | CW73: 0
A74: Ap1602 | B74: adm | C74: Forecast | D74: 1217.4488 | E74: 1315.4923 | F74: 1519.1869 | G74: 1583.0899 | H74: 1533.6171 | I74: 1582.9466 | J74: 1496.6832 | K74: 1565.5903 | L74: 1493.8416 | M74: 1442.1557 | N74: 1466.172 | O74: 1193.7714 | P74: 1191.1095 | Q74: 1234.6512 | R74: 1451.6364 | S74: 1501.1152 | T74: 1435.2186 | U74: 1462.0548 | V74: 1355.154 | W74: 1411.7733 | X74: 1336.7631 | Y74: 1293.2813 | Z74: 1331.0326 | AA74: 1072.9226 | AB74: 1080.7158 | AC74: 1128.6835 | AD74: 1344.5368 | AE74: 1389.5783 | AF74: 1318.5147 | AG74: 1341.3793 | AH74: 1232.5809 | AI74: 1289.3489 | AJ74: 1216.0035 | AK74: 1175.0708 | AL74: 1215.735 | AM74: 960.54112 | AN74: 971.00558 | AO74: 1021.2105 | AP74: 1238.7326 | AQ74: 1284.8336 | AR74: 1214.3046 | AS74: 1237.3824 | AT74: 1128.7414 | AU74: 1185.8569 | AV74: 1113.2039 | AW74: 1073.3386 | AX74: 1115.3647 | AY74: 861.68419 | AZ74: 873.66511 | BA74: 925.28089 | BB74: 1144.0587 | BC74: 1191.2635 | BD74: 1121.7223 | BE74: 1145.7148 | BF74: 1037.9495 | BG74: 1095.919 | BH74: 1024.1026 | BI74: 985.0563 | BJ74: 1027.888 | BK74: 775.01406 | BL74: 787.82856 | BM74: 840.33868 | BN74: 1060.1056 | BO74: 1108.4181 | BP74: 1040.104 | BQ74: 1065.4094 | BR74: 958.96669 | BS74: 1018.1527 | BT74: 947.30971 | BU74: 908.87332 | BV74: 951.89873 | BW74: 698.86613 | BX74: 711.37291 | BY74: 763.74694 | BZ74: 983.91046 | CA74: 1033.4348 | CB74: 967.22921 | CC74: 995.34553 | CD74: 891.96237 | CE74: 953.86223 | CF74: 884.82313 | CG74: 846.88437 | CH74: 888.95993 | CI74: 633.67726 | CJ74: 642.90136 | CK74: 691.41763 | CL74: 908.32394 | CM74: 956.12844 | CN74: 890.53587 | CO74: 924.39121 | CP74: 832.29209 | CQ74: 913.69464 | CR74: 861.26492 | CS74: 812.68438 | CT74: 864.78332 | CU74: 596.76837 | CV74: 1 | CW74: 1602
C75: Actual | CV75: 0 | CW75: 0
A76: Ap1602 | B76: desl | C76: Forecast | D76: 1751.7697 | E76: 1745.1074 | F76: 1897.4579 | G76: 1717.1159 | H76: 1800.9345 | I76: 1625.4203 | J76: 1568.3724 | K76: 1619.5069 | L76: 1455.0348 | M76: 1662.9663 | N76: 1764.3265 | O76: 1802.5222 | P76: 1839.6073 | Q76: 1681.8247 | R76: 1825.4623 | S76: 1612.9497 | T76: 1672.2558 | U76: 1474.0537 | V76: 1396.108 | W76: 1431.0387 | X76: 1259.6835 | Y76: 1470.7096 | Z76: 1582.6768 | AA76: 1634.1842 | AB76: 1681.9397 | AC76: 1529.5016 | AD76: 1673.081 | AE76: 1456.9843 | AF76: 1511.7323 | AG76: 1310.0699 | AH76: 1230.7568 | AI76: 1266.4075 | AJ76: 1097.2644 | AK76: 1311.263 | AL76: 1426.4004 | AM76: 1480.9619 | AN76: 1531.5095 | AO76: 1381.5161 | AP76: 1527.1188 | AQ76: 1312.5797 | AR76: 1368.4501 | AS76: 1167.6042 | AT76: 1089.0055 | AU76: 1125.4838 | AV76: 957.43851 | AW76: 1172.8593 | AX76: 1289.6928 | AY76: 1346.1047 | AZ76: 1398.5203 | BA76: 1250.3051 | BB76: 1397.5417 | BC76: 1184.4888 | BD76: 1241.7274 | BE76: 1042.1716 | BF76: 964.81762 | BG76: 1002.5136 | BH76: 835.66606 | BI76: 1052.2684 | BJ76: 1170.2752 | BK76: 1227.8683 | BL76: 1281.4972 | BM76: 1134.5547 | BN76: 1283.1465 | BO76: 1071.5423 | BP76: 1130.3138 | BQ76: 932.33732 | BR76: 856.5391 | BS76: 895.66927 | BT76: 730.02516 | BU76: 947.51177 | BV76: 1066.0583 | BW76: 1123.9232 | BX76: 1177.7497 | BY76: 1031.215 | BZ76: 1180.7268 | CA76: 970.766 | CB76: 1031.9214 | CC76: 836.84158 | CD76: 764.01285 | CE76: 805.6533 | CF76: 641.59893 | CG76: 859.484 | CH76: 977.26541 | CI76: 1033.4364 | CJ76: 1084.8396 | CK76: 935.9176 | CL76: 1083.7147 | CM76: 872.82813 | CN76: 936.47833 | CO76: 745.68866 | CP76: 683.77761 | CQ76: 749.49827 | CR76: 576.24064 | CS76: 825.8608 | CT76: 959.21435 | CU76: 838.89835 | CV76: -1 | CW76: 1602
C77: Actual | CV77: 0 | CW77: 0
A78: To1701 | B78: adm | C78: Forecast | D78: 2442.0896 | E78: 2638.4441 | F78: 2909.8731 | G78: 2815.7593 | H78: 2727.6059 | I78: 2708.9451 | J78: 2559.3912 | K78: 2524.9765 | L78: 2411.8824 | M78: 2265.4189 | N78: 2216.7558 | O78: 1993.1465 | P78: 2319.894 | Q78: 2543.3607 | R78: 2853.0271 | S78: 2777.601 | T78: 2677.8649 | U78: 2631.0204 | V78: 2451.2346 | W78: 2400.6494 | X78: 2285.0222 | Y78: 2154.2622 | Z78: 2128.9197 | AA78: 1927.1287 | AB78: 2267.8169 | AC78: 2495.0703 | AD78: 2799.9981 | AE78: 2715.5639 | AF78: 2606.7294 | AG78: 2553.4132 | AH78: 2370.6692 | AI78: 2320.174 | AJ78: 2206.626 | AK78: 2078.9341 | AL78: 2056.957 | AM78: 1858.4123 | AN78: 2201.9462 | AO78: 2431.3993 | AP78: 2737.6835 | AQ78: 2653.7021 | AR78: 2544.5601 | AS78: 2490.5099 | AT78: 2307.0279 | AU78: 2256.1641 | AV78: 2142.8271 | AW78: 2015.931 | AX78: 1995.1721 | AY78: 1798.0248 | AZ78: 2142.9061 | BA78: 2373.508 | BB78: 2680.6949 | BC78: 2597.4047 | BD78: 2488.8186 | BE78: 2435.2657 | BF78: 2252.2729 | BG78: 2201.9063 | BH78: 2089.0634 | BI78: 1962.6373 | BJ78: 1942.3091 | BK78: 1745.5572 | BL78: 2090.8289 | BM78: 2321.8705 | BN78: 2629.617 | BO78: 2547.0746 | BP78: 2439.4667 | BQ78: 2387.1094 | BR78: 2205.4377 | BS78: 2156.3406 | BT78: 2044.4767 | BU78: 1918.4982 | BV78: 1897.9328 | BW78: 1700.2838 | BX78: 2044.2542 | BY78: 2274.0584 | BZ78: 2581.2062 | CA78: 2499.2112 | CB78: 2393.5491 | CC78: 2344.4045 | CD78: 2166.6931 | CE78: 2121.5287 | CF78: 2012.7422 | CG78: 1888.2592 | CH78: 1867.0535 | CI78: 1666.3483 | CJ78: 2004.7773 | CK78: 2226.9194 | CL78: 2526.3663 | CM78: 2438.5925 | CN78: 2330.4184 | CO78: 2288.6242 | CP78: 2127.6061 | CQ78: 2109.6425 | CR78: 2031.1075 | CS78: 1870.9581 | CT78: 1883.0385 | CU78: 1767.3694 | CV78: 1 | CW78: 1701
C79: Actual | CV79: 0 | CW79: 0
A80: To1701 | B80: desl | C80: Forecast | D80: 2682.9255 | E80: 2557.4647 | F80: 2764.3896 | G80: 2718.0774 | H80: 2747.8048 | I80: 2480.5903 | J80: 2451.6347 | K80: 2563.5454 | L80: 2384.3924 | M80: 2670.8545 | N80: 2879.0139 | O80: 2885.6527 | P80: 2555.9279 | Q80: 2396.2226 | R80: 2624.5514 | S80: 2575.9662 | T80: 2594.109 | U80: 2326.95 | V80: 2285.4924 | W80: 2392.435 | X80: 2219.1364 | Y80: 2522.4622 | Z80: 2752.3361 | AA80: 2778.024 | AB80: 2458.641 | AC80: 2299.5299 | AD80: 2521.4516 | AE80: 2463.927 | AF80: 2474.5699 | AG80: 2203.566 | AH80: 2162.1117 | AI80: 2271.8102 | AJ80: 2102.5332 | AK80: 2409.9519 | AL80: 2643.3689 | AM80: 2671.9016 | AN80: 2354.7174 | AO80: 2197.216 | AP80: 2420.1752 | AQ80: 2363.1533 | AR80: 2373.8984 | AS80: 2102.8427 | AT80: 2061.4795 | AU80: 2171.6571 | AV80: 2003.3567 | AW80: 2312.1956 | AX80: 2547.2995 | AY80: 2577.5646 | AZ80: 2261.9738 | BA80: 2105.8283 | BB80: 2329.8997 | BC80: 2273.8052 | BD80: 2285.3744 | BE80: 2015.1094 | BF80: 1974.5429 | BG80: 2085.5342 | BH80: 1918.06 | BI80: 2227.7326 | BJ80: 2463.6831 | BK80: 2494.8251 | BL80: 2180.1665 | BM80: 2025.0323 | BN80: 2250.2091 | BO80: 2195.3114 | BP80: 2208.1425 | BQ80: 1939.1482 | BR80: 1899.7719 | BS80: 2011.7582 | BT80: 1844.9673 | BU80: 2154.9366 | BV80: 2390.8178 | BW80: 2421.6836 | BX80: 2106.8418 | BY80: 1951.9996 | BZ80: 2178.2828 | CA80: 2125.449 | CB80: 2141.1305 | CC80: 1875.2793 | CD80: 1838.6449 | CE80: 1952.3132 | CF80: 1785.7592 | CG80: 2094.5227 | CH80: 2328.2177 | CI80: 2356.4618 | CJ80: 2038.7135 | CK80: 1881.6293 | CL80: 2106.6953 | CM80: 2053.7747 | CN80: 2074.1437 | CO80: 1813.2489 | CP80: 1794.2256 | CQ80: 1938.0737 | CR80: 1738.6932 | CS80: 2123.7669 | CT80: 2356.7753 | CU80: 2040.3036 | CV80: -1 | CW80: 1701
C81: Actual | CV81: 0 | CW81: 0
A82: To1702 | B82: adm | C82: Forecast | D82: 2215.2371 | E82: 2372.2849 | F82: 2910.2874 | G82: 2863.7125 | H82: 2853.0234 | I82: 2879.8391 | J82: 2694.428 | K82: 2654.8216 | L82: 2456.0386 | M82: 2238.9461 | N82: 2147.509 | O82: 1768.117 | P82: 2149.2761 | Q82: 2395.4872 | R82: 2883.2289 | S82: 2878.5442 | T82: 2835.7375 | U82: 2837.085 | V82: 2610.9905 | W82: 2544.8973 | X82: 2331.3659 | Y82: 2123.2813 | Z82: 2053.9278 | AA82: 1701.9152 | AB82: 2105.7787 | AC82: 2364.6937 | AD82: 2853.9332 | AE82: 2842.7629 | AF82: 2790.0158 | AG82: 2782.0885 | AH82: 2549.7785 | AI82: 2481.1704 | AJ82: 2268.2472 | AK82: 2062.8735 | AL82: 1997.3539 | AM82: 1649.5558 | AN82: 2057.4736 | AO82: 2319.8521 | AP82: 2811.6207 | AQ82: 2801.8534 | AR82: 2749.422 | AS82: 2741.0113 | AT82: 2507.8826 | AU82: 2438.6147 | AV82: 2225.5657 | AW82: 2020.7599 | AX82: 1956.4375 | AY82: 1610.2446 | AZ82: 2019.9004 | BA82: 2283.9167 | BB82: 2777.0882 | BC82: 2768.4589 | BD82: 2716.9463 | BE82: 2709.312 | BF82: 2476.8849 | BG82: 2408.2825 | BH82: 2195.8697 | BI82: 1991.6601 | BJ82: 1927.8848 | BK82: 1582.1988 | BL82: 1992.3588 | BM82: 2256.942 | BN82: 2750.8266 | BO82: 2743.1397 | BP82: 2692.8547 | BQ82: 2686.7305 | BR82: 2456.0066 | BS82: 2389.1091 | BT82: 2178.1254 | BU82: 1974.7605 | BV82: 1911.0029 | BW82: 1564.447 | BX82: 1973.0642 | BY82: 2235.9438 | BZ82: 2728.6884 | CA82: 2721.1655 | CB82: 2672.8461 | CC82: 2670.5158 | CD82: 2444.8783 | CE82: 2383.3639 | CF82: 2176.8696 | CG82: 1976.0105 | CH82: 1911.9926 | CI82: 1562.1511 | CJ82: 1964.5553 | CK82: 2218.5207 | CL82: 2701.7106 | CM82: 2686.2616 | CN82: 2632.7461 | CO82: 2635.5719 | CP82: 2424.2232 | CQ82: 2392.2395 | CR82: 2235.8905 | CS82: 2003.7484 | CT82: 1980.5308 | CU82: 1738.5354 | CV82: 1 | CW82: 1702
C83: Actual | CV83: 0 | CW83: 0
A84: To1702 | B84: desl | C84: Forecast | D84: 2512.8726 | E84: 2352.1748 | F84: 2578.4159 | G84: 2521.6059 | H84: 2616.4658 | I84: 2445.7513 | J84: 2517.3396 | K84: 2576.6105 | L84: 2454.7651 | M84: 2657.0331 | N84: 2708.2459 | O84: 2698.8401 | P84: 2415.7499 | Q84: 2360.5422 | R84: 2497.7853 | S84: 2467.0195 | T84: 2524.6273 | U84: 2353.7687 | V84: 2405.1238 | W84: 2460.3048 | X84: 2335.6407 | Y84: 2545.0848 | Z84: 2606.9749 | AA84: 2609.2742 | AB84: 2333.8513 | AC84: 2281.4366 | AD84: 2416.9233 | AE84: 2382.141 | AF84: 2435.7135 | AG84: 2262.4465 | AH84: 2313.5054 | AI84: 2370.1875 | AJ84: 2248.0793 | AK84: 2460.4191 | AL84: 2525.0784 | AM84: 2529.8248 | AN84: 2256.4864 | AO84: 2205.7991 | AP84: 2342.6565 | AQ84: 2308.8994 | AR84: 2363.2124 | AS84: 2190.5278 | AT84: 2242.1793 | AU84: 2299.6213 | AV84: 2178.5343 | AW84: 2392.1608 | AX84: 2458.297 | AY84: 2464.5935 | AZ84: 2192.7656 | BA84: 2143.4745 | BB84: 2281.5895 | BC84: 2248.9684 | BD84: 2304.3338 | BE84: 2132.6563 | BF84: 2185.2944 | BG84: 2243.7127 | BH84: 2123.5921 | BI84: 2338.1752 | BJ84: 2405.2646 | BK84: 2412.5269 | BL84: 2141.7 | BM84: 2093.4681 | BN84: 2232.7165 | BO84: 2201.3045 | BP84: 2257.9353 | BQ84: 2087.5355 | BR84: 2141.3961 | BS84: 2200.8983 | BT84: 2081.6414 | BU84: 2296.8156 | BV84: 2364.2333 | BW84: 2371.6576 | BX84: 2101.0135 | BY84: 2053.2316 | BZ84: 2193.4327 | CA84: 2163.6092 | CB84: 2222.4152 | CC84: 2054.5189 | CD84: 2110.7856 | CE84: 2172.1204 | CF84: 2053.7429 | CG84: 2268.6716 | CH84: 2334.8786 | CI84: 2340.4596 | CJ84: 2067.6024 | CK84: 2018.1348 | CL84: 2157.396 | CM84: 2127.8697 | CN84: 2190.9705 | CO84: 2026.3352 | CP84: 2093.8409 | CQ84: 2174.6844 | CR84: 2031.8005 | CS84: 2313.6367 | CT84: 2374.5029 | CU84: 2156.6284 | CV84: -1 | CW84: 1702
C85: Actual | CV85: 0 | CW85: 0
A86: Ma2101 | B86: adm | C86: Forecast | D86: 5356.6811 | E86: 5169.5167 | F86: 6206.0294 | G86: 6424.3061 | H86: 6466.6358 | I86: 6656.3376 | J86: 6157.7272 | K86: 6355.3607 | L86: 5843.2945 | M86: 5370.3645 | N86: 5495.5364 | O86: 4447.9142 | P86: 4757.0568 | Q86: 4700.6747 | R86: 5820.5268 | S86: 6023.1465 | T86: 5994.6081 | U86: 6105.7926 | V86: 5529.3038 | W86: 5650.6488 | X86: 5089.4708 | Y86: 4608.0845 | Z86: 4759.3297 | AA86: 3759.8888 | AB86: 4122.1801 | AC86: 4107.6637 | AD86: 5249.8735 | AE86: 5455.6081 | AF86: 5416.753 | AG86: 5512.1696 | AH86: 4921.4698 | AI86: 5034.4167 | AJ86: 4472.0279 | AK86: 3995.8852 | AL86: 4157.0212 | AM86: 3170.0933 | AN86: 3545.7084 | AO86: 3543.845 | AP86: 4696.929 | AQ86: 4911.0945 | AR86: 4878.0846 | AS86: 4977.1577 | AT86: 4388.7525 | AU86: 4503.6557 | AV86: 3943.8199 | AW86: 3471.4383 | AX86: 3637.7201 | AY86: 2657.1034 | AZ86: 3039.7284 | BA86: 3045.0473 | BB86: 4205.0557 | BC86: 4425.635 | BD86: 4398.4554 | BE86: 4502.83 | BF86: 3919.3099 | BG86: 4038.7949 | BH86: 3483.3256 | BI86: 3015.1597 | BJ86: 3185.5679 | BK86: 2209.0684 | BL86: 2595.911 | BM86: 2605.6829 | BN86: 3770.5183 | BO86: 3996.4075 | BP86: 3975.0563 | BQ86: 4085.6952 | BR86: 3508.6363 | BS86: 3634.3742 | BT86: 3084.416 | BU86: 2620.4696 | BV86: 2793.4212 | BW86: 1817.7812 | BX86: 2204.3317 | BY86: 2213.7561 | BZ86: 3379.6581 | CA86: 3609.4576 | CB86: 3595.7187 | CC86: 3717.5036 | CD86: 3153.7736 | CE86: 3292.7544 | CF86: 2753.3929 | CG86: 2295.2352 | CH86: 2467.9685 | CI86: 1486.2946 | CJ86: 1861.8554 | CK86: 1856.6415 | CL86: 3008.7844 | CM86: 3228.8153 | CN86: 3211.3999 | CO86: 3347.6583 | CP86: 2814.468 | CQ86: 3022.1149 | CR86: 2564.9876 | CS86: 2065.905 | CT86: 2394.3638 | CU86: 1371.6573 | CV86: 1 | CW86: 2101
C87: Actual | CV87: 0 | CW87: 0
A88: Ma2101 | B88: desl | C88: Forecast | D88: 7964.7836 | E88: 7538.2861 | F88: 8117.6817 | G88: 7608.71 | H88: 7687.1196 | I88: 7049.1628 | J88: 6634.7323 | K88: 6697.511 | L88: 5947.7476 | M88: 6492.5924 | N88: 6956.5966 | O88: 7214.4966 | P88: 7353.4761 | Q88: 7051.3034 | R88: 7551.4086 | S88: 7003.0424 | T88: 6996.8758 | U88: 6300.6059 | V88: 5795.0957 | W88: 5795.5744 | X88: 5009.9427 | Y88: 5555.4485 | Z88: 6046.2875 | AA88: 6344.6681 | AB88: 6520.5306 | AC88: 6242.0611 | AD88: 6750.1126 | AE88: 6197.6648 | AF88: 6181.7512 | AG88: 5476.2481 | AH88: 4965.8006 | AI88: 4966.9342 | AJ88: 4187.0094 | AK88: 4741.9047 | AL88: 5244.3941 | AM88: 5555.5288 | AN88: 5744.3027 | AO88: 5478.0732 | AP88: 5996.9939 | AQ88: 5453.602 | AR88: 5444.8881 | AS88: 4745.1235 | AT88: 4239.6679 | AU88: 4245.8494 | AV88: 3471.673 | AW88: 4033.3382 | AX88: 4543.584 | AY88: 4863.1611 | AZ88: 5060.6516 | BA88: 4803.0368 | BB88: 5330.2224 | BC88: 4794.6462 | BD88: 4793.3133 | BE88: 4100.5665 | BF88: 3601.8424 | BG88: 3614.5266 | BH88: 2846.6618 | BI88: 3414.4833 | BJ88: 3930.7844 | BK88: 4256.4007 | BL88: 4460.0275 | BM88: 4208.773 | BN88: 4742.6567 | BO88: 4214.1845 | BP88: 4220.3478 | BQ88: 3535.3593 | BR88: 3044.3883 | BS88: 3064.4245 | BT88: 2303.046 | BU88: 2876.0758 | BV88: 3396.1166 | BW88: 3724.2026 | BX88: 3929.7087 | BY88: 3680.8429 | BZ88: 4218.8879 | CA88: 3697.3627 | CB88: 3713.586 | CC88: 3041.1385 | CD88: 2563.6232 | CE88: 2595.9229 | CF88: 1843.5745 | CG88: 2420.9472 | CH88: 2940.3473 | CI88: 3263.4534 | CJ88: 3460.1338 | CK88: 3201.5108 | CL88: 3731.7903 | CM88: 3205.4281 | CN88: 3229.6983 | CO88: 2572.3463 | CP88: 2134.7994 | CQ88: 2260.8102 | CR88: 1476.455 | CS88: 2192.9855 | CT88: 2813.3434 | CU88: 2434.7996 | CV88: -1 | CW88: 2101
C89: Actual | CV89: 0 | CW89: 0
A90: Ma2102 | B90: adm | C90: Forecast | D90: 2153.1419 | E90: 2233.6389 | F90: 2602.6095 | G90: 2630.0452 | H90: 2595.1612 | I90: 2726.9011 | J90: 2560.1793 | K90: 2646.607 | L90: 2552.6195 | M90: 2336.6427 | N90: 2375.6604 | O90: 1993.1738 | P90: 2275.7299 | Q90: 2298.2775 | R90: 2638.5868 | S90: 2631.6365 | T90: 2549.9565 | U90: 2638.1293 | V90: 2440.4264 | W90: 2502.6796 | X90: 2397.7062 | Y90: 2183.6625 | Z90: 2231.3151 | AA90: 1858.6522 | AB90: 2148.0639 | AC90: 2172.0362 | AD90: 2508.7931 | AE90: 2495.6086 | AF90: 2407.5707 | AG90: 2491.1131 | AH90: 2291.2822 | AI90: 2353.7264 | AJ90: 2250.5884 | AK90: 2039.28 | AL90: 2089.9759 | AM90: 1720.2828 | AN90: 2012.3651 | AO90: 2038.5605 | AP90: 2377.0011 | AQ90: 2364.9504 | AR90: 2277.5945 | AS90: 2361.5673 | AT90: 2162.1661 | AU90: 2225.2648 | AV90: 2123.1387 | AW90: 1913.211 | AX90: 1965.5622 | AY90: 1597.6487 | AZ90: 1891.4858 | BA90: 1919.3078 | BB90: 2259.2066 | BC90: 2248.4606 | BD90: 2162.3025 | BE90: 2247.4178 | BF90: 2049.1412 | BG90: 2113.362 | BH90: 2012.3532 | BI90: 1803.5273 | BJ90: 1856.9573 | BK90: 1490.1034 | BL90: 1784.999 | BM90: 1813.9093 | BN90: 2154.9631 | BO90: 2145.4717 | BP90: 2060.6838 | BQ90: 2147.2713 | BR90: 1950.5149 | BS90: 2016.2067 | BT90: 1916.4905 | BU90: 1708.6474 | BV90: 1762.6637 | BW90: 1396.0096 | BX90: 1690.8605 | BY90: 1719.7544 | BZ90: 2061.1692 | CA90: 2052.7378 | CB90: 1969.8779 | CC90: 2059.1774 | CD90: 1865.5624 | CE90: 1934.2831 | CF90: 1836.9102 | CG90: 1630.2693 | CH90: 1684.0948 | CI90: 1315.9343 | CJ90: 1608.2109 | CK90: 1633.5795 | CL90: 1971.8632 | CM90: 1961.6242 | CN90: 1877.5602 | CO90: 1971.4225 | CP90: 1785.6816 | CQ90: 1869.1874 | CR90: 1806.2601 | CS90: 1552.2565 | CT90: 1657.9877 | CU90: 1381.1457 | CV90: 1 | CW90: 2102
C91: Actual | CV91: 0 | CW91: 0
A92: Ma2102 | B92: desl | C92: Forecast | D92: 2983.3987 | E92: 2813.1337 | F92: 3039.9727 | G92: 2913.1145 | H92: 3003.2861 | I92: 2832.9564 | J92: 2700.8391 | K92: 2723.577 | L92: 2501.0642 | M92: 2696.3191 | N92: 2869.1348 | O92: 2998.5508 | P92: 3096.4758 | Q92: 2954.7883 | R92: 3070.0212 | S92: 2895.0183 | T92: 2925.1361 | U92: 2713.6849 | V92: 2535.6087 | W92: 2527.5934 | X92: 2285.8417 | Y92: 2475.5484 | Z92: 2651.7391 | AA92: 2789.4602 | AB92: 2894.8673 | AC92: 2756.9952 | AD92: 2871.6493 | AE92: 2692.8109 | AF92: 2717.7354 | AG92: 2501.6173 | AH92: 2320.5595 | AI92: 2311.6508 | AJ92: 2070.9042 | AK92: 2263.023 | AL92: 2442.4847 | AM92: 2583.8587 | AN92: 2692.9111 | AO92: 2558.3705 | AP92: 2675.8289 | AQ92: 2499.1725 | AR92: 2525.7005 | AS92: 2310.779 | AT92: 2130.76 | AU92: 2122.9846 | AV92: 1883.6508 | AW92: 2077.5388 | AX92: 2259.092 | AY92: 2402.7694 | AZ92: 2514.1987 | BA92: 2381.9881 | BB92: 2501.6537 | BC92: 2327.0547 | BD92: 2355.5006 | BE92: 2142.3849 | BF92: 1964.0886 | BG92: 1957.9738 | BH92: 1720.2517 | BI92: 1915.7132 | BJ92: 2098.8175 | BK92: 2244.0479 | BL92: 2357.0662 | BM92: 2226.5192 | BN92: 2347.9586 | BO92: 2175.2655 | BP92: 2205.7456 | BQ92: 1994.7515 | BR92: 1818.5775 | BS92: 1814.4562 | BT92: 1578.4458 | BU92: 1775.2016 | BV92: 1959.1214 | BW92: 2104.7589 | BX92: 2218.0063 | BY92: 2087.8791 | BZ92: 2210.3462 | CA92: 2039.6143 | CB92: 2073.0763 | CC92: 1865.8495 | CD92: 1693.693 | CE92: 1693.147 | CF92: 1459.6262 | CG92: 1657.3556 | CH92: 1840.6793 | CI92: 1984.3629 | CJ92: 2094.4737 | CK92: 1960.9076 | CL92: 2080.5313 | CM92: 1907.8763 | CN92: 1943.47 | CO92: 1741.0331 | CP92: 1583.2688 | CQ92: 1611.2481 | CR92: 1368.2224 | CS92: 1614.899 | CT92: 1826.9495 | CU92: 1753.5936 | CV92: -1 | CW92: 2102
C93: Actual | CV93: 0 | CW93: 0
A94: Ma2103 | B94: adm | C94: Forecast | D94: 521.2017 | E94: 497.34777 | F94: 593.91423 | G94: 582.02873 | H94: 569.57501 | I94: 582.2895 | J94: 534.73029 | K94: 573.18627 | L94: 535.08934 | M94: 500.11196 | N94: 522.50452 | O94: 419.18113 | P94: 468.1848 | Q94: 457.01229 | R94: 561.25914 | S94: 550.42707 | T94: 529.98527 | U94: 535.58103 | V94: 480.91609 | W94: 514.59598 | X94: 475.41638 | Y94: 443.57704 | Z94: 470.95235 | AA94: 372.49251 | AB94: 424.61981 | AC94: 414.1756 | AD94: 517.15868 | AE94: 504.12618 | AF94: 481.59276 | AG94: 485.88818 | AH94: 430.90898 | AI94: 465.08483 | AJ94: 426.87922 | AK94: 396.18544 | AL94: 424.67991 | AM94: 327.22235 | AN94: 380.20425 | AO94: 370.45154 | AP94: 473.94992 | AQ94: 461.25837 | AR94: 438.92506 | AS94: 443.34781 | AT94: 388.50933 | AU94: 422.91566 | AV94: 385.07208 | AW94: 354.86894 | AX94: 383.94248 | AY94: 287.09465 | AZ94: 340.66356 | BA94: 331.44171 | BB94: 435.40596 | BC94: 423.12605 | BD94: 401.17036 | BE94: 405.95635 | BF94: 351.47937 | BG94: 386.24975 | BH94: 348.7709 | BI94: 318.92926 | BJ94: 348.35881 | BK94: 251.86325 | BL94: 305.78701 | BM94: 296.9325 | BN94: 401.28785 | BO94: 389.43209 | BP94: 367.93667 | BQ94: 373.2113 | BR94: 319.22934 | BS94: 354.46492 | BT94: 317.37685 | BU94: 287.81145 | BV94: 317.38465 | BW94: 220.92061 | BX94: 274.82967 | BY94: 266.01666 | BZ94: 370.58214 | CA94: 359.18865 | CB94: 338.42487 | CC94: 344.63282 | CD94: 291.64532 | CE94: 327.76417 | CF94: 291.29528 | CG94: 261.97995 | CH94: 291.38569 | CI94: 194.36269 | CJ94: 247.36163 | CK94: 237.38613 | CL94: 340.94698 | CM94: 328.97538 | CN94: 308.36155 | CO94: 316.51811 | CP94: 266.97786 | CQ94: 309.76848 | CR94: 278.54607 | CS94: 240.17446 | CT94: 286.99161 | CU94: 187.54666 | CV94: 1 | CW94: 2103
C95: Actual | CV95: 0 | CW95: 0
A96: Ma2103 | B96: desl | C96: Forecast | D96: 704.03502 | E96: 692.57732 | F96: 737.15111 | G96: 693.71406 | H96: 677.61125 | I96: 645.19233 | J96: 596.01569 | K96: 601.12897 | L96: 555.59861 | M96: 569.53825 | N96: 625.25371 | O96: 628.41899 | P96: 681.98826 | Q96: 659.76146 | R96: 698.42463 | S96: 647.51271 | T96: 623.52597 | U96: 584.48784 | V96: 529.90632 | W96: 530.42704 | X96: 482.81322 | Y96: 497.30768 | Z96: 555.38453 | AA96: 561.49204 | AB96: 617.34139 | AC96: 595.97177 | AD96: 634.11484 | AE96: 581.88763 | AF96: 556.52204 | AG96: 516.60883 | AH96: 461.89708 | AI96: 462.9661 | AJ96: 416.34195 | AK96: 432.00339 | AL96: 491.22983 | AM96: 498.37329 | AN96: 555.12147 | AO96: 534.52131 | AP96: 573.31725 | AQ96: 521.6396 | AR96: 496.74188 | AS96: 457.25136 | AT96: 402.96511 | AU96: 404.50894 | AV96: 358.43869 | AW96: 374.73683 | AX96: 434.66143 | AY96: 442.52844 | AZ96: 499.98879 | BA96: 480.06368 | BB96: 519.48794 | BC96: 468.39656 | BD96: 444.05562 | BE96: 405.10561 | BF96: 351.35248 | BG96: 353.42518 | BH96: 307.87868 | BI96: 324.6938 | BJ96: 385.12914 | BK96: 393.50474 | BL96: 451.47878 | BM96: 432.08093 | BN96: 472.05335 | BO96: 421.53462 | BP96: 397.78855 | BQ96: 359.44559 | BR96: 306.29279 | BS96: 308.93191 | BT96: 263.88633 | BU96: 281.1094 | BV96: 341.84893 | BW96: 350.44365 | BX96: 408.60694 | BY96: 389.45481 | BZ96: 429.82536 | CA96: 379.92778 | CB96: 357.03471 | CC96: 319.7032 | CD96: 267.57414 | CE96: 271.07317 | CF96: 226.57785 | CG96: 243.97478 | CH96: 304.55159 | CI96: 312.76323 | CJ96: 370.42196 | CK96: 350.79895 | CL96: 390.93588 | CM96: 341.02711 | CN96: 318.54903 | CO96: 282.38232 | CP96: 233.25458 | CQ96: 242.78377 | CR96: 200.22571 | CS96: 221.2973 | CT96: 291.99502 | CU96: 266.384 | CV96: -1 | CW96: 2103
C97: Actual | CV97: 0 | CW97: 0
A98: Ma2104 | B98: adm | C98: Forecast | D98: 650.72919 | E98: 781.62998 | F98: 991.95624 | G98: 966.17263 | H98: 935.47204 | I98: 922.97599 | J98: 845.78474 | K98: 880.14113 | L98: 802.18464 | M98: 709.31113 | N98: 734.64161 | O98: 495.9163 | P98: 605.70652 | Q98: 634.95569 | R98: 939.82928 | S98: 922.92592 | T98: 901.91684 | U98: 870.75204 | V98: 787.03326 | W98: 811.49896 | X98: 734.18976 | Y98: 648.83202 | Z98: 686.58318 | AA98: 459.25727 | AB98: 576.60395 | AC98: 607.94223 | AD98: 910.65981 | AE98: 889.542 | AF98: 864.50482 | AG98: 830.79296 | AH98: 746.31836 | AI98: 771.39488 | AJ98: 695.42433 | AK98: 611.61106 | AL98: 650.83791 | AM98: 424.83382 | AN98: 543.32843 | AO98: 575.59254 | AP98: 878.9347 | AQ98: 858.08608 | AR98: 832.99076 | AS98: 799.01757 | AT98: 714.26076 | AU98: 739.20749 | AV98: 663.36362 | AW98: 579.94205 | AX98: 619.75274 | AY98: 394.41162 | AZ98: 513.54176 | BA98: 546.34585 | BB98: 850.11218 | BC98: 829.58902 | BD98: 804.75478 | BE98: 771.01108 | BF98: 686.47267 | BG98: 711.63395 | BH98: 636.00032 | BI98: 552.78427 | BJ98: 592.801 | BK98: 367.67904 | BL98: 487.05928 | BM98: 520.16303 | BN98: 824.29271 | BO98: 804.20125 | BP98: 779.85755 | BQ98: 746.63547 | BR98: 662.60143 | BS98: 688.18302 | BT98: 612.8108 | BU98: 529.63585 | BV98: 569.45568 | BW98: 343.95451 | BX98: 462.91571 | BY98: 495.7722 | BZ98: 800.0522 | CA98: 780.66503 | CB98: 757.5829 | CC98: 725.98599 | CD98: 643.57995 | CE98: 670.36919 | CF98: 595.44326 | CG98: 511.80108 | CH98: 550.31468 | CI98: 322.97087 | CJ98: 439.87603 | CK98: 470.6198 | CL98: 773.41178 | CM98: 753.62125 | CN98: 731.46188 | CO98: 703.53037 | CP98: 626.03599 | CQ98: 663.75551 | CR98: 604.84985 | CS98: 501.49971 | CT98: 559.33806 | CU98: 339.83087 | CV98: 1 | CW98: 2104
C99: Actual | CV99: 0 | CW99: 0
A100: Ma2104 | B100: desl | C100: Forecast | D100: 1015.7684 | E100: 639.47303 | F100: 673.987 | G100: 569.17936 | H100: 816.21297 | I100: 807.87449 | J100: 883.06805 | K100: 917.12681 | L100: 895.62744 | M100: 1022.2115 | N100: 914.49024 | O100: 956.32226 | P100: 959.56277 | Q100: 720.31359 | R100: 651.93677 | S100: 564.84754 | T100: 790.34705 | U100: 797.09763 | V100: 863.09844 | W100: 897.10224 | X100: 867.33786 | Y100: 985.9992 | Z100: 868.7665 | AA100: 904.72862 | AB100: 905.48663 | AC100: 667.46371 | AD100: 602.25472 | AE100: 518.67666 | AF100: 746.67437 | AG100: 754.52059 | AH100: 820.39812 | AI100: 853.61638 | AJ100: 822.92739 | AK100: 940.8675 | AL100: 823.24382 | AM100: 859.13672 | AN100: 860.09047 | AO100: 622.48618 | AP100: 557.89211 | AQ100: 475.08563 | AR100: 703.93771 | AS100: 712.62001 | AT100: 779.21687 | AU100: 812.97652 | AV100: 782.64699 | AW100: 900.81409 | AX100: 783.36408 | AY100: 819.45516 | AZ100: 820.68326 | BA100: 583.44481 | BB100: 519.29225 | BC100: 436.97051 | BD100: 666.31735 | BE100: 675.48149 | BF100: 742.53794 | BG100: 776.73632 | BH100: 746.83055 | BI100: 865.41095 | BJ100: 748.36372 | BK100: 784.8423 | BL100: 786.43547 | BM100: 549.53336 | BN100: 485.68588 | BO100: 403.6411 | BP100: 633.2469 | BQ100: 642.66965 | BR100: 710.00965 | BS100: 744.54729 | BT100: 715.06645 | BU100: 834.17492 | BV100: 717.74841 | BW100: 754.88977 | BX100: 757.09635 | BY100: 520.64368 | BZ100: 456.98094 | CA100: 374.81804 | CB100: 604.06751 | CC100: 613.06944 | CD100: 680.16122 | CE100: 714.83773 | CF100: 685.98957 | CG100: 806.18341 | CH100: 691.11053 | CI100: 729.63081 | CJ100: 733.07448 | CK100: 497.62141 | CL100: 434.447 | CM100: 352.2058 | CN100: 580.93149 | CO100: 588.54161 | CP100: 651.66064 | CQ100: 681.49216 | CR100: 650.3048 | CS100: 778.31754 | CT100: 664.3249 | CU100: 699.12619 | CV100: -1 | CW100: 2104
...

Sheet Adm
B2: Mesoregiao | C2: 2017M1 | D2: 2017M2 | E2: 2017M3 | F2: 2017M4 | G2: 2017M5 | H2: 2017M6 | I2: 2017M7 | J2: 2017M8 | K2: 2017M9 | L2: 2017M10 | M2: 2017M11 | N2: 2017M12 | O2: 2018M1 | P2: 2018M2 | Q2: 2018M3 | R2: 2018M4 | S2: 2018M5 | T2: 2018M6 | U2: 2018M7 | V2: 2018M8 | W2: 2018M9 | X2: 2018M10 | Y2: 2018M11 | Z2: 2018M12 | AA2: 2019M1 | AB2: 2019M2 | AC2: 2019M3 | AD2: 2019M4 | AE2: 2019M5 | AF2: 2019M6 | AG2: 2019M7 | AH2: 2019M8 | AI2: 2019M9 | AJ2: 2019M10 | AK2: 2019M11 | AL2: 2019M12 | AM2: 2020M1 | AN2: 2020M2 | AO2: 2020M3 | AP2: 2020M4 | AQ2: 2020M5 | AR2: 2020M6 | AS2: 2020M7 | AT2: 2020M8 | AU2: 2020M9 | AV2: 2020M10 | AW2: 2020M11 | AX2: 2020M12 | AY2: 2021M1 | AZ2: 2021M2 | BA2: 2021M3 | BB2: 2021M4 | BC2: 2021M5 | BD2: 2021M6 | BE2: 2021M7 | BF2: 2021M8 | BG2: 2021M9 | BH2: 2021M10 | BI2: 2021M11 | BJ2: 2021M12 | BK2: 2022M1 | BL2: 2022M2 | BM2: 2022M3 | BN2: 2022M4 | BO2: 2022M5 | BP2: 2022M6 | BQ2: 2022M7 | BR2: 2022M8 | BS2: 2022M9 | BT2: 2022M10 | BU2: 2022M11 | BV2: 2022M12 | BW2: 2023M1 | BX2: 2023M2 | BY2: 2023M3 | BZ2: 2023M4 | CA2: 2023M5 | CB2: 2023M6 | CC2: 2023M7 | CD2: 2023M8 | CE2: 2023M9 | CF2: 2023M10 | CG2: 2023M11 | CH2: 2023M12 | CI2: 2024M1 | CJ2: 2024M2 | CK2: 2024M3 | CL2: 2024M4 | CM2: 2024M5 | CN2: 2024M6 | CO2: 2024M7 | CP2: 2024M8 | CQ2: 2024M9 | CR2: 2024M10 | CS2: 2024M11 | CT2: 2024M12
B3: 1102 | C3: =SUMIFS('conditional forecasts_0'!D$6:D$553,'conditional forecasts_0'!$CW$6:$CW$553,$B3,'conditional forecasts_0'!$B$6:$B$553,"adm") -> 4258.3425 | D3: =SUMIFS('conditional forecasts_0'!E$6:E$553,'conditional forecasts_0'!$CW$6:$CW$553,$B3,'conditional forecasts_0'!$B$6:$B$553,"adm") -> 4814.1484 | E3: =SUMIFS('conditional forecasts_0'!F$6:F$553,'conditional forecasts_0'!$CW$6:$CW$553,$B3,'conditional forecasts_0'!$B$6:$B$553,"adm") -> 5639.4208 | F3: =SUMIFS('conditional forecasts_0'!G$6:G$553,'conditional forecasts_0'!$CW$6:$CW$553,$B3,'conditional forecasts_0'!$B$6:$B$553,"adm") -> 5563.7988 | G3: =SUMIFS('conditional forecasts_0'!H$6:H$553,'conditional forecasts_0'!$CW$6:$CW$553,$B3,'conditional forecasts_0'!$B$6:$B$553,"adm") -> 5518.3668 | H3: =SUMIFS('conditional forecasts_0'!I$6:I$553,'conditional forecasts_0'!$CW$6:$CW$553,$B3,'conditional forecasts_0'!$B$6:$B$553,"adm") -> 5518.0367 | I3: =SUMIFS('conditional forecasts_0'!J$6:J$553,'conditional forecasts_0'!$CW$6:$CW$553,$B3,'conditional forecasts_0'!$B$6:$B$553,"adm") -> 5143.8368 | J3: =SUMIFS('conditional forecasts_0'!K$6:K$553,'conditional forecasts_0'!$CW$6:$CW$553,$B3,'conditional forecasts_0'!$B$6:$B$553,"adm") -> 5056.8465 | ... CT3: =SUMIFS('conditional forecasts_0'!CU$6:CU$553,'conditional forecasts_0'!$CW$6:$CW$553,$B3,'conditional forecasts_0'!$B$6:$B$553,"adm") -> 2706.2312
B4: 1101 | C4: =SUMIFS('conditional forecasts_0'!D$6:D$553,'conditional forecasts_0'!$CW$6:$CW$553,$B4,'conditional forecasts_0'!$B$6:$B$553,"adm") -> 2524.1851 | D4: =SUMIFS('conditional forecasts_0'!E$6:E$553,'conditional forecasts_0'!$CW$6:$CW$553,$B4,'conditional forecasts_0'!$B$6:$B$553,"adm") -> 2825.1414 | E4: =SUMIFS('conditional forecasts_0'!F$6:F$553,'conditional forecasts_0'!$CW$6:$CW$553,$B4,'conditional forecasts_0'!$B$6:$B$553,"adm") -> 3461.1573 | F4: =SUMIFS('conditional forecasts_0'!G$6:G$553,'conditional forecasts_0'!$CW$6:$CW$553,$B4,'conditional forecasts_0'!$B$6:$B$553,"adm") -> 3515.3689 | G4: =SUMIFS('conditional forecasts_0'!H$6:H$553,'conditional forecasts_0'!$CW$6:$CW$553,$B4,'conditional forecasts_0'!$B$6:$B$553,"adm") -> 3622.9448 | H4: =SUMIFS('conditional forecasts_0'!I$6:I$553,'conditional forecasts_0'!$CW$6:$CW$553,$B4,'conditional forecasts_0'!$B$6:$B$553,"adm") -> 3797.7889 | I4: =SUMIFS('conditional forecasts_0'!J$6:J$553,'conditional forecasts_0'!$CW$6:$CW$553,$B4,'conditional forecasts_0'!$B$6:$B$553,"adm") -> 3672.5493 | J4: =SUMIFS('conditional forecasts_0'!K$6:K$553,'conditional forecasts_0'!$CW$6:$CW$553,$B4,'conditional forecasts_0'!$B$6:$B$553,"adm") -> 3632.0697 | ... CT4: =SUMIFS('conditional forecasts_0'!CU$6:CU$553,'conditional forecasts_0'!$CW$6:$CW$553,$B4,'conditional forecasts_0'!$B$6:$B$553,"adm") -> 587.68306
B5: 1100 | C5: =SUMIFS('conditional forecasts_0'!D$6:D$553,'conditional forecasts_0'!$CW$6:$CW$553,$B5,'conditional forecasts_0'!$B$6:$B$553,"adm") -> 0 | D5: =SUMIFS('conditional forecasts_0'!E$6:E$553,'conditional forecasts_0'!$CW$6:$CW$553,$B5,'conditional forecasts_0'!$B$6:$B$553,"adm") -> 0 | E5: =SUMIFS('conditional forecasts_0'!F$6:F$553,'conditional forecasts_0'!$CW$6:$CW$553,$B5,'conditional forecasts_0'!$B$6:$B$553,"adm") -> 0 | F5: =SUMIFS('conditional forecasts_0'!G$6:G$553,'conditional forecasts_0'!$CW$6:$CW$553,$B5,'conditional forecasts_0'!$B$6:$B$553,"adm") -> 0 | G5: =SUMIFS('conditional forecasts_0'!H$6:H$553,'conditional forecasts_0'!$CW$6:$CW$553,$B5,'conditional forecasts_0'!$B$6:$B$553,"adm") -> 0 | H5: =SUMIFS('conditional forecasts_0'!I$6:I$553,'conditional forecasts_0'!$CW$6:$CW$553,$B5,'conditional forecasts_0'!$B$6:$B$553,"adm") -> 0 | I5: =SUMIFS('conditional forecasts_0'!J$6:J$553,'conditional forecasts_0'!$CW$6:$CW$553,$B5,'conditional forecasts_0'!$B$6:$B$553,"adm") -> 0 | J5: =SUMIFS('conditional forecasts_0'!K$6:K$553,'conditional forecasts_0'!$CW$6:$CW$553,$B5,'conditional forecasts_0'!$B$6:$B$553,"adm") -> 0 | ... CT5: =SUMIFS('conditional forecasts_0'!CU$6:CU$553,'conditional forecasts_0'!$CW$6:$CW$553,$B5,'conditional forecasts_0'!$B$6:$B$553,"adm") -> 0
B6: 1202 | C6: =SUMIFS('conditional forecasts_0'!D$6:D$553,'conditional forecasts_0'!$CW$6:$CW$553,$B6,'conditional forecasts_0'!$B$6:$B$553,"adm") -> 1363.2593 | D6: =SUMIFS('conditional forecasts_0'!E$6:E$553,'conditional forecasts_0'!$CW$6:$CW$553,$B6,'conditional forecasts_0'!$B$6:$B$553,"adm") -> 1507.1465 | E6: =SUMIFS('conditional forecasts_0'!F$6:F$553,'conditional forecasts_0'!$CW$6:$CW$553,$B6,'conditional forecasts_0'!$B$6:$B$553,"adm") -> 1760.0591 | F6: =SUMIFS('conditional forecasts_0'!G$6:G$553,'conditional forecasts_0'!$CW$6:$CW$553,$B6,'conditional forecasts_0'!$B$6:$B$553,"adm") -> 1777.9428 | G6: =SUMIFS('conditional forecasts_0'!H$6:H$553,'conditional forecasts_0'!$CW$6:$CW$553,$B6,'conditional forecasts_0'!$B$6:$B$553,"adm") -> 1775.8408 | H6: =SUMIFS('conditional forecasts_0'!I$6:I$553,'conditional forecasts_0'!$CW$6:$CW$553,$B6,'conditional forecasts_0'!$B$6:$B$553,"adm") -> 1796.2064 | I6: =SUMIFS('conditional forecasts_0'!J$6:J$553,'conditional forecasts_0'!$CW$6:$CW$553,$B6,'conditional forecasts_0'!$B$6:$B$553,"adm") -> 1710.8391 | J6: =SUMIFS('conditional forecasts_0'!K$6:K$553,'conditional forecasts_0'!$CW$6:$CW$553,$B6,'conditional forecasts_0'!$B$6:$B$553,"adm") -> 1688.6328 | ... CT6: =SUMIFS('conditional forecasts_0'!CU$6:CU$553,'conditional forecasts_0'!$CW$6:$CW$553,$B6,'conditional forecasts_0'!$B$6:$B$553,"adm") -> 738.59124
B7: 1201 | C7: =SUMIFS('conditional forecasts_0'!D$6:D$553,'conditional forecasts_0'!$CW$6:$CW$553,$B7,'conditional forecasts_0'!$B$6:$B$553,"adm") -> 117.23356 | D7: =SUMIFS('conditional forecasts_0'!E$6:E$553,'conditional forecasts_0'!$CW$6:$CW$553,$B7,'conditional forecasts_0'!$B$6:$B$553,"adm") -> 125.42947 | E7: =SUMIFS('conditional forecasts_0'!F$6:F$553,'conditional forecasts_0'!$CW$6:$CW$553,$B7,'conditional forecasts_0'!$B$6:$B$553,"adm") -> 166.59193 | F7: =SUMIFS('conditional forecasts_0'!G$6:G$553,'conditional forecasts_0'!$CW$6:$CW$553,$B7,'conditional forecasts_0'!$B$6:$B$553,"adm") -> 194.74557 | G7: =SUMIFS('conditional forecasts_0'!H$6:H$553,'conditional forecasts_0'!$CW$6:$CW$553,$B7,'conditional forecasts_0'!$B$6:$B$553,"adm") -> 220.19168 | H7: =SUMIFS('conditional forecasts_0'!I$6:I$553,'conditional forecasts_0'!$CW$6:$CW$553,$B7,'conditional forecasts_0'!$B$6:$B$553,"adm") -> 236.47094 | I7: =SUMIFS('conditional forecasts_0'!J$6:J$553,'conditional forecasts_0'!$CW$6:$CW$553,$B7,'conditional forecasts_0'!$B$6:$B$553,"adm") -> 219.56357 | J7: =SUMIFS('conditional forecasts_0'!K$6:K$553,'conditional forecasts_0'!$CW$6:$CW$553,$B7,'conditional forecasts_0'!$B$6:$B$553,"adm") -> 206.78142 | ... CT7: =SUMIFS('conditional forecasts_0'!CU$6:CU$553,'conditional forecasts_0'!$CW$6:$CW$553,$B7,'conditional forecasts_0'!$B$6:$B$553,"adm") -> 16.776869
B8: 1303 | C8: =SUMIFS('conditional forecasts_0'!D$6:D$553,'conditional forecasts_0'!$CW$6:$CW$553,$B8,'conditional forecasts_0'!$B$6:$B$553,"adm") -> 8814.2814 | D8: =SUMIFS('conditional forecasts_0'!E$6:E$553,'conditional forecasts_0'!$CW$6:$CW$553,$B8,'conditional forecasts_0'!$B$6:$B$553,"adm") -> 9374.7043 | E8: =SUMIFS('conditional forecasts_0'!F$6:F$553,'conditional forecasts_0'!$CW$6:$CW$553,$B8,'conditional forecasts_0'!$B$6:$B$553,"adm") -> 11539.764 | F8: =SUMIFS('conditional forecasts_0'!G$6:G$553,'conditional forecasts_0'!$CW$6:$CW$553,$B8,'conditional forecasts_0'!$B$6:$B$553,"adm") -> 11397.061 | G8: =SUMIFS('conditional forecasts_0'!H$6:H$553,'conditional forecasts_0'!$CW$6:$CW$553,$B8,'conditional forecasts_0'!$B$6:$B$553,"adm") -> 11362.832 | H8: =SUMIFS('conditional forecasts_0'!I$6:I$553,'conditional forecasts_0'!$CW$6:$CW$553,$B8,'conditional forecasts_0'!$B$6:$B$553,"adm") -> 11920.123 | I8: =SUMIFS('conditional forecasts_0'!J$6:J$553,'conditional forecasts_0'!$CW$6:$CW$553,$B8,'conditional forecasts_0'!$B$6:$B$553,"adm") -> 11281.972 | J8: =SUMIFS('conditional forecasts_0'!K$6:K$553,'conditional forecasts_0'!$CW$6:$CW$553,$B8,'conditional forecasts_0'!$B$6:$B$553,"adm") -> 11660.398 | ... CT8: =SUMIFS('conditional forecasts_0'!CU$6:CU$553,'conditional forecasts_0'!$CW$6:$CW$553,$B8,'conditional forecasts_0'!$B$6:$B$553,"adm") -> 6915.2416
B9: 1302 | C9: =SUMIFS('conditional forecasts_0'!D$6:D$553,'conditional forecasts_0'!$CW$6:$CW$553,$B9,'conditional forecasts_0'!$B$6:$B$553,"adm") -> 23.387857 | D9: =SUMIFS('conditional forecasts_0'!E$6:E$553,'conditional forecasts_0'!$CW$6:$CW$553,$B9,'conditional forecasts_0'!$B$6:$B$553,"adm") -> 22.996226 | E9: =SUMIFS('conditional forecasts_0'!F$6:F$553,'conditional forecasts_0'!$CW$6:$CW$553,$B9,'conditional forecasts_0'!$B$6:$B$553,"adm") -> 26.801023 | F9: =SUMIFS('conditional forecasts_0'!G$6:G$553,'conditional forecasts_0'!$CW$6:$CW$553,$B9,'conditional forecasts_0'!$B$6:$B$553,"adm") -> 26.204703 | G9: =SUMIFS('conditional forecasts_0'!H$6:H$553,'conditional forecasts_0'!$CW$6:$CW$553,$B9,'conditional forecasts_0'!$B$6:$B$553,"adm") -> 25.922107 | H9: =SUMIFS('conditional forecasts_0'!I$6:I$553,'conditional forecasts_0'!$CW$6:$CW$553,$B9,'conditional forecasts_0'!$B$6:$B$553,"adm") -> 27.749353 | I9: =SUMIFS('conditional forecasts_0'!J$6:J$553,'conditional forecasts_0'!$CW$6:$CW$553,$B9,'conditional forecasts_0'!$B$6:$B$553,"adm") -> 24.36331 | J9: =SUMIFS('conditional forecasts_0'!K$6:K$553,'conditional forecasts_0'!$CW$6:$CW$553,$B9,'conditional forecasts_0'!$B$6:$B$553,"adm") -> 24.980507 | ... CT9: =SUMIFS('conditional forecasts_0'!CU$6:CU$553,'conditional forecasts_0'!$CW$6:$CW$553,$B9,'conditional forecasts_0'!$B$6:$B$553,"adm") -> 10.513754
B10: 1304 | C10: =SUMIFS('conditional forecasts_0'!D$6:D$553,'conditional forecasts_0'!$CW$6:$CW$553,$B10,'conditional forecasts_0'!$B$6:$B$553,"adm") -> 79.06833 | D10: =SUMIFS('conditional forecasts_0'!E$6:E$553,'conditional forecasts_0'!$CW$6:$CW$553,$B10,'conditional forecasts_0'!$B$6:$B$553,"adm") -> 84.505061 | E10: =SUMIFS('conditional forecasts_0'!F$6:F$553,'conditional forecasts_0'!$CW$6:$CW$553,$B10,'conditional forecasts_0'!$B$6:$B$553,"adm") -> 98.387473 | F10: =SUMIFS('conditional forecasts_0'!G$6:G$553,'conditional forecasts_0'!$CW$6:$CW$553,$B10,'conditional forecasts_0'!$B$6:$B$553,"adm") -> 88.178726 | G10: =SUMIFS('conditional forecasts_0'!H$6:H$553,'conditional forecasts_0'!$CW$6:$CW$553,$B10,'conditional forecasts_0'!$B$6:$B$553,"adm") -> 86.029979 | H10: =SUMIFS('conditional forecasts_0'!I$6:I$553,'conditional forecasts_0'!$CW$6:$CW$553,$B10,'conditional forecasts_0'!$B$6:$B$553,"adm") -> 84.987352 | I10: =SUMIFS('conditional forecasts_0'!J$6:J$553,'conditional forecasts_0'!$CW$6:$CW$553,$B10,'conditional forecasts_0'!$B$6:$B$553,"adm") -> 77.533541 | J10: =SUMIFS('conditional forecasts_0'!K$6:K$553,'conditional forecasts_0'!$CW$6:$CW$553,$B10,'conditional forecasts_0'!$B$6:$B$553,"adm") -> 77.673038 | ... CT10: =SUMIFS('conditional forecasts_0'!CU$6:CU$553,'conditional forecasts_0'!$CW$6:$CW$553,$B10,'conditional forecasts_0'!$B$6:$B$553,"adm") -> 27.044281
B11: 1301 | C11: =SUMIFS('conditional forecasts_0'!D$6:D$553,'conditional forecasts_0'!$CW$6:$CW$553,$B11,'conditional forecasts_0'!$B$6:$B$553,"adm") -> 23.498568 | D11: =SUMIFS('conditional forecasts_0'!E$6:E$553,'conditional forecasts_0'!$CW$6:$CW$553,$B11,'conditional forecasts_0'!$B$6:$B$553,"adm") -> 26.862069 | E11: =SUMIFS('conditional forecasts_0'!F$6:F$553,'conditional forecasts_0'!$CW$6:$CW$553,$B11,'conditional forecasts_0'!$B$6:$B$553,"adm") -> 27.567616 | F11: =SUMIFS('conditional forecasts_0'!G$6:G$553,'conditional forecasts_0'!$CW$6:$CW$553,$B11,'conditional forecasts_0'!$B$6:$B$553,"adm") -> 21.202216 | G11: =SUMIFS('conditional forecasts_0'!H$6:H$553,'conditional forecasts_0'!$CW$6:$CW$553,$B11,'conditional forecasts_0'!$B$6:$B$553,"adm") -> 20.376514 | H11: =SUMIFS('conditional forecasts_0'!I$6:I$553,'conditional forecasts_0'!$CW$6:$CW$553,$B11,'conditional forecasts_0'!$B$6:$B$553,"adm") -> 25.802135 | I11: =SUMIFS('conditional forecasts_0'!J$6:J$553,'conditional forecasts_0'!$CW$6:$CW$553,$B11,'conditional forecasts_0'!$B$6:$B$553,"adm") -> 15.123014 | J11: =SUMIFS('conditional forecasts_0'!K$6:K$553,'conditional forecasts_0'!$CW$6:$CW$553,$B11,'conditional forecasts_0'!$B$6:$B$553,"adm") -> 17.710581 | ... CT11: =SUMIFS('conditional forecasts_0'!CU$6:CU$553,'conditional forecasts_0'!$CW$6:$CW$553,$B11,'conditional forecasts_0'!$B$6:$B$553,"adm") -> 20.931297
B12: 1401 | C12: =SUMIFS('conditional forecasts_0'!D$6:D$553,'conditional forecasts_0'!$CW$6:$CW$553,$B12,'conditional forecasts_0'!$B$6:$B$553,"adm") -> 1478.6558 | D12: =SUMIFS('conditional forecasts_0'!E$6:E$553,'conditional forecasts_0'!$CW$6:$CW$553,$B12,'conditional forecasts_0'!$B$6:$B$553,"adm") -> 1519.9108 | E12: =SUMIFS('conditional forecasts_0'!F$6:F$553,'conditional forecasts_0'!$CW$6:$CW$553,$B12,'conditional forecasts_0'!$B$6:$B$553,"adm") -> 1651.5941 | F12: =SUMIFS('conditional forecasts_0'!G$6:G$553,'conditional forecasts_0'!$CW$6:$CW$553,$B12,'conditional forecasts_0'!$B$6:$B$553,"adm") -> 1639.608 | G12: =SUMIFS('conditional forecasts_0'!H$6:H$553,'conditional forecasts_0'!$CW$6:$CW$553,$B12,'conditional forecasts_0'!$B$6:$B$553,"adm") -> 1631.2619 | H12: =SUMIFS('conditional forecasts_0'!I$6:I$553,'conditional forecasts_0'!$CW$6:$CW$553,$B12,'conditional forecasts_0'!$B$6:$B$553,"adm") -> 1693.4605 | I12: =SUMIFS('conditional forecasts_0'!J$6:J$553,'conditional forecasts_0'!$CW$6:$CW$553,$B12,'conditional forecasts_0'!$B$6:$B$553,"adm") -> 1632.0646 | J12: =SUMIFS('conditional forecasts_0'!K$6:K$553,'conditional forecasts_0'!$CW$6:$CW$553,$B12,'conditional forecasts_0'!$B$6:$B$553,"adm") -> 1647.4335 | ... CT12: =SUMIFS('conditional forecasts_0'!CU$6:CU$553,'conditional forecasts_0'!$CW$6:$CW$553,$B12,'conditional forecasts_0'!$B$6:$B$553,"adm") -> 1847.4427
B13: 1402 | C13: =SUMIFS('conditional forecasts_0'!D$6:D$553,'conditional forecasts_0'!$CW$6:$CW$553,$B13,'conditional forecasts_0'!$B$6:$B$553,"adm") -> 79.904152 | D13: =SUMIFS('conditional forecasts_0'!E$6:E$553,'conditional forecasts_0'!$CW$6:$CW$553,$B13,'conditional forecasts_0'!$B$6:$B$553,"adm") -> 71.593442 | E13: =SUMIFS('conditional forecasts_0'!F$6:F$553,'conditional forecasts_0'!$CW$6:$CW$553,$B13,'conditional forecasts_0'!$B$6:$B$553,"adm") -> 78.073587 | F13: =SUMIFS('conditional forecasts_0'!G$6:G$553,'conditional forecasts_0'!$CW$6:$CW$553,$B13,'conditional forecasts_0'!$B$6:$B$553,"adm") -> 75.839161 | G13: =SUMIFS('conditional forecasts_0'!H$6:H$553,'conditional forecasts_0'!$CW$6:$CW$553,$B13,'conditional forecasts_0'!$B$6:$B$553,"adm") -> 73.005585 | H13: =SUMIFS('conditional forecasts_0'!I$6:I$553,'conditional forecasts_0'!$CW$6:$CW$553,$B13,'conditional forecasts_0'!$B$6:$B$553,"adm") -> 72.982176 | I13: =SUMIFS('conditional forecasts_0'!J$6:J$553,'conditional forecasts_0'!$CW$6:$CW$553,$B13,'conditional forecasts_0'!$B$6:$B$553,"adm") -> 66.689126 | J13: =SUMIFS('conditional forecasts_0'!K$6:K$553,'conditional forecasts_0'!$CW$6:$CW$553,$B13,'conditional forecasts_0'!$B$6:$B$553,"adm") -> 63.554233 | ... CT13: =SUMIFS('conditional forecasts_0'!CU$6:CU$553,'conditional forecasts_0'!$CW$6:$CW$553,$B13,'conditional forecasts_0'!$B$6:$B$553,"adm") -> 29.570241
B14: 1504 | C14: =SUMIFS('conditional forecasts_0'!D$6:D$553,'conditional forecasts_0'!$CW$6:$CW$553,$B14,'conditional forecasts_0'!$B$6:$B$553,"adm") -> 1413.7969 | D14: =SUMIFS('conditional forecasts_0'!E$6:E$553,'conditional forecasts_0'!$CW$6:$CW$553,$B14,'conditional forecasts_0'!$B$6:$B$553,"adm") -> 1437.1135 | E14: =SUMIFS('conditional forecasts_0'!F$6:F$553,'conditional forecasts_0'!$CW$6:$CW$553,$B14,'conditional forecasts_0'!$B$6:$B$553,"adm") -> 1630.369 | F14: =SUMIFS('conditional forecasts_0'!G$6:G$553,'conditional forecasts_0'!$CW$6:$CW$553,$B14,'conditional forecasts_0'!$B$6:$B$553,"adm") -> 1627.6257 | G14: =SUMIFS('conditional forecasts_0'!H$6:H$553,'conditional forecasts_0'!$CW$6:$CW$553,$B14,'conditional forecasts_0'!$B$6:$B$553,"adm") -> 1557.8736 | H14: =SUMIFS('conditional forecasts_0'!I$6:I$553,'conditional forecasts_0'!$CW$6:$CW$553,$B14,'conditional forecasts_0'!$B$6:$B$553,"adm") -> 1576.5816 | I14: =SUMIFS('conditional forecasts_0'!J$6:J$553,'conditional forecasts_0'!$CW$6:$CW$553,$B14,'conditional forecasts_0'!$B$6:$B$553,"adm") -> 1404.4671 | J14: =SUMIFS('conditional forecasts_0'!K$6:K$553,'conditional forecasts_0'!$CW$6:$CW$553,$B14,'conditional forecasts_0'!$B$6:$B$553,"adm") -> 1467.9892 | ... CT14: =SUMIFS('conditional forecasts_0'!CU$6:CU$553,'conditional forecasts_0'!$CW$6:$CW$553,$B14,'conditional forecasts_0'!$B$6:$B$553,"adm") -> 781.34451
... B154: 5301 | C154: =SUMIFS('conditional forecasts_0'!D$6:D$553,'conditional forecasts_0'!$CW$6:$CW$553,$B154,'conditional forecasts_0'!$B$6:$B$553,"adm") -> 20670.754 | D154: =SUMIFS('conditional forecasts_0'!E$6:E$553,'conditional forecasts_0'!$CW$6:$CW$553,$B154,'conditional forecasts_0'!$B$6:$B$553,"adm") -> 21896.713 | E154: =SUMIFS('conditional forecasts_0'!F$6:F$553,'conditional forecasts_0'!$CW$6:$CW$553,$B154,'conditional forecasts_0'!$B$6:$B$553,"adm") -> 24156.379 | F154: =SUMIFS('conditional forecasts_0'!G$6:G$553,'conditional forecasts_0'!$CW$6:$CW$553,$B154,'conditional forecasts_0'!$B$6:$B$553,"adm") -> 24027.362 | G154: =SUMIFS('conditional forecasts_0'!H$6:H$553,'conditional forecasts_0'!$CW$6:$CW$553,$B154,'conditional forecasts_0'!$B$6:$B$553,"adm") -> 23437.136 | H154: =SUMIFS('conditional forecasts_0'!I$6:I$553,'conditional forecasts_0'!$CW$6:$CW$553,$B154,'conditional forecasts_0'!$B$6:$B$553,"adm") -> 23304.095 | I154: =SUMIFS('conditional forecasts_0'!J$6:J$553,'conditional forecasts_0'!$CW$6:$CW$553,$B154,'conditional forecasts_0'!$B$6:$B$553,"adm") -> 21518.991 | J154: =SUMIFS('conditional forecasts_0'!K$6:K$553,'conditional forecasts_0'!$CW$6:$CW$553,$B154,'conditional forecasts_0'!$B$6:$B$553,"adm") -> 20967.251 | ... CT154: =SUMIFS('conditional forecasts_0'!CU$6:CU$553,'conditional forecasts_0'!$CW$6:$CW$553,$B154,'conditional forecasts_0'!$B$6:$B$553,"adm") -> 12054.68

Sheet Des
B2: Mesoregiao | C2: 2017M1 | D2: 2017M2 | E2: 2017M3 | F2: 2017M4 | G2: 2017M5 | H2: 2017M6 | I2: 2017M7 | J2: 2017M8 | K2: 2017M9 | L2: 2017M10 | M2: 2017M11 | N2: 2017M12 | O2: 2018M1 | P2: 2018M2 | Q2: 2018M3 | R2: 2018M4 | S2: 2018M5 | T2: 2018M6 | U2: 2018M7 | V2: 2018M8 | W2: 2018M9 | X2: 2018M10 | Y2: 2018M11 | Z2: 2018M12 | AA2: 2019M1 | AB2: 2019M2 | AC2: 2019M3 | AD2: 2019M4 | AE2: 2019M5 | AF2: 2019M6 | AG2: 2019M7 | AH2: 2019M8 | AI2: 2019M9 | AJ2: 2019M10 | AK2: 2019M11 | AL2: 2019M12 | AM2: 2020M1 | AN2: 2020M2 | AO2: 2020M3 | AP2: 2020M4 | AQ2: 2020M5 | AR2: 2020M6 | AS2: 2020M7 | AT2: 2020M8 | AU2: 2020M9 | AV2: 2020M10 | AW2: 2020M11 | AX2: 2020M12 | AY2: 2021M1 | AZ2: 2021M2 | BA2: 2021M3 | BB2: 2021M4 | BC2: 2021M5 | BD2: 2021M6 | BE2: 2021M7 | BF2: 2021M8 | BG2: 2021M9 | BH2: 2021M10 | BI2: 2021M11 | BJ2: 2021M12 | BK2: 2022M1 | BL2: 2022M2 | BM2: 2022M3 | BN2: 2022M4 | BO2: 2022M5 | BP2: 2022M6 | BQ2: 2022M7 | BR2: 2022M8 | BS2: 2022M9 | BT2: 2022M10 | BU2: 2022M11 | BV2: 2022M12 | BW2: 2023M1 | BX2: 2023M2 | BY2: 2023M3 | BZ2: 2023M4 | CA2: 2023M5 | CB2: 2023M6 | CC2: 2023M7 | CD2: 2023M8 | CE2: 2023M9 | CF2: 2023M10 | CG2: 2023M11 | CH2: 2023M12 | CI2: 2024M1 | CJ2: 2024M2 | CK2: 2024M3 | CL2: 2024M4 | CM2: 2024M5 | CN2: 2024M6 | CO2: 2024M7 | CP2: 2024M8 | CQ2: 2024M9 | CR2: 2024M10 | CS2: 2024M11 | CT2: 2024M12
B3: 1102 | C3: =SUMIFS('conditional forecasts_0'!D$6:D$553,'conditional forecasts_0'!$CW$6:$CW$553,$B3,'conditional forecasts_0'!$B$6:$B$553,"desl") -> 4963.0991 | D3: =SUMIFS('conditional forecasts_0'!E$6:E$553,'conditional forecasts_0'!$CW$6:$CW$553,$B3,'conditional forecasts_0'!$B$6:$B$553,"desl") -> 4931.8561 | E3: =SUMIFS('conditional forecasts_0'!F$6:F$553,'conditional forecasts_0'!$CW$6:$CW$553,$B3,'conditional forecasts_0'!$B$6:$B$553,"desl") -> 5459.9551 | F3: =SUMIFS('conditional forecasts_0'!G$6:G$553,'conditional forecasts_0'!$CW$6:$CW$553,$B3,'conditional forecasts_0'!$B$6:$B$553,"desl") -> 5121.6489 | G3: =SUMIFS('conditional forecasts_0'!H$6:H$553,'conditional forecasts_0'!$CW$6:$CW$553,$B3,'conditional forecasts_0'!$B$6:$B$553,"desl") -> 5334.3733 | H3: =SUMIFS('conditional forecasts_0'!I$6:I$553,'conditional forecasts_0'!$CW$6:$CW$553,$B3,'conditional forecasts_0'!$B$6:$B$553,"desl") -> 4851.9846 | I3: =SUMIFS('conditional forecasts_0'!J$6:J$553,'conditional forecasts_0'!$CW$6:$CW$553,$B3,'conditional forecasts_0'!$B$6:$B$553,"desl") -> 4867.9636 | J3: =SUMIFS('conditional forecasts_0'!K$6:K$553,'conditional forecasts_0'!$CW$6:$CW$553,$B3,'conditional forecasts_0'!$B$6:$B$553,"desl") -> 5008.9333 | ... CT3: =SUMIFS('conditional forecasts_0'!CU$6:CU$553,'conditional forecasts_0'!$CW$6:$CW$553,$B3,'conditional forecasts_0'!$B$6:$B$553,"desl") -> 3151.5013
B4: 1101 | C4: =SUMIFS('conditional forecasts_0'!D$6:D$553,'conditional forecasts_0'!$CW$6:$CW$553,$B4,'conditional forecasts_0'!$B$6:$B$553,"desl") -> 3096.6012 | D4: =SUMIFS('conditional forecasts_0'!E$6:E$553,'conditional forecasts_0'!$CW$6:$CW$553,$B4,'conditional forecasts_0'!$B$6:$B$553,"desl") -> 3063.6978 | E4: =SUMIFS('conditional forecasts_0'!F$6:F$553,'conditional forecasts_0'!$CW$6:$CW$553,$B4,'conditional forecasts_0'!$B$6:$B$553,"desl") -> 3312.137 | F4: =SUMIFS('conditional forecasts_0'!G$6:G$553,'conditional forecasts_0'!$CW$6:$CW$553,$B4,'conditional forecasts_0'!$B$6:$B$553,"desl") -> 3340.5202 | G4: =SUMIFS('conditional forecasts_0'!H$6:H$553,'conditional forecasts_0'!$CW$6:$CW$553,$B4,'conditional forecasts_0'!$B$6:$B$553,"desl") -> 3591.1785 | H4: =SUMIFS('conditional forecasts_0'!I$6:I$553,'conditional forecasts_0'!$CW$6:$CW$553,$B4,'conditional forecasts_0'!$B$6:$B$553,"desl") -> 3489.4544 | I4: =SUMIFS('conditional forecasts_0'!J$6:J$553,'conditional forecasts_0'!$CW$6:$CW$553,$B4,'conditional forecasts_0'!$B$6:$B$553,"desl") -> 3600.5181 | J4: =SUMIFS('conditional forecasts_0'!K$6:K$553,'conditional forecasts_0'!$CW$6:$CW$553,$B4,'conditional forecasts_0'!$B$6:$B$553,"desl") -> 3591.3097 | ... CT4: =SUMIFS('conditional forecasts_0'!CU$6:CU$553,'conditional forecasts_0'!$CW$6:$CW$553,$B4,'conditional forecasts_0'!$B$6:$B$553,"desl") -> 972.60755
B5: 1100 | C5: =SUMIFS('conditional forecasts_0'!D$6:D$553,'conditional forecasts_0'!$CW$6:$CW$553,$B5,'conditional forecasts_0'!$B$6:$B$553,"desl") -> 0 | D5: =SUMIFS('conditional forecasts_0'!E$6:E$553,'conditional forecasts_0'!$CW$6:$CW$553,$B5,'conditional forecasts_0'!$B$6:$B$553,"desl") -> 0 | E5: =SUMIFS('conditional forecasts_0'!F$6:F$553,'conditional forecasts_0'!$CW$6:$CW$553,$B5,'conditional forecasts_0'!$B$6:$B$553,"desl") -> 0 | F5: =SUMIFS('conditional forecasts_0'!G$6:G$553,'conditional forecasts_0'!$CW$6:$CW$553,$B5,'conditional forecasts_0'!$B$6:$B$553,"desl") -> 0 | G5: =SUMIFS('conditional forecasts_0'!H$6:H$553,'conditional forecasts_0'!$CW$6:$CW$553,$B5,'conditional forecasts_0'!$B$6:$B$553,"desl") -> 0 | H5: =SUMIFS('conditional forecasts_0'!I$6:I$553,'conditional forecasts_0'!$CW$6:$CW$553,$B5,'conditional forecasts_0'!$B$6:$B$553,"desl") -> 0 | I5: =SUMIFS('conditional forecasts_0'!J$6:J$553,'conditional forecasts_0'!$CW$6:$CW$553,$B5,'conditional forecasts_0'!$B$6:$B$553,"desl") -> 0 | J5: =SUMIFS('conditional forecasts_0'!K$6:K$553,'conditional forecasts_0'!$CW$6:$CW$553,$B5,'conditional forecasts_0'!$B$6:$B$553,"desl") -> 0 | ... CT5: =SUMIFS('conditional forecasts_0'!CU$6:CU$553,'conditional forecasts_0'!$CW$6:$CW$553,$B5,'conditional forecasts_0'!$B$6:$B$553,"desl") -> 0
B6: 1202 | C6: =SUMIFS('conditional forecasts_0'!D$6:D$553,'conditional forecasts_0'!$CW$6:$CW$553,$B6,'conditional forecasts_0'!$B$6:$B$553,"desl") -> 1763.8669 | D6: =SUMIFS('conditional forecasts_0'!E$6:E$553,'conditional forecasts_0'!$CW$6:$CW$553,$B6,'conditional forecasts_0'!$B$6:$B$553,"desl") -> 1663.7472 | E6: =SUMIFS('conditional forecasts_0'!F$6:F$553,'conditional forecasts_0'!$CW$6:$CW$553,$B6,'conditional forecasts_0'!$B$6:$B$553,"desl") -> 1763.4336 | F6: =SUMIFS('conditional forecasts_0'!G$6:G$553,'conditional forecasts_0'!$CW$6:$CW$553,$B6,'conditional forecasts_0'!$B$6:$B$553,"desl") -> 1605.8637 | G6: =SUMIFS('conditional forecasts_0'!H$6:H$553,'conditional forecasts_0'!$CW$6:$CW$553,$B6,'conditional forecasts_0'!$B$6:$B$553,"desl") -> 1744.5096 | H6: =SUMIFS('conditional forecasts_0'!I$6:I$553,'conditional forecasts_0'!$CW$6:$CW$553,$B6,'conditional forecasts_0'!$B$6:$B$553,"desl") -> 1560.8023 | I6: =SUMIFS('conditional forecasts_0'!J$6:J$553,'conditional forecasts_0'!$CW$6:$CW$553,$B6,'conditional forecasts_0'!$B$6:$B$553,"desl") -> 1584.9124 | J6: =SUMIFS('conditional forecasts_0'!K$6:K$553,'conditional forecasts_0'!$CW$6:$CW$553,$B6,'conditional forecasts_0'!$B$6:$B$553,"desl") -> 1630.4511 | ... CT6: =SUMIFS('conditional forecasts_0'!CU$6:CU$553,'conditional forecasts_0'!$CW$6:$CW$553,$B6,'conditional forecasts_0'!$B$6:$B$553,"desl") -> 1099.788
B7: 1201 | C7: =SUMIFS('conditional forecasts_0'!D$6:D$553,'conditional forecasts_0'!$CW$6:$CW$553,$B7,'conditional forecasts_0'!$B$6:$B$553,"desl") -> 192.34537 | D7: =SUMIFS('conditional forecasts_0'!E$6:E$553,'conditional forecasts_0'!$CW$6:$CW$553,$B7,'conditional forecasts_0'!$B$6:$B$553,"desl") -> 157.3683 | E7: =SUMIFS('conditional forecasts_0'!F$6:F$553,'conditional forecasts_0'!$CW$6:$CW$553,$B7,'conditional forecasts_0'!$B$6:$B$553,"desl") -> 151.37491 | F7: =SUMIFS('conditional forecasts_0'!G$6:G$553,'conditional forecasts_0'!$CW$6:$CW$553,$B7,'conditional forecasts_0'!$B$6:$B$553,"desl") -> 135.92012 | G7: =SUMIFS('conditional forecasts_0'!H$6:H$553,'conditional forecasts_0'!$CW$6:$CW$553,$B7,'conditional forecasts_0'!$B$6:$B$553,"desl") -> 148.87912 | H7: =SUMIFS('conditional forecasts_0'!I$6:I$553,'conditional forecasts_0'!$CW$6:$CW$553,$B7,'conditional forecasts_0'!$B$6:$B$553,"desl") -> 144.22455 | I7: =SUMIFS('conditional forecasts_0'!J$6:J$553,'conditional forecasts_0'!$CW$6:$CW$553,$B7,'conditional forecasts_0'!$B$6:$B$553,"desl") -> 159.48715 | J7: =SUMIFS('conditional forecasts_0'!K$6:K$553,'conditional forecasts_0'!$CW$6:$CW$553,$B7,'conditional forecasts_0'!$B$6:$B$553,"desl") -> 170.74774 | ... CT7: =SUMIFS('conditional forecasts_0'!CU$6:CU$553,'conditional forecasts_0'!$CW$6:$CW$553,$B7,'conditional forecasts_0'!$B$6:$B$553,"desl") -> 79.056288
B8: 1303 | C8: =SUMIFS('conditional forecasts_0'!D$6:D$553,'conditional forecasts_0'!$CW$6:$CW$553,$B8,'conditional forecasts_0'!$B$6:$B$553,"desl") -> 12136.977 | D8: =SUMIFS('conditional forecasts_0'!E$6:E$553,'conditional forecasts_0'!$CW$6:$CW$553,$B8,'conditional forecasts_0'!$B$6:$B$553,"desl") -> 11974.527 | E8: =SUMIFS('conditional forecasts_0'!F$6:F$553,'conditional forecasts_0'!$CW$6:$CW$553,$B8,'conditional forecasts_0'!$B$6:$B$553,"desl") -> 12951.334 | F8: =SUMIFS('conditional forecasts_0'!G$6:G$553,'conditional forecasts_0'!$CW$6:$CW$553,$B8,'conditional forecasts_0'!$B$6:$B$553,"desl") -> 12345.644 | G8: =SUMIFS('conditional forecasts_0'!H$6:H$553,'conditional forecasts_0'!$CW$6:$CW$553,$B8,'conditional forecasts_0'!$B$6:$B$553,"desl") -> 12991.284 | H8: =SUMIFS('conditional forecasts_0'!I$6:I$553,'conditional forecasts_0'!$CW$6:$CW$553,$B8,'conditional forecasts_0'!$B$6:$B$553,"desl") -> 11480.293 | I8: =SUMIFS('conditional forecasts_0'!J$6:J$553,'conditional forecasts_0'!$CW$6:$CW$553,$B8,'conditional forecasts_0'!$B$6:$B$553,"desl") -> 11559.938 | J8: =SUMIFS('conditional forecasts_0'!K$6:K$553,'conditional forecasts_0'!$CW$6:$CW$553,$B8,'conditional forecasts_0'!$B$6:$B$553,"desl") -> 11930.899 | ... CT8: =SUMIFS('conditional forecasts_0'!CU$6:CU$553,'conditional forecasts_0'!$CW$6:$CW$553,$B8,'conditional forecasts_0'!$B$6:$B$553,"desl") -> 9240.7026
B9: 1302 | C9: =SUMIFS('conditional forecasts_0'!D$6:D$553,'conditional forecasts_0'!$CW$6:$CW$553,$B9,'conditional forecasts_0'!$B$6:$B$553,"desl") -> 30.493672 | D9: =SUMIFS('conditional forecasts_0'!E$6:E$553,'conditional forecasts_0'!$CW$6:$CW$553,$B9,'conditional forecasts_0'!$B$6:$B$553,"desl") -> 26.688984 | E9: =SUMIFS('conditional forecasts_0'!F$6:F$553,'conditional forecasts_0'!$CW$6:$CW$553,$B9,'conditional forecasts_0'!$B$6:$B$553,"desl") -> 27.770004 | F9: =SUMIFS('conditional forecasts_0'!G$6:G$553,'conditional forecasts_0'!$CW$6:$CW$553,$B9,'conditional forecasts_0'!$B$6:$B$553,"desl") -> 25.745242 | G9: =SUMIFS('conditional forecasts_0'!H$6:H$553,'conditional forecasts_0'!$CW$6:$CW$553,$B9,'conditional forecasts_0'!$B$6:$B$553,"desl") -> 27.102886 | H9: =SUMIFS('conditional forecasts_0'!I$6:I$553,'conditional forecasts_0'!$CW$6:$CW$553,$B9,'conditional forecasts_0'!$B$6:$B$553,"desl") -> 27.393345 | I9: =SUMIFS('conditional forecasts_0'!J$6:J$553,'conditional forecasts_0'!$CW$6:$CW$553,$B9,'conditional forecasts_0'!$B$6:$B$553,"desl") -> 27.734609 | J9: =SUMIFS('conditional forecasts_0'!K$6:K$553,'conditional forecasts_0'!$CW$6:$CW$553,$B9,'conditional forecasts_0'!$B$6:$B$553,"desl") -> 29.366413 | ... CT9: =SUMIFS('conditional forecasts_0'!CU$6:CU$553,'conditional forecasts_0'!$CW$6:$CW$553,$B9,'conditional forecasts_0'!$B$6:$B$553,"desl") -> 22.020158
B10: 1304 | C10: =SUMIFS('conditional forecasts_0'!D$6:D$553,'conditional forecasts_0'!$CW$6:$CW$553,$B10,'conditional forecasts_0'!$B$6:$B$553,"desl") -> 88.452191 | D10: =SUMIFS('conditional forecasts_0'!E$6:E$553,'conditional forecasts_0'!$CW$6:$CW$553,$B10,'conditional forecasts_0'!$B$6:$B$553,"desl") -> 78.122826 | E10: =SUMIFS('conditional forecasts_0'!F$6:F$553,'conditional forecasts_0'!$CW$6:$CW$553,$B10,'conditional forecasts_0'!$B$6:$B$553,"desl") -> 77.386571 | F10: =SUMIFS('conditional forecasts_0'!G$6:G$553,'conditional forecasts_0'!$CW$6:$CW$553,$B10,'conditional forecasts_0'!$B$6:$B$553,"desl") -> 76.666271 | G10: =SUMIFS('conditional forecasts_0'!H$6:H$553,'conditional forecasts_0'!$CW$6:$CW$553,$B10,'conditional forecasts_0'!$B$6:$B$553,"desl") -> 75.955703 | H10: =SUMIFS('conditional forecasts_0'!I$6:I$553,'conditional forecasts_0'!$CW$6:$CW$553,$B10,'conditional forecasts_0'!$B$6:$B$553,"desl") -> 69.421304 | I10: =SUMIFS('conditional forecasts_0'!J$6:J$553,'conditional forecasts_0'!$CW$6:$CW$553,$B10,'conditional forecasts_0'!$B$6:$B$553,"desl") -> 68.219188 | J10: =SUMIFS('conditional forecasts_0'!K$6:K$553,'conditional forecasts_0'!$CW$6:$CW$553,$B10,'conditional forecasts_0'!$B$6:$B$553,"desl") -> 68.002673 | ... CT10: =SUMIFS('conditional forecasts_0'!CU$6:CU$553,'conditional forecasts_0'!$CW$6:$CW$553,$B10,'conditional forecasts_0'!$B$6:$B$553,"desl") -> 42.389442
B11: 1301 | C11: =SUMIFS('conditional forecasts_0'!D$6:D$553,'conditional forecasts_0'!$CW$6:$CW$553,$B11,'conditional forecasts_0'!$B$6:$B$553,"desl") -> 32.275753 | D11: =SUMIFS('conditional forecasts_0'!E$6:E$553,'conditional forecasts_0'!$CW$6:$CW$553,$B11,'conditional forecasts_0'!$B$6:$B$553,"desl") -> 29.637096 | E11: =SUMIFS('conditional forecasts_0'!F$6:F$553,'conditional forecasts_0'!$CW$6:$CW$553,$B11,'conditional forecasts_0'!$B$6:$B$553,"desl") -> 21.877141 | F11: =SUMIFS('conditional forecasts_0'!G$6:G$553,'conditional forecasts_0'!$CW$6:$CW$553,$B11,'conditional forecasts_0'!$B$6:$B$553,"desl") -> 24.26779 | G11: =SUMIFS('conditional forecasts_0'!H$6:H$553,'conditional forecasts_0'!$CW$6:$CW$553,$B11,'conditional forecasts_0'!$B$6:$B$553,"desl") -> 24.502715 | H11: =SUMIFS('conditional forecasts_0'!I$6:I$553,'conditional forecasts_0'!$CW$6:$CW$553,$B11,'conditional forecasts_0'!$B$6:$B$553,"desl") -> 16.413167 | I11: =SUMIFS('conditional forecasts_0'!J$6:J$553,'conditional forecasts_0'!$CW$6:$CW$553,$B11,'conditional forecasts_0'!$B$6:$B$553,"desl") -> 20.059959 | J11: =SUMIFS('conditional forecasts_0'!K$6:K$553,'conditional forecasts_0'!$CW$6:$CW$553,$B11,'conditional forecasts_0'!$B$6:$B$553,"desl") -> 18.989537 | ... CT11: =SUMIFS('conditional forecasts_0'!CU$6:CU$553,'conditional forecasts_0'!$CW$6:$CW$553,$B11,'conditional forecasts_0'!$B$6:$B$553,"desl") -> 35.733463
B12: 1401 | C12: =SUMIFS('conditional forecasts_0'!D$6:D$553,'conditional forecasts_0'!$CW$6:$CW$553,$B12,'conditional forecasts_0'!$B$6:$B$553,"desl") -> 1736.6042 | D12: =SUMIFS('conditional forecasts_0'!E$6:E$553,'conditional forecasts_0'!$CW$6:$CW$553,$B12,'conditional forecasts_0'!$B$6:$B$553,"desl") -> 1628.5051 | E12: =SUMIFS('conditional forecasts_0'!F$6:F$553,'conditional forecasts_0'!$CW$6:$CW$553,$B12,'conditional forecasts_0'!$B$6:$B$553,"desl") -> 1806.4313 | F12: =SUMIFS('conditional forecasts_0'!G$6:G$553,'conditional forecasts_0'!$CW$6:$CW$553,$B12,'conditional forecasts_0'!$B$6:$B$553,"desl") -> 1663.6568 | G12: =SUMIFS('conditional forecasts_0'!H$6:H$553,'conditional forecasts_0'!$CW$6:$CW$553,$B12,'conditional forecasts_0'!$B$6:$B$553,"desl") -> 1758.2326 | H12: =SUMIFS('conditional forecasts_0'!I$6:I$553,'conditional forecasts_0'!$CW$6:$CW$553,$B12,'conditional forecasts_0'!$B$6:$B$553,"desl") -> 1674.6032 | I12: =SUMIFS('conditional forecasts_0'!J$6:J$553,'conditional forecasts_0'!$CW$6:$CW$553,$B12,'conditional forecasts_0'!$B$6:$B$553,"desl") -> 1661.3888 | J12: =SUMIFS('conditional forecasts_0'!K$6:K$553,'conditional forecasts_0'!$CW$6:$CW$553,$B12,'conditional forecasts_0'!$B$6:$B$553,"desl") -> 1704.451 | ... CT12: =SUMIFS('conditional forecasts_0'!CU$6:CU$553,'conditional forecasts_0'!$CW$6:$CW$553,$B12,'conditional forecasts_0'!$B$6:$B$553,"desl") -> 1979.4068
B13: 1402 | C13: =SUMIFS('conditional forecasts_0'!D$6:D$553,'conditional forecasts_0'!$CW$6:$CW$553,$B13,'conditional forecasts_0'!$B$6:$B$553,"desl") -> 74.359176 | D13: =SUMIFS('conditional forecasts_0'!E$6:E$553,'conditional forecasts_0'!$CW$6:$CW$553,$B13,'conditional forecasts_0'!$B$6:$B$553,"desl") -> 78.6045 | E13: =SUMIFS('conditional forecasts_0'!F$6:F$553,'conditional forecasts_0'!$CW$6:$CW$553,$B13,'conditional forecasts_0'!$B$6:$B$553,"desl") -> 83.570549 | F13: =SUMIFS('conditional forecasts_0'!G$6:G$553,'conditional forecasts_0'!$CW$6:$CW$553,$B13,'conditional forecasts_0'!$B$6:$B$553,"desl") -> 74.955016 | G13: =SUMIFS('conditional forecasts_0'!H$6:H$553,'conditional forecasts_0'!$CW$6:$CW$553,$B13,'conditional forecasts_0'!$B$6:$B$553,"desl") -> 77.946229 | H13: =SUMIFS('conditional forecasts_0'!I$6:I$553,'conditional forecasts_0'!$CW$6:$CW$553,$B13,'conditional forecasts_0'!$B$6:$B$553,"desl") -> 69.141854 | I13: =SUMIFS('conditional forecasts_0'!J$6:J$553,'conditional forecasts_0'!$CW$6:$CW$553,$B13,'conditional forecasts_0'!$B$6:$B$553,"desl") -> 68.621517 | J13: =SUMIFS('conditional forecasts_0'!K$6:K$553,'conditional forecasts_0'!$CW$6:$CW$553,$B13,'conditional forecasts_0'!$B$6:$B$553,"desl") -> 67.243105 | ... CT13: =SUMIFS('conditional forecasts_0'!CU$6:CU$553,'conditional forecasts_0'!$CW$6:$CW$553,$B13,'conditional forecasts_0'!$B$6:$B$553,"desl") -> 27.171701
B14: 1504 | C14: =SUMIFS('conditional forecasts_0'!D$6:D$553,'conditional forecasts_0'!$CW$6:$CW$553,$B14,'conditional forecasts_0'!$B$6:$B$553,"desl") -> 1890.8616 | D14: =SUMIFS('conditional forecasts_0'!E$6:E$553,'conditional forecasts_0'!$CW$6:$CW$553,$B14,'conditional forecasts_0'!$B$6:$B$553,"desl") -> 1817.1466 | E14: =SUMIFS('conditional forecasts_0'!F$6:F$553,'conditional forecasts_0'!$CW$6:$CW$553,$B14,'conditional forecasts_0'!$B$6:$B$553,"desl") -> 1956.8445 | F14: =SUMIFS('conditional forecasts_0'!G$6:G$553,'conditional forecasts_0'!$CW$6:$CW$553,$B14,'conditional forecasts_0'!$B$6:$B$553,"desl") -> 1752.9416 | G14: =SUMIFS('conditional forecasts_0'!H$6:H$553,'conditional forecasts_0'!$CW$6:$CW$553,$B14,'conditional forecasts_0'!$B$6:$B$553,"desl") -> 1840.3733 | H14: =SUMIFS('conditional forecasts_0'!I$6:I$553,'conditional forecasts_0'!$CW$6:$CW$553,$B14,'conditional forecasts_0'!$B$6:$B$553,"desl") -> 1670.0596 | I14: =SUMIFS('conditional forecasts_0'!J$6:J$553,'conditional forecasts_0'!$CW$6:$CW$553,$B14,'conditional forecasts_0'!$B$6:$B$553,"desl") -> 1623.0069 | J14: =SUMIFS('conditional forecasts_0'!K$6:K$553,'conditional forecasts_0'!$CW$6:$CW$553,$B14,'conditional forecasts_0'!$B$6:$B$553,"desl") -> 1609.3431 | ... CT14: =SUMIFS('conditional forecasts_0'!CU$6:CU$553,'conditional forecasts_0'!$CW$6:$CW$553,$B14,'conditional forecasts_0'!$B$6:$B$553,"desl") -> 887.6068
... B154: 5301 | C154: =SUMIFS('conditional forecasts_0'!D$6:D$553,'conditional forecasts_0'!$CW$6:$CW$553,$B154,'conditional forecasts_0'!$B$6:$B$553,"desl") -> 22948.114 | D154: =SUMIFS('conditional forecasts_0'!E$6:E$553,'conditional forecasts_0'!$CW$6:$CW$553,$B154,'conditional forecasts_0'!$B$6:$B$553,"desl") -> 22485.174 | E154: =SUMIFS('conditional forecasts_0'!F$6:F$553,'conditional forecasts_0'!$CW$6:$CW$553,$B154,'conditional forecasts_0'!$B$6:$B$553,"desl") -> 24679.004 | F154: =SUMIFS('conditional forecasts_0'!G$6:G$553,'conditional forecasts_0'!$CW$6:$CW$553,$B154,'conditional forecasts_0'!$B$6:$B$553,"desl") -> 23112.065 | G154: =SUMIFS('conditional forecasts_0'!H$6:H$553,'conditional forecasts_0'!$CW$6:$CW$553,$B154,'conditional forecasts_0'!$B$6:$B$553,"desl") -> 23808.27 | H154: =SUMIFS('conditional forecasts_0'!I$6:I$553,'conditional forecasts_0'!$CW$6:$CW$553,$B154,'conditional forecasts_0'!$B$6:$B$553,"desl") -> 21455.512 | I154: =SUMIFS('conditional forecasts_0'!J$6:J$553,'conditional forecasts_0'!$CW$6:$CW$553,$B154,'conditional forecasts_0'!$B$6:$B$553,"desl") -> 21128.866 | J154: =SUMIFS('conditional forecasts_0'!K$6:K$553,'conditional forecasts_0'!$CW$6:$CW$553,$B154,'conditional forecasts_0'!$B$6:$B$553,"desl") -> 21524.333 | ... CT154: =SUMIFS('conditional forecasts_0'!CU$6:CU$553,'conditional forecasts_0'!$CW$6:$CW$553,$B154,'conditional forecasts_0'!$B$6:$B$553,"desl") -> 12632.508

Sheet Net
B2: Mesoregiao | C2: 2017M1 | D2: 2017M2 | E2: 2017M3 | F2: 2017M4 | G2: 2017M5 | H2: 2017M6 | I2: 2017M7 | J2: 2017M8 | K2: 2017M9 | L2: 2017M10 | M2: 2017M11 | N2: 2017M12 | O2: 2018M1 | P2: 2018M2 | Q2: 2018M3 | R2: 2018M4 | S2: 2018M5 | T2: 2018M6 | U2: 2018M7 | V2: 2018M8 | W2: 2018M9 | X2: 2018M10 | Y2: 2018M11 | Z2: 2018M12 | AA2: 2019M1 | AB2: 2019M2 | AC2: 2019M3 | AD2: 2019M4 | AE2: 2019M5 | AF2: 2019M6 | AG2: 2019M7 | AH2: 2019M8 | AI2: 2019M9 | AJ2: 2019M10 | AK2: 2019M11 | AL2: 2019M12 | AM2: 2020M1 | AN2: 2020M2 | AO2: 2020M3 | AP2: 2020M4 | AQ2: 2020M5 | AR2: 2020M6 | AS2: 2020M7 | AT2: 2020M8 | AU2: 2020M9 | AV2: 2020M10 | AW2: 2020M11 | AX2: 2020M12 | AY2: 2021M1 | AZ2: 2021M2 | BA2: 2021M3 | BB2: 2021M4 | BC2: 2021M5 | BD2: 2021M6 | BE2: 2021M7 | BF2: 2021M8 | BG2: 2021M9 | BH2: 2021M10 | BI2: 2021M11 | BJ2: 2021M12 | BK2: 2022M1 | BL2: 2022M2 | BM2: 2022M3 | BN2: 2022M4 | BO2: 2022M5 | BP2: 2022M6 | BQ2: 2022M7 | BR2: 2022M8 | BS2: 2022M9 | BT2: 2022M10 | BU2: 2022M11 | BV2: 2022M12 | BW2: 2023M1 | BX2: 2023M2 | BY2: 2023M3 | BZ2: 2023M4 | CA2: 2023M5 | CB2: 2023M6 | CC2: 2023M7 | CD2: 2023M8 | CE2: 2023M9 | CF2: 2023M10 | CG2: 2023M11 | CH2: 2023M12 | CI2: 2024M1 | CJ2: 2024M2 | CK2: 2024M3 | CL2: 2024M4 | CM2: 2024M5 | CN2: 2024M6 | CO2: 2024M7 | CP2: 2024M8 | CQ2: 2024M9 | CR2: 2024M10 | CS2: 2024M11 | CT2: 2024M12
B3: 1102 | C3: =Adm!C3-Des!C3 -> -704.75663 | D3: =Adm!D3-Des!D3 -> -117.70772 | E3: =Adm!E3-Des!E3 -> 179.46573 | F3: =Adm!F3-Des!F3 -> 442.14984 | G3: =Adm!G3-Des!G3 -> 183.99352 | H3: =Adm!H3-Des!H3 -> 666.05213 | I3: =Adm!I3-Des!I3 -> 275.87315 | J3: =Adm!J3-Des!J3 -> 47.913144 | ... CT3: =Adm!CT3-Des!CT3 -> -445.27012
B4: 1101 | C4: =Adm!C4-Des!C4 -> -572.41612 | D4: =Adm!D4-Des!D4 -> -238.55647 | E4: =Adm!E4-Des!E4 -> 149.02025 | F4: =Adm!F4-Des!F4 -> 174.84875 | G4: =Adm!G4-Des!G4 -> 31.766302 | H4: =Adm!H4-Des!H4 -> 308.3345 | I4: =Adm!I4-Des!I4 -> 72.031181 | J4: =Adm!J4-Des!J4 -> 40.759992 | ... CT4: =Adm!CT4-Des!CT4 -> -384.92448
B5: 1100 | C5: =Adm!C5-Des!C5 -> 0 | D5: =Adm!D5-Des!D5 -> 0 | E5: =Adm!E5-Des!E5 -> 0 | F5: =Adm!F5-Des!F5 -> 0 | G5: =Adm!G5-Des!G5 -> 0 | H5: =Adm!H5-Des!H5 -> 0 | I5: =Adm!I5-Des!I5 -> 0 | J5: =Adm!J5-Des!J5 -> 0 | ... CT5: =Adm!CT5-Des!CT5 -> 0
B6: 1202 | C6: =Adm!C6-Des!C6 -> -400.60763 | D6: =Adm!D6-Des!D6 -> -156.6007 | E6: =Adm!E6-Des!E6 -> -3.3745212 | F6: =Adm!F6-Des!F6 -> 172.07914 | G6: =Adm!G6-Des!G6 -> 31.331209 | H6: =Adm!H6-Des!H6 -> 235.4041 | I6: =Adm!I6-Des!I6 -> 125.92661 | J6: =Adm!J6-Des!J6 -> 58.181741 | ... CT6: =Adm!CT6-Des!CT6 -> -361.19672
B7: 1201 | C7: =Adm!C7-Des!C7 -> -75.11181 | D7: =Adm!D7-Des!D7 -> -31.938827 | E7: =Adm!E7-Des!E7 -> 15.217019 | F7: =Adm!F7-Des!F7 -> 58.825458 | G7: =Adm!G7-Des!G7 -> 71.31256 | H7: =Adm!H7-Des!H7 -> 92.246392 | I7: =Adm!I7-Des!I7 -> 60.076414 | J7: =Adm!J7-Des!J7 -> 36.033681 | ... CT7: =Adm!CT7-Des!CT7 -> -62.279419
B8: 1303 | C8: =Adm!C8-Des!C8 -> -3322.696 | D8: =Adm!D8-Des!D8 -> -2599.8224 | E8: =Adm!E8-Des!E8 -> -1411.5703 | F8: =Adm!F8-Des!F8 -> -948.58313 | G8: =Adm!G8-Des!G8 -> -1628.452 | H8: =Adm!H8-Des!H8 -> 439.82999 | I8: =Adm!I8-Des!I8 -> -277.96649 | J8: =Adm!J8-Des!J8 -> -270.50164 | ... CT8: =Adm!CT8-Des!CT8 -> -2325.4611
B9: 1302 | C9: =Adm!C9-Des!C9 -> -7.1058155 | D9: =Adm!D9-Des!D9 -> -3.6927574 | E9: =Adm!E9-Des!E9 -> -0.96898043 | F9: =Adm!F9-Des!F9 -> 0.45946105 | G9: =Adm!G9-Des!G9 -> -1.1807792 | H9: =Adm!H9-Des!H9 -> 0.35600806 | I9: =Adm!I9-Des!I9 -> -3.3712991 | J9: =Adm!J9-Des!J9 -> -4.3859058 | ... CT9: =Adm!CT9-Des!CT9 -> -11.506404
B10: 1304 | C10: =Adm!C10-Des!C10 -> -9.3838613 | D10: =Adm!D10-Des!D10 -> 6.3822347 | E10: =Adm!E10-Des!E10 -> 21.000902 | F10: =Adm!F10-Des!F10 -> 11.512455 | G10: =Adm!G10-Des!G10 -> 10.074276 | H10: =Adm!H10-Des!H10 -> 15.566049 | I10: =Adm!I10-Des!I10 -> 9.3143532 | J10: =Adm!J10-Des!J10 -> 9.6703647 | ... CT10: =Adm!CT10-Des!CT10 -> -15.345161
B11: 1301 | C11: =Adm!C11-Des!C11 -> -8.777185 | D11: =Adm!D11-Des!D11 -> -2.7750272 | E11: =Adm!E11-Des!E11 -> 5.6904747 | F11: =Adm!F11-Des!F11 -> -3.0655735 | G11: =Adm!G11-Des!G11 -> -4.1262012 | H11: =Adm!H11-Des!H11 -> 9.3889671 | I11: =Adm!I11-Des!I11 -> -4.9369446 | J11: =Adm!J11-Des!J11 -> -1.2789562 | ... CT11: =Adm!CT11-Des!CT11 -> -14.802167
B12: 1401 | C12: =Adm!C12-Des!C12 -> -257.94835 | D12: =Adm!D12-Des!D12 -> -108.59428 | E12: =Adm!E12-Des!E12 -> -154.83714 | F12: =Adm!F12-Des!F12 -> -24.048777 | G12: =Adm!G12-Des!G12 -> -126.97068 | H12: =Adm!H12-Des!H12 -> 18.857382 | I12: =Adm!I12-Des!I12 -> -29.32416 | J12: =Adm!J12-Des!J12 -> -57.017534 | ... CT12: =Adm!CT12-Des!CT12 -> -131.96415
B13: 1402 | C13: =Adm!C13-Des!C13 -> 5.544976 | D13: =Adm!D13-Des!D13 -> -7.0110575 | E13: =Adm!E13-Des!E13 -> -5.4969619 | F13: =Adm!F13-Des!F13 -> 0.88414525 | G13: =Adm!G13-Des!G13 -> -4.9406439 | H13: =Adm!H13-Des!H13 -> 3.8403221 | I13: =Adm!I13-Des!I13 -> -1.932391 | J13: =Adm!J13-Des!J13 -> -3.6888726 | ... CT13: =Adm!CT13-Des!CT13 -> 2.3985403
B14: 1504 | C14: =Adm!C14-Des!C14 -> -477.06466 | D14: =Adm!D14-Des!D14 -> -380.03311 | E14: =Adm!E14-Des!E14 -> -326.47549 | F14: =Adm!F14-Des!F14 -> -125.31586 | G14: =Adm!G14-Des!G14 -> -282.49969 | H14: =Adm!H14-Des!H14 -> -93.477999 | I14: =Adm!I14-Des!I14 -> -218.53975 | J14: =Adm!J14-Des!J14 -> -141.35397 | ... CT14: =Adm!CT14-Des!CT14 -> -106.26228
... B154: 5301 | C154: =Adm!C154-Des!C154 -> -2277.3601 | D154: =Adm!D154-Des!D154 -> -588.46011 | E154: =Adm!E154-Des!E154 -> -522.62485 | F154: =Adm!F154-Des!F154 -> 915.29701 | G154: =Adm!G154-Des!G154 -> -371.13438 | H154: =Adm!H154-Des!H154 -> 1848.5825 | I154: =Adm!I154-Des!I154 -> 390.12506 | J154: =Adm!J154-Des!J154 -> -557.08192 | ... CT154: =Adm!CT154-Des!CT154 -> -577.82863

Sheet Net Acumulado
B3: Deficit | C3: Mesoregiao | D3: 2017M1 | E3: 2017M2 | F3: 2017M3 | G3: 2017M4 | H3: 2017M5 | I3: 2017M6 | J3: 2017M7 | K3: 2017M8 | L3: 2017M9 | M3: 2017M10 | N3: 2017M11 | O3: 2017M12 | P3: 2018M1 | Q3: 2018M2 | R3: 2018M3 | S3: 2018M4 | T3: 2018M5 | U3: 2018M6 | V3: 2018M7 | W3: 2018M8 | X3: 2018M9 | Y3: 2018M10 | Z3: 2018M11 | AA3: 2018M12 | AB3: 2019M1 | AC3: 2019M2 | AD3: 2019M3 | AE3: 2019M4 | AF3: 2019M5 | AG3: 2019M6 | AH3: 2019M7 | AI3: 2019M8 | AJ3: 2019M9 | AK3: 2019M10 | AL3: 2019M11 | AM3: 2019M12 | AN3: 2020M1 | AO3: 2020M2 | AP3: 2020M3 | AQ3: 2020M4 | AR3: 2020M5 | AS3: 2020M6 | AT3: 2020M7 | AU3: 2020M8 | AV3: 2020M9 | AW3: 2020M10 | AX3: 2020M11 | AY3: 2020M12 | AZ3: 2021M1 | BA3: 2021M2 | BB3: 2021M3 | BC3: 2021M4 | BD3: 2021M5 | BE3: 2021M6 | BF3: 2021M7 | BG3: 2021M8 | BH3: 2021M9 | BI3: 2021M10 | BJ3: 2021M11 | BK3: 2021M12 | BL3: 2022M1 | BM3: 2022M2 | BN3: 2022M3 | BO3: 2022M4 | BP3: 2022M5 | BQ3: 2022M6 | BR3: 2022M7 | BS3: 2022M8 | BT3: 2022M9 | BU3: 2022M10 | BV3: 2022M11 | BW3: 2022M12 | BX3: 2023M1 | BY3: 2023M2 | BZ3: 2023M3 | CA3: 2023M4 | CB3: 2023M5 | CC3: 2023M6 | CD3: 2023M7 | CE3: 2023M8 | CF3: 2023M9 | CG3: 2023M10 | CH3: 2023M11 | CI3: 2023M12 | CJ3: 2024M1 | CK3: 2024M2 | CL3: 2024M3 | CM3: 2024M4 | CN3: 2024M5 | CO3: 2024M6 | CP3: 2024M7 | CQ3: 2024M8 | CR3: 2024M9 | CS3: 2024M10 | CT3: 2024M11 | CU3: 2024M12
B4: -7656 | C4: 1102 | D4: =Net!C3 -> -704.75663 | E4: =D4+Net!D3 -> -822.46435 | F4: =E4+Net!E3 -> -642.99862 | G4: =F4+Net!F3 -> -200.84879 | H4: =G4+Net!G3 -> -16.855269 | I4: =H4+Net!H3 -> 649.19686 | J4: =I4+Net!I3 -> 925.07 | K4: =J4+Net!J3 -> 972.98315 | L4: =K4+Net!K3 -> 1157.2961 | ... CU4: =CT4+Net!CT3 -> 5427.13
B5: -24206 | C5: 1101 | D5: =Net!C4 -> -572.41612 | E5: =D5+Net!D4 -> -810.97259 | F5: =E5+Net!E4 -> -661.95234 | G5: =F5+Net!F4 -> -487.10359 | H5: =G5+Net!G4 -> -455.33729 | I5: =H5+Net!H4 -> -147.00279 | J5: =I5+Net!I4 -> -74.97161 | K5: =J5+Net!J4 -> -34.211618 | L5: =K5+Net!K4 -> -94.978404 | ... CU5: =CT5+Net!CT4 -> 6680.0458
B6: 0 | C6: 1100 | D6: =Net!C5 -> 0 | E6: =D6+Net!D5 -> 0 | F6: =E6+Net!E5 -> 0 | G6: =F6+Net!F5 -> 0 | H6: =G6+Net!G5 -> 0 | I6: =H6+Net!H5 -> 0 | J6: =I6+Net!I5 -> 0 | K6: =J6+Net!J5 -> 0 | L6: =K6+Net!K5 -> 0 | ... CU6: =CT6+Net!CT5 -> 0
B7: -4690 | C7: 1202 | D7: =Net!C6 -> -400.60763 | E7: =D7+Net!D6 -> -557.20833 | F7: =E7+Net!E6 -> -560.58286 | G7: =F7+Net!F6 -> -388.50372 | H7: =G7+Net!G6 -> -357.17251 | I7: =H7+Net!H6 -> -121.76841 | J7: =I7+Net!I6 -> 4.1582048 | K7: =J7+Net!J6 -> 62.339945 | L7: =K7+Net!K6 -> 151.20795 | ... CU7: =CT7+Net!CT6 -> -2348.6751
B8: -850 | C8: 1201 | D8: =Net!C7 -> -75.11181 | E8: =D8+Net!D7 -> -107.05064 | F8: =E8+Net!E7 -> -91.833618 | G8: =F8+Net!F7 -> -33.00816 | H8: =G8+Net!G7 -> 38.3044 | I8: =H8+Net!H7 -> 130.55079 | J8: =I8+Net!I7 -> 190.62721 | K8: =J8+Net!J7 -> 226.66089 | L8: =K8+Net!K7 -> 243.9032 | ... CU8: =CT8+Net!CT7 -> 917.29733
B9: -60102 | C9: 1303 | D9: =Net!C8 -> -3322.696 | E9: =D9+Net!D8 -> -5922.5185 | F9: =E9+Net!E8 -> -7334.0887 | G9: =F9+Net!F8 -> -8282.6719 | H9: =G9+Net!G8 -> -9911.1239 | I9: =H9+Net!H8 -> -9471.2939 | J9: =I9+Net!I8 -> -9749.2604 | K9: =J9+Net!J8 -> -10019.762 | L9: =K9+Net!K8 -> -9634.6492 | ... CU9: =CT9+Net!CT8 -> -69620.814
B10: -46 | C10: 1302 | D10: =Net!C9 -> -7.1058155 | E10: =D10+Net!D9 -> -10.798573 | F10: =E10+Net!E9 -> -11.767553 | G10: =F10+Net!F9 -> -11.308092 | H10: =G10+Net!G9 -> -12.488871 | I10: =H10+Net!H9 -> -12.132863 | J10: =I10+Net!I9 -> -15.504162 | K10: =J10+Net!J9 -> -19.890068 | L10: =K10+Net!K9 -> -26.504113 | ... CU10: =CT10+Net!CT9 -> -649.23833
B11: 253 | C11: 1304 | D11: =Net!C10 -> -9.3838613 | E11: =D11+Net!D10 -> -3.0016267 | F11: =E11+Net!E10 -> 17.999275 | G11: =F11+Net!F10 -> 29.511731 | H11: =G11+Net!G10 -> 39.586007 | I11: =H11+Net!H10 -> 55.152055 | J11: =I11+Net!I10 -> 64.466408 | K11: =J11+Net!J10 -> 74.136773 | L11: =K11+Net!K10 -> 78.617072 | ... CU11: =CT11+Net!CT10 -> 447.003
B12: 49 | C12: 1301 | D12: =Net!C11 -> -8.777185 | E12: =D12+Net!D11 -> -11.552212 | F12: =E12+Net!E11 -> -5.8617375 | G12: =F12+Net!F11 -> -8.9273111 | H12: =G12+Net!G11 -> -13.053512 | I12: =H12+Net!H11 -> -3.6645452 | J12: =I12+Net!I11 -> -8.6014898 | K12: =J12+Net!J11 -> -9.880446 | L12: =K12+Net!K11 -> -8.0047218 | ... CU12: =CT12+Net!CT11 -> -439.84458
B13: -1579 | C13: 1401 | D13: =Net!C12 -> -257.94835 | E13: =D13+Net!D12 -> -366.54262 | F13: =E13+Net!E12 -> -521.37976 | G13: =F13+Net!F12 -> -545.42854 | H13: =G13+Net!G12 -> -672.39922 | I13: =H13+Net!H12 -> -653.54184 | J13: =I13+Net!I12 -> -682.866 | K13: =J13+Net!J12 -> -739.88353 | L13: =K13+Net!K12 -> -700.30454 | ... CU13: =CT13+Net!CT12 -> -8994.1787
B14: -171 | C14: 1402 | D14: =Net!C13 -> 5.544976 | E14: =D14+Net!D13 -> -1.4660815 | F14: =E14+Net!E13 -> -6.9630434 | G14: =F14+Net!F13 -> -6.0788981 | H14: =G14+Net!G13 -> -11.019542 | I14: =H14+Net!H13 -> -7.1792198 | J14: =I14+Net!I13 -> -9.1116109 | K14: =J14+Net!J13 -> -12.800483 | L14: =K14+Net!K13 -> -11.030914 | ... CU14: =CT14+Net!CT13 -> -79.737047
B15: -5965 | C15: 1504 | D15: =Net!C14 -> -477.06466 | E15: =D15+Net!D14 -> -857.09777 | F15: =E15+Net!E14 -> -1183.5733 | G15: =F15+Net!F14 -> -1308.8891 | H15: =G15+Net!G14 -> -1591.3888 | I15: =H15+Net!H14 -> -1684.8668 | J15: =I15+Net!I14 -> -1903.4066 | K15: =J15+Net!J14 -> -2044.7605 | L15: =K15+Net!K14 -> -2044.9266 | ... CU15: =CT15+Net!CT14 -> -12781.606
... B155: -48481 | C155: 5301 | D155: =Net!C154 -> -2277.3601 | E155: =D155+Net!D154 -> -2865.8202 | F155: =E155+Net!E154 -> -3388.445 | G155: =F155+Net!F154 -> -2473.148 | H155: =G155+Net!G154 -> -2844.2824 | I155: =H155+Net!H154 -> -995.69986 | J155: =I155+Net!I154 -> -605.5748 | K155: =J155+Net!J154 -> -1162.6567 | L155: =K155+Net!K154 -> -788.21077 | ... CU155: =CT155+Net!CT154 -> 3341.0382
B157: =SUM(B4:B155) -> -2996914 | C157: BRASIL | D157: =SUM(D4:D155) -> -243895.53 | E157: =SUM(E4:E155) -> -360200.34 | F157: =SUM(F4:F155) -> -419259.59 | G157: =SUM(G4:G155) -> -387221.97 | H157: =SUM(H4:H155) -> -419672.1 | I157: =SUM(I4:I155) -> -291617.09 | J157: =SUM(J4:J155) -> -256128.41 | K157: =SUM(K4:K155) -> -279069.23 | ... CU157: =SUM(CU4:CU155) -> -1682770.8

Sheet Recuperacao
A3: time_to_rec | B3: Deficit | C3: Mesoregiao | D3: 2017M1 | E3: 2017M2 | F3: 2017M3 | G3: 2017M4 | H3: 2017M5 | I3: 2017M6 | J3: 2017M7 | K3: 2017M8 | L3: 2017M9 | M3: 2017M10 | N3: 2017M11 | O3: 2017M12 | P3: 2018M1 | Q3: 2018M2 | R3: 2018M3 | S3: 2018M4 | T3: 2018M5 | U3: 2018M6 | V3: 2018M7 | W3: 2018M8 | X3: 2018M9 | Y3: 2018M10 | Z3: 2018M11 | AA3: 2018M12 | AB3: 2019M1 | AC3: 2019M2 | AD3: 2019M3 | AE3: 2019M4 | AF3: 2019M5 | AG3: 2019M6 | AH3: 2019M7 | AI3: 2019M8 | AJ3: 2019M9 | AK3: 2019M10 | AL3: 2019M11 | AM3: 2019M12 | AN3: 2020M1 | AO3: 2020M2 | AP3: 2020M3 | AQ3: 2020M4 | AR3: 2020M5 | AS3: 2020M6 | AT3: 2020M7 | AU3: 2020M8 | AV3: 2020M9 | AW3: 2020M10 | AX3: 2020M11 | AY3: 2020M12 | AZ3: 2021M1 | BA3: 2021M2 | BB3: 2021M3 | BC3: 2021M4 | BD3: 2021M5 | BE3: 2021M6 | BF3: 2021M7 | BG3: 2021M8 | BH3: 2021M9 | BI3: 2021M10 | BJ3: 2021M11 | BK3: 2021M12 | BL3: 2022M1 | BM3: 2022M2 | BN3: 2022M3 | BO3: 2022M4 | BP3: 2022M5 | BQ3: 2022M6 | BR3: 2022M7 | BS3: 2022M8 | BT3: 2022M9 | BU3: 2022M10 | BV3: 2022M11 | BW3: 2022M12 | BX3: 2023M1 | BY3: 2023M2 | BZ3: 2023M3 | CA3: 2023M4 | CB3: 2023M5 | CC3: 2023M6 | CD3: 2023M7 | CE3: 2023M8 | CF3: 2023M9 | CG3: 2023M10 | CH3: 2023M11 | CI3: 2023M12 | CJ3: 2024M1 | CK3: 2024M2 | CL3: 2024M3 | CM3: 2024M4 | CN3: 2024M5 | CO3: 2024M6 | CP3: 2024M7 | CQ3: 2024M8 | CR3: 2024M9 | CS3: 2024M10 | CT3: 2024M11 | CU3: 2024M12
A4: =SUM(D4:CU4) -> 96 | B4: -7656 | C4: 1102 | D4: =IF('Net Acumulado'!D4>-'Net Acumulado'!$B4,0,1) -> 1 | E4: =IF(D4=0,0,IF('Net Acumulado'!E4>-'Net Acumulado'!$B4,0,1)) -> 1 | F4: =IF(E4=0,0,IF('Net Acumulado'!F4>-'Net Acumulado'!$B4,0,1)) -> 1 | G4: =IF(F4=0,0,IF('Net Acumulado'!G4>-'Net Acumulado'!$B4,0,1)) -> 1 | H4: =IF(G4=0,0,IF('Net Acumulado'!H4>-'Net Acumulado'!$B4,0,1)) -> 1 | I4: =IF(H4=0,0,IF('Net Acumulado'!I4>-'Net Acumulado'!$B4,0,1)) -> 1 | J4: =IF(I4=0,0,IF('Net Acumulado'!J4>-'Net Acumulado'!$B4,0,1)) -> 1 | K4: =IF(J4=0,0,IF('Net Acumulado'!K4>-'Net Acumulado'!$B4,0,1)) -> 1 | L4: =IF(K4=0,0,IF('Net Acumulado'!L4>-'Net Acumulado'!$B4,0,1)) -> 1 | ... CU4: =IF(CT4=0,0,IF('Net Acumulado'!CU4>-'Net Acumulado'!$B4,0,1)) -> 1
A5: =SUM(D5:CU5) -> 96 | B5: -24206 | C5: 1101 | D5: =IF('Net Acumulado'!D5>-'Net Acumulado'!$B5,0,1) -> 1 | E5: =IF(D5=0,0,IF('Net Acumulado'!E5>-'Net Acumulado'!$B5,0,1)) -> 1 | F5: =IF(E5=0,0,IF('Net Acumulado'!F5>-'Net Acumulado'!$B5,0,1)) -> 1 | G5: =IF(F5=0,0,IF('Net Acumulado'!G5>-'Net Acumulado'!$B5,0,1)) -> 1 | H5: =IF(G5=0,0,IF('Net Acumulado'!H5>-'Net Acumulado'!$B5,0,1)) -> 1 | I5: =IF(H5=0,0,IF('Net Acumulado'!I5>-'Net Acumulado'!$B5,0,1)) -> 1 | J5: =IF(I5=0,0,IF('Net Acumulado'!J5>-'Net Acumulado'!$B5,0,1)) -> 1 | K5: =IF(J5=0,0,IF('Net Acumulado'!K5>-'Net Acumulado'!$B5,0,1)) -> 1 | L5: =IF(K5=0,0,IF('Net Acumulado'!L5>-'Net Acumulado'!$B5,0,1)) -> 1 | ... CU5: =IF(CT5=0,0,IF('Net Acumulado'!CU5>-'Net Acumulado'!$B5,0,1)) -> 1
A6: =SUM(D6:CU6) -> 96 | B6: 0 | C6: 1100 | D6: =IF('Net Acumulado'!D6>-'Net Acumulado'!$B6,0,1) -> 1 | E6: =IF(D6=0,0,IF('Net Acumulado'!E6>-'Net Acumulado'!$B6,0,1)) -> 1 | F6: =IF(E6=0,0,IF('Net Acumulado'!F6>-'Net Acumulado'!$B6,0,1)) -> 1 | G6: =IF(F6=0,0,IF('Net Acumulado'!G6>-'Net Acumulado'!$B6,0,1)) -> 1 | H6: =IF(G6=0,0,IF('Net Acumulado'!H6>-'Net Acumulado'!$B6,0,1)) -> 1 | I6: =IF(H6=0,0,IF('Net Acumulado'!I6>-'Net Acumulado'!$B6,0,1)) -> 1 | J6: =IF(I6=0,0,IF('Net Acumulado'!J6>-'Net Acumulado'!$B6,0,1)) -> 1 | K6: =IF(J6=0,0,IF('Net Acumulado'!K6>-'Net Acumulado'!$B6,0,1)) -> 1 | L6: =IF(K6=0,0,IF('Net Acumulado'!L6>-'Net Acumulado'!$B6,0,1)) -> 1 | ... CU6: =IF(CT6=0,0,IF('Net Acumulado'!CU6>-'Net Acumulado'!$B6,0,1)) -> 1
A7: =SUM(D7:CU7) -> 96 | B7: -4690 | C7: 1202 | D7: =IF('Net Acumulado'!D7>-'Net Acumulado'!$B7,0,1) -> 1 | E7: =IF(D7=0,0,IF('Net Acumulado'!E7>-'Net Acumulado'!$B7,0,1)) -> 1 | F7: =IF(E7=0,0,IF('Net Acumulado'!F7>-'Net Acumulado'!$B7,0,1)) -> 1 | G7: =IF(F7=0,0,IF('Net Acumulado'!G7>-'Net Acumulado'!$B7,0,1)) -> 1 | H7: =IF(G7=0,0,IF('Net Acumulado'!H7>-'Net Acumulado'!$B7,0,1)) -> 1 | I7: =IF(H7=0,0,IF('Net Acumulado'!I7>-'Net Acumulado'!$B7,0,1)) -> 1 | J7: =IF(I7=0,0,IF('Net Acumulado'!J7>-'Net Acumulado'!$B7,0,1)) -> 1 | K7: =IF(J7=0,0,IF('Net Acumulado'!K7>-'Net Acumulado'!$B7,0,1)) -> 1 | L7: =IF(K7=0,0,IF('Net Acumulado'!L7>-'Net Acumulado'!$B7,0,1)) -> 1 | ... CU7: =IF(CT7=0,0,IF('Net Acumulado'!CU7>-'Net Acumulado'!$B7,0,1)) -> 1
A8: =SUM(D8:CU8) -> 78 | B8: -850 | C8: 1201 | D8: =IF('Net Acumulado'!D8>-'Net Acumulado'!$B8,0,1) -> 1 | E8: =IF(D8=0,0,IF('Net Acumulado'!E8>-'Net Acumulado'!$B8,0,1)) -> 1 | F8: =IF(E8=0,0,IF('Net Acumulado'!F8>-'Net Acumulado'!$B8,0,1)) -> 1 | G8: =IF(F8=0,0,IF('Net Acumulado'!G8>-'Net Acumulado'!$B8,0,1)) -> 1 | H8: =IF(G8=0,0,IF('Net Acumulado'!H8>-'Net Acumulado'!$B8,0,1)) -> 1 | I8: =IF(H8=0,0,IF('Net Acumulado'!I8>-'Net Acumulado'!$B8,0,1)) -> 1 | J8: =IF(I8=0,0,IF('Net Acumulado'!J8>-'Net Acumulado'!$B8,0,1)) -> 1 | K8: =IF(J8=0,0,IF('Net Acumulado'!K8>-'Net Acumulado'!$B8,0,1)) -> 1 | L8: =IF(K8=0,0,IF('Net Acumulado'!L8>-'Net Acumulado'!$B8,0,1)) -> 1 | ... CU8: =IF(CT8=0,0,IF('Net Acumulado'!CU8>-'Net Acumulado'!$B8,0,1)) -> 0
A9: =SUM(D9:CU9) -> 96 | B9: -60102 | C9: 1303 | D9: =IF('Net Acumulado'!D9>-'Net Acumulado'!$B9,0,1) -> 1 | E9: =IF(D9=0,0,IF('Net Acumulado'!E9>-'Net Acumulado'!$B9,0,1)) -> 1 | F9: =IF(E9=0,0,IF('Net Acumulado'!F9>-'Net Acumulado'!$B9,0,1)) -> 1 | G9: =IF(F9=0,0,IF('Net Acumulado'!G9>-'Net Acumulado'!$B9,0,1)) -> 1 | H9: =IF(G9=0,0,IF('Net Acumulado'!H9>-'Net Acumulado'!$B9,0,1)) -> 1 | I9: =IF(H9=0,0,IF('Net Acumulado'!I9>-'Net Acumulado'!$B9,0,1)) -> 1 | J9: =IF(I9=0,0,IF('Net Acumulado'!J9>-'Net Acumulado'!$B9,0,1)) -> 1 | K9: =IF(J9=0,0,IF('Net Acumulado'!K9>-'Net Acumulado'!$B9,0,1)) -> 1 | L9: =IF(K9=0,0,IF('Net Acumulado'!L9>-'Net Acumulado'!$B9,0,1)) -> 1 | ... CU9: =IF(CT9=0,0,IF('Net Acumulado'!CU9>-'Net Acumulado'!$B9,0,1)) -> 1
A10: =SUM(D10:CU10) -> 96 | B10: -46 | C10: 1302 | D10: =IF('Net Acumulado'!D10>-'Net Acumulado'!$B10,0,1) -> 1 | E10: =IF(D10=0,0,IF('Net Acumulado'!E10>-'Net Acumulado'!$B10,0,1)) -> 1 | F10: =IF(E10=0,0,IF('Net Acumulado'!F10>-'Net Acumulado'!$B10,0,1)) -> 1 | G10: =IF(F10=0,0,IF('Net Acumulado'!G10>-'Net Acumulado'!$B10,0,1)) -> 1 | H10: =IF(G10=0,0,IF('Net Acumulado'!H10>-'Net Acumulado'!$B10,0,1)) -> 1 | I10: =IF(H10=0,0,IF('Net Acumulado'!I10>-'Net Acumulado'!$B10,0,1)) -> 1 | J10: =IF(I10=0,0,IF('Net Acumulado'!J10>-'Net Acumulado'!$B10,0,1)) -> 1 | K10: =IF(J10=0,0,IF('Net Acumulado'!K10>-'Net Acumulado'!$B10,0,1)) -> 1 | L10: =IF(K10=0,0,IF('Net Acumulado'!L10>-'Net Acumulado'!$B10,0,1)) -> 1 | ... CU10: =IF(CT10=0,0,IF('Net Acumulado'!CU10>-'Net Acumulado'!$B10,0,1)) -> 1
A11: =SUM(D11:CU11) -> 0 | B11: 253 | C11: 1304 | D11: =IF('Net Acumulado'!D11>-'Net Acumulado'!$B11,0,1) -> 0 | E11: =IF(D11=0,0,IF('Net Acumulado'!E11>-'Net Acumulado'!$B11,0,1)) -> 0 | F11: =IF(E11=0,0,IF('Net Acumulado'!F11>-'Net Acumulado'!$B11,0,1)) -> 0 | G11: =IF(F11=0,0,IF('Net Acumulado'!G11>-'Net Acumulado'!$B11,0,1)) -> 0 | H11: =IF(G11=0,0,IF('Net Acumulado'!H11>-'Net Acumulado'!$B11,0,1)) -> 0 | I11: =IF(H11=0,0,IF('Net Acumulado'!I11>-'Net Acumulado'!$B11,0,1)) -> 0 | J11: =IF(I11=0,0,IF('Net Acumulado'!J11>-'Net Acumulado'!$B11,0,1)) -> 0 | K11: =IF(J11=0,0,IF('Net Acumulado'!K11>-'Net Acumulado'!$B11,0,1)) -> 0 | L11: =IF(K11=0,0,IF('Net Acumulado'!L11>-'Net Acumulado'!$B11,0,1)) -> 0 | ... CU11: =IF(CT11=0,0,IF('Net Acumulado'!CU11>-'Net Acumulado'!$B11,0,1)) -> 0
A12: =SUM(D12:CU12) -> 0 | B12: 49 | C12: 1301 | D12: =IF('Net Acumulado'!D12>-'Net Acumulado'!$B12,0,1) -> 0 | E12: =IF(D12=0,0,IF('Net Acumulado'!E12>-'Net Acumulado'!$B12,0,1)) -> 0 | F12: =IF(E12=0,0,IF('Net Acumulado'!F12>-'Net Acumulado'!$B12,0,1)) -> 0 | G12: =IF(F12=0,0,IF('Net Acumulado'!G12>-'Net Acumulado'!$B12,0,1)) -> 0 | H12: =IF(G12=0,0,IF('Net Acumulado'!H12>-'Net Acumulado'!$B12,0,1)) -> 0 | I12: =IF(H12=0,0,IF('Net Acumulado'!I12>-'Net Acumulado'!$B12,0,1)) -> 0 | J12: =IF(I12=0,0,IF('Net Acumulado'!J12>-'Net Acumulado'!$B12,0,1)) -> 0 | K12: =IF(J12=0,0,IF('Net Acumulado'!K12>-'Net Acumulado'!$B12,0,1)) -> 0 | L12: =IF(K12=0,0,IF('Net Acumulado'!L12>-'Net Acumulado'!$B12,0,1)) -> 0 | ... CU12: =IF(CT12=0,0,IF('Net Acumulado'!CU12>-'Net Acumulado'!$B12,0,1)) -> 0
A13: =SUM(D13:CU13) -> 96 | B13: -1579 | C13: 1401 | D13: =IF('Net Acumulado'!D13>-'Net Acumulado'!$B13,0,1) -> 1 | E13: =IF(D13=0,0,IF('Net Acumulado'!E13>-'Net Acumulado'!$B13,0,1)) -> 1 | F13: =IF(E13=0,0,IF('Net Acumulado'!F13>-'Net Acumulado'!$B13,0,1)) -> 1 | G13: =IF(F13=0,0,IF('Net Acumulado'!G13>-'Net Acumulado'!$B13,0,1)) -> 1 | H13: =IF(G13=0,0,IF('Net Acumulado'!H13>-'Net Acumulado'!$B13,0,1)) -> 1 | I13: =IF(H13=0,0,IF('Net Acumulado'!I13>-'Net Acumulado'!$B13,0,1)) -> 1 | J13: =IF(I13=0,0,IF('Net Acumulado'!J13>-'Net Acumulado'!$B13,0,1)) -> 1 | K13: =IF(J13=0,0,IF('Net Acumulado'!K13>-'Net Acumulado'!$B13,0,1)) -> 1 | L13: =IF(K13=0,0,IF('Net Acumulado'!L13>-'Net Acumulado'!$B13,0,1)) -> 1 | ... CU13: =IF(CT13=0,0,IF('Net Acumulado'!CU13>-'Net Acumulado'!$B13,0,1)) -> 1
A14: =SUM(D14:CU14) -> 96 | B14: -171 | C14: 1402 | D14: =IF('Net Acumulado'!D14>-'Net Acumulado'!$B14,0,1) -> 1 | E14: =IF(D14=0,0,IF('Net Acumulado'!E14>-'Net Acumulado'!$B14,0,1)) -> 1 | F14: =IF(E14=0,0,IF('Net Acumulado'!F14>-'Net Acumulado'!$B14,0,1)) -> 1 | G14: =IF(F14=0,0,IF('Net Acumulado'!G14>-'Net Acumulado'!$B14,0,1)) -> 1 | H14: =IF(G14=0,0,IF('Net Acumulado'!H14>-'Net Acumulado'!$B14,0,1)) -> 1 | I14: =IF(H14=0,0,IF('Net Acumulado'!I14>-'Net Acumulado'!$B14,0,1)) -> 1 | J14: =IF(I14=0,0,IF('Net Acumulado'!J14>-'Net Acumulado'!$B14,0,1)) -> 1 | K14: =IF(J14=0,0,IF('Net Acumulado'!K14>-'Net Acumulado'!$B14,0,1)) -> 1 | L14: =IF(K14=0,0,IF('Net Acumulado'!L14>-'Net Acumulado'!$B14,0,1)) -> 1 | ... CU14: =IF(CT14=0,0,IF('Net Acumulado'!CU14>-'Net Acumulado'!$B14,0,1)) -> 1
A15: =SUM(D15:CU15) -> 96 | B15: -5965 | C15: 1504 | D15: =IF('Net Acumulado'!D15>-'Net Acumulado'!$B15,0,1) -> 1 | E15: =IF(D15=0,0,IF('Net Acumulado'!E15>-'Net Acumulado'!$B15,0,1)) -> 1 | F15: =IF(E15=0,0,IF('Net Acumulado'!F15>-'Net Acumulado'!$B15,0,1)) -> 1 | G15: =IF(F15=0,0,IF('Net Acumulado'!G15>-'Net Acumulado'!$B15,0,1)) -> 1 | H15: =IF(G15=0,0,IF('Net Acumulado'!H15>-'Net Acumulado'!$B15,0,1)) -> 1 | I15: =IF(H15=0,0,IF('Net Acumulado'!I15>-'Net Acumulado'!$B15,0,1)) -> 1 | J15: =IF(I15=0,0,IF('Net Acumulado'!J15>-'Net Acumulado'!$B15,0,1)) -> 1 | K15: =IF(J15=0,0,IF('Net Acumulado'!K15>-'Net Acumulado'!$B15,0,1)) -> 1 | L15: =IF(K15=0,0,IF('Net Acumulado'!L15>-'Net Acumulado'!$B15,0,1)) -> 1 | ... CU15: =IF(CT15=0,0,IF('Net Acumulado'!CU15>-'Net Acumulado'!$B15,0,1)) -> 1
... A155: =SUM(D155:CU155) -> 96 | B155: -48481 | C155: 5301 | D155: =IF('Net Acumulado'!D155>-'Net Acumulado'!$B155,0,1) -> 1 | E155: =IF(D155=0,0,IF('Net Acumulado'!E155>-'Net Acumulado'!$B155,0,1)) -> 1 | F155: =IF(E155=0,0,IF('Net Acumulado'!F155>-'Net Acumulado'!$B155,0,1)) -> 1 | G155: =IF(F155=0,0,IF('Net Acumulado'!G155>-'Net Acumulado'!$B155,0,1)) -> 1 | H155: =IF(G155=0,0,IF('Net Acumulado'!H155>-'Net Acumulado'!$B155,0,1)) -> 1 | I155: =IF(H155=0,0,IF('Net Acumulado'!I155>-'Net Acumulado'!$B155,0,1)) -> 1 | J155: =IF(I155=0,0,IF('Net Acumulado'!J155>-'Net Acumulado'!$B155,0,1)) -> 1 | K155: =IF(J155=0,0,IF('Net Acumulado'!K155>-'Net Acumulado'!$B155,0,1)) -> 1 | L155: =IF(K155=0,0,IF('Net Acumulado'!L155>-'Net Acumulado'!$B155,0,1)) -> 1 | ... CU155: =IF(CT155=0,0,IF('Net Acumulado'!CU155>-'Net Acumulado'!$B155,0,1)) -> 1
A157: =SUM(D157:CU157) -> 96 | B157: =SUM(B4:B155) -> -2996914 | C157: 99999 | D157: =IF('Net Acumulado'!D157>-'Net Acumulado'!$B157,0,1) -> 1 | E157: =IF(D157=0,0,IF('Net Acumulado'!E157>-'Net Acumulado'!$B157,0,1)) -> 1 | F157: =IF(E157=0,0,IF('Net Acumulado'!F157>-'Net Acumulado'!$B$157,0,1)) -> 1 | G157: =IF(F157=0,0,IF('Net Acumulado'!G157>-'Net Acumulado'!$B$157,0,1)) -> 1 | H157: =IF(G157=0,0,IF('Net Acumulado'!H157>-'Net Acumulado'!$B$157,0,1)) -> 1 | I157: =IF(H157=0,0,IF('Net Acumulado'!I157>-'Net Acumulado'!$B$157,0,1)) -> 1 | J157: =IF(I157=0,0,IF('Net Acumulado'!J157>-'Net Acumulado'!$B$157,0,1)) -> 1 | K157: =IF(J157=0,0,IF('Net Acumulado'!K157>-'Net Acumulado'!$B$157,0,1)) -> 1 | L157: =IF(K157=0,0,IF('Net Acumulado'!L157>-'Net Acumulado'!$B$157,0,1)) -> 1 | M157: =IF(L157=0,0,IF('Net Acumulado'!M157>-'Net Acumulado'!$B$157,0,1)) -> 1 | ... CU157: =IF(CT157=0,0,IF('Net Acumulado'!CU157>-'Net Acumulado'!$B$157,0,1)) -> 1
