Workbook

Sheet conditional forecasts_4
A1: GVAR Conditional Forecasts
A2: Last in-sample estimation date: | B2: 2016M12
A3: Last forecast date: | B3: 2024M12
D4: =DATE(LEFT(D5,4),SUBSTITUTE(RIGHT(D5,2),"M",""),1) -> 42736 | E4: =DATE(LEFT(E5,4),SUBSTITUTE(RIGHT(E5,2),"M",""),1) -> 42767 | F4: =DATE(LEFT(F5,4),SUBSTITUTE(RIGHT(F5,2),"M",""),1) -> 42795 | G4: =DATE(LEFT(G5,4),SUBSTITUTE(RIGHT(G5,2),"M",""),1) -> 42826 | H4: =DATE(LEFT(H5,4),SUBSTITUTE(RIGHT(H5,2),"M",""),1) -> 42856 | I4: =DATE(LEFT(I5,4),SUBSTITUTE(RIGHT(I5,2),"M",""),1) -> 42887 | J4: =DATE(LEFT(J5,4),SUBSTITUTE(RIGHT(J5,2),"M",""),1) -> 42917 | K4: =DATE(LEFT(K5,4),SUBSTITUTE(RIGHT(K5,2),"M",""),1) -> 42948 | ... CU4: =DATE(LEFT(CU5,4),SUBSTITUTE(RIGHT(CU5,2),"M",""),1) -> 45627
D5: 2017M1 | E5: 2017M2 | F5: 2017M3 | G5: 2017M4 | H5: 2017M5 | I5: 2017M6 | J5: 2017M7 | K5: 2017M8 | L5: 2017M9 | M5: 2017M10 | N5: 2017M11 | O5: 2017M12 | P5: 2018M1 | Q5: 2018M2 | R5: 2018M3 | S5: 2018M4 | T5: 2018M5 | U5: 2018M6 | V5: 2018M7 | W5: 2018M8 | X5: 2018M9 | Y5: 2018M10 | Z5: 2018M11 | AA5: 2018M12 | AB5: 2019M1 | AC5: 2019M2 | AD5: 2019M3 | AE5: 2019M4 | AF5: 2019M5 | AG5: 2019M6 | AH5: 2019M7 | AI5: 2019M8 | AJ5: 2019M9 | AK5: 2019M10 | AL5: 2019M11 | AM5: 2019M12 | AN5: 2020M1 | AO5: 2020M2 | AP5: 2020M3 | AQ5: 2020M4 | AR5: 2020M5 | AS5: 2020M6 | AT5: 2020M7 | AU5: 2020M8 | AV5: 2020M9 | AW5: 2020M10 | AX5: 2020M11 | AY5: 2020M12 | AZ5: 2021M1 | BA5: 2021M2 | BB5: 2021M3 | BC5: 2021M4 | BD5: 2021M5 | BE5: 2021M6 | BF5: 2021M7 | BG5: 2021M8 | BH5: 2021M9 | BI5: 2021M10 | BJ5: 2021M11 | BK5: 2021M12 | BL5: 2022M1 | BM5: 2022M2 | BN5: 2022M3 | BO5: 2022M4 | BP5: 2022M5 | BQ5: 2022M6 | BR5: 2022M7 | BS5: 2022M8 | BT5: 2022M9 | BU5: 2022M10 | BV5: 2022M11 | BW5: 2022M12 | BX5: 2023M1 | BY5: 2023M2 | BZ5: 2023M3 | CA5: 2023M4 | CB5: 2023M5 | CC5: 2023M6 | CD5: 2023M7 | CE5: 2023M8 | CF5: 2023M9 | CG5: 2023M10 | CH5: 2023M11 | CI5: 2023M12 | CJ5: 2024M1 | CK5: 2024M2 | CL5: 2024M3 | CM5: 2024M4 | CN5: 2024M5 | CO5: 2024M6 | CP5: 2024M7 | CQ5: 2024M8 | CR5: 2024M9 | CS5: 2024M10 | CT5: 2024M11 | CU5: 2024M12 | CV5: Serie | CW5: Meso
A6: Ro1101 | B6: adm | C6: Forecast | D6: 2825.5893 | E6: 3101.2583 | F6: 3682.3295 | G6: 3778.1559 | H6: 3895.3444 | I6: 4095.0617 | J6: 4005.7696 | K6: 4011.3179 | L6: 3802.1037 | M6: 3349.4518 | N6: 3054.3983 | O6: 2447.4152 | P6: 3066.0483 | Q6: 3393.087 | R6: 4069.0224 | S6: 4196.3705 | T6: 4338.0658 | U6: 4516.986 | V6: 4391.6904 | W6: 4361.5762 | X6: 4129.0336 | Y6: 3680.227 | Z6: 3413.1122 | AA6: 2848.1789 | AB6: 3511.4962 | AC6: 3875.1506 | AD6: 4574.0663 | AE6: 4711.0598 | AF6: 4853.1414 | AG6: 5028.5274 | AH6: 4900.3381 | AI6: 4870.6907 | AJ6: 4642.8762 | AK6: 4202.7364 | AL6: 3947.3028 | AM6: 3395.9698 | AN6: 4073.7416 | AO6: 4451.7225 | AP6: 5163.9879 | AQ6: 5312.7487 | AR6: 5464.7726 | AS6: 5648.4528 | AT6: 5527.4426 | AU6: 5504.5761 | AV6: 5283.8245 | AW6: 4851.4893 | AX6: 4604.7537 | AY6: 4062.8784 | AZ6: 4750.5533 | BA6: 5138.5194 | BB6: 5860.552 | BC6: 6018.6842 | BD6: 6179.6336 | BE6: 6371.8363 | BF6: 6259.0333 | BG6: 6244.1471 | BH6: 6031.2137 | BI6: 5606.5701 | BJ6: 5367.4164 | BK6: 4833.0299 | BL6: 5528.1341 | BM6: 5923.5297 | BN6: 6653.0747 | BO6: 6818.8886 | BP6: 6987.749 | BQ6: 7188.0903 | BR6: 7083.5596 | BS6: 7076.8836 | BT6: 6871.8199 | BU6: 6454.4006 | BV6: 6221.5794 | BW6: 5692.5431 | BX6: 6392.1597 | BY6: 6791.6396 | BZ6: 7525.4723 | CA6: 7696.507 | CB6: 7872.157 | CC6: 8081.1849 | CD6: 7987.0813 | CE6: 7991.8584 | CF6: 7798.0582 | CG6: 7390.2163 | CH6: 7163.8009 | CI6: 6636.958 | CJ6: 7334.4744 | CK6: 7728.3331 | CL6: 8455.1889 | CM6: 8622.0901 | CN6: 8798.292 | CO6: 9016.7793 | CP6: 8944.4648 | CQ6: 8970.3811 | CR6: 8822.9592 | CS6: 8433.1566 | CT6: 8183.4914 | CU6: 7830.6053 | CV6: 1 | CW6: 1101
C7: Actual | CV7: 0 | CW7: 0
A8: Ro1101 | B8: desl | C8: Forecast | D8: 3176.4667 | E8: 3195.7408 | F8: 3504.4765 | G8: 3566.9715 | H8: 3860.0017 | I8: 3789.1297 | J8: 3947.532 | K8: 3980.7296 | L8: 3850.9945 | M8: 4010.8214 | N8: 3877.3752 | O8: 3732.2366 | P8: 3635.9394 | Q8: 3574.7262 | R8: 3893.81 | S8: 3914.7687 | T8: 4207.2865 | U8: 4115.2016 | V8: 4247.9128 | W8: 4251.8225 | X8: 4100.0046 | Y8: 4252.8423 | Z8: 4130.6517 | AA8: 4011.6913 | AB8: 3949.4054 | AC8: 3922.2221 | AD8: 4269.6578 | AE8: 4310.8405 | AF8: 4616.2167 | AG8: 4532.271 | AH8: 4671.4605 | AI8: 4682.6038 | AJ8: 4540.113 | AK8: 4704.7352 | AL8: 4596.5355 | AM8: 4493.2305 | AN8: 4447.6238 | AO8: 4437.4889 | AP8: 4801.7194 | AQ8: 4858.9149 | AR8: 5179.1734 | AS8: 5108.8848 | AT8: 5260.677 | AU8: 5283.742 | AV8: 5152.9443 | AW8: 5329.4266 | AX8: 5233.4934 | AY8: 5142.9102 | AZ8: 5110.3679 | BA8: 5113.4362 | BB8: 5490.7927 | BC8: 5560.8675 | BD8: 5893.6646 | BE8: 5835.5518 | BF8: 5999.1861 | BG8: 6033.8118 | BH8: 5914.3471 | BI8: 6101.9775 | BJ8: 6017.038 | BK8: 5937.3169 | BL8: 5915.5286 | BM8: 5929.2733 | BN8: 6317.2667 | BO8: 6397.9803 | BP8: 6741.4493 | BQ8: 6694.0474 | BR8: 6868.3951 | BS8: 6913.6491 | BT8: 6804.593 | BU8: 7002.2525 | BV8: 6926.8172 | BW8: 6855.9944 | BX8: 6842.5302 | BY8: 6864.1966 | BZ8: 7260.0145 | CA8: 7348.8403 | CB8: 7701.0836 | CC8: 7663.3662 | CD8: 7848.3246 | CE8: 7904.8314 | CF8: 7807.0975 | CG8: 8015.3672 | CH8: 7949.0206 | CI8: 7885.1332 | CJ8: 7876.1239 | CK8: 7900.0913 | CL8: 8297.0782 | CM8: 8387.0334 | CN8: 8743.2355 | CO8: 8712.8596 | CP8: 8909.6411 | CQ8: 8988.4242 | CR8: 8905.1556 | CS8: 9133.7397 | CT8: 9116.2113 | CU8: 8968.148 | CV8: -1 | CW8: 1101
C9: Actual | CV9: 0 | CW9: 0
A10: Ro1102 | B10: adm | C10: Forecast | D10: 4626.3708 | E10: 5091.6645 | F10: 5832.3454 | G10: 5783.8094 | H10: 5732.4579 | I10: 5752.2769 | J10: 5410.2786 | K10: 5368.0792 | L10: 5105.313 | M10: 4732.7277 | N10: 4790.4612 | O10: 4302.7018 | P10: 5199.8116 | Q10: 5433.2651 | R10: 6090.9441 | S10: 5986.1007 | T10: 5886.0864 | U10: 5843.3865 | V10: 5453.5291 | W10: 5380.4244 | X10: 5113.3021 | Y10: 4769.8295 | Z10: 4877.3912 | AA10: 4443.4925 | AB10: 5383.9137 | AC10: 5640.9853 | AD10: 6302.4239 | AE10: 6188.3118 | AF10: 6075.123 | AG10: 6022.9549 | AH10: 5631.3935 | AI10: 5564.7168 | AJ10: 5310.1225 | AK10: 4982.4587 | AL10: 5106.6479 | AM10: 4688.5739 | AN10: 5643.1729 | AO10: 5912.4155 | AP10: 6583.9293 | AQ10: 6477.9316 | AR10: 6371.2909 | AS10: 6324.7546 | AT10: 5938.7019 | AU10: 5878.1458 | AV10: 5630.757 | AW10: 5311.4798 | AX10: 5444.9763 | AY10: 5036.6483 | AZ10: 6000.9132 | BA10: 6279.3459 | BB10: 6959.3836 | BC10: 6861.2546 | BD10: 6761.9733 | BE10: 6722.4794 | BF10: 6343.3173 | BG10: 6289.6002 | BH10: 6049.0335 | BI10: 5736.5554 | BJ10: 5876.8142 | BK10: 5475.2176 | BL10: 6446.2213 | BM10: 6731.4647 | BN10: 7418.4554 | BO10: 7327.467 | BP10: 7235.5009 | BQ10: 7203.3992 | BR10: 6831.5165 | BS10: 6784.7033 | BT10: 6550.3809 | BU10: 6243.2653 | BV10: 6387.9415 | BW10: 5989.9956 | BX10: 6964.3339 | BY10: 7253.268 | BZ10: 7945.0545 | CA10: 7860.5743 | CB10: 7777.0549 | CC10: 7755.0075 | CD10: 7393.8611 | CE10: 7357.102 | CF10: 7130.6499 | CG10: 6827.9814 | CH10: 6973.0189 | CI10: 6571.596 | CJ10: 7539.8898 | CK10: 7822.2199 | CL10: 8509.6541 | CM10: 8427.1021 | CN10: 8352.1092 | CO10: 8349.0364 | CP10: 8017.0807 | CQ10: 8009.1716 | CR10: 7822.2017 | CS10: 7522.0378 | CT10: 7609.0297 | CU10: 7360.9872 | CV10: 1 | CW10: 1102
C11: Actual | CV11: 0 | CW11: 0
A12: Ro1102 | B12: desl | C12: Forecast | D12: 5091.5863 | E12: 5086.7267 | F12: 5628.7039 | G12: 5277.8379 | H12: 5535.1614 | I12: 5065.7142 | J12: 5120.8829 | K12: 5307.2963 | L12: 4837.4561 | M12: 5512.366 | N12: 5596.2241 | O12: 5400.4178 | P12: 5398.2953 | Q12: 5159.3899 | R12: 5722.5356 | S12: 5320.576 | T12: 5537.4502 | U12: 5056.3414 | V12: 5090.0909 | W12: 5270.7322 | X12: 4813.1606 | Y12: 5513.8184 | Z12: 5631.2875 | AA12: 5466.5102 | AB12: 5485.6045 | AC12: 5256.8267 | AD12: 5822.2572 | AE12: 5419.9088 | AF12: 5638.3525 | AG12: 5163.2614 | AH12: 5207.6034 | AI12: 5402.0348 | AJ12: 4959.6308 | AK12: 5675.3708 | AL12: 5807.082 | AM12: 5655.5313 | AN12: 5686.9153 | AO12: 5469.5863 | AP12: 6045.677 | AQ12: 5653.2711 | AR12: 5881.1127 | AS12: 5415.1678 | AT12: 5468.7449 | AU12: 5672.7748 | AV12: 5240.4476 | AW12: 5966.6698 | AX12: 6109.0555 | AY12: 5968.1116 | AZ12: 6009.8197 | BA12: 5802.4176 | BB12: 6388.0303 | BC12: 6004.8084 | BD12: 6241.5904 | BE12: 5784.4241 | BF12: 5846.6686 | BG12: 6059.2759 | BH12: 5635.4429 | BI12: 6370.0855 | BJ12: 6520.8395 | BK12: 6388.2454 | BL12: 6438.3202 | BM12: 6239.3237 | BN12: 6833.3743 | BO12: 6458.5774 | BP12: 6703.6857 | BQ12: 6254.628 | BR12: 6324.6319 | BS12: 6544.5359 | BT12: 6127.4801 | BU12: 6868.4202 | BV12: 7025.155 | BW12: 6898.5099 | BX12: 6954.8653 | BY12: 6762.8348 | BZ12: 7364.7618 | CA12: 6998.7263 | CB12: 7253.1346 | CC12: 6813.2689 | CD12: 6891.5474 | CE12: 7118.0454 | CF12: 6705.4525 | CG12: 7448.7372 | CH12: 7606.3034 | CI12: 7480.0853 | CJ12: 7537.6512 | CK12: 7348.9514 | CL12: 7958.0653 | CM12: 7601.9543 | CN12: 7871.5231 | CO12: 7449.352 | CP12: 7542.409 | CQ12: 7795.952 | CR12: 7377.4345 | CS12: 8090.7194 | CT12: 8363.1788 | CU12: 7901.6318 | CV12: -1 | CW12: 1102
C13: Actual | CV13: 0 | CW13: 0
A14: Ac1201 | B14: adm | C14: Forecast | D14: 123.37411 | E14: 126.37728 | F14: 171.90629 | G14: 202.49704 | H14: 225.21623 | I14: 241.6723 | J14: 225.40562 | K14: 214.64485 | L14: 193.80928 | M14: 163.04864 | N14: 151.27533 | O14: 123.84906 | P14: 147.76367 | Q14: 151.19886 | R14: 186.28378 | S14: 213.74445 | T14: 234.95663 | U14: 248.316 | V14: 227.731 | W14: 211.40802 | X14: 185.55259 | Y14: 152.06782 | Z14: 140.62934 | AA14: 116.50159 | AB14: 145.50132 | AC14: 154.22631 | AD14: 193.49282 | AE14: 223.31524 | AF14: 245.06318 | AG14: 257.66444 | AH14: 235.77011 | AI14: 218.24683 | AJ14: 191.71436 | AK14: 158.2168 | AL14: 147.36566 | AM14: 124.2554 | AN14: 154.50654 | AO14: 164.53933 | AP14: 205.02917 | AQ14: 235.89142 | AR14: 258.44195 | AS14: 271.60364 | AT14: 250.07013 | AU14: 232.78681 | AV14: 206.46747 | AW14: 173.2405 | AX14: 162.77144 | AY14: 140.16905 | AZ14: 171.03202 | BA14: 181.73614 | BB14: 222.90687 | BC14: 254.41882 | BD14: 277.56447 | BE14: 291.26144 | BF14: 270.21167 | BG14: 253.3754 | BH14: 227.48148 | BI14: 194.6696 | BJ14: 184.61172 | BK14: 162.41939 | BL14: 193.69288 | BM14: 204.81068 | BN14: 246.40341 | BO14: 278.35309 | BP14: 301.95974 | BQ14: 316.1454 | BR14: 295.60941 | BS14: 279.29951 | BT14: 253.92145 | BU14: 221.58404 | BV14: 211.92733 | BW14: 190.03957 | BX14: 221.51681 | BY14: 232.76029 | BZ14: 274.45222 | CA14: 306.54812 | CB14: 330.42751 | CC14: 345.07552 | CD14: 325.21475 | CE14: 309.75981 | CF14: 285.32168 | CG14: 253.86493 | CH14: 244.86075 | CI14: 223.24918 | CJ14: 254.53747 | CK14: 265.13932 | CL14: 305.86849 | CM14: 336.98564 | CN14: 360.13998 | CO14: 374.8073 | CP14: 355.93365 | CQ14: 342.53156 | CR14: 321.2322 | CS14: 292.93799 | CT14: 283.93196 | CU14: 272.11767 | CV14: 1 | CW14: 1201
C15: Actual | CV15: 0 | CW15: 0
A16: Ac1201 | B16: desl | C16: Forecast | D16: 193.47965 | E16: 158.79748 | F16: 157.11027 | G16: 145.79736 | H16: 161.55703 | I16: 158.13603 | J16: 175.12194 | K16: 186.71331 | L16: 180.56866 | M16: 213.13048 | N16: 216.10033 | O16: 213.94957 | P16: 202.15628 | Q16: 176.22767 | R16: 170.08492 | S16: 151.54993 | T16: 166.08329 | U16: 162.6293 | V16: 180.28743 | W16: 192.83278 | X16: 186.58095 | Y16: 218.03612 | Z16: 219.49356 | AA16: 216.14012 | AB16: 203.92904 | AC16: 178.45767 | AD16: 173.44063 | AE16: 156.34122 | AF16: 172.28633 | AG16: 170.02263 | AH16: 188.60308 | AI16: 201.85961 | AJ16: 196.19838 | AK16: 228.19736 | AL16: 230.19262 | AM16: 227.3881 | AN16: 215.7471 | AO16: 190.87964 | AP16: 186.5138 | AQ16: 170.11872 | AR16: 186.81261 | AS16: 185.31891 | AT16: 204.66008 | AU16: 218.64098 | AV16: 213.65298 | AW16: 246.27467 | AX16: 248.85519 | AY16: 246.61717 | AZ16: 235.54099 | BA16: 211.24726 | BB16: 207.46683 | BC16: 191.66538 | BD16: 208.95458 | BE16: 208.05129 | BF16: 227.97337 | BG16: 242.5238 | BH16: 238.09439 | BI16: 271.2655 | BJ16: 274.38834 | BK16: 272.68687 | BL16: 262.14145 | BM16: 238.37115 | BN16: 235.10398 | BO16: 219.80233 | BP16: 237.57531 | BQ16: 237.13935 | BR16: 257.51507 | BS16: 272.51174 | BT16: 268.53019 | BU16: 302.16057 | BV16: 305.76162 | BW16: 304.55934 | BX16: 294.52835 | BY16: 271.27349 | BZ16: 268.50209 | CA16: 253.65378 | CB16: 271.81944 | CC16: 271.7085 | CD16: 292.35069 | CE16: 307.58128 | CF16: 303.84104 | CG16: 337.76571 | CH16: 341.75824 | CI16: 341.07316 | CJ16: 331.67555 | CK16: 309.14646 | CL16: 307.12473 | CM16: 292.88348 | CN16: 311.54301 | CO16: 311.56229 | CP16: 331.86776 | CQ16: 347.13617 | CR16: 341.63675 | CS16: 375.97545 | CT16: 383.50523 | CU16: 371.34175 | CV16: -1 | CW16: 1201
C17: Actual | CV17: 0 | CW17: 0
A18: Ac1202 | B18: adm | C18: Forecast | D18: 1499.8732 | E18: 1616.3859 | F18: 1828.2258 | G18: 1869.129 | H18: 1864.3748 | I18: 1889.3188 | J18: 1819.8285 | K18: 1808.5062 | L18: 1722.6622 | M18: 1597.7641 | N18: 1589.3109 | O18: 1369.924 | P18: 1608.8938 | Q18: 1709.1285 | R18: 1937.5255 | S18: 1945.2645 | T18: 1932.4929 | U18: 1939.1126 | V18: 1855.6874 | W18: 1835.699 | X18: 1745.2245 | Y18: 1624.7047 | Z18: 1626.9086 | AA18: 1421.5646 | AB18: 1674.9756 | AC18: 1786.6588 | AD18: 2021.8228 | AE18: 2031.8261 | AF18: 2018.2344 | AG18: 2022.9174 | AH18: 1938.2033 | AI18: 1918.636 | AJ18: 1830.5652 | AK18: 1714.1108 | AL18: 1721.4184 | AM18: 1521.5613 | AN18: 1780.3199 | AO18: 1896.8699 | AP18: 2136.25 | AQ18: 2149.7895 | AR18: 2139.1376 | AS18: 2146.3304 | AT18: 2063.9134 | AU18: 2046.6525 | AV18: 1961.0776 | AW18: 1847.4083 | AX18: 1857.7956 | AY18: 1661.2368 | AZ18: 1923.3892 | BA18: 2043.3003 | BB18: 2285.9099 | BC18: 2302.4966 | BD18: 2294.7058 | BE18: 2304.6046 | BF18: 2224.7836 | BG18: 2210.0527 | BH18: 2126.9741 | BI18: 2015.7866 | BJ18: 2028.6511 | BK18: 1834.5717 | BL18: 2099.2137 | BM18: 2221.6359 | BN18: 2466.7893 | BO18: 2485.9579 | BP18: 2480.78 | BQ18: 2493.297 | BR18: 2416.0535 | BS18: 2403.7969 | BT18: 2323.0225 | BU18: 2213.9154 | BV18: 2228.6184 | BW18: 2036.1714 | BX18: 2302.34 | BY18: 2426.3381 | BZ18: 2673.2989 | CA18: 2694.6664 | CB18: 2692.1581 | CC18: 2707.7647 | CD18: 2633.8291 | CE18: 2624.7742 | CF18: 2546.7085 | CG18: 2439.4711 | CH18: 2454.9934 | CI18: 2262.3574 | CJ18: 2527.6168 | CK18: 2650.5248 | CL18: 2896.8377 | CM18: 2919.0928 | CN18: 2919.0079 | CO18: 2939.3902 | CP18: 2872.5743 | CQ18: 2871.611 | CR18: 2800.8439 | CS18: 2701.3921 | CT18: 2696.8242 | CU18: 2548.181 | CV18: 1 | CW18: 1202
C19: Actual | CV19: 0 | CW19: 0
A20: Ac1202 | B20: desl | C20: Forecast | D20: 1766.6444 | E20: 1683.7622 | F20: 1824.8577 | G20: 1663.9323 | H20: 1826.5158 | I20: 1649.6846 | J20: 1686.3847 | K20: 1753.6265 | L20: 1607.4582 | M20: 1911.1752 | N20: 1936.5825 | O20: 1979.194 | P20: 1928.8274 | Q20: 1740.5164 | R20: 1865.2027 | S20: 1691.2437 | T20: 1834.9729 | U20: 1654.8827 | V20: 1684.573 | W20: 1750.0804 | X20: 1608.2787 | Y20: 1919.6901 | Z20: 1955.726 | AA20: 2008.8099 | AB20: 1966.4138 | AC20: 1783.1374 | AD20: 1910.5636 | AE20: 1738.2846 | AF20: 1883.8677 | AG20: 1706.5345 | AH20: 1740.032 | AI20: 1810.1698 | AJ20: 1673.456 | AK20: 1990.0868 | AL20: 2031.2791 | AM20: 2089.3709 | AN20: 2051.7915 | AO20: 1873.1016 | AP20: 2004.8471 | AQ20: 1836.6104 | AR20: 1985.9992 | AS20: 1812.3249 | AT20: 1849.4476 | AU20: 1923.2755 | AV20: 1790.3701 | AW20: 2110.9253 | AX20: 2156.1103 | AY20: 2218.1951 | AZ20: 2184.5463 | BA20: 2009.6843 | BB20: 2145.1414 | BC20: 1980.5068 | BD20: 2133.4042 | BE20: 1963.1616 | BF20: 2003.6508 | BG20: 2080.7877 | BH20: 1951.1409 | BI20: 2274.9146 | BJ20: 2323.2937 | BK20: 2388.5671 | BL20: 2358.12 | BM20: 2186.4848 | BN20: 2325.1932 | BO20: 2163.8168 | BP20: 2319.9445 | BQ20: 2152.8543 | BR20: 2196.3618 | BS20: 2276.333 | BT20: 2149.3088 | BU20: 2475.5045 | BV20: 2526.1662 | BW20: 2593.6944 | BX20: 2565.6201 | BY20: 2396.6212 | BZ20: 2538.3277 | CA20: 2380.3143 | CB20: 2540.0471 | CC20: 2376.56 | CD20: 2423.351 | CE20: 2505.9726 | CF20: 2380.7626 | CG20: 2707.9073 | CH20: 2758.8524 | CI20: 2826.4144 | CJ20: 2798.6093 | CK20: 2630.6314 | CL20: 2774.9249 | CM20: 2620.6524 | CN20: 2786.2484 | CO20: 2630.077 | CP20: 2682.4394 | CQ20: 2775.5686 | CR20: 2651.6346 | CS20: 2959.9103 | CT20: 3065.1145 | CU20: 2997.6689 | CV20: -1 | CW20: 1202
C21: Actual | CV21: 0 | CW21: 0
A22: Am1301 | B22: adm | C22: Forecast | D22: 25.057669 | E22: 21.335398 | F22: 25.754117 | G22: 19.667795 | H22: 17.841272 | I22: 24.35841 | J22: 13.166062 | K22: 16.208252 | L22: 18.926433 | M22: 8.1661972 | N22: 19.416697 | O22: 16.384902 | P22: 36.35954 | Q22: 23.81884 | R22: 24.101609 | S22: 18.980245 | T22: 15.942087 | U22: 22.171723 | V22: 11.375473 | W22: 14.135985 | X22: 16.804332 | Y22: 6.0285622 | Z22: 17.257883 | AA22: 14.313449 | AB22: 34.41718 | AC22: 21.987815 | AD22: 22.342289 | AE22: 17.246346 | AF22: 14.196645 | AG22: 20.39893 | AH22: 9.5796831 | AI22: 12.332357 | AJ22: 15.010611 | AK22: 4.2586003 | AL22: 15.518583 | AM22: 12.606195 | AN22: 32.740538 | AO22: 20.339345 | AP22: 20.719341 | AQ22: 15.646069 | AR22: 12.615824 | AS22: 18.83424 | AT22: 8.0283474 | AU22: 10.792834 | AV22: 13.482961 | AW22: 2.7443124 | AX22: 14.019927 | AY22: 11.125385 | AZ22: 31.279065 | BA22: 18.897675 | BB22: 19.297019 | BC22: 14.242064 | BD22: 11.228933 | BE22: 17.463385 | BF22: 6.6726901 | BG22: 9.4517506 | BH22: 12.155944 | BI22: 1.4308911 | BJ22: 12.719655 | BK22: 9.8379135 | BL22: 30.004271 | BM22: 17.635807 | BN22: 18.048777 | BO22: 13.008579 | BP22: 10.011575 | BQ22: 16.263388 | BR22: 5.4906612 | BS22: 8.2871743 | BT22: 11.006879 | BU22: 0.29404925 | BV22: 11.590983 | BW22: 8.7136199 | BX22: 28.882045 | BY22: 16.51582 | BZ22: 16.934091 | CA22: 11.904772 | CB22: 8.9256097 | CC22: 15.201988 | CD22: 4.4585452 | CE22: 7.2858592 | CF22: 10.033563 | CG22: -0.65859123 | CH22: 10.645801 | CI22: 7.7585085 | CJ22: 27.901302 | CK22: 15.490368 | CL22: 15.854148 | CM22: 10.811971 | CN22: 7.8082477 | CO22: 14.168322 | CP22: 3.5492094 | CQ22: 6.2304414 | CR22: 9.6923501 | CS22: -1.553982 | CT22: 7.5747494 | CU22: 12.700656 | CV22: 1 | CW22: 1301
C23: Actual | CV23: 0 | CW23: 0
A24: Am1301 | B24: desl | C24: Forecast | D24: 24.918337 | E24: 27.485703 | F24: 19.805134 | G24: 20.962994 | H24: 22.155499 | I24: 13.652888 | J24: 17.448986 | K24: 16.743325 | L24: 14.110511 | M24: 27.183702 | N24: 25.946476 | O24: 39.776559 | P24: 22.479494 | Q24: 24.581742 | R24: 17.562879 | S24: 17.86794 | T24: 18.890987 | U24: 10.774709 | V24: 14.386685 | W24: 13.892124 | X24: 11.468032 | Y24: 24.597271 | Z24: 23.36656 | AA24: 37.122833 | AB24: 19.707699 | AC24: 21.718861 | AD24: 14.665884 | AE24: 14.991508 | AF24: 16.068853 | AG24: 8.0126208 | AH24: 11.669113 | AI24: 11.196941 | AJ24: 8.7774401 | AK24: 21.902331 | AL24: 20.66656 | AM24: 34.421097 | AN24: 17.007417 | AO24: 19.021427 | AP24: 11.971417 | AQ24: 12.300248 | AR24: 13.382209 | AS24: 5.3330924 | AT24: 8.9992866 | AU24: 8.5383159 | AV24: 6.1297851 | AW24: 19.263859 | AX24: 18.034753 | AY24: 31.793706 | AZ24: 14.383178 | BA24: 16.400247 | BB24: 9.3540657 | BC24: 9.6878068 | BD24: 10.775544 | BE24: 2.7325561 | BF24: 6.4046958 | BG24: 5.9491451 | BH24: 3.5454509 | BI24: 16.68398 | BJ24: 15.459309 | BK24: 29.22307 | BL24: 11.818031 | BM24: 13.841386 | BN24: 6.8021559 | BO24: 7.1431004 | BP24: 8.237638 | BQ24: 0.20026418 | BR24: 3.8761144 | BS24: 3.421982 | BT24: 1.0176052 | BU24: 14.15427 | BV24: 12.928149 | BW24: 26.692839 | BX24: 9.2928883 | BY24: 11.326433 | BZ24: 4.3020455 | CA24: 4.6604257 | CB24: 5.7716607 | CC24: -2.2535685 | CD24: 1.4266878 | CE24: 0.96723683 | CF24: -1.4517296 | CG24: 11.663121 | CH24: 10.413081 | CI24: 24.158718 | CJ24: 6.7483888 | CK24: 8.78495 | CL24: 1.8010952 | CM24: 2.1984129 | CN24: 3.4167241 | CO24: -4.5342414 | CP24: -0.88190829 | CQ24: -1.0963565 | CR24: -3.8422541 | CS24: 8.358681 | CT24: 10.686386 | CU24: 16.239154 | CV24: -1 | CW24: 1301
C25: Actual | CV25: 0 | CW25: 0
A26: Am1302 | B26: adm | C26: Forecast | D26: 25.708676 | E26: 24.315895 | F26: 28.478181 | G26: 28.092005 | H26: 27.775274 | I26: 29.978109 | J26: 26.643056 | K26: 27.643738 | L26: 27.534534 | M26: 22.82442 | N26: 25.130772 | O26: 21.391571 | P26: 27.652405 | Q26: 26.292618 | R26: 29.771124 | S26: 29.678163 | T26: 29.129445 | U26: 31.088573 | V26: 27.600481 | W26: 28.334356 | X26: 28.115702 | Y26: 23.498052 | Z26: 26.057385 | AA26: 22.663462 | AB26: 29.249918 | AC26: 28.109752 | AD26: 31.676607 | AE26: 31.56858 | AF26: 30.95726 | AG26: 32.86174 | AH26: 29.361504 | AI26: 30.133776 | AJ26: 29.993173 | AK26: 25.474971 | AL26: 28.138912 | AM26: 24.845019 | AN26: 31.523148 | AO26: 30.465567 | AP26: 34.10583 | AQ26: 34.061838 | AR26: 33.505513 | AS26: 35.457736 | AT26: 32.001452 | AU26: 32.818203 | AV26: 32.726375 | AW26: 28.263221 | AX26: 30.988185 | AY26: 27.759123 | AZ26: 34.50288 | BA26: 33.508991 | BB26: 37.209329 | BC26: 37.221386 | BD26: 36.717679 | BE26: 38.720175 | BF26: 35.312885 | BG26: 36.178092 | BH26: 36.134518 | BI26: 31.71946 | BJ26: 34.49229 | BK26: 31.310842 | BL26: 38.102073 | BM26: 37.155754 | BN26: 40.90403 | BO26: 40.96458 | BP26: 40.509885 | BQ26: 42.561552 | BR26: 39.202867 | BS26: 40.115069 | BT26: 40.115692 | BU26: 35.740986 | BV26: 38.549799 | BW26: 35.400361 | BX26: 42.221181 | BY26: 41.304713 | BZ26: 45.086473 | CA26: 45.187342 | CB26: 44.781686 | CC26: 46.890588 | CD26: 43.593864 | CE26: 44.566749 | CF26: 44.619438 | CG26: 40.281738 | CH26: 43.108508 | CI26: 39.958399 | CJ26: 46.767187 | CK26: 45.832843 | CL26: 49.602277 | CM26: 49.72108 | CN26: 49.343015 | CO26: 51.534956 | CP26: 48.387955 | CQ26: 49.390123 | CR26: 49.911254 | CS26: 45.363595 | CT26: 47.593547 | CU26: 46.906741 | CV26: 1 | CW26: 1302
C27: Actual | CV27: 0 | CW27: 0
A28: Am1302 | B28: desl | C28: Forecast | D28: 30.945641 | E28: 26.414724 | F28: 28.774995 | G28: 26.221877 | H28: 27.741506 | I28: 28.206216 | J28: 28.424196 | K28: 30.238549 | L28: 32.032511 | M28: 31.084393 | N28: 30.925754 | O28: 27.458701 | P28: 29.311958 | Q28: 25.495982 | R28: 28.376774 | S28: 25.982689 | T28: 27.54243 | U28: 28.325196 | V28: 28.597081 | W28: 30.340722 | X28: 32.085508 | Y28: 31.057008 | Z28: 30.829243 | AA28: 27.338235 | AB28: 29.206168 | AC28: 25.436091 | AD28: 28.384636 | AE28: 26.067287 | AF28: 27.703159 | AG28: 28.555981 | AH28: 28.888287 | AI28: 30.680551 | AJ28: 32.461688 | AK28: 31.458887 | AL28: 31.25009 | AM28: 27.776475 | AN28: 29.664969 | AO28: 25.921766 | AP28: 28.904451 | AQ28: 26.627267 | AR28: 28.306615 | AS28: 29.20311 | AT28: 29.576753 | AU28: 31.406621 | AV28: 33.221434 | AW28: 32.249098 | AX28: 32.068729 | AY28: 28.622706 | AZ28: 30.53889 | BA28: 26.824013 | BB28: 29.835813 | BC28: 27.588403 | BD28: 29.297891 | BE28: 30.224566 | BF28: 30.62815 | BG28: 32.487541 | BH28: 34.33139 | BI28: 33.387608 | BJ28: 33.235336 | BK28: 29.816931 | BL28: 31.760141 | BM28: 28.071482 | BN28: 31.108433 | BO28: 28.8849 | BP28: 30.616983 | BQ28: 31.565274 | BR28: 31.990162 | BS28: 33.871502 | BT28: 35.738956 | BU28: 34.821167 | BV28: 34.697359 | BW28: 31.309092 | BX28: 33.28244 | BY28: 29.621702 | BZ28: 32.682182 | CA28: 30.476352 | CB28: 32.22021 | CC28: 33.175737 | CD28: 33.606023 | CE28: 35.4944 | CF28: 37.374484 | CG28: 36.478083 | CH28: 36.387032 | CI28: 33.042994 | CJ28: 35.072098 | CK28: 31.466879 | CL28: 34.579334 | CM28: 32.410904 | CN28: 34.160125 | CO28: 35.059621 | CP28: 35.467516 | CQ28: 37.177024 | CR28: 39.283864 | CS28: 38.038224 | CT28: 37.427703 | CU28: 36.104263 | CV28: -1 | CW28: 1302
C29: Actual | CV29: 0 | CW29: 0
A30: Am1303 | B30: adm | C30: Forecast | D30: 10126.067 | E30: 10698.564 | F30: 12695.821 | G30: 12669.033 | H30: 12653.724 | I30: 13265.739 | J30: 12684.63 | K30: 13179.848 | L30: 12904.34 | M30: 11726.46 | N30: 11556.343 | O30: 9000.7356 | P30: 11036.452 | Q30: 11581.162 | R30: 13843.914 | S30: 13912.392 | T30: 13834.81 | U30: 14314.395 | V30: 13624.622 | W30: 14086.267 | X30: 13874.042 | Y30: 12848.605 | Z30: 12856.141 | AA30: 10440.645 | AB30: 12545.185 | AC30: 13082.805 | AD30: 15285.346 | AE30: 15276.716 | AF30: 15136.314 | AG30: 15583.771 | AH30: 14893.628 | AI30: 15377.617 | AJ30: 15198.479 | AK30: 14207.24 | AL30: 14244.61 | AM30: 11852.592 | AN30: 13974.113 | AO30: 14522.599 | AP30: 16730.412 | AQ30: 16722.415 | AR30: 16579.742 | AS30: 17024.43 | AT30: 16333.512 | AU30: 16820.519 | AV30: 16648.738 | AW30: 15668.43 | AX30: 15718.634 | AY30: 13339.463 | AZ30: 15472.362 | BA30: 16030.039 | BB30: 18244.919 | BC30: 18242.464 | BD30: 18104.587 | BE30: 18553.985 | BF30: 17868.067 | BG30: 18360.443 | BH30: 18194.282 | BI30: 17219.666 | BJ30: 17275.52 | BK30: 14901.978 | BL30: 17040.642 | BM30: 17604.466 | BN30: 19826.118 | BO30: 19831.188 | BP30: 19701.503 | BQ30: 20159.39 | BR30: 19481.607 | BS30: 19980.921 | BT30: 19819.661 | BU30: 18847.338 | BV30: 18902.879 | BW30: 16527.207 | BX30: 18663.546 | BY30: 19227.064 | BZ30: 21452.701 | CA30: 21467.654 | CB30: 21353.945 | CC30: 21832.218 | CD30: 21175.719 | CE30: 21692.586 | CF30: 21540.561 | CG30: 20565.963 | CH30: 20606.819 | CI30: 18206.196 | CJ30: 20312.72 | CK30: 20848.035 | CL30: 23056.088 | CM30: 23076.571 | CN30: 22988.335 | CO30: 23523.378 | CP30: 22956.635 | CQ30: 23542.728 | CR30: 23530.216 | CS30: 22515.493 | CT30: 22299.644 | CU30: 20488.506 | CV30: 1 | CW30: 1303
C31: Actual | CV31: 0 | CW31: 0
A32: Am1303 | B32: desl | C32: Forecast | D32: 12272.658 | E32: 12371.878 | F32: 13485.689 | G32: 12920.26 | H32: 13726.331 | I32: 12251.542 | J32: 12473.626 | K32: 12984.452 | L32: 11845.181 | M32: 14112.628 | N32: 14668.641 | O32: 14694.802 | P32: 13869.785 | Q32: 12990.437 | R32: 14106.858 | S32: 13298.321 | T32: 14003.348 | U32: 12491.108 | V32: 12621.189 | W32: 13099.78 | X32: 12000.381 | Y32: 14372.584 | Z32: 15071.18 | AA32: 15229.734 | AB32: 14491.454 | AC32: 13642.99 | AD32: 14746.768 | AE32: 13905.88 | AF32: 14582.473 | AG32: 13060.604 | AH32: 13203.493 | AI32: 13712.689 | AJ32: 12653.546 | AK32: 15068.155 | AL32: 15806.672 | AM32: 16000.83 | AN32: 15293.573 | AO32: 14471.767 | AP32: 15598.096 | AQ32: 14776.105 | AR32: 15468.887 | AS32: 13962.011 | AT32: 14120.457 | AU32: 14647.249 | AV32: 13608.462 | AW32: 16045.969 | AX32: 16808.958 | AY32: 17027.868 | AZ32: 16344.494 | BA32: 15545.007 | BB32: 16691.942 | BC32: 15889.115 | BD32: 16600.09 | BE32: 15110.897 | BF32: 15286.828 | BG32: 15831.054 | BH32: 14809.675 | BI32: 17264.554 | BJ32: 18044.898 | BK32: 18281.222 | BL32: 17615.443 | BM32: 16833.851 | BN32: 17999.034 | BO32: 17214.732 | BP32: 17944.274 | BQ32: 16473.279 | BR32: 16666.504 | BS32: 17226.557 | BT32: 16219.109 | BU32: 18685.914 | BV32: 19476.56 | BW32: 19722.514 | BX32: 19067.122 | BY32: 18298.291 | BZ32: 19479.939 | CA32: 18716.307 | CB32: 19469.963 | CC32: 18024.408 | CD32: 18241.283 | CE32: 18819.814 | CF32: 17823.055 | CG32: 20291.646 | CH32: 21076.287 | CI32: 21311.796 | CJ32: 20645.632 | CK32: 19871.408 | CL32: 21060.99 | CM32: 20317.065 | CN32: 21112.496 | CO32: 19725.454 | CP32: 19999.304 | CQ32: 20690.075 | CR32: 19677.723 | CS32: 22065.318 | CT32: 23255.832 | CU32: 22316.531 | CV32: -1 | CW32: 1303
C33: Actual | CV33: 0 | CW33: 0
A34: Am1304 | B34: adm | C34: Forecast | D34: 87.719224 | E34: 88.106625 | F34: 100.02389 | G34: 90.726183 | H34: 88.447943 | I34: 88.026827 | J34: 81.379997 | K34: 82.287049 | L34: 76.817707 | M34: 71.793676 | N34: 75.069914 | O34: 62.879379 | P34: 87.630105 | Q34: 88.383717 | R34: 102.10639 | S34: 93.161714 | T34: 90.18392 | U34: 88.663735 | V34: 81.38605 | W34: 81.930038 | X34: 76.475972 | Y34: 71.88117 | Z34: 75.735027 | AA34: 64.08363 | AB34: 89.221912 | AC34: 90.15707 | AD34: 103.89784 | AE34: 94.905157 | AF34: 91.904224 | AG34: 90.441295 | AH34: 83.315346 | AI34: 84.088065 | AJ34: 78.909525 | AK34: 74.608856 | AL34: 78.755399 | AM34: 67.383788 | AN34: 92.783309 | AO34: 93.958274 | AP34: 107.91651 | AQ34: 99.120846 | AR34: 96.301839 | AS34: 95.013866 | AT34: 88.064712 | AU34: 89.022945 | AV34: 84.041661 | AW34: 79.948716 | AX34: 84.308966 | AY34: 73.151313 | AZ34: 98.760042 | BA34: 100.13648 | BB34: 114.28775 | BC34: 105.67772 | BD34: 103.03883 | BE34: 101.92724 | BF34: 95.151956 | BG34: 96.282067 | BH34: 91.470742 | BI34: 87.545816 | BJ34: 92.072349 | BK34: 81.07983 | BL34: 106.85347 | BM34: 108.39562 | BN34: 122.71416 | BO34: 114.27303 | BP34: 111.80368 | BQ34: 110.8601 | BR34: 104.24805 | BS34: 105.53288 | BT34: 100.86448 | BU34: 97.069139 | BV34: 101.71326 | BW34: 90.831217 | BX34: 116.71628 | BY34: 118.38046 | BZ34: 132.84029 | CA34: 124.5643 | CB34: 122.28183 | CC34: 121.53711 | CD34: 115.11967 | CE34: 116.57598 | CF34: 112.03859 | CG34: 108.32305 | CH34: 112.99378 | CI34: 102.09633 | CJ34: 127.94751 | CK34: 129.59402 | CL34: 144.08582 | CM34: 135.95822 | CN34: 133.91752 | CO34: 133.54435 | CP34: 127.63738 | CQ34: 129.51032 | CR34: 125.28653 | CS34: 121.66462 | CT34: 124.37699 | CU34: 117.20398 | CV34: 1 | CW34: 1304
C35: Actual | CV35: 0 | CW35: 0
A36: Am1304 | B36: desl | C36: Forecast | D36: 86.590137 | E36: 78.356262 | F36: 79.022544 | G36: 77.61528 | H36: 77.707643 | I36: 71.713457 | J36: 71.135162 | K36: 71.823377 | L36: 70.491487 | M36: 79.290253 | N36: 82.473074 | O36: 85.59363 | P36: 80.145796 | Q36: 78.917554 | R36: 80.294797 | S36: 78.468438 | T36: 77.334823 | U36: 70.882519 | V36: 69.758907 | W36: 70.194402 | X36: 68.963026 | Y36: 78.043905 | Z36: 81.650833 | AA36: 85.213747 | AB36: 80.114898 | AC36: 79.110683 | AD36: 80.605125 | AE36: 78.839931 | AF36: 77.76898 | AG36: 71.4224 | AH36: 70.464789 | AI36: 71.123489 | AJ36: 70.157073 | AK36: 79.525289 | AL36: 83.424991 | AM36: 87.273924 | AN36: 82.446528 | AO36: 81.695049 | AP36: 83.422557 | AQ36: 81.872852 | AR36: 81.00461 | AS36: 74.85448 | AT36: 74.093692 | AU36: 74.954654 | AV36: 74.198262 | AW36: 83.783598 | AX36: 87.90454 | AY36: 91.974808 | AZ36: 87.365095 | BA36: 86.82511 | BB36: 88.756943 | BC36: 87.404765 | BD36: 86.728457 | BE36: 80.766128 | BF36: 80.190291 | BG36: 81.234254 | BH36: 80.659427 | BI36: 90.425139 | BJ36: 94.725387 | BK36: 98.973983 | BL36: 94.541704 | BM36: 94.178294 | BN36: 96.285726 | BO36: 95.10779 | BP36: 94.603642 | BQ36: 88.810301 | BR36: 88.398943 | BS36: 89.601558 | BT36: 89.178683 | BU36: 99.089703 | BV36: 103.53002 | BW36: 107.9163 | BX36: 103.62327 | BY36: 103.40476 | BZ36: 105.66567 | CA36: 104.65017 | CB36: 104.31449 | CC36: 98.689504 | CD36: 98.438247 | CE36: 99.784575 | CF36: 99.483513 | CG36: 109.49264 | CH36: 114.01099 | CI36: 118.46354 | CJ36: 114.23477 | CK36: 114.09374 | CL36: 116.46767 | CM36: 115.59067 | CN36: 115.47174 | CO36: 110.09068 | CP36: 110.08042 | CQ36: 111.83876 | CR36: 111.50075 | CS36: 121.24746 | CT36: 126.66952 | CU36: 127.60411 | CV36: -1 | CW36: 1304
C37: Actual | CV37: 0 | CW37: 0
A38: Rr1401 | B38: adm | C38: Forecast | D38: 1555.2627 | E38: 1575.8867 | F38: 1701.3357 | G38: 1697.3431 | H38: 1687.8081 | I38: 1755.2833 | J38: 1695.7315 | K38: 1716.6338 | L38: 1718.5323 | M38: 1603.1783 | N38: 1635.0987 | O38: 1505.5394 | P38: 1695.1293 | Q38: 1712.1323 | R38: 1826.348 | S38: 1826.0464 | T38: 1806.9501 | U38: 1864.7202 | V38: 1799.8089 | W38: 1819.0138 | X38: 1823.5867 | Y38: 1715.4845 | Z38: 1755.7211 | AA38: 1633.1175 | AB38: 1826.7372 | AC38: 1844.404 | AD38: 1956.7302 | AE38: 1953.5332 | AF38: 1931.926 | AG38: 1988.3903 | AH38: 1923.554 | AI38: 1943.9216 | AJ38: 1950.2735 | AK38: 1844.1435 | AL38: 1886.2593 | AM38: 1765.2934 | AN38: 1960.252 | AO38: 1978.9443 | AP38: 2091.9942 | AQ38: 2089.2647 | AR38: 2067.9569 | AS38: 2124.6727 | AT38: 2060.1635 | AU38: 2081.025 | AV38: 2088.0706 | AW38: 1982.8057 | AX38: 2025.8859 | AY38: 1905.8974 | AZ38: 2101.7745 | BA38: 2121.2872 | BB38: 2235.0548 | BC38: 2232.9623 | BD38: 2212.2437 | BE38: 2269.5313 | BF38: 2205.5965 | BG38: 2227.0421 | BH38: 2234.6793 | BI38: 2130.0078 | BJ38: 2173.6793 | BK38: 2054.281 | BL38: 2250.7545 | BM38: 2270.88 | BN38: 2385.2871 | BO38: 2383.8655 | BP38: 2363.8438 | BQ38: 2421.8364 | BR38: 2358.5844 | BS38: 2380.6522 | BT38: 2388.8129 | BU38: 2284.5409 | BV38: 2328.4878 | BW38: 2209.2767 | BX38: 2405.9232 | BY38: 2426.3102 | BZ38: 2541.1746 | CA38: 2540.4849 | CB38: 2521.4836 | CC38: 2580.7093 | CD38: 2518.7367 | CE38: 2541.9065 | CF38: 2550.7653 | CG38: 2446.6335 | CH38: 2490.1214 | CI38: 2369.9681 | CJ38: 2565.4769 | CK38: 2584.8292 | CL38: 2699.1169 | CM38: 2699.1348 | CN38: 2681.5528 | CO38: 2743.5659 | CP38: 2686.3071 | CQ38: 2711.6923 | CR38: 2729.5635 | CS38: 2625.9678 | CT38: 2643.3739 | CU38: 2587.8733 | CV38: 1 | CW38: 1401
C39: Actual | CV39: 0 | CW39: 0
A40: Rr1401 | B40: desl | C40: Forecast | D40: 1784.5331 | E40: 1639.6598 | F40: 1836.2581 | G40: 1690.9562 | H40: 1790.8448 | I40: 1709.1508 | J40: 1700.8089 | K40: 1753.3931 | L40: 1642.5324 | M40: 1742.8074 | N40: 1751.996 | O40: 1676.3098 | P40: 1837.2866 | Q40: 1736.0825 | R40: 1930.8138 | S40: 1783.2142 | T40: 1875.627 | U40: 1792.1886 | V40: 1776.7927 | W40: 1828.6254 | X40: 1721.1232 | Y40: 1829.2044 | Z40: 1847.114 | AA40: 1778.7315 | AB40: 1943.6909 | AC40: 1843.0372 | AD40: 2035.9627 | AE40: 1885.7973 | AF40: 1976.2027 | AG40: 1892.0431 | AH40: 1877.2717 | AI40: 1930.7168 | AJ40: 1825.3281 | AK40: 1935.6206 | AL40: 1955.5999 | AM40: 1889.0445 | AN40: 2055.5555 | AO40: 1956.1675 | AP40: 2150.0781 | AQ40: 2000.6547 | AR40: 2091.6405 | AS40: 2008.0164 | AT40: 1993.8561 | AU40: 2048.0759 | AV40: 1943.6541 | AW40: 2055.0739 | AX40: 2076.2669 | AY40: 2010.9263 | AZ40: 2178.585 | BA40: 2080.2422 | BB40: 2275.0948 | BC40: 2126.533 | BD40: 2218.3325 | BE40: 2135.503 | BF40: 2122.1367 | BG40: 2177.1569 | BH40: 2073.5415 | BI40: 2185.7702 | BJ40: 2207.7727 | BK40: 2143.2442 | BL40: 2311.7231 | BM40: 2214.2157 | BN40: 2409.924 | BO40: 2262.2374 | BP40: 2354.9213 | BQ40: 2272.9649 | BR40: 2260.4305 | BS40: 2316.2083 | BT40: 2213.2487 | BU40: 2326.0211 | BV40: 2348.4726 | BW40: 2284.3482 | BX40: 2453.2639 | BY40: 2356.3163 | BZ40: 2552.7846 | CA40: 2406.0936 | CB40: 2499.9795 | CC40: 2419.3291 | CD40: 2408.0447 | CE40: 2464.8309 | CF40: 2362.4794 | CG40: 2475.3703 | CH40: 2497.4691 | CI40: 2432.6671 | CJ40: 2600.835 | CK40: 2503.3459 | CL40: 2700.0135 | CM40: 2554.3337 | CN40: 2650.2894 | CO40: 2573.0938 | CP40: 2565.6336 | CQ40: 2627.31 | CR40: 2530.6203 | CS40: 2632.8275 | CT40: 2673.1397 | CU40: 2577.4293 | CV40: -1 | CW40: 1401
C41: Actual | CV41: 0 | CW41: 0
A42: Rr1402 | B42: adm | C42: Forecast | D42: 82.546203 | E42: 73.506802 | F42: 80.16202 | G42: 77.530003 | H42: 74.843309 | I42: 75.395112 | J42: 69.24166 | K42: 66.815067 | L42: 63.168808 | M42: 55.386473 | N42: 55.569844 | O42: 51.029318 | P42: 61.842914 | Q42: 65.967528 | R42: 73.770655 | S42: 74.775678 | T42: 73.032898 | U42: 74.320611 | V42: 68.385109 | W42: 65.862836 | X42: 62.298874 | Y42: 54.874708 | Z42: 55.728239 | AA42: 52.036886 | AB42: 63.669938 | AC42: 68.415513 | AD42: 76.566701 | AE42: 77.678455 | AF42: 75.89925 | AG42: 77.118126 | AH42: 71.163395 | AI42: 68.707657 | AJ42: 65.293 | AK42: 58.076474 | AL42: 59.167287 | AM42: 55.720222 | AN42: 67.590237 | AO42: 72.556968 | AP42: 80.908051 | AQ42: 82.195132 | AR42: 80.566476 | AS42: 81.915192 | AT42: 76.077749 | AU42: 73.736985 | AV42: 70.444276 | AW42: 63.362312 | AX42: 64.601071 | AY42: 61.311827 | AZ42: 73.343663 | BA42: 78.470284 | BB42: 86.975096 | BC42: 88.407965 | BD42: 86.917549 | BE42: 88.398616 | BF42: 82.689552 | BG42: 80.474637 | BH42: 77.305938 | BI42: 70.346236 | BJ42: 71.705387 | BK42: 68.534746 | BL42: 80.683969 | BM42: 85.92788 | BN42: 94.551362 | BO42: 96.105705 | BP42: 94.740408 | BQ42: 96.349961 | BR42: 90.770949 | BS42: 88.684243 | BT42: 85.637282 | BU42: 78.787932 | BV42: 80.242277 | BW42: 77.150683 | BX42: 89.365966 | BY42: 94.670732 | BZ42: 103.36134 | CA42: 105.00173 | CB42: 103.75149 | CC42: 105.50856 | CD42: 100.10357 | CE42: 98.201491 | CF42: 95.326574 | CG42: 88.611615 | CH42: 90.141948 | CI42: 87.056636 | CJ42: 99.215848 | CK42: 104.41956 | CL42: 112.99943 | CM42: 114.58086 | CN42: 113.34291 | CO42: 115.24481 | CP42: 110.20962 | CQ42: 108.55338 | CR42: 106.56739 | CS42: 100.17015 | CT42: 100.75809 | CU42: 100.64303 | CV42: 1 | CW42: 1402
C43: Actual | CV43: 0 | CW43: 0
A44: Rr1402 | B44: desl | C44: Forecast | D44: 75.7027 | E44: 78.481845 | F44: 83.778338 | G44: 74.889454 | H44: 78.156989 | I44: 69.58913 | J44: 69.618099 | K44: 68.907681 | L44: 58.581256 | M44: 65.372753 | N44: 59.796927 | O44: 57.142164 | P44: 63.314671 | Q44: 63.411225 | R44: 75.034006 | S44: 67.638648 | T44: 73.007318 | U44: 65.685734 | V44: 66.286988 | W44: 65.807577 | X44: 55.555623 | Y44: 62.514524 | Z44: 57.326408 | AA44: 55.284381 | AB44: 62.176236 | AC44: 62.951722 | AD44: 75.10073 | AE44: 68.032818 | AF44: 73.556846 | AG44: 66.290369 | AH44: 66.924522 | AI44: 66.512705 | AJ44: 56.387659 | AK44: 63.530116 | AL44: 58.565424 | AM44: 56.767436 | AN44: 63.908456 | AO44: 64.927867 | AP44: 77.308887 | AQ44: 70.456488 | AR44: 76.176751 | AS44: 69.087095 | AT44: 69.881898 | AU44: 69.620844 | AV44: 59.644371 | AW44: 66.940028 | AX44: 62.13718 | AY44: 60.510104 | AZ44: 67.828442 | BA44: 69.027252 | BB44: 81.585399 | BC44: 74.904734 | BD44: 80.789961 | BE44: 73.858688 | BF44: 74.806454 | BG44: 74.694391 | BH44: 64.864169 | BI44: 72.304138 | BJ44: 67.644073 | BK44: 66.158456 | BL44: 73.617135 | BM44: 74.955517 | BN44: 87.652978 | BO44: 81.111917 | BP44: 87.137416 | BQ44: 80.347018 | BR44: 81.435526 | BS44: 81.462579 | BT44: 71.767717 | BU44: 79.336928 | BV44: 74.798028 | BW44: 73.42467 | BX44: 80.98767 | BY44: 82.4255 | BZ44: 95.222462 | CA44: 88.786813 | CB44: 94.929033 | CC44: 88.269837 | CD44: 89.503485 | CE44: 89.684268 | CF44: 80.142146 | CG44: 87.850035 | CH44: 83.423256 | CI44: 82.126046 | CJ44: 89.725312 | CK44: 91.16641 | CL44: 103.96388 | CM44: 97.519046 | CN44: 103.70687 | CO44: 97.160209 | CP44: 98.536937 | CQ44: 99.048938 | CR44: 89.749415 | CS44: 97.187434 | CT44: 94.844094 | CU44: 89.784962 | CV44: -1 | CW44: 1402
C45: Actual | CV45: 0 | CW45: 0
A46: Pa1501 | B46: adm | C46: Forecast | D46: 1041.6997 | E46: 1131.2421 | F46: 1258.4082 | G46: 1249.8045 | H46: 1187.9076 | I46: 1233.1449 | J46: 1150.5657 | K46: 1192.9797 | L46: 1188.8979 | M46: 1093.5008 | N46: 1163.1822 | O46: 988.17069 | P46: 1154.7543 | Q46: 1190.3704 | R46: 1312.2105 | S46: 1309.208 | T46: 1234.3874 | U46: 1267.6638 | V46: 1182.2668 | W46: 1226.9051 | X46: 1232.9533 | Y46: 1153.1931 | Z46: 1238.246 | AA46: 1073.52 | AB46: 1243.1573 | AC46: 1275.2454 | AD46: 1389.8598 | AE46: 1379.6074 | AF46: 1300.2602 | AG46: 1332.7815 | AH46: 1249.9195 | AI46: 1299.0366 | AJ46: 1310.07 | AK46: 1234.7818 | AL46: 1323.325 | AM46: 1161.074 | AN46: 1332.3579 | AO46: 1365.4951 | AP46: 1480.7624 | AQ46: 1470.9493 | AR46: 1392.0173 | AS46: 1425.1237 | AT46: 1343.1766 | AU46: 1393.6141 | AV46: 1406.3368 | AW46: 1332.9718 | AX46: 1423.4871 | AY46: 1263.0855 | AZ46: 1435.9885 | BA46: 1470.4899 | BB46: 1586.9136 | BC46: 1578.1353 | BD46: 1500.204 | BE46: 1534.3395 | BF46: 1453.4765 | BG46: 1505.0488 | BH46: 1518.9354 | BI46: 1446.7404 | BJ46: 1538.4182 | BK46: 1379.1718 | BL46: 1553.2343 | BM46: 1588.9153 | BN46: 1706.5501 | BO46: 1699.0121 | BP46: 1622.3298 | BQ46: 1657.6833 | BR46: 1577.954 | BS46: 1630.52 | BT46: 1645.2198 | BU46: 1573.6505 | BV46: 1665.8104 | BW46: 1507.0032 | BX46: 1681.609 | BY46: 1718.0999 | BZ46: 1836.9409 | CA46: 1831.0478 | CB46: 1756.3595 | CC46: 1793.8236 | CD46: 1715.9825 | CE46: 1769.8552 | CF46: 1785.0072 | CG46: 1712.9532 | CH46: 1803.8391 | CI46: 1643.3669 | CJ46: 1816.5 | CK46: 1852.2894 | CL46: 1971.7148 | CM46: 1968.455 | CN46: 1897.8505 | CO46: 1940.9905 | CP46: 1870.2359 | CQ46: 1929.0748 | CR46: 1950.5174 | CS46: 1876.1236 | CT46: 1939.7216 | CU46: 1827.0505 | CV46: 1 | CW46: 1501
C47: Actual | CV47: 0 | CW47: 0
A48: Pa1501 | B48: desl | C48: Forecast | D48: 1390.7743 | E48: 1308.6788 | F48: 1417.8469 | G48: 1264.646 | H48: 1297.7374 | I48: 1143.583 | J48: 1087.4153 | K48: 1142.8823 | L48: 1040.7812 | M48: 1250.5538 | N48: 1378.8819 | O48: 1405.5433 | P48: 1465.5471 | Q48: 1323.1013 | R48: 1413.96 | S48: 1251.2638 | T48: 1263.6868 | U48: 1106.0588 | V48: 1045.3656 | W48: 1101.8953 | X48: 1011.552 | Y48: 1239.0906 | Z48: 1387.165 | AA48: 1429.4704 | AB48: 1496.9799 | AC48: 1353.6518 | AD48: 1437.9669 | AE48: 1267.1547 | AF48: 1273.5119 | AG48: 1113.8459 | AH48: 1055.261 | AI48: 1116.8648 | AJ48: 1032.9226 | AK48: 1266.7742 | AL48: 1420.2293 | AM48: 1466.7041 | AN48: 1537.2544 | AO48: 1396.0697 | AP48: 1481.8881 | AQ48: 1312.1916 | AR48: 1319.5335 | AS48: 1160.9786 | AT48: 1103.8513 | AU48: 1167.3881 | AV48: 1085.853 | AW48: 1322.4582 | AX48: 1478.8058 | AY48: 1528.095 | AZ48: 1601.2207 | BA48: 1462.3036 | BB48: 1550.1038 | BC48: 1382.1863 | BD48: 1391.2071 | BE48: 1234.3177 | BF48: 1178.894 | BG48: 1244.1882 | BH48: 1164.4552 | BI48: 1402.8898 | BJ48: 1561.0809 | BK48: 1612.2252 | BL48: 1687.2235 | BM48: 1550.2043 | BN48: 1639.9284 | BO48: 1473.946 | BP48: 1484.879 | BQ48: 1329.8267 | BR48: 1276.1031 | BS48: 1342.9031 | BT48: 1264.4496 | BU48: 1503.9515 | BV48: 1663.0734 | BW48: 1715.1516 | BX48: 1791.2702 | BY48: 1655.7414 | BZ48: 1747.4489 | CA48: 1583.9424 | CB48: 1597.6791 | CC48: 1445.4342 | CD48: 1394.1029 | CE48: 1462.4756 | CF48: 1384.5203 | CG48: 1623.435 | CH48: 1781.1693 | CI48: 1831.6192 | CJ48: 1906.5253 | CK48: 1770.8934 | CL48: 1864.4277 | CM48: 1704.6184 | CN48: 1724.3133 | CO48: 1579.7488 | CP48: 1535.2884 | CQ48: 1613.5487 | CR48: 1535.9787 | CS48: 1760.918 | CT48: 1944.5932 | CU48: 1912.0973 | CV48: -1 | CW48: 1501
C49: Actual | CV49: 0 | CW49: 0
A50: Pa1502 | B50: adm | C50: Forecast | D50: 121.55897 | E50: 138.50122 | F50: 145.94365 | G50: 147.70379 | H50: 138.52789 | I50: 157.31503 | J50: 145.64901 | K50: 149.62004 | L50: 156.66453 | M50: 123.30292 | N50: 119.20804 | O50: 97.970579 | P50: 130.1515 | Q50: 142.53332 | R50: 151.1662 | S50: 153.74183 | T50: 144.85596 | U50: 162.82469 | V50: 150.81882 | W50: 154.77855 | X50: 161.96137 | Y50: 129.00957 | Z50: 125.16525 | AA50: 103.85504 | AB50: 135.68998 | AC50: 147.53205 | AD50: 155.56675 | AE50: 157.62385 | AF50: 148.36493 | AG50: 166.10006 | AH50: 153.95062 | AI50: 157.79476 | AJ50: 164.84406 | AK50: 131.72222 | AL50: 127.67281 | AM50: 106.13259 | AN50: 137.72314 | AO50: 149.31318 | AP50: 157.09199 | AQ50: 158.89297 | AR50: 149.38287 | AS50: 166.87777 | AT50: 154.50369 | AU50: 158.13991 | AV50: 164.99487 | AW50: 131.68615 | AX50: 127.45055 | AY50: 105.71982 | AZ50: 137.1136 | BA50: 148.50184 | BB50: 156.07698 | BC50: 157.67605 | BD50: 147.96861 | BE50: 165.27203 | BF50: 152.71211 | BG50: 156.1669 | BH50: 162.84324 | BI50: 129.35735 | BJ50: 124.94529 | BK50: 103.0389 | BL50: 134.25863 | BM50: 145.47572 | BN50: 152.88405 | BO50: 154.32174 | BP50: 144.45861 | BQ50: 161.61112 | BR50: 148.90292 | BS50: 152.20899 | BT50: 158.73294 | BU50: 125.08861 | BV50: 120.51164 | BW50: 98.436059 | BX50: 129.48713 | BY50: 140.54268 | BZ50: 147.80339 | CA50: 149.11256 | CB50: 139.1416 | CC50: 156.20359 | CD50: 143.41387 | CE50: 146.6355 | CF50: 153.05856 | CG50: 119.28494 | CH50: 114.53893 | CI50: 92.253251 | CJ50: 123.07879 | CK50: 133.89413 | CL50: 140.94096 | CM50: 142.17391 | CN50: 132.11153 | CO50: 149.336 | CP50: 136.80316 | CQ50: 139.61323 | CR50: 148.23383 | CS50: 112.13844 | CT50: 103.5702 | CU50: 97.774839 | CV50: 1 | CW50: 1502
C51: Actual | CV51: 0 | CW51: 0
A52: Pa1502 | B52: desl | C52: Forecast | D52: 151.37544 | E52: 151.40145 | F52: 164.99976 | G52: 154.52956 | H52: 163.47032 | I52: 151.88677 | J52: 162.77915 | K52: 172.96598 | L52: 159.09074 | M52: 188.10939 | N52: 193.98509 | O52: 184.53951 | P52: 174.58363 | Q52: 156.637 | R52: 163.42431 | S52: 148.69513 | T52: 156.53482 | U52: 146.11393 | V52: 158.63103 | W52: 170.10607 | X52: 156.63051 | Y52: 184.9079 | Z52: 189.22008 | AA52: 178.0024 | AB52: 166.62307 | AC52: 147.94884 | AD52: 154.75682 | AE52: 140.57393 | AF52: 149.14325 | AG52: 139.33741 | AH52: 152.19065 | AI52: 163.70237 | AJ52: 150.03864 | AK52: 178.00742 | AL52: 181.97973 | AM52: 170.44757 | AN52: 158.80639 | AO52: 139.933 | AP52: 146.60724 | AQ52: 132.35383 | AR52: 140.90611 | AS52: 131.11741 | AT52: 143.99553 | AU52: 155.51312 | AV52: 141.81713 | AW52: 169.70943 | AX52: 173.56823 | AY52: 161.90179 | AZ52: 150.12423 | BA52: 131.12724 | BB52: 137.69831 | BC52: 123.36232 | BD52: 131.84759 | BE52: 122.00058 | BF52: 134.82316 | BG52: 146.28453 | BH52: 132.53081 | BI52: 160.36459 | BJ52: 164.16507 | BK52: 152.44054 | BL52: 140.60365 | BM52: 121.54331 | BN52: 128.04372 | BO52: 113.62721 | BP52: 122.02162 | BQ52: 112.07602 | BR52: 124.79846 | BS52: 136.16739 | BT52: 122.33966 | BU52: 150.12755 | BV52: 153.91556 | BW52: 142.20951 | BX52: 130.40967 | BY52: 111.38279 | BZ52: 117.88466 | CA52: 103.40984 | CB52: 111.66835 | CC52: 101.51077 | CD52: 113.97157 | CE52: 125.0786 | CF52: 111.05087 | CG52: 138.75827 | CH52: 142.62289 | CI52: 131.15366 | CJ52: 119.69805 | CK52: 101.06808 | CL52: 107.90414 | CM52: 93.521693 | CN52: 101.69513 | CO52: 91.017181 | CP52: 102.55077 | CQ52: 113.36679 | CR52: 96.196256 | CS52: 125.03983 | CT52: 132.14509 | CU52: 107.61598 | CV52: -1 | CW52: 1502
C53: Actual | CV53: 0 | CW53: 0
A54: Pa1503 | B54: adm | C54: Forecast | D54: 9770.9178 | E54: 9984.0619 | F54: 10563.715 | G54: 10940.975 | H54: 10709.861 | I54: 11080.906 | J54: 10595.21 | K54: 10797.296 | L54: 10886.4 | M54: 10114.756 | N54: 10449.557 | O54: 9559.0829 | P54: 10161.99 | Q54: 10419.722 | R54: 11088.137 | S54: 11486.128 | T54: 11194.681 | U54: 11499.567 | V54: 10958.751 | W54: 11140.363 | X54: 11255.419 | Y54: 10556.551 | Z54: 10982.94 | AA54: 10173.903 | AB54: 10829.429 | AC54: 11104.264 | AD54: 11761.253 | AE54: 12134.702 | AF54: 11820.651 | AG54: 12114.497 | AH54: 11577.042 | AI54: 11773.961 | AJ54: 11911.455 | AK54: 11237.517 | AL54: 11688.089 | AM54: 10900.776 | AN54: 11574.901 | AO54: 11865.04 | AP54: 12534.137 | AQ54: 12916.916 | AR54: 12610.254 | AS54: 12910.741 | AT54: 12380.462 | AU54: 12586.099 | AV54: 12734.299 | AW54: 12072.863 | AX54: 12537.046 | AY54: 11763.573 | AZ54: 12450.991 | BA54: 12753.413 | BB54: 13433.68 | BC54: 13826.699 | BD54: 13529.665 | BE54: 13839.479 | BF54: 13318.439 | BG54: 13533.316 | BH54: 13690.756 | BI54: 13038.523 | BJ54: 13511.859 | BK54: 12747.523 | BL54: 13444.156 | BM54: 13755.992 | BN54: 14445.977 | BO54: 14849.048 | BP54: 14562.311 | BQ54: 14882.427 | BR54: 14371.32 | BS54: 14595.305 | BT54: 14760.602 | BU54: 14114.725 | BV54: 14592.991 | BW54: 13832.664 | BX54: 14533.31 | BY54: 14850.366 | BZ54: 15547.952 | CA54: 15961.768 | CB54: 15688.887 | CC54: 16024.933 | CD54: 15529.849 | CE54: 15767.444 | CF54: 15941.524 | CG54: 15298.008 | CH54: 15771.897 | CI54: 15001.833 | CJ54: 15690.525 | CK54: 15997.204 | CL54: 16690.95 | CM54: 17114.093 | CN54: 16862.085 | CO54: 17235.268 | CP54: 16792.464 | CQ54: 17068.754 | CR54: 17310.075 | CS54: 16646.295 | CT54: 16994.404 | CU54: 16540.251 | CV54: 1 | CW54: 1503
C55: Actual | CV55: 0 | CW55: 0
A56: Pa1503 | B56: desl | C56: Forecast | D56: 11354.719 | E56: 10958.037 | F56: 11570.448 | G56: 11079.124 | H56: 11362.537 | I56: 10469.179 | J56: 10409.765 | K56: 10815.354 | L56: 10132.52 | M56: 11404.755 | N56: 11892.775 | O56: 11803.609 | P56: 11470.589 | Q56: 10918.913 | R56: 11622.551 | S56: 11039.715 | T56: 11250.322 | U56: 10356.993 | V56: 10266.558 | W56: 10676.853 | X56: 10035.494 | Y56: 11372.636 | Z56: 11936.727 | AA56: 11914.479 | AB56: 11625.864 | AC56: 11094.337 | AD56: 11801.196 | AE56: 11215.758 | AF56: 11427.585 | AG56: 10544.596 | AH56: 10474.211 | AI56: 10911.784 | AJ56: 10301.384 | AK56: 11670.07 | AL56: 12264.393 | AM56: 12270.253 | AN56: 12007.409 | AO56: 11499.329 | AP56: 12227.449 | AQ56: 11661.422 | AR56: 11891.414 | AS56: 11026.164 | AT56: 10973.919 | AU56: 11430.628 | AV56: 10840.552 | AW56: 12230.526 | AX56: 12846.586 | AY56: 12874.038 | AZ56: 12632.162 | BA56: 12144.175 | BB56: 12891.494 | BC56: 12343.917 | BD56: 12591.821 | BE56: 11744.127 | BF56: 11709.201 | BG56: 12183.046 | BH56: 11609.945 | BI56: 13016.756 | BJ56: 13649.561 | BK56: 13693.743 | BL56: 13468.666 | BM56: 12997.606 | BN56: 13761.981 | BO56: 13231.5 | BP56: 13496.349 | BQ56: 12665.172 | BR56: 12646.008 | BS56: 13134.561 | BT56: 12574.937 | BU56: 13994.044 | BV56: 14638.329 | BW56: 14693.847 | BX56: 14480.858 | BY56: 14023.533 | BZ56: 14803.895 | CA56: 14291.658 | CB56: 14576.232 | CC56: 13764.744 | CD56: 13763.29 | CE56: 14265.713 | CF56: 13714.963 | CG56: 15137.848 | CH56: 15782.046 | CI56: 15836.031 | CJ56: 15622.788 | CK56: 15169.727 | CL56: 15963.505 | CM56: 15471.903 | CN56: 15788.925 | CO56: 15018.962 | CP56: 15054.902 | CQ56: 15617.065 | CR56: 15060.222 | CS56: 16404.178 | CT56: 17284.844 | CU56: 16707.558 | CV56: -1 | CW56: 1503
C57: Actual | CV57: 0 | CW57: 0
A58: Pa1504 | B58: adm | C58: Forecast | D58: 1562.5849 | E58: 1593.5122 | F58: 1785.1265 | G58: 1776.2032 | H58: 1710.0547 | I58: 1743.4684 | J58: 1580.3452 | K58: 1666.4785 | L58: 1679.4967 | M58: 1494.3596 | N58: 1628.1468 | O58: 1351.7508 | P58: 1551.8717 | Q58: 1538.4313 | R58: 1803.3896 | S58: 1840.2294 | T58: 1766.3157 | U58: 1793.0044 | V58: 1626.6713 | W58: 1712.8615 | X58: 1740.291 | Y58: 1580.7909 | Z58: 1742.8599 | AA58: 1488.9097 | AB58: 1700.5054 | AC58: 1687.1661 | AD58: 1944.6156 | AE58: 1971.9527 | AF58: 1891.2111 | AG58: 1916.0367 | AH58: 1752.7002 | AI58: 1845.1237 | AJ58: 1880.0441 | AK58: 1727.7758 | AL58: 1896.0401 | AM58: 1647.0816 | AN58: 1862.6028 | AO58: 1852.3133 | AP58: 2112.0954 | AQ58: 2141.2152 | AR58: 2061.9441 | AS58: 2088.2404 | AT58: 1926.6922 | AU58: 2021.4416 | AV58: 2059.2731 | AW58: 1910.3693 | AX58: 2082.2016 | AY58: 1836.7437 | AZ58: 2055.4963 | BA58: 2048.0829 | BB58: 2310.4134 | BC58: 2341.8537 | BD58: 2264.7938 | BE58: 2293.2854 | BF58: 2133.9644 | BG58: 2230.977 | BH58: 2271.0872 | BI58: 2124.4537 | BJ58: 2298.5373 | BK58: 2055.3225 | BL58: 2276.3379 | BM58: 2271.2416 | BN58: 2535.9693 | BO58: 2569.8894 | BP58: 2495.3595 | BQ58: 2526.36 | BR58: 2369.4219 | BS58: 2468.5722 | BT58: 2510.4709 | BU58: 2365.2288 | BV58: 2540.3535 | BW58: 2297.9948 | BX58: 2519.9564 | BY58: 2516.2305 | BZ58: 2783.0548 | CA58: 2819.9543 | CB58: 2749.1968 | CC58: 2784.3858 | CD58: 2631.4371 | CE58: 2733.6745 | CF58: 2777.1635 | CG58: 2631.7214 | CH58: 2804.9589 | CI58: 2559.5918 | CJ58: 2778.3776 | CK58: 2772.31 | CL58: 3038.9185 | CM58: 3079.3199 | CN58: 3014.9817 | CO58: 3060.7939 | CP58: 2921.6794 | CQ58: 3034.3342 | CR58: 3095.1021 | CS58: 2937.1621 | CT58: 3075.2004 | CU58: 2918.2676 | CV58: 1 | CW58: 1504
C59: Actual | CV59: 0 | CW59: 0
A60: Pa1504 | B60: desl | C60: Forecast | D60: 1933.8865 | E60: 1821.8005 | F60: 2008.5116 | G60: 1803.3722 | H60: 1904.8001 | I60: 1742.8925 | J60: 1707.8778 | K60: 1710.1705 | L60: 1568.4846 | M60: 1746.6031 | N60: 1778.9171 | O60: 1761.1295 | P60: 1923.6277 | Q60: 1754.9453 | R60: 1930.6758 | S60: 1724.3957 | T60: 1828.7243 | U60: 1675.2252 | V60: 1643.3564 | W60: 1650.1353 | X60: 1516.9517 | Y60: 1707.549 | Z60: 1756.1786 | AA60: 1755.4632 | AB60: 1932.2215 | AC60: 1772.8066 | AD60: 1952.6352 | AE60: 1746.8384 | AF60: 1850.3877 | AG60: 1696.9723 | AH60: 1667.2681 | AI60: 1678.4828 | AJ60: 1551.4475 | AK60: 1749.0394 | AL60: 1804.7237 | AM60: 1810.6162 | AN60: 1993.3172 | AO60: 1839.1609 | AP60: 2023.6456 | AQ60: 1822.0249 | AR60: 1929.4156 | AS60: 1779.6729 | AT60: 1753.646 | AU60: 1768.6934 | AV60: 1645.7381 | AW60: 1847.6673 | AX60: 1907.8762 | AY60: 1918.3596 | AZ60: 2105.5885 | BA60: 1955.7976 | BB60: 2144.4382 | BC60: 1946.7692 | BD60: 2057.9495 | BE60: 1911.8897 | BF60: 1889.4881 | BG60: 1908.1344 | BH60: 1788.7647 | BI60: 1994.2662 | BJ60: 2058.0306 | BK60: 2072.0513 | BL60: 2262.8035 | BM60: 2116.5294 | BN60: 2308.6863 | BO60: 2114.5319 | BP60: 2229.2116 | BQ60: 2086.6074 | BR60: 2067.5758 | BS60: 2089.4578 | BT60: 1973.1454 | BU60: 2181.502 | BV60: 2247.9319 | BW60: 2264.4898 | BX60: 2457.7609 | BY60: 2314.1296 | BZ60: 2509.1927 | CA60: 2318.2966 | CB60: 2436.5769 | CC60: 2297.7803 | CD60: 2282.5121 | CE60: 2307.7985 | CF60: 2194.2415 | CG60: 2404.5266 | CH60: 2472.0675 | CI60: 2489.1424 | CJ60: 2682.6962 | CK60: 2539.6313 | CL60: 2736.1482 | CM60: 2547.7405 | CN60: 2670.1771 | CO60: 2537.1899 | CP60: 2528.4677 | CQ60: 2563.5229 | CR60: 2453.0339 | CS60: 2662.1548 | CT60: 2745.1745 | CU60: 2709.3438 | CV60: -1 | CW60: 1504
C61: Actual | CV61: 0 | CW61: 0
A62: Pa1505 | B62: adm | C62: Forecast | D62: 1332.8579 | E62: 1756.9409 | F62: 2110.6875 | G62: 2202.9677 | H62: 2139.8742 | I62: 2173.5525 | J62: 1940.7894 | K62: 1875.0721 | L62: 1790.6363 | M62: 1510.0618 | N62: 1520.5742 | O62: 1335.4792 | P62: 1761.4096 | Q62: 2042.977 | R62: 2384.225 | S62: 2459.2211 | T62: 2359.2395 | U62: 2343.6213 | V62: 2070.2536 | W62: 1983.8912 | X62: 1901.7222 | Y62: 1648.2238 | Z62: 1701.0807 | AA62: 1558.976 | AB62: 2016.0154 | AC62: 2310.427 | AD62: 2647.7801 | AE62: 2709.1233 | AF62: 2593.6555 | AG62: 2566.5881 | AH62: 2288.5395 | AI62: 2204.1343 | AJ62: 2128.6763 | AK62: 1884.2975 | AL62: 1946.7587 | AM62: 1813.5393 | AN62: 2278.1257 | AO62: 2578.4527 | AP62: 2919.9869 | AQ62: 2983.8813 | AR62: 2869.697 | AS62: 2843.2425 | AT62: 2565.8408 | AU62: 2482.737 | AV62: 2409.5994 | AW62: 2168.5873 | AX62: 2235.1926 | AY62: 2106.4617 | AZ62: 2575.4477 | BA62: 2879.7792 | BB62: 3224.7992 | BC62: 3291.7017 | BD62: 3180.186 | BE62: 3156.2199 | BF62: 2881.2479 | BG62: 2800.5741 | BH62: 2729.8705 | BI62: 2491.2725 | BJ62: 2560.2526 | BK62: 2433.8686 | BL62: 2905.2253 | BM62: 3212.0371 | BN62: 3559.7441 | BO62: 3629.6137 | BP62: 3521.3569 | BQ62: 3500.8579 | BR62: 3229.3675 | BS62: 3151.9012 | BT62: 3083.8013 | BU62: 2846.9243 | BV62: 2916.6276 | BW62: 2790.1167 | BX62: 3260.9518 | BY62: 3567.5621 | BZ62: 3916.2089 | CA62: 3988.8524 | CB62: 3885.5084 | CC62: 3871.7852 | CD62: 3608.0343 | CE62: 3537.8971 | CF62: 3475.1658 | CG62: 3240.3455 | CH62: 3307.9414 | CI62: 3175.134 | CJ62: 3636.5216 | CK62: 3932.3894 | CL62: 4272.0707 | CM62: 4341.7274 | CN62: 4243.1708 | CO62: 4246.3745 | CP62: 4011.1116 | CQ62: 3971.2515 | CR62: 3951.3879 | CS62: 3711.6761 | CT62: 3751.1551 | CU62: 3715.3626 | CV62: 1 | CW62: 1505
C63: Actual | CV63: 0 | CW63: 0
A64: Pa1505 | B64: desl | C64: Forecast | D64: 2003.1034 | E64: 1959.6772 | F64: 2029.7004 | G64: 1893.9665 | H64: 2006.0301 | I64: 1840.3997 | J64: 1946.5297 | K64: 1980.2199 | L64: 1923.1853 | M64: 2224.1698 | N64: 2221.286 | O64: 2180.5167 | P64: 2093.2763 | Q64: 1937.377 | R64: 2066.3796 | S64: 1905.6405 | T64: 2027.7233 | U64: 1873.1774 | V64: 1985.1176 | W64: 2025.1092 | X64: 1975.046 | Y64: 2281.9017 | Z64: 2282.8323 | AA64: 2243.8422 | AB64: 2157.2695 | AC64: 2002.2381 | AD64: 2132.9575 | AE64: 1975.025 | AF64: 2101.0179 | AG64: 1951.2693 | AH64: 2068.4344 | AI64: 2113.6093 | AJ64: 2068.3757 | AK64: 2379.592 | AL64: 2384.441 | AM64: 2349.0213 | AN64: 2265.7881 | AO64: 2113.988 | AP64: 2247.94 | AQ64: 2093.3203 | AR64: 2222.7462 | AS64: 2076.5532 | AT64: 2197.3661 | AU64: 2246.2259 | AV64: 2204.6499 | AW64: 2519.4393 | AX64: 2527.7406 | AY64: 2495.6431 | AZ64: 2415.6161 | BA64: 2266.9353 | BB64: 2403.9521 | BC64: 2252.3692 | BD64: 2384.8192 | BE64: 2241.6411 | BF64: 2365.4549 | BG64: 2417.2932 | BH64: 2378.666 | BI64: 2696.371 | BJ64: 2707.5546 | BK64: 2678.308 | BL64: 2601.1013 | BM64: 2455.2063 | BN64: 2594.9656 | BO64: 2446.0685 | BP64: 2581.1339 | BQ64: 2440.4918 | BR64: 2566.7625 | BS64: 2620.9911 | BT64: 2584.712 | BU64: 2904.755 | BV64: 2918.3005 | BW64: 2891.468 | BX64: 2816.7428 | BY64: 2673.3915 | BZ64: 2815.7238 | CA64: 2669.3661 | CB64: 2806.8496 | CC64: 2668.4087 | CD64: 2796.5856 | CE64: 2852.3988 | CF64: 2817.4458 | CG64: 3138.7235 | CH64: 3153.6828 | CI64: 3128.7077 | CJ64: 3056.3416 | CK64: 2915.8934 | CL64: 3061.4818 | CM64: 2917.9727 | CN64: 3058.1264 | CO64: 2920.852 | CP64: 3049.7277 | CQ64: 3109.7744 | CR64: 3067.2997 | CS64: 3394.4236 | CT64: 3419.3364 | CU64: 3299.7413 | CV64: -1 | CW64: 1505
C65: Actual | CV65: 0 | CW65: 0
A66: Pa1506 | B66: adm | C66: Forecast | D66: 5501.9987 | E66: 6439.3399 | F66: 7530.8055 | G66: 8010.2575 | H66: 7818.7553 | I66: 8263.1332 | J66: 7768.2607 | K66: 7862.2859 | L66: 7848.1976 | M66: 6835.4328 | N66: 6901.4704 | O66: 5782.6 | P66: 6759.4097 | Q66: 7223.0575 | R66: 8093.9763 | S66: 8443.1143 | T66: 8170.8 | U66: 8546.0989 | V66: 8017.5068 | W66: 8099.7876 | X66: 8096.7318 | Y66: 7123.6589 | Z66: 7240.1602 | AA66: 6168.4585 | AB66: 7180.8856 | AC66: 7663.0883 | AD66: 8536.5042 | AE66: 8878.1604 | AF66: 8595.3078 | AG66: 8962.599 | AH66: 8431.7893 | AI66: 8518.4296 | AJ66: 8525.364 | AK66: 7566.1205 | AL66: 7698.2671 | AM66: 6642.2158 | AN66: 7668.9362 | AO66: 8163.2208 | AP66: 9046.1796 | AQ66: 9395.0317 | AR66: 9117.6536 | AS66: 9489.5831 | AT66: 8963.4904 | AU66: 9055.644 | AV66: 9069.2582 | AW66: 8117.8497 | AX66: 8258.6708 | AY66: 7211.6623 | AZ66: 8247.3263 | BA66: 8750.1129 | BB66: 9640.9682 | BC66: 9997.1148 | BD66: 9726.5444 | BE66: 10104.953 | BF66: 9585.1538 | BG66: 9683.5134 | BH66: 9703.2935 | BI66: 8758.0249 | BJ66: 8904.9665 | BK66: 7864.08 | BL66: 8905.915 | BM66: 9414.99 | BN66: 10312.321 | BO66: 10675.167 | BP66: 10411.494 | BQ66: 10796.874 | BR66: 10283.897 | BS66: 10388.632 | BT66: 10414.032 | BU66: 9473.4013 | BV66: 9623.9701 | BW66: 8585.9497 | BX66: 9630.4376 | BY66: 10142.719 | BZ66: 11044.615 | CA66: 11413.984 | CB66: 11158.921 | CC66: 11554.508 | CD66: 11052.227 | CE66: 11166.644 | CF66: 11199.153 | CG66: 10261.866 | CH66: 10411.421 | CI66: 9368.3755 | CJ66: 10405.416 | CK66: 10909.898 | CL66: 11806.648 | CM66: 12179.361 | CN66: 11933.578 | CO66: 12350.638 | CP66: 11885.148 | CQ66: 12020.024 | CR66: 12111.286 | CS66: 11168.176 | CT66: 11159.521 | CU66: 10546.763 | CV66: 1 | CW66: 1506
C67: Actual | CV67: 0 | CW67: 0
A68: Pa1506 | B68: desl | C68: Forecast | D68: 8316.2827 | E68: 7889.9167 | F68: 8283.1335 | G68: 7839.3192 | H68: 7958.6724 | I68: 7342.8102 | J68: 7296.3625 | K68: 7701.2918 | L68: 7226.249 | M68: 8322.7187 | N68: 8851.7042 | O68: 8689.9262 | P68: 8425.8773 | Q68: 7889.016 | R68: 8304.1272 | S68: 7806.3322 | T68: 7856.3996 | U68: 7240.9469 | V68: 7180.3958 | W68: 7601.4447 | X68: 7169.7641 | Y68: 8323.7169 | Z68: 8910.9841 | AA68: 8792.9984 | AB68: 8549.3582 | AC68: 8011.8701 | AD68: 8414.9195 | AE68: 7904.957 | AF68: 7951.166 | AG68: 7343.5071 | AH68: 7300.9529 | AI68: 7746.139 | AJ68: 7340.3191 | AK68: 8518.5936 | AL68: 9127.0866 | AM68: 9027.0539 | AN68: 8798.6041 | AO68: 8274.2157 | AP68: 8688.903 | AQ68: 8189.7179 | AR68: 8246.4794 | AS68: 7649.7935 | AT68: 7619.1563 | AU68: 8077.4511 | AV68: 7685.8217 | AW68: 8878.945 | AX68: 9502.3637 | AY68: 9416.79 | AZ68: 9201.9829 | BA68: 8690.3277 | BB68: 9116.9653 | BC68: 8629.1961 | BD68: 8697.0997 | BE68: 8111.4757 | BF68: 8091.9178 | BG68: 8561.327 | BH68: 8180.8237 | BI68: 9385.0603 | BJ68: 10019.577 | BK68: 9945.1059 | BL68: 9741.4318 | BM68: 9240.9443 | BN68: 9678.7433 | BO68: 9202.0298 | BP68: 9280.7297 | BQ68: 8705.4567 | BR68: 8695.6276 | BS68: 9174.0282 | BT68: 8801.7838 | BU68: 10013.719 | BV68: 10655.732 | BW68: 10589.062 | BX68: 10394.054 | BY68: 9903.5461 | BZ68: 10352.795 | CA68: 9888.6984 | CB68: 9980.3694 | CC68: 9417.2099 | CD68: 9417.3179 | CE68: 9902.4438 | CF68: 9533.3906 | CG68: 10745.555 | CH68: 11386.395 | CI68: 11319.4 | CJ68: 11126.95 | CK68: 10643.836 | CL68: 11107.477 | CM68: 10661.799 | CN68: 10778.196 | CO68: 10240.924 | CP68: 10259.781 | CQ68: 10781.202 | CR68: 10389.077 | CS68: 11549.939 | CT68: 12342.691 | CU68: 11784.751 | CV68: -1 | CW68: 1506
C69: Actual | CV69: 0 | CW69: 0
A70: Ap1601 | B70: adm | C70: Forecast | D70: 7.053107 | E70: 12.065028 | F70: 29.34154 | G70: 34.220561 | H70: 38.810459 | I70: 48.493064 | J70: 50.212025 | K70: 57.974428 | L70: 56.311592 | M70: 42.05847 | N70: 29.525399 | O70: -2.7065519 | P70: 2.1765143 | Q70: 7.4970897 | R70: 32.058954 | S70: 41.946845 | T70: 49.903542 | U70: 60.701578 | V70: 62.554613 | W70: 70.059171 | X70: 68.015252 | Y70: 53.471365 | Z70: 40.681008 | AA70: 8.1809318 | AB70: 12.817451 | AC70: 17.93199 | AD70: 42.349683 | AE70: 52.157672 | AF70: 60.076284 | AG70: 70.842561 | AH70: 72.637286 | AI70: 80.036693 | AJ70: 77.838452 | AK70: 63.104399 | AL70: 50.108968 | AM70: 17.408747 | AN70: 21.863177 | AO70: 26.818353 | AP70: 51.097226 | AQ70: 60.780961 | AR70: 68.582964 | AS70: 79.234299 | AT70: 80.911566 | AU70: 88.188693 | AV70: 85.862683 | AW70: 70.99606 | AX70: 57.865006 | AY70: 25.028532 | AZ70: 29.348647 | BA70: 34.173589 | BB70: 58.327533 | BC70: 67.89174 | BD70: 75.578688 | BE70: 86.117875 | BF70: 87.684223 | BG70: 94.850355 | BH70: 92.412656 | BI70: 77.433787 | BJ70: 64.190664 | BK70: 31.243329 | BL70: 35.454777 | BM70: 40.173904 | BN70: 64.225062 | BO70: 73.689202 | BP70: 81.278117 | BQ70: 91.720423 | BR70: 93.190134 | BS70: 100.25911 | BT70: 97.723239 | BU70: 82.645178 | BV70: 69.302509 | BW70: 36.256793 | BX70: 40.373306 | BY70: 45.003501 | BZ70: 68.973677 | CA70: 78.364987 | CB70: 85.886771 | CC70: 96.262408 | CD70: 97.659314 | CE70: 104.64395 | CF70: 102.01069 | CG70: 86.825956 | CH70: 73.374855 | CI70: 40.228355 | CJ70: 44.264619 | CK70: 48.823142 | CL70: 72.729881 | CM70: 82.095907 | CN70: 89.561381 | CO70: 99.927225 | CP70: 101.35771 | CQ70: 108.04385 | CR70: 106.29626 | CS70: 90.145884 | CT70: 75.34838 | CU70: 47.233899 | CV70: 1 | CW70: 1601
C71: Actual | CV71: 0 | CW71: 0
A72: Ap1601 | B72: desl | C72: Forecast | D72: 32.644078 | E72: 25.958556 | F72: 15.392605 | G72: 18.60846 | H72: 31.79744 | I72: 21.794016 | J72: 32.110218 | K72: 42.33395 | L72: 37.351801 | M72: 69.993806 | N72: 78.254117 | O72: 97.448892 | P72: 55.882083 | Q72: 31.911668 | R72: 14.613315 | S72: 14.88337 | T72: 29.094581 | U72: 21.815413 | V72: 34.201431 | W72: 46.072884 | X72: 41.848913 | Y72: 74.447361 | Z72: 82.147471 | AA72: 100.54498 | AB72: 58.166278 | AC72: 33.602918 | AD72: 16.037028 | AE72: 16.344205 | AF72: 30.786651 | AG72: 23.793513 | AH72: 36.402307 | AI72: 48.370415 | AJ72: 44.107876 | AK72: 76.559185 | AL72: 84.046004 | AM72: 102.20605 | AN72: 59.598012 | AO72: 34.834196 | AP72: 17.107401 | AQ72: 17.295675 | AR72: 31.656725 | AS72: 24.609318 | AT72: 37.176594 | AU72: 49.100745 | AV72: 44.779504 | AW72: 77.150806 | AX72: 84.536525 | AY72: 102.58026 | AZ72: 59.849616 | BA72: 34.965723 | BB72: 17.127631 | BC72: 17.215889 | BD72: 31.487199 | BE72: 24.357075 | BF72: 36.844778 | BG72: 48.689411 | BH72: 44.287213 | BI72: 76.576335 | BJ72: 83.880094 | BK72: 101.84395 | BL72: 59.036889 | BM72: 34.080262 | BN72: 16.171824 | BO72: 16.189454 | BP72: 30.386422 | BQ72: 23.175053 | BR72: 35.572873 | BS72: 47.319827 | BT72: 42.816231 | BU72: 75.007376 | BV72: 82.225532 | BW72: 100.12459 | BX72: 57.278566 | BY72: 32.307588 | BZ72: 14.400386 | CA72: 14.418414 | CB72: 28.5944 | CC72: 21.321379 | CD72: 33.605475 | CE72: 45.187483 | CF72: 40.484255 | CG72: 72.469924 | CH72: 79.516684 | CI72: 97.319844 | CJ72: 54.476629 | CK72: 29.617397 | CL72: 11.955787 | CM72: 12.198447 | CN72: 26.663468 | CO72: 19.5801 | CP72: 31.574407 | CQ72: 43.357364 | CR72: 37.465736 | CS72: 67.340801 | CT72: 82.520159 | CU72: 81.668256 | CV72: -1 | CW72: 1601
C73: Actual | CV73: 0 | CW73: 0
A74: Ap1602 | B74: adm | C74: Forecast | D74: 1344.9426 | E74: 1485.6973 | F74: 1659.4668 | G74: 1758.5825 | H74: 1712.277 | I74: 1774.3279 | J74: 1705.6927 | K74: 1793.542 | L74: 1738.3402 | M74: 1691.9189 | N74: 1738.2718 | O74: 1455.9849 | P74: 1545.6504 | Q74: 1630.7653 | R74: 1821.5907 | S74: 1893.2295 | T74: 1834.5598 | U74: 1879.0746 | V74: 1796.1243 | W74: 1881.7757 | X74: 1832.3371 | Y74: 1802.314 | Z74: 1868.2863 | AA74: 1603.7398 | AB74: 1705.5253 | AC74: 1795.7265 | AD74: 1986.0353 | AE74: 2054.529 | AF74: 1992.9822 | AG74: 2036.7974 | AH74: 1955.9454 | AI74: 2046.1043 | AJ74: 2002.7053 | AK74: 1979.3605 | AL74: 2051.9784 | AM74: 1793.6416 | AN74: 1900.997 | AO74: 1996.0424 | AP74: 2190.4679 | AQ74: 2262.442 | AR74: 2203.9298 | AS74: 2250.5985 | AT74: 2172.6949 | AU74: 2266.1089 | AV74: 2226.3634 | AW74: 2207.03 | AX74: 2283.8775 | AY74: 2029.8084 | AZ74: 2141.3105 | BA74: 2240.284 | BB74: 2438.3932 | BC74: 2513.8383 | BD74: 2458.645 | BE74: 2508.5422 | BF74: 2433.8217 | BG74: 2530.3959 | BH74: 2493.7931 | BI74: 2477.5833 | BJ74: 2557.5365 | BK74: 2306.5653 | BL74: 2421.1766 | BM74: 2523.2927 | BN74: 2724.5946 | BO74: 2803.2823 | BP74: 2751.3563 | BQ74: 2804.4904 | BR74: 2732.8955 | BS74: 2832.3905 | BT74: 2798.4217 | BU74: 2784.5192 | BV74: 2866.4849 | BW74: 2617.353 | BX74: 2733.8361 | BY74: 2838.1084 | BZ74: 3042.0829 | CA74: 3124.0893 | CB74: 3076.0817 | CC74: 3133.4786 | CD74: 3066.0543 | CE74: 3169.1063 | CF74: 3137.6127 | CG74: 3124.8247 | CH74: 3206.5522 | CI74: 2956.1856 | CJ74: 3071.0922 | CK74: 3174.2657 | CL74: 3378.6976 | CM74: 3463.7039 | CN74: 3421.3393 | CO74: 3487.6034 | CP74: 3431.7333 | CQ74: 3546.1247 | CR74: 3525.3746 | CS74: 3506.5585 | CT74: 3580.9061 | CU74: 3335.122 | CV74: 1 | CW74: 1602
C75: Actual | CV75: 0 | CW75: 0
A76: Ap1602 | B76: desl | C76: Forecast | D76: 1800.0846 | E76: 1776.1109 | F76: 1964.7694 | G76: 1793.934 | H76: 1896.3414 | I76: 1739.4257 | J76: 1700.2469 | K76: 1777.8044 | L76: 1616.0884 | M76: 1875.2089 | N76: 1964.9338 | O76: 1947.8614 | P76: 2051.4923 | Q76: 1866.3945 | R76: 2041.5202 | S76: 1842.6761 | T76: 1920.7048 | U76: 1746.7562 | V76: 1695.435 | W76: 1765.7093 | X76: 1607.0612 | Y76: 1878.3691 | Z76: 1985.8385 | AA76: 1987.2412 | AB76: 2104.8726 | AC76: 1927.4365 | AD76: 2104.6763 | AE76: 1904.9425 | AF76: 1981.9864 | AG76: 1809.0351 | AH76: 1761.4531 | AI76: 1837.8679 | AJ76: 1686.8458 | AK76: 1966.2971 | AL76: 2081.7372 | AM76: 2090.5951 | AN76: 2215.0622 | AO76: 2043.8451 | AP76: 2226.7228 | AQ76: 2032.1106 | AR76: 2113.8803 | AS76: 1945.4441 | AT76: 1902.3844 | AU76: 1983.52 | AV76: 1837.5235 | AW76: 2122.2987 | AX76: 2243.2567 | AY76: 2257.6713 | AZ76: 2387.5853 | BA76: 2221.6054 | BB76: 2409.4769 | BC76: 2219.6372 | BD76: 2306.0118 | BE76: 2142.0709 | BF76: 2103.4411 | BG76: 2188.965 | BH76: 2047.3233 | BI76: 2336.4217 | BJ76: 2461.6748 | BK76: 2480.367 | BL76: 2614.5567 | BM76: 2452.8664 | BN76: 2645.0488 | BO76: 2459.5334 | BP76: 2550.2156 | BQ76: 2390.5132 | BR76: 2355.9834 | BS76: 2445.395 | BT76: 2307.3709 | BU76: 2599.7988 | BV76: 2728.1384 | BW76: 2749.7925 | BX76: 2887.0021 | BY76: 2728.6 | BZ76: 2924.5179 | CA76: 2743.2619 | CB76: 2838.6456 | CC76: 2683.8284 | CD76: 2653.9713 | CE76: 2747.3996 | CF76: 2612.3763 | CG76: 2906.6189 | CH76: 3035.6941 | CI76: 3057.4086 | CJ76: 3194.5634 | CK76: 3036.7212 | CL76: 3234.8383 | CM76: 3057.4352 | CN76: 3159.2747 | CO76: 3013.4986 | CP76: 2992.4195 | CQ76: 3100.0933 | CR76: 2969.0105 | CS76: 3250.3312 | CT76: 3417.7548 | CU76: 3339.2035 | CV76: -1 | CW76: 1602
C77: Actual | CV77: 0 | CW77: 0
A78: To1701 | B78: adm | C78: Forecast | D78: 2620.2439 | E78: 2791.5429 | F78: 2987.5152 | G78: 2920.8623 | H78: 2835.9571 | I78: 2822.6044 | J78: 2693.956 | K78: 2679.8287 | L78: 2586.0363 | M78: 2420.8434 | N78: 2425.6076 | O78: 2221.3434 | P78: 2633.0259 | Q78: 2826.391 | R78: 3085.9106 | S78: 3011.193 | T78: 2916.892 | U78: 2882.811 | V78: 2730.524 | W78: 2712.3331 | X78: 2626.9071 | Y78: 2486.0471 | Z78: 2519.2934 | AA78: 2338.1358 | AB78: 2762.5661 | AC78: 2957.3823 | AD78: 3210.1046 | AE78: 3125.6294 | AF78: 3023.1434 | AG78: 2984.9983 | AH78: 2833.1806 | AI78: 2818.9491 | AJ78: 2739.4058 | AK78: 2604.9991 | AL78: 2644.3982 | AM78: 2468.6506 | AN78: 2897.5579 | AO78: 3095.8404 | AP78: 3351.0232 | AQ78: 3268.1359 | AR78: 3166.6581 | AS78: 3129.3528 | AT78: 2978.6293 | AU78: 2966.0546 | AV78: 2888.8376 | AW78: 2757.3244 | AX78: 2799.9368 | AY78: 2627.4331 | AZ78: 3059.3801 | BA78: 3260.3746 | BB78: 3517.9348 | BC78: 3437.1668 | BD78: 3337.6593 | BE78: 3302.2724 | BF78: 3153.4745 | BG78: 3142.8491 | BH78: 3067.5923 | BI78: 2938.0274 | BJ78: 2982.562 | BK78: 2811.9608 | BL78: 3245.8205 | BM78: 3448.7844 | BN78: 3708.4189 | BO78: 3629.8608 | BP78: 3532.6914 | BQ78: 3499.7098 | BR78: 3353.2673 | BS78: 3344.7882 | BT78: 3271.3032 | BU78: 3143.0163 | BV78: 3188.3197 | BW78: 3018.1112 | BX78: 3452.2759 | BY78: 3655.8566 | BZ78: 3916.8351 | CA78: 3840.6492 | CB78: 3746.9391 | CC78: 3718.2426 | CD78: 3576.3368 | CE78: 3571.8691 | CF78: 3501.0698 | CG78: 3373.518 | CH78: 3417.3164 | CI78: 3243.5545 | CJ78: 3672.8624 | CK78: 3871.4598 | CL78: 4129.16 | CM78: 4053.5139 | CN78: 3964.5189 | CO78: 3946.4835 | CP78: 3821.3657 | CQ78: 3832.6264 | CR78: 3779.9599 | CS78: 3646.8886 | CT78: 3668.7568 | CU78: 3556.1717 | CV78: 1 | CW78: 1701
C79: Actual | CV79: 0 | CW79: 0
A80: To1701 | B80: desl | C80: Forecast | D80: 2712.2904 | E80: 2664.4678 | F80: 2875.6197 | G80: 2816.9343 | H80: 2861.4811 | I80: 2597.3555 | J80: 2588.0962 | K80: 2722.5686 | L80: 2528.8944 | M80: 2904.7814 | N80: 3051.3482 | O80: 2950.3522 | P80: 2715.3081 | Q80: 2614.01 | R80: 2845.9662 | S80: 2790.3811 | T80: 2827.0855 | U80: 2574.7579 | V80: 2562.3304 | W80: 2702.3436 | X80: 2524.694 | Y80: 2924.4613 | Z80: 3096.8366 | AA80: 3016.2508 | AB80: 2791.1894 | AC80: 2689.8397 | AD80: 2915.6164 | AE80: 2852.803 | AF80: 2885.2399 | AG80: 2633.4243 | AH80: 2625.8973 | AI80: 2773.552 | AJ80: 2604.4103 | AK80: 3012.1696 | AL80: 3191.387 | AM80: 3116.4457 | AN80: 2896.04 | AO80: 2798.5862 | AP80: 3027.6747 | AQ80: 2967.7505 | AR80: 3002.8628 | AS80: 2753.7716 | AT80: 2749.2771 | AU80: 2900.4406 | AV80: 2735.3011 | AW80: 3147.4195 | AX80: 3331.1218 | AY80: 3260.552 | AZ80: 3044.2343 | BA80: 2950.5216 | BB80: 3183.0404 | BC80: 3126.332 | BD80: 3164.5534 | BE80: 2918.5479 | BF80: 2917.1583 | BG80: 3071.4527 | BH80: 2909.4575 | BI80: 3324.7196 | BJ80: 3511.5605 | BK80: 3444.1327 | BL80: 3230.9755 | BM80: 3140.4544 | BN80: 3376.1952 | BO80: 3322.7174 | BP80: 3364.1321 | BQ80: 3121.2151 | BR80: 3122.7306 | BS80: 3279.6741 | BT80: 3120.0308 | BU80: 3537.3646 | BV80: 3726.094 | BW80: 3660.5519 | BX80: 3449.5157 | BY80: 3361.5884 | BZ80: 3600.5496 | CA80: 3550.9034 | CB80: 3596.5278 | CC80: 3357.7636 | CD80: 3362.8367 | CE80: 3522.2503 | CF80: 3363.722 | CG80: 3780.8627 | CH80: 3968.5139 | CI80: 3901.7207 | CJ80: 3689.9383 | CK80: 3602.5654 | CL80: 3844.5051 | CM80: 3799.5846 | CN80: 3853.2382 | CO80: 3624.2165 | CP80: 3637.6494 | CQ80: 3814.1691 | CR80: 3647.8737 | CS80: 4046.066 | CT80: 4303.0538 | CU80: 4025.6513 | CV80: -1 | CW80: 1701
C81: Actual | CV81: 0 | CW81: 0
A82: To1702 | B82: adm | C82: Forecast | D82: 2445.8422 | E82: 2568.9681 | F82: 3047.7735 | G82: 3031.6941 | H82: 3013.5991 | I82: 3052.2379 | J82: 2885.4541 | K82: 2870.8139 | L82: 2705.867 | M82: 2469.9522 | N82: 2450.5358 | O82: 2093.3056 | P82: 2605.4016 | Q82: 2824.6884 | R82: 3258.2543 | S82: 3253.4957 | T82: 3204.3019 | U82: 3218.1271 | V82: 3018.0038 | W82: 2989.4355 | X82: 2823.6846 | Y82: 2609.5823 | Z82: 2621.6798 | AA82: 2296.6655 | AB82: 2832.5361 | AC82: 3062.9928 | AD82: 3495.713 | AE82: 3482.8392 | AF82: 3423.7125 | AG82: 3430.1524 | AH82: 3227.313 | AI82: 3200.7563 | AJ82: 3040.5184 | AK82: 2833.8542 | AL82: 2853.9583 | AM82: 2536.5968 | AN82: 3079.2242 | AO82: 3315.2451 | AP82: 3752.2129 | AQ82: 3742.3269 | AR82: 3685.1912 | AS82: 3693.0707 | AT82: 3491.6483 | AU82: 3466.9554 | AV82: 3309.3092 | AW82: 3105.9984 | AX82: 3130.0324 | AY82: 2816.868 | AZ82: 3363.6427 | BA82: 3603.5301 | BB82: 4043.9812 | BC82: 4037.2122 | BD82: 3982.9191 | BE82: 3993.48 | BF82: 3794.6699 | BG82: 3772.5712 | BH82: 3617.5144 | BI82: 3416.7795 | BJ82: 3443.3678 | BK82: 3132.7451 | BL82: 3682.0827 | BM82: 3924.6077 | BN82: 4367.8291 | BO82: 4364.0037 | BP82: 4312.825 | BQ82: 4326.6071 | BR82: 4130.9916 | BS82: 4111.8705 | BT82: 3959.3632 | BU82: 3760.5771 | BV82: 3788.4497 | BW82: 3478.5549 | BX82: 4028.3714 | BY82: 4271.6034 | BZ82: 4716.3075 | CA82: 4715.2023 | CB82: 4668.1816 | CC82: 4687.3616 | CD82: 4497.7505 | CE82: 4484.2709 | CF82: 4335.9518 | CG82: 4138.9753 | CH82: 4165.7639 | CI82: 3852.0118 | CJ82: 4396.0492 | CK82: 4632.9261 | CL82: 5072.7389 | CM82: 5071.0357 | CN82: 5028.3086 | CO82: 5059.023 | CP82: 4889.0074 | CQ82: 4895.0985 | CR82: 4775.3078 | CS82: 4581.5515 | CT82: 4576.6289 | CU82: 4344.9206 | CV82: 1 | CW82: 1702
C83: Actual | CV83: 0 | CW83: 0
A84: To1702 | B84: desl | C84: Forecast | D84: 2558.7529 | E84: 2483.3283 | F84: 2703.6583 | G84: 2654.8867 | H84: 2771.8875 | I84: 2607.3875 | J84: 2697.573 | K84: 2774.4595 | L84: 2644.7951 | M84: 2922.1987 | N84: 2923.1333 | O84: 2872.3192 | P84: 2668.9267 | Q84: 2657.1868 | R84: 2808.716 | S84: 2783.1262 | T84: 2866.6012 | U84: 2708.7498 | V84: 2786.7863 | W84: 2867.073 | X84: 2743.0003 | Y84: 3034.0183 | Z84: 3050.7687 | AA84: 3014.9129 | AB84: 2821.2464 | AC84: 2813.8406 | AD84: 2965.3795 | AE84: 2938.2108 | AF84: 3020.9395 | AG84: 2864.6786 | AH84: 2946.8452 | AI84: 3033.1649 | AJ84: 2916.0276 | AK84: 3214.0111 | AL84: 3237.2389 | AM84: 3207.2033 | AN84: 3018.7331 | AO84: 3016.0004 | AP84: 3171.7862 | AQ84: 3148.5321 | AR84: 3234.9611 | AS84: 3082.3381 | AT84: 3168.2399 | AU84: 3258.514 | AV84: 3145.5942 | AW84: 3448.012 | AX84: 3475.7775 | AY84: 3450.2463 | AZ84: 3266.1347 | BA84: 3267.5547 | BB84: 3427.2849 | BC84: 3407.8065 | BD84: 3497.8984 | BE84: 3348.8752 | BF84: 3438.3449 | BG84: 3532.1666 | BH84: 3422.7733 | BI84: 3728.6938 | BJ84: 3759.94 | BK84: 3737.8776 | BL84: 3557.237 | BM84: 3562.1426 | BN84: 3725.3755 | BO84: 3709.403 | BP84: 3802.9708 | BQ84: 3657.3429 | BR84: 3750.0668 | BS84: 3846.9453 | BT84: 3740.377 | BU84: 4048.8971 | BV84: 4082.5801 | BW84: 4062.9118 | BX84: 3884.7857 | BY84: 3892.4949 | BZ84: 4058.9419 | CA84: 4046.6118 | CB84: 4144.1258 | CC84: 4002.4803 | CD84: 4098.8618 | CE84: 4198.7031 | CF84: 4094.1483 | CG84: 4403.6712 | CH84: 4437.5633 | CI84: 4417.7758 | CJ84: 4239.7412 | CK84: 4248.421 | CL84: 4417.5875 | CM84: 4409.2753 | CN84: 4513.6963 | CO84: 4379.8738 | CP84: 4482.9498 | CQ84: 4596.3576 | CR84: 4487.9954 | CS84: 4788.5909 | CT84: 4878.922 | CU84: 4694.7321 | CV84: -1 | CW84: 1702
C85: Actual | CV85: 0 | CW85: 0
A86: Ma2101 | B86: adm | C86: Forecast | D86: 5897.796 | E86: 5751.1117 | F86: 6753.4178 | G86: 7063.0547 | H86: 7116.0164 | I86: 7352.3983 | J86: 6909.9017 | K86: 7190.0288 | L86: 6758.061 | M86: 6307.805 | N86: 6628.6181 | O86: 5484.1891 | P86: 6147.0886 | Q86: 6218.0366 | R86: 7271.5112 | S86: 7520.4535 | T86: 7502.6967 | U86: 7671.129 | V86: 7170.676 | W86: 7408.3188 | X86: 6967.7396 | Y86: 6550.6782 | Z86: 6934.2291 | AA86: 5866.5533 | AB86: 6602.3292 | AC86: 6727.2906 | AD86: 7810.8197 | AE86: 8069.6085 | AF86: 8050.0339 | AG86: 8214.5603 | AH86: 7715.4602 | AI86: 7963.3036 | AJ86: 7541.9242 | AK86: 7150.9837 | AL86: 7564.6244 | AM86: 6528.2246 | AN86: 7294.3287 | AO86: 7447.2573 | AP86: 8555.6435 | AQ86: 8836.035 | AR86: 8835.2116 | AS86: 9016.4879 | AT86: 8533.2446 | AU86: 8797.1552 | AV86: 8392.8876 | AW86: 8020.4917 | AX86: 8454.0187 | AY86: 7438.3855 | AZ86: 8225.5031 | BA86: 8399.0936 | BB86: 9527.3741 | BC86: 9826.7151 | BD86: 9843.929 | BE86: 10042.493 | BF86: 9575.9939 | BG86: 9856.2848 | BH86: 9468.1631 | BI86: 9111.7609 | BJ86: 9561.1883 | BK86: 8561.4235 | BL86: 9364.4534 | BM86: 9554.0839 | BN86: 10698.599 | BO86: 11014.384 | BP86: 11048.178 | BQ86: 11263.272 | BR86: 10812.953 | BS86: 11108.701 | BT86: 10734.942 | BU86: 10391.544 | BV86: 10852.593 | BW86: 9863.3821 | BX86: 10676.584 | BY86: 10876.977 | BZ86: 12033.896 | CA86: 12364.536 | CB86: 12415.861 | CC86: 12650.565 | CD86: 12220.48 | CE86: 12535.032 | CF86: 12176.48 | CG86: 11843.034 | CH86: 12308.123 | CI86: 11317.826 | CJ86: 12126.978 | CK86: 12323.317 | CL86: 13480.441 | CM86: 13820.268 | CN86: 13890.143 | CO86: 14157.303 | CP86: 13771.937 | CQ86: 14133.661 | CR86: 13834.985 | CS86: 13496.901 | CT86: 13944.612 | CU86: 13057.234 | CV86: 1 | CW86: 2101
C87: Actual | CV87: 0 | CW87: 0
A88: Ma2101 | B88: desl | C88: Forecast | D88: 8052.9356 | E88: 7636.1009 | F88: 8271.6431 | G88: 7802.4196 | H88: 7935.5997 | I88: 7357.307 | J88: 7017.0525 | K88: 7186.5464 | L88: 6450.7417 | M88: 7219.2741 | N88: 7663.3275 | O88: 7711.4414 | P88: 8049.9936 | Q88: 7701.2403 | R88: 8223.287 | S88: 7724.3961 | T88: 7770.6657 | U88: 7158.2351 | V88: 6753.1739 | W88: 6899.8269 | X88: 6170.4293 | Y88: 6980.4734 | Z88: 7487.4442 | AA88: 7605.3298 | AB88: 8003.316 | AC88: 7696.1925 | AD88: 8242.1167 | AE88: 7755.5225 | AF88: 7810.4662 | AG88: 7209.8753 | AH88: 6823.3285 | AI88: 6995.6744 | AJ88: 6297.6308 | AK88: 7142.4233 | AL88: 7685.4574 | AM88: 7839.2017 | AN88: 8271.8148 | AO88: 7997.412 | AP88: 8573.7683 | AQ88: 8115.2666 | AR88: 8196.2954 | AS88: 7620.4594 | AT88: 7258.1938 | AU88: 7455.1443 | AV88: 6782.548 | AW88: 7653.7608 | AX88: 8223.9571 | AY88: 8405.1502 | AZ88: 8864.9997 | BA88: 8617.2275 | BB88: 9219.3984 | BC88: 8785.8655 | BD88: 8891.1125 | BE88: 8338.89 | BF88: 7999.7708 | BG88: 8219.5006 | BH88: 7569.3805 | BI88: 8462.8131 | BJ88: 9055.0237 | BK88: 9258.0941 | BL88: 9739.7667 | BM88: 9513.8422 | BN88: 10137.932 | BO88: 9726.3717 | BP88: 9853.539 | BQ88: 9322.9804 | BR88: 9004.9824 | BS88: 9244.9697 | BT88: 8613.9656 | BU88: 9525.2392 | BV88: 10134.126 | BW88: 10353.123 | BX88: 10850.675 | BY88: 10641.452 | BZ88: 11283.878 | CA88: 10892.755 | CB88: 11042.325 | CC88: 10535.275 | CD88: 10240.395 | CE88: 10501.286 | CF88: 9887.3289 | CG88: 10810.779 | CH88: 11427.038 | CI88: 11649.91 | CJ88: 12149.927 | CK88: 11944.591 | CL88: 12596.904 | CM88: 12222.119 | CN88: 12398.967 | CO88: 11929.737 | CP88: 11674.336 | CQ88: 11995.874 | CR88: 11410.666 | CS88: 12291.465 | CT88: 13083.469 | CU88: 12911.438 | CV88: -1 | CW88: 2101
C89: Actual | CV89: 0 | CW89: 0
A90: Ma2102 | B90: adm | C90: Forecast | D90: 2356.9122 | E90: 2400.8975 | F90: 2739.6879 | G90: 2796.1702 | H90: 2757.101 | I90: 2902.9663 | J90: 2748.4574 | K90: 2851.7159 | L90: 2784.9496 | M90: 2537.0277 | N90: 2664.0013 | O90: 2266.4933 | P90: 2654.1914 | Q90: 2687.4048 | R90: 2990.0986 | S90: 2999.4514 | T90: 2919.3032 | U90: 3027.3828 | V90: 2849.6955 | W90: 2938.5861 | X90: 2870.3572 | Y90: 2632.7988 | Z90: 2774.4145 | AA90: 2390.483 | AB90: 2787.1709 | AC90: 2823.0953 | AD90: 3123.6278 | AE90: 3128.9327 | AF90: 3045.669 | AG90: 3153.3433 | AH90: 2978.4369 | AI90: 3072.7241 | AJ90: 3011.4813 | AK90: 2781.5046 | AL90: 2930.5774 | AM90: 2553.5788 | AN90: 2956.5146 | AO90: 2997.9691 | AP90: 3303.3568 | AQ90: 3312.9585 | AR90: 3233.627 | AS90: 3345.1188 | AT90: 3174.1662 | AU90: 3272.7275 | AV90: 3216.1462 | AW90: 2991.1603 | AX90: 3145.4034 | AY90: 2773.5733 | AZ90: 3181.5217 | BA90: 3227.7448 | BB90: 3537.644 | BC90: 3551.5431 | BD90: 3476.3647 | BE90: 3591.9316 | BF90: 3425.0205 | BG90: 3527.6066 | BH90: 3475.0295 | BI90: 3254.0145 | BJ90: 3412.186 | BK90: 3044.2439 | BL90: 3456.0556 | BM90: 3506.1419 | BN90: 3819.929 | BO90: 3837.7541 | BP90: 3766.531 | BQ90: 3886.0444 | BR90: 3723.0028 | BS90: 3829.2931 | BT90: 3780.1655 | BU90: 3562.2837 | BV90: 3723.2694 | BW90: 3357.9034 | BX90: 3772.2216 | BY90: 3824.9782 | BZ90: 4141.8424 | CA90: 4163.3279 | CB90: 4096.3784 | CC90: 4220.6106 | CD90: 4062.3696 | CE90: 4173.0568 | CF90: 4127.4316 | CG90: 3911.8076 | CH90: 4073.6905 | CI90: 3708.0804 | CJ90: 4121.5705 | CK90: 4173.6022 | CL90: 4490.767 | CM90: 4515.0549 | CN90: 4452.7245 | CO90: 4584.8842 | CP90: 4438.4612 | CQ90: 4558.5953 | CR90: 4529.4799 | CS90: 4314.4983 | CT90: 4438.7582 | CU90: 4184.1834 | CV90: 1 | CW90: 2102
C91: Actual | CV91: 0 | CW91: 0
A92: Ma2102 | B92: desl | C92: Forecast | D92: 2992.4332 | E92: 2800.8835 | F92: 3062.1394 | G92: 2950.6636 | H92: 3044.6602 | I92: 2890.5022 | J92: 2777.8236 | K92: 2828.3172 | L92: 2609.9546 | M92: 2871.3229 | N92: 3038.0374 | O92: 3096.3891 | P92: 3239.1655 | Q92: 3065.5711 | R92: 3199.7455 | S92: 3044.0567 | T92: 3077.8909 | U92: 2888.4227 | V92: 2737.4935 | W92: 2768.9197 | X92: 2543.1105 | Y92: 2810.2316 | Z92: 2989.7999 | AA92: 3063.7321 | AB92: 3219.1877 | AC92: 3053.2772 | AD92: 3190.2913 | AE92: 3034.498 | AF92: 3067.661 | AG92: 2878.9985 | AH92: 2731.3812 | AI92: 2768.7358 | AJ92: 2550.9373 | AK92: 2827.3517 | AL92: 3016.73 | AM92: 3100.4038 | AN92: 3265.1361 | AO92: 3107.8036 | AP92: 3252.606 | AQ92: 3103.8545 | AR92: 3143.4799 | AS92: 2960.957 | AT92: 2819.4405 | AU92: 2863.0957 | AV92: 2651.9329 | AW92: 2935.3275 | AX92: 3131.9322 | AY92: 3222.9199 | AZ92: 3394.8908 | BA92: 3244.6 | BB92: 3396.1869 | BC92: 3253.9612 | BD92: 3299.8908 | BE92: 3123.5026 | BF92: 2987.9983 | BG92: 3037.5765 | BH92: 2832.2672 | BI92: 3121.4583 | BJ92: 3323.8153 | BK92: 3420.53 | BL92: 3598.2266 | BM92: 3453.684 | BN92: 3611.0562 | BO92: 3474.6473 | BP92: 3526.3915 | BQ92: 3355.75 | BR92: 3225.832 | BS92: 3280.7317 | BT92: 3080.389 | BU92: 3374.1493 | BV92: 3580.7164 | BW92: 3681.4205 | BX92: 3863.1189 | BY92: 3722.8766 | BZ92: 3885.1108 | CA92: 3754.2712 | CB92: 3812.2354 | CC92: 3648.1688 | CD92: 3524.6813 | CE92: 3585.2729 | CF92: 3389.3599 | CG92: 3685.9834 | CH92: 3893.8887 | CI92: 3994.8542 | CJ92: 4176.4012 | CK92: 4036.562 | CL92: 4201.1041 | CM92: 4074.8099 | CN92: 4140.6953 | CO92: 3988.268 | CP92: 3876.8531 | CQ92: 3956.9447 | CR92: 3766.3211 | CS92: 4054.231 | CT92: 4308.8415 | CU92: 4289.7261 | CV92: -1 | CW92: 2102
C93: Actual | CV93: 0 | CW93: 0
A94: Ma2103 | B94: adm | C94: Forecast | D94: 578.16798 | E94: 551.77834 | F94: 639.95225 | G94: 636.42254 | H94: 624.52021 | I94: 641.78285 | J94: 599.28978 | K94: 644.52828 | L94: 610.93619 | M94: 574.04904 | N94: 616.00675 | O94: 500.38119 | P94: 585.09504 | Q94: 581.49537 | R94: 676.52338 | S94: 670.78393 | T94: 652.85326 | U94: 665.67813 | V94: 618.72545 | W94: 662.67405 | X94: 631.2799 | Y94: 600.26688 | Z94: 649.08034 | AA94: 539.38793 | AB94: 627.75173 | AC94: 625.18724 | AD94: 719.37753 | AE94: 712.20673 | AF94: 693.3542 | AG94: 706.38594 | AH94: 660.82979 | AI94: 707.04065 | AJ94: 678.32264 | AK94: 650.02038 | AL94: 701.35472 | AM94: 593.9127 | AN94: 684.25861 | AO94: 683.43691 | AP94: 779.16392 | AQ94: 773.36609 | AR94: 755.78443 | AS94: 770.06506 | AT94: 725.81757 | AU94: 773.45568 | AV94: 746.30085 | AW94: 719.67063 | AX94: 772.72781 | AY94: 666.9931 | AZ94: 758.97823 | BA94: 759.70177 | BB94: 856.88184 | BC94: 852.46598 | BD94: 836.22317 | BE94: 851.82361 | BF94: 808.89102 | BG94: 857.84285 | BH94: 831.99737 | BI94: 806.66682 | BJ94: 861.01077 | BK94: 756.55107 | BL94: 849.80479 | BM94: 851.79817 | BN94: 950.25606 | BO94: 947.12819 | BP94: 932.17797 | BQ94: 949.06044 | BR94: 907.37524 | BS94: 957.51069 | BT94: 932.75835 | BU94: 908.41624 | BV94: 963.65227 | BW94: 860.0254 | BX94: 954.11679 | BY94: 957.03156 | BZ94: 1056.5669 | CA94: 1054.7121 | CB94: 1041.2147 | CC94: 1059.6495 | CD94: 1019.4826 | CE94: 1070.9461 | CF94: 1047.1939 | CG94: 1023.4433 | CH94: 1078.8615 | CI94: 975.10763 | CJ94: 1068.9577 | CK94: 1071.7485 | CL94: 1171.6306 | CM94: 1170.9103 | CN94: 1159.331 | CO94: 1180.7892 | CP94: 1144.4751 | CQ94: 1199.6569 | CR94: 1180.1163 | CS94: 1153.426 | CT94: 1207.0354 | CU94: 1116.6331 | CV94: 1 | CW94: 2103
C95: Actual | CV95: 0 | CW95: 0
A96: Ma2103 | B96: desl | C96: Forecast | D96: 727.86195 | E96: 704.99036 | F96: 747.60924 | G96: 709.6851 | H96: 696.39017 | I96: 668.71441 | J96: 625.1416 | K96: 637.33499 | L96: 596.14358 | M96: 619.13996 | N96: 683.5106 | O96: 669.53501 | P96: 737.4931 | Q96: 709.69101 | R96: 745.03525 | S96: 699.58936 | T96: 680.62568 | U96: 648.86528 | V96: 602.8302 | W96: 613.61852 | X96: 573.53418 | Y96: 599.95965 | Z96: 669.03246 | AA96: 659.81789 | AB96: 731.47201 | AC96: 705.74606 | AD96: 741.82995 | AE96: 696.53602 | AF96: 677.92979 | AG96: 647.26909 | AH96: 603.22628 | AI96: 616.72432 | AJ96: 579.73819 | AK96: 609.32879 | AL96: 681.41832 | AM96: 674.98436 | AN96: 749.18557 | AO96: 725.81418 | AP96: 764.10573 | AQ96: 720.91323 | AR96: 704.34222 | AS96: 675.69492 | AT96: 633.68894 | AU96: 649.28257 | AV96: 614.46462 | AW96: 646.28356 | AX96: 720.62776 | AY96: 716.43215 | AZ96: 792.81837 | BA96: 771.55744 | BB96: 811.88234 | BC96: 770.65796 | BD96: 756.00829 | BE96: 729.25259 | BF96: 689.1193 | BG96: 706.57043 | BH96: 673.59365 | BI96: 707.23505 | BJ96: 783.38247 | BK96: 780.97361 | BL96: 859.13554 | BM96: 839.64521 | BN96: 881.73925 | BO96: 842.28121 | BP96: 829.3871 | BQ96: 804.36134 | BR96: 765.91237 | BS96: 784.98073 | BT96: 753.53685 | BU96: 788.6208 | BV96: 866.13241 | BW96: 865.04308 | BX96: 944.53327 | BY96: 926.44303 | BZ96: 970.06407 | CA96: 932.28517 | CB96: 921.19877 | CC96: 898.03021 | CD96: 861.36511 | CE96: 882.00773 | CF96: 851.82074 | CG96: 887.80164 | CH96: 965.8956 | CI96: 965.20779 | CJ96: 1045.0974 | CK96: 1027.6035 | CL96: 1072.2702 | CM96: 1036.0685 | CN96: 1027.1199 | CO96: 1006.7577 | CP96: 973.33195 | CQ96: 997.9385 | CR96: 970.28579 | CS96: 1004.5152 | CT96: 1086.7847 | CU96: 1076.0807 | CV96: -1 | CW96: 2103
C97: Actual | CV97: 0 | CW97: 0
A98: Ma2104 | B98: adm | C98: Forecast | D98: 792.88652 | E98: 895.78893 | F98: 1071.1313 | G98: 1038.7865 | H98: 1009.3274 | I98: 998.20797 | J98: 928.63903 | K98: 971.1926 | L98: 905.66578 | M98: 800.85103 | N98: 860.4444 | O98: 596.80089 | P98: 787.67598 | Q98: 823.45529 | R98: 1101.2118 | S98: 1068.6649 | T98: 1051.5362 | U98: 1023.5919 | V98: 952.20395 | W98: 989.53818 | X98: 929.68118 | Y98: 836.40809 | Z98: 910.72519 | AA98: 659.10309 | AB98: 857.02625 | AC98: 893.87334 | AD98: 1168.6459 | AE98: 1131.6934 | AF98: 1111.1178 | AG98: 1081.8621 | AH98: 1011.3634 | AI98: 1051.0935 | AJ98: 994.28519 | AK98: 904.05751 | AL98: 981.0872 | AM98: 731.76545 | AN98: 931.60302 | AO98: 970.00045 | AP98: 1245.9609 | AQ98: 1209.8572 | AR98: 1189.8796 | AS98: 1161.1278 | AT98: 1091.2207 | AU98: 1131.7754 | AV98: 1076.0837 | AW98: 987.22597 | AX98: 1065.7687 | AY98: 817.9703 | AZ98: 1019.2331 | BA98: 1058.9014 | BB98: 1335.9768 | BC98: 1300.8687 | BD98: 1281.8173 | BE98: 1253.9654 | BF98: 1184.9579 | BG98: 1226.4207 | BH98: 1171.6443 | BI98: 1083.706 | BJ98: 1163.1738 | BK98: 916.3138 | BL98: 1118.5402 | BM98: 1159.2081 | BN98: 1437.3235 | BO98: 1403.2877 | BP98: 1385.3182 | BQ98: 1358.5196 | BR98: 1290.4884 | BS98: 1332.8001 | BT98: 1278.7069 | BU98: 1191.2767 | BV98: 1271.1126 | BW98: 1024.5683 | BX98: 1227.1902 | BY98: 1268.485 | BZ98: 1547.5842 | CA98: 1514.9384 | CB98: 1498.6934 | CC98: 1473.7504 | CD98: 1407.4013 | CE98: 1450.8949 | CF98: 1397.2303 | CG98: 1309.3927 | CH98: 1388.1029 | CI98: 1140.0618 | CJ98: 1341.2951 | CK98: 1381.7926 | CL98: 1661.1703 | CM98: 1630.561 | CN98: 1617.607 | CO98: 1597.8928 | CP98: 1537.2246 | CQ98: 1586.2758 | CR98: 1539.4039 | CS98: 1447.895 | CT98: 1509.0328 | CU98: 1296.207 | CV98: 1 | CW98: 2104
C99: Actual | CV99: 0 | CW99: 0
A100: Ma2104 | B100: desl | C100: Forecast | D100: 976.62687 | E100: 579.19675 | F100: 715.97484 | G100: 624.39202 | H100: 862.69233 | I100: 863.17003 | J100: 934.20353 | K100: 969.40213 | L100: 946.02834 | M100: 1082.1597 | N100: 969.23294 | O100: 1022.5696 | P100: 1024.9146 | Q100: 746.61184 | R100: 764.71392 | S100: 696.07486 | T100: 912.68008 | U100: 926.47324 | V100: 985.46137 | W100: 1020.4601 | X100: 988.1722 | Y100: 1117.1311 | Z100: 996.51039 | AA100: 1046.6382 | AB100: 1049.4053 | AC100: 775.06311 | AD100: 798.55798 | AE100: 735.03516 | AF100: 955.20708 | AG100: 970.84745 | AH100: 1030.3691 | AI100: 1065.3227 | AJ100: 1033.0338 | AK100: 1162.4041 | AL100: 1042.7052 | AM100: 1094.1983 | AN100: 1098.649 | AO100: 826.20331 | AP100: 851.73029 | AQ100: 790.30256 | AR100: 1012.5466 | AS100: 1030.1439 | AT100: 1091.4339 | AU100: 1127.94 | AV100: 1097.0169 | AW100: 1227.6402 | AX100: 1109.1721 | AY100: 1161.9499 | AZ100: 1167.7792 | BA100: 896.80541 | BB100: 923.86654 | BC100: 863.99177 | BD100: 1087.7687 | BE100: 1106.8549 | BF100: 1169.5825 | BG100: 1207.48 | BH100: 1177.912 | BI100: 1309.8624 | BJ100: 1192.6967 | BK100: 1246.7503 | BL100: 1253.8245 | BM100: 984.06105 | BN100: 1012.299 | BO100: 953.57497 | BP100: 1178.4912 | BQ100: 1198.7253 | BR100: 1262.6315 | BS100: 1301.7568 | BT100: 1273.4739 | BU100: 1406.7573 | BV100: 1290.9395 | BW100: 1346.3001 | BX100: 1354.5703 | BY100: 1085.8255 | BZ100: 1114.8664 | CA100: 1056.7449 | CB100: 1282.1465 | CC100: 1302.893 | CD100: 1367.5104 | CE100: 1407.6892 | CF100: 1380.8659 | CG100: 1515.9633 | CH100: 1402.1545 | CI100: 1459.465 | CJ100: 1469.3851 | CK100: 1201.7584 | CL100: 1231.2375 | CM100: 1172.7021 | CN100: 1397.2944 | CO100: 1416.6288 | CP100: 1479.8892 | CQ100: 1518.0109 | CR100: 1493.452 | CS100: 1630.4826 | CT100: 1527.7127 | CU100: 1573.7158 | CV100: -1 | CW100: 2104
...

Sheet Adm
B2: Mesoregiao | C2: 2017M1 | D2: 2017M2 | E2: 2017M3 | F2: 2017M4 | G2: 2017M5 | H2: 2017M6 | I2: 2017M7 | J2: 2017M8 | K2: 2017M9 | L2: 2017M10 | M2: 2017M11 | N2: 2017M12 | O2: 2018M1 | P2: 2018M2 | Q2: 2018M3 | R2: 2018M4 | S2: 2018M5 | T2: 2018M6 | U2: 2018M7 | V2: 2018M8 | W2: 2018M9 | X2: 2018M10 | Y2: 2018M11 | Z2: 2018M12 | AA2: 2019M1 | AB2: 2019M2 | AC2: 2019M3 | AD2: 2019M4 | AE2: 2019M5 | AF2: 2019M6 | AG2: 2019M7 | AH2: 2019M8 | AI2: 2019M9 | AJ2: 2019M10 | AK2: 2019M11 | AL2: 2019M12 | AM2: 2020M1 | AN2: 2020M2 | AO2: 2020M3 | AP2: 2020M4 | AQ2: 2020M5 | AR2: 2020M6 | AS2: 2020M7 | AT2: 2020M8 | AU2: 2020M9 | AV2: 2020M10 | AW2: 2020M11 | AX2: 2020M12 | AY2: 2021M1 | AZ2: 2021M2 | BA2: 2021M3 | BB2: 2021M4 | BC2: 2021M5 | BD2: 2021M6 | BE2: 2021M7 | BF2: 2021M8 | BG2: 2021M9 | BH2: 2021M10 | BI2: 2021M11 | BJ2: 2021M12 | BK2: 2022M1 | BL2: 2022M2 | BM2: 2022M3 | BN2: 2022M4 | BO2: 2022M5 | BP2: 2022M6 | BQ2: 2022M7 | BR2: 2022M8 | BS2: 2022M9 | BT2: 2022M10 | BU2: 2022M11 | BV2: 2022M12 | BW2: 2023M1 | BX2: 2023M2 | BY2: 2023M3 | BZ2: 2023M4 | CA2: 2023M5 | CB2: 2023M6 | CC2: 2023M7 | CD2: 2023M8 | CE2: 2023M9 | CF2: 2023M10 | CG2: 2023M11 | CH2: 2023M12 | CI2: 2024M1 | CJ2: 2024M2 | CK2: 2024M3 | CL2: 2024M4 | CM2: 2024M5 | CN2: 2024M6 | CO2: 2024M7 | CP2: 2024M8 | CQ2: 2024M9 | CR2: 2024M10 | CS2: 2024M11 | CT2: 2024M12
B3: 1102 | C3: =SUMIFS('conditional forecasts_4'!D$6:D$553,'conditional forecasts_4'!$CW$6:$CW$553,$B3,'conditional forecasts_4'!$B$6:$B$553,"adm") -> 4626.3708 | D3: =SUMIFS('conditional forecasts_4'!E$6:E$553,'conditional forecasts_4'!$CW$6:$CW$553,$B3,'conditional forecasts_4'!$B$6:$B$553,"adm") -> 5091.6645 | E3: =SUMIFS('conditional forecasts_4'!F$6:F$553,'conditional forecasts_4'!$CW$6:$CW$553,$B3,'conditional forecasts_4'!$B$6:$B$553,"adm") -> 5832.3454 | F3: =SUMIFS('conditional forecasts_4'!G$6:G$553,'conditional forecasts_4'!$CW$6:$CW$553,$B3,'conditional forecasts_4'!$B$6:$B$553,"adm") -> 5783.8094 | G3: =SUMIFS('conditional forecasts_4'!H$6:H$553,'conditional forecasts_4'!$CW$6:$CW$553,$B3,'conditional forecasts_4'!$B$6:$B$553,"adm") -> 5732.4579 | H3: =SUMIFS('conditional forecasts_4'!I$6:I$553,'conditional forecasts_4'!$CW$6:$CW$553,$B3,'conditional forecasts_4'!$B$6:$B$553,"adm") -> 5752.2769 | I3: =SUMIFS('conditional forecasts_4'!J$6:J$553,'conditional forecasts_4'!$CW$6:$CW$553,$B3,'conditional forecasts_4'!$B$6:$B$553,"adm") -> 5410.2786 | J3: =SUMIFS('conditional forecasts_4'!K$6:K$553,'conditional forecasts_4'!$CW$6:$CW$553,$B3,'conditional forecasts_4'!$B$6:$B$553,"adm") -> 5368.0792 | ... CT3: =SUMIFS('conditional forecasts_4'!CU$6:CU$553,'conditional forecasts_4'!$CW$6:$CW$553,$B3,'conditional forecasts_4'!$B$6:$B$553,"adm") -> 7360.9872
B4: 1101 | C4: =SUMIFS('conditional forecasts_4'!D$6:D$553,'conditional forecasts_4'!$CW$6:$CW$553,$B4,'conditional forecasts_4'!$B$6:$B$553,"adm") -> 2825.5893 | D4: =SUMIFS('conditional forecasts_4'!E$6:E$553,'conditional forecasts_4'!$CW$6:$CW$553,$B4,'conditional forecasts_4'!$B$6:$B$553,"adm") -> 3101.2583 | E4: =SUMIFS('conditional forecasts_4'!F$6:F$553,'conditional forecasts_4'!$CW$6:$CW$553,$B4,'conditional forecasts_4'!$B$6:$B$553,"adm") -> 3682.3295 | F4: =SUMIFS('conditional forecasts_4'!G$6:G$553,'conditional forecasts_4'!$CW$6:$CW$553,$B4,'conditional forecasts_4'!$B$6:$B$553,"adm") -> 3778.1559 | G4: =SUMIFS('conditional forecasts_4'!H$6:H$553,'conditional forecasts_4'!$CW$6:$CW$553,$B4,'conditional forecasts_4'!$B$6:$B$553,"adm") -> 3895.3444 | H4: =SUMIFS('conditional forecasts_4'!I$6:I$553,'conditional forecasts_4'!$CW$6:$CW$553,$B4,'conditional forecasts_4'!$B$6:$B$553,"adm") -> 4095.0617 | I4: =SUMIFS('conditional forecasts_4'!J$6:J$553,'conditional forecasts_4'!$CW$6:$CW$553,$B4,'conditional forecasts_4'!$B$6:$B$553,"adm") -> 4005.7696 | J4: =SUMIFS('conditional forecasts_4'!K$6:K$553,'conditional forecasts_4'!$CW$6:$CW$553,$B4,'conditional forecasts_4'!$B$6:$B$553,"adm") -> 4011.3179 | ... CT4: =SUMIFS('conditional forecasts_4'!CU$6:CU$553,'conditional forecasts_4'!$CW$6:$CW$553,$B4,'conditional forecasts_4'!$B$6:$B$553,"adm") -> 7830.6053
B5: 1100 | C5: =SUMIFS('conditional forecasts_4'!D$6:D$553,'conditional forecasts_4'!$CW$6:$CW$553,$B5,'conditional forecasts_4'!$B$6:$B$553,"adm") -> 0 | D5: =SUMIFS('conditional forecasts_4'!E$6:E$553,'conditional forecasts_4'!$CW$6:$CW$553,$B5,'conditional forecasts_4'!$B$6:$B$553,"adm") -> 0 | E5: =SUMIFS('conditional forecasts_4'!F$6:F$553,'conditional forecasts_4'!$CW$6:$CW$553,$B5,'conditional forecasts_4'!$B$6:$B$553,"adm") -> 0 | F5: =SUMIFS('conditional forecasts_4'!G$6:G$553,'conditional forecasts_4'!$CW$6:$CW$553,$B5,'conditional forecasts_4'!$B$6:$B$553,"adm") -> 0 | G5: =SUMIFS('conditional forecasts_4'!H$6:H$553,'conditional forecasts_4'!$CW$6:$CW$553,$B5,'conditional forecasts_4'!$B$6:$B$553,"adm") -> 0 | H5: =SUMIFS('conditional forecasts_4'!I$6:I$553,'conditional forecasts_4'!$CW$6:$CW$553,$B5,'conditional forecasts_4'!$B$6:$B$553,"adm") -> 0 | I5: =SUMIFS('conditional forecasts_4'!J$6:J$553,'conditional forecasts_4'!$CW$6:$CW$553,$B5,'conditional forecasts_4'!$B$6:$B$553,"adm") -> 0 | J5: =SUMIFS('conditional forecasts_4'!K$6:K$553,'conditional forecasts_4'!$CW$6:$CW$553,$B5,'conditional forecasts_4'!$B$6:$B$553,"adm") -> 0 | ... CT5: =SUMIFS('conditional forecasts_4'!CU$6:CU$553,'conditional forecasts_4'!$CW$6:$CW$553,$B5,'conditional forecasts_4'!$B$6:$B$553,"adm") -> 0
B6: 1202 | C6: =SUMIFS('conditional forecasts_4'!D$6:D$553,'conditional forecasts_4'!$CW$6:$CW$553,$B6,'conditional forecasts_4'!$B$6:$B$553,"adm") -> 1499.8732 | D6: =SUMIFS('conditional forecasts_4'!E$6:E$553,'conditional forecasts_4'!$CW$6:$CW$553,$B6,'conditional forecasts_4'!$B$6:$B$553,"adm") -> 1616.3859 | E6: =SUMIFS('conditional forecasts_4'!F$6:F$553,'conditional forecasts_4'!$CW$6:$CW$553,$B6,'conditional forecasts_4'!$B$6:$B$553,"adm") -> 1828.2258 | F6: =SUMIFS('conditional forecasts_4'!G$6:G$553,'conditional forecasts_4'!$CW$6:$CW$553,$B6,'conditional forecasts_4'!$B$6:$B$553,"adm") -> 1869.129 | G6: =SUMIFS('conditional forecasts_4'!H$6:H$553,'conditional forecasts_4'!$CW$6:$CW$553,$B6,'conditional forecasts_4'!$B$6:$B$553,"adm") -> 1864.3748 | H6: =SUMIFS('conditional forecasts_4'!I$6:I$553,'conditional forecasts_4'!$CW$6:$CW$553,$B6,'conditional forecasts_4'!$B$6:$B$553,"adm") -> 1889.3188 | I6: =SUMIFS('conditional forecasts_4'!J$6:J$553,'conditional forecasts_4'!$CW$6:$CW$553,$B6,'conditional forecasts_4'!$B$6:$B$553,"adm") -> 1819.8285 | J6: =SUMIFS('conditional forecasts_4'!K$6:K$553,'conditional forecasts_4'!$CW$6:$CW$553,$B6,'conditional forecasts_4'!$B$6:$B$553,"adm") -> 1808.5062 | ... CT6: =SUMIFS('conditional forecasts_4'!CU$6:CU$553,'conditional forecasts_4'!$CW$6:$CW$553,$B6,'conditional forecasts_4'!$B$6:$B$553,"adm") -> 2548.181
B7: 1201 | C7: =SUMIFS('conditional forecasts_4'!D$6:D$553,'conditional forecasts_4'!$CW$6:$CW$553,$B7,'conditional forecasts_4'!$B$6:$B$553,"adm") -> 123.37411 | D7: =SUMIFS('conditional forecasts_4'!E$6:E$553,'conditional forecasts_4'!$CW$6:$CW$553,$B7,'conditional forecasts_4'!$B$6:$B$553,"adm") -> 126.37728 | E7: =SUMIFS('conditional forecasts_4'!F$6:F$553,'conditional forecasts_4'!$CW$6:$CW$553,$B7,'conditional forecasts_4'!$B$6:$B$553,"adm") -> 171.90629 | F7: =SUMIFS('conditional forecasts_4'!G$6:G$553,'conditional forecasts_4'!$CW$6:$CW$553,$B7,'conditional forecasts_4'!$B$6:$B$553,"adm") -> 202.49704 | G7: =SUMIFS('conditional forecasts_4'!H$6:H$553,'conditional forecasts_4'!$CW$6:$CW$553,$B7,'conditional forecasts_4'!$B$6:$B$553,"adm") -> 225.21623 | H7: =SUMIFS('conditional forecasts_4'!I$6:I$553,'conditional forecasts_4'!$CW$6:$CW$553,$B7,'conditional forecasts_4'!$B$6:$B$553,"adm") -> 241.6723 | I7: =SUMIFS('conditional forecasts_4'!J$6:J$553,'conditional forecasts_4'!$CW$6:$CW$553,$B7,'conditional forecasts_4'!$B$6:$B$553,"adm") -> 225.40562 | J7: =SUMIFS('conditional forecasts_4'!K$6:K$553,'conditional forecasts_4'!$CW$6:$CW$553,$B7,'conditional forecasts_4'!$B$6:$B$553,"adm") -> 214.64485 | ... CT7: =SUMIFS('conditional forecasts_4'!CU$6:CU$553,'conditional forecasts_4'!$CW$6:$CW$553,$B7,'conditional forecasts_4'!$B$6:$B$553,"adm") -> 272.11767
B8: 1303 | C8: =SUMIFS('conditional forecasts_4'!D$6:D$553,'conditional forecasts_4'!$CW$6:$CW$553,$B8,'conditional forecasts_4'!$B$6:$B$553,"adm") -> 10126.067 | D8: =SUMIFS('conditional forecasts_4'!E$6:E$553,'conditional forecasts_4'!$CW$6:$CW$553,$B8,'conditional forecasts_4'!$B$6:$B$553,"adm") -> 10698.564 | E8: =SUMIFS('conditional forecasts_4'!F$6:F$553,'conditional forecasts_4'!$CW$6:$CW$553,$B8,'conditional forecasts_4'!$B$6:$B$553,"adm") -> 12695.821 | F8: =SUMIFS('conditional forecasts_4'!G$6:G$553,'conditional forecasts_4'!$CW$6:$CW$553,$B8,'conditional forecasts_4'!$B$6:$B$553,"adm") -> 12669.033 | G8: =SUMIFS('conditional forecasts_4'!H$6:H$553,'conditional forecasts_4'!$CW$6:$CW$553,$B8,'conditional forecasts_4'!$B$6:$B$553,"adm") -> 12653.724 | H8: =SUMIFS('conditional forecasts_4'!I$6:I$553,'conditional forecasts_4'!$CW$6:$CW$553,$B8,'conditional forecasts_4'!$B$6:$B$553,"adm") -> 13265.739 | I8: =SUMIFS('conditional forecasts_4'!J$6:J$553,'conditional forecasts_4'!$CW$6:$CW$553,$B8,'conditional forecasts_4'!$B$6:$B$553,"adm") -> 12684.63 | J8: =SUMIFS('conditional forecasts_4'!K$6:K$553,'conditional forecasts_4'!$CW$6:$CW$553,$B8,'conditional forecasts_4'!$B$6:$B$553,"adm") -> 13179.848 | ... CT8: =SUMIFS('conditional forecasts_4'!CU$6:CU$553,'conditional forecasts_4'!$CW$6:$CW$553,$B8,'conditional forecasts_4'!$B$6:$B$553,"adm") -> 20488.506
B9: 1302 | C9: =SUMIFS('conditional forecasts_4'!D$6:D$553,'conditional forecasts_4'!$CW$6:$CW$553,$B9,'conditional forecasts_4'!$B$6:$B$553,"adm") -> 25.708676 | D9: =SUMIFS('conditional forecasts_4'!E$6:E$553,'conditional forecasts_4'!$CW$6:$CW$553,$B9,'conditional forecasts_4'!$B$6:$B$553,"adm") -> 24.315895 | E9: =SUMIFS('conditional forecasts_4'!F$6:F$553,'conditional forecasts_4'!$CW$6:$CW$553,$B9,'conditional forecasts_4'!$B$6:$B$553,"adm") -> 28.478181 | F9: =SUMIFS('conditional forecasts_4'!G$6:G$553,'conditional forecasts_4'!$CW$6:$CW$553,$B9,'conditional forecasts_4'!$B$6:$B$553,"adm") -> 28.092005 | G9: =SUMIFS('conditional forecasts_4'!H$6:H$553,'conditional forecasts_4'!$CW$6:$CW$553,$B9,'conditional forecasts_4'!$B$6:$B$553,"adm") -> 27.775274 | H9: =SUMIFS('conditional forecasts_4'!I$6:I$553,'conditional forecasts_4'!$CW$6:$CW$553,$B9,'conditional forecasts_4'!$B$6:$B$553,"adm") -> 29.978109 | I9: =SUMIFS('conditional forecasts_4'!J$6:J$553,'conditional forecasts_4'!$CW$6:$CW$553,$B9,'conditional forecasts_4'!$B$6:$B$553,"adm") -> 26.643056 | J9: =SUMIFS('conditional forecasts_4'!K$6:K$553,'conditional forecasts_4'!$CW$6:$CW$553,$B9,'conditional forecasts_4'!$B$6:$B$553,"adm") -> 27.643738 | ... CT9: =SUMIFS('conditional forecasts_4'!CU$6:CU$553,'conditional forecasts_4'!$CW$6:$CW$553,$B9,'conditional forecasts_4'!$B$6:$B$553,"adm") -> 46.906741
B10: 1304 | C10: =SUMIFS('conditional forecasts_4'!D$6:D$553,'conditional forecasts_4'!$CW$6:$CW$553,$B10,'conditional forecasts_4'!$B$6:$B$553,"adm") -> 87.719224 | D10: =SUMIFS('conditional forecasts_4'!E$6:E$553,'conditional forecasts_4'!$CW$6:$CW$553,$B10,'conditional forecasts_4'!$B$6:$B$553,"adm") -> 88.106625 | E10: =SUMIFS('conditional forecasts_4'!F$6:F$553,'conditional forecasts_4'!$CW$6:$CW$553,$B10,'conditional forecasts_4'!$B$6:$B$553,"adm") -> 100.02389 | F10: =SUMIFS('conditional forecasts_4'!G$6:G$553,'conditional forecasts_4'!$CW$6:$CW$553,$B10,'conditional forecasts_4'!$B$6:$B$553,"adm") -> 90.726183 | G10: =SUMIFS('conditional forecasts_4'!H$6:H$553,'conditional forecasts_4'!$CW$6:$CW$553,$B10,'conditional forecasts_4'!$B$6:$B$553,"adm") -> 88.447943 | H10: =SUMIFS('conditional forecasts_4'!I$6:I$553,'conditional forecasts_4'!$CW$6:$CW$553,$B10,'conditional forecasts_4'!$B$6:$B$553,"adm") -> 88.026827 | I10: =SUMIFS('conditional forecasts_4'!J$6:J$553,'conditional forecasts_4'!$CW$6:$CW$553,$B10,'conditional forecasts_4'!$B$6:$B$553,"adm") -> 81.379997 | J10: =SUMIFS('conditional forecasts_4'!K$6:K$553,'conditional forecasts_4'!$CW$6:$CW$553,$B10,'conditional forecasts_4'!$B$6:$B$553,"adm") -> 82.287049 | ... CT10: =SUMIFS('conditional forecasts_4'!CU$6:CU$553,'conditional forecasts_4'!$CW$6:$CW$553,$B10,'conditional forecasts_4'!$B$6:$B$553,"adm") -> 117.20398
B11: 1301 | C11: =SUMIFS('conditional forecasts_4'!D$6:D$553,'conditional forecasts_4'!$CW$6:$CW$553,$B11,'conditional forecasts_4'!$B$6:$B$553,"adm") -> 25.057669 | D11: =SUMIFS('conditional forecasts_4'!E$6:E$553,'conditional forecasts_4'!$CW$6:$CW$553,$B11,'conditional forecasts_4'!$B$6:$B$553,"adm") -> 21.335398 | E11: =SUMIFS('conditional forecasts_4'!F$6:F$553,'conditional forecasts_4'!$CW$6:$CW$553,$B11,'conditional forecasts_4'!$B$6:$B$553,"adm") -> 25.754117 | F11: =SUMIFS('conditional forecasts_4'!G$6:G$553,'conditional forecasts_4'!$CW$6:$CW$553,$B11,'conditional forecasts_4'!$B$6:$B$553,"adm") -> 19.667795 | G11: =SUMIFS('conditional forecasts_4'!H$6:H$553,'conditional forecasts_4'!$CW$6:$CW$553,$B11,'conditional forecasts_4'!$B$6:$B$553,"adm") -> 17.841272 | H11: =SUMIFS('conditional forecasts_4'!I$6:I$553,'conditional forecasts_4'!$CW$6:$CW$553,$B11,'conditional forecasts_4'!$B$6:$B$553,"adm") -> 24.35841 | I11: =SUMIFS('conditional forecasts_4'!J$6:J$553,'conditional forecasts_4'!$CW$6:$CW$553,$B11,'conditional forecasts_4'!$B$6:$B$553,"adm") -> 13.166062 | J11: =SUMIFS('conditional forecasts_4'!K$6:K$553,'conditional forecasts_4'!$CW$6:$CW$553,$B11,'conditional forecasts_4'!$B$6:$B$553,"adm") -> 16.208252 | ... CT11: =SUMIFS('conditional forecasts_4'!CU$6:CU$553,'conditional forecasts_4'!$CW$6:$CW$553,$B11,'conditional forecasts_4'!$B$6:$B$553,"adm") -> 12.700656
B12: 1401 | C12: =SUMIFS('conditional forecasts_4'!D$6:D$553,'conditional forecasts_4'!$CW$6:$CW$553,$B12,'conditional forecasts_4'!$B$6:$B$553,"adm") -> 1555.2627 | D12: =SUMIFS('conditional forecasts_4'!E$6:E$553,'conditional forecasts_4'!$CW$6:$CW$553,$B12,'conditional forecasts_4'!$B$6:$B$553,"adm") -> 1575.8867 | E12: =SUMIFS('conditional forecasts_4'!F$6:F$553,'conditional forecasts_4'!$CW$6:$CW$553,$B12,'conditional forecasts_4'!$B$6:$B$553,"adm") -> 1701.3357 | F12: =SUMIFS('conditional forecasts_4'!G$6:G$553,'conditional forecasts_4'!$CW$6:$CW$553,$B12,'conditional forecasts_4'!$B$6:$B$553,"adm") -> 1697.3431 | G12: =SUMIFS('conditional forecasts_4'!H$6:H$553,'conditional forecasts_4'!$CW$6:$CW$553,$B12,'conditional forecasts_4'!$B$6:$B$553,"adm") -> 1687.8081 | H12: =SUMIFS('conditional forecasts_4'!I$6:I$553,'conditional forecasts_4'!$CW$6:$CW$553,$B12,'conditional forecasts_4'!$B$6:$B$553,"adm") -> 1755.2833 | I12: =SUMIFS('conditional forecasts_4'!J$6:J$553,'conditional forecasts_4'!$CW$6:$CW$553,$B12,'conditional forecasts_4'!$B$6:$B$553,"adm") -> 1695.7315 | J12: =SUMIFS('conditional forecasts_4'!K$6:K$553,'conditional forecasts_4'!$CW$6:$CW$553,$B12,'conditional forecasts_4'!$B$6:$B$553,"adm") -> 1716.6338 | ... CT12: =SUMIFS('conditional forecasts_4'!CU$6:CU$553,'conditional forecasts_4'!$CW$6:$CW$553,$B12,'conditional forecasts_4'!$B$6:$B$553,"adm") -> 2587.8733
B13: 1402 | C13: =SUMIFS('conditional forecasts_4'!D$6:D$553,'conditional forecasts_4'!$CW$6:$CW$553,$B13,'conditional forecasts_4'!$B$6:$B$553,"adm") -> 82.546203 | D13: =SUMIFS('conditional forecasts_4'!E$6:E$553,'conditional forecasts_4'!$CW$6:$CW$553,$B13,'conditional forecasts_4'!$B$6:$B$553,"adm") -> 73.506802 | E13: =SUMIFS('conditional forecasts_4'!F$6:F$553,'conditional forecasts_4'!$CW$6:$CW$553,$B13,'conditional forecasts_4'!$B$6:$B$553,"adm") -> 80.16202 | F13: =SUMIFS('conditional forecasts_4'!G$6:G$553,'conditional forecasts_4'!$CW$6:$CW$553,$B13,'conditional forecasts_4'!$B$6:$B$553,"adm") -> 77.530003 | G13: =SUMIFS('conditional forecasts_4'!H$6:H$553,'conditional forecasts_4'!$CW$6:$CW$553,$B13,'conditional forecasts_4'!$B$6:$B$553,"adm") -> 74.843309 | H13: =SUMIFS('conditional forecasts_4'!I$6:I$553,'conditional forecasts_4'!$CW$6:$CW$553,$B13,'conditional forecasts_4'!$B$6:$B$553,"adm") -> 75.395112 | I13: =SUMIFS('conditional forecasts_4'!J$6:J$553,'conditional forecasts_4'!$CW$6:$CW$553,$B13,'conditional forecasts_4'!$B$6:$B$553,"adm") -> 69.24166 | J13: =SUMIFS('conditional forecasts_4'!K$6:K$553,'conditional forecasts_4'!$CW$6:$CW$553,$B13,'conditional forecasts_4'!$B$6:$B$553,"adm") -> 66.815067 | ... CT13: =SUMIFS('conditional forecasts_4'!CU$6:CU$553,'conditional forecasts_4'!$CW$6:$CW$553,$B13,'conditional forecasts_4'!$B$6:$B$553,"adm") -> 100.64303
B14: 1504 | C14: =SUMIFS('conditional forecasts_4'!D$6:D$553,'conditional forecasts_4'!$CW$6:$CW$553,$B14,'conditional forecasts_4'!$B$6:$B$553,"adm") -> 1562.5849 | D14: =SUMIFS('conditional forecasts_4'!E$6:E$553,'conditional forecasts_4'!$CW$6:$CW$553,$B14,'conditional forecasts_4'!$B$6:$B$553,"adm") -> 1593.5122 | E14: =SUMIFS('conditional forecasts_4'!F$6:F$553,'conditional forecasts_4'!$CW$6:$CW$553,$B14,'conditional forecasts_4'!$B$6:$B$553,"adm") -> 1785.1265 | F14: =SUMIFS('conditional forecasts_4'!G$6:G$553,'conditional forecasts_4'!$CW$6:$CW$553,$B14,'conditional forecasts_4'!$B$6:$B$553,"adm") -> 1776.2032 | G14: =SUMIFS('conditional forecasts_4'!H$6:H$553,'conditional forecasts_4'!$CW$6:$CW$553,$B14,'conditional forecasts_4'!$B$6:$B$553,"adm") -> 1710.0547 | H14: =SUMIFS('conditional forecasts_4'!I$6:I$553,'conditional forecasts_4'!$CW$6:$CW$553,$B14,'conditional forecasts_4'!$B$6:$B$553,"adm") -> 1743.4684 | I14: =SUMIFS('conditional forecasts_4'!J$6:J$553,'conditional forecasts_4'!$CW$6:$CW$553,$B14,'conditional forecasts_4'!$B$6:$B$553,"adm") -> 1580.3452 | J14: =SUMIFS('conditional forecasts_4'!K$6:K$553,'conditional forecasts_4'!$CW$6:$CW$553,$B14,'conditional forecasts_4'!$B$6:$B$553,"adm") -> 1666.4785 | ... CT14: =SUMIFS('conditional forecasts_4'!CU$6:CU$553,'conditional forecasts_4'!$CW$6:$CW$553,$B14,'conditional forecasts_4'!$B$6:$B$553,"adm") -> 2918.2676
... B154: 5301 | C154: =SUMIFS('conditional forecasts_4'!D$6:D$553,'conditional forecasts_4'!$CW$6:$CW$553,$B154,'conditional forecasts_4'!$B$6:$B$553,"adm") -> 21836.037 | D154: =SUMIFS('conditional forecasts_4'!E$6:E$553,'conditional forecasts_4'!$CW$6:$CW$553,$B154,'conditional forecasts_4'!$B$6:$B$553,"adm") -> 22998.398 | E154: =SUMIFS('conditional forecasts_4'!F$6:F$553,'conditional forecasts_4'!$CW$6:$CW$553,$B154,'conditional forecasts_4'!$B$6:$B$553,"adm") -> 25061.348 | F154: =SUMIFS('conditional forecasts_4'!G$6:G$553,'conditional forecasts_4'!$CW$6:$CW$553,$B154,'conditional forecasts_4'!$B$6:$B$553,"adm") -> 25060.1 | G154: =SUMIFS('conditional forecasts_4'!H$6:H$553,'conditional forecasts_4'!$CW$6:$CW$553,$B154,'conditional forecasts_4'!$B$6:$B$553,"adm") -> 24532.029 | H154: =SUMIFS('conditional forecasts_4'!I$6:I$553,'conditional forecasts_4'!$CW$6:$CW$553,$B154,'conditional forecasts_4'!$B$6:$B$553,"adm") -> 24534.84 | I154: =SUMIFS('conditional forecasts_4'!J$6:J$553,'conditional forecasts_4'!$CW$6:$CW$553,$B154,'conditional forecasts_4'!$B$6:$B$553,"adm") -> 22913.542 | J154: =SUMIFS('conditional forecasts_4'!K$6:K$553,'conditional forecasts_4'!$CW$6:$CW$553,$B154,'conditional forecasts_4'!$B$6:$B$553,"adm") -> 22603.017 | ... CT154: =SUMIFS('conditional forecasts_4'!CU$6:CU$553,'conditional forecasts_4'!$CW$6:$CW$553,$B154,'conditional forecasts_4'!$B$6:$B$553,"adm") -> 35187.535

Sheet Des
B2: Mesoregiao | C2: 2017M1 | D2: 2017M2 | E2: 2017M3 | F2: 2017M4 | G2: 2017M5 | H2: 2017M6 | I2: 2017M7 | J2: 2017M8 | K2: 2017M9 | L2: 2017M10 | M2: 2017M11 | N2: 2017M12 | O2: 2018M1 | P2: 2018M2 | Q2: 2018M3 | R2: 2018M4 | S2: 2018M5 | T2: 2018M6 | U2: 2018M7 | V2: 2018M8 | W2: 2018M9 | X2: 2018M10 | Y2: 2018M11 | Z2: 2018M12 | AA2: 2019M1 | AB2: 2019M2 | AC2: 2019M3 | AD2: 2019M4 | AE2: 2019M5 | AF2: 2019M6 | AG2: 2019M7 | AH2: 2019M8 | AI2: 2019M9 | AJ2: 2019M10 | AK2: 2019M11 | AL2: 2019M12 | AM2: 2020M1 | AN2: 2020M2 | AO2: 2020M3 | AP2: 2020M4 | AQ2: 2020M5 | AR2: 2020M6 | AS2: 2020M7 | AT2: 2020M8 | AU2: 2020M9 | AV2: 2020M10 | AW2: 2020M11 | AX2: 2020M12 | AY2: 2021M1 | AZ2: 2021M2 | BA2: 2021M3 | BB2: 2021M4 | BC2: 2021M5 | BD2: 2021M6 | BE2: 2021M7 | BF2: 2021M8 | BG2: 2021M9 | BH2: 2021M10 | BI2: 2021M11 | BJ2: 2021M12 | BK2: 2022M1 | BL2: 2022M2 | BM2: 2022M3 | BN2: 2022M4 | BO2: 2022M5 | BP2: 2022M6 | BQ2: 2022M7 | BR2: 2022M8 | BS2: 2022M9 | BT2: 2022M10 | BU2: 2022M11 | BV2: 2022M12 | BW2: 2023M1 | BX2: 2023M2 | BY2: 2023M3 | BZ2: 2023M4 | CA2: 2023M5 | CB2: 2023M6 | CC2: 2023M7 | CD2: 2023M8 | CE2: 2023M9 | CF2: 2023M10 | CG2: 2023M11 | CH2: 2023M12 | CI2: 2024M1 | CJ2: 2024M2 | CK2: 2024M3 | CL2: 2024M4 | CM2: 2024M5 | CN2: 2024M6 | CO2: 2024M7 | CP2: 2024M8 | CQ2: 2024M9 | CR2: 2024M10 | CS2: 2024M11 | CT2: 2024M12
B3: 1102 | C3: =SUMIFS('conditional forecasts_4'!D$6:D$553,'conditional forecasts_4'!$CW$6:$CW$553,$B3,'conditional forecasts_4'!$B$6:$B$553,"desl") -> 5091.5863 | D3: =SUMIFS('conditional forecasts_4'!E$6:E$553,'conditional forecasts_4'!$CW$6:$CW$553,$B3,'conditional forecasts_4'!$B$6:$B$553,"desl") -> 5086.7267 | E3: =SUMIFS('conditional forecasts_4'!F$6:F$553,'conditional forecasts_4'!$CW$6:$CW$553,$B3,'conditional forecasts_4'!$B$6:$B$553,"desl") -> 5628.7039 | F3: =SUMIFS('conditional forecasts_4'!G$6:G$553,'conditional forecasts_4'!$CW$6:$CW$553,$B3,'conditional forecasts_4'!$B$6:$B$553,"desl") -> 5277.8379 | G3: =SUMIFS('conditional forecasts_4'!H$6:H$553,'conditional forecasts_4'!$CW$6:$CW$553,$B3,'conditional forecasts_4'!$B$6:$B$553,"desl") -> 5535.1614 | H3: =SUMIFS('conditional forecasts_4'!I$6:I$553,'conditional forecasts_4'!$CW$6:$CW$553,$B3,'conditional forecasts_4'!$B$6:$B$553,"desl") -> 5065.7142 | I3: =SUMIFS('conditional forecasts_4'!J$6:J$553,'conditional forecasts_4'!$CW$6:$CW$553,$B3,'conditional forecasts_4'!$B$6:$B$553,"desl") -> 5120.8829 | J3: =SUMIFS('conditional forecasts_4'!K$6:K$553,'conditional forecasts_4'!$CW$6:$CW$553,$B3,'conditional forecasts_4'!$B$6:$B$553,"desl") -> 5307.2963 | ... CT3: =SUMIFS('conditional forecasts_4'!CU$6:CU$553,'conditional forecasts_4'!$CW$6:$CW$553,$B3,'conditional forecasts_4'!$B$6:$B$553,"desl") -> 7901.6318
B4: 1101 | C4: =SUMIFS('conditional forecasts_4'!D$6:D$553,'conditional forecasts_4'!$CW$6:$CW$553,$B4,'conditional forecasts_4'!$B$6:$B$553,"desl") -> 3176.4667 | D4: =SUMIFS('conditional forecasts_4'!E$6:E$553,'conditional forecasts_4'!$CW$6:$CW$553,$B4,'conditional forecasts_4'!$B$6:$B$553,"desl") -> 3195.7408 | E4: =SUMIFS('conditional forecasts_4'!F$6:F$553,'conditional forecasts_4'!$CW$6:$CW$553,$B4,'conditional forecasts_4'!$B$6:$B$553,"desl") -> 3504.4765 | F4: =SUMIFS('conditional forecasts_4'!G$6:G$553,'conditional forecasts_4'!$CW$6:$CW$553,$B4,'conditional forecasts_4'!$B$6:$B$553,"desl") -> 3566.9715 | G4: =SUMIFS('conditional forecasts_4'!H$6:H$553,'conditional forecasts_4'!$CW$6:$CW$553,$B4,'conditional forecasts_4'!$B$6:$B$553,"desl") -> 3860.0017 | H4: =SUMIFS('conditional forecasts_4'!I$6:I$553,'conditional forecasts_4'!$CW$6:$CW$553,$B4,'conditional forecasts_4'!$B$6:$B$553,"desl") -> 3789.1297 | I4: =SUMIFS('conditional forecasts_4'!J$6:J$553,'conditional forecasts_4'!$CW$6:$CW$553,$B4,'conditional forecasts_4'!$B$6:$B$553,"desl") -> 3947.532 | J4: =SUMIFS('conditional forecasts_4'!K$6:K$553,'conditional forecasts_4'!$CW$6:$CW$553,$B4,'conditional forecasts_4'!$B$6:$B$553,"desl") -> 3980.7296 | ... CT4: =SUMIFS('conditional forecasts_4'!CU$6:CU$553,'conditional forecasts_4'!$CW$6:$CW$553,$B4,'conditional forecasts_4'!$B$6:$B$553,"desl") -> 8968.148
B5: 1100 | C5: =SUMIFS('conditional forecasts_4'!D$6:D$553,'conditional forecasts_4'!$CW$6:$CW$553,$B5,'conditional forecasts_4'!$B$6:$B$553,"desl") -> 0 | D5: =SUMIFS('conditional forecasts_4'!E$6:E$553,'conditional forecasts_4'!$CW$6:$CW$553,$B5,'conditional forecasts_4'!$B$6:$B$553,"desl") -> 0 | E5: =SUMIFS('conditional forecasts_4'!F$6:F$553,'conditional forecasts_4'!$CW$6:$CW$553,$B5,'conditional forecasts_4'!$B$6:$B$553,"desl") -> 0 | F5: =SUMIFS('conditional forecasts_4'!G$6:G$553,'conditional forecasts_4'!$CW$6:$CW$553,$B5,'conditional forecasts_4'!$B$6:$B$553,"desl") -> 0 | G5: =SUMIFS('conditional forecasts_4'!H$6:H$553,'conditional forecasts_4'!$CW$6:$CW$553,$B5,'conditional forecasts_4'!$B$6:$B$553,"desl") -> 0 | H5: =SUMIFS('conditional forecasts_4'!I$6:I$553,'conditional forecasts_4'!$CW$6:$CW$553,$B5,'conditional forecasts_4'!$B$6:$B$553,"desl") -> 0 | I5: =SUMIFS('conditional forecasts_4'!J$6:J$553,'conditional forecasts_4'!$CW$6:$CW$553,$B5,'conditional forecasts_4'!$B$6:$B$553,"desl") -> 0 | J5: =SUMIFS('conditional forecasts_4'!K$6:K$553,'conditional forecasts_4'!$CW$6:$CW$553,$B5,'conditional forecasts_4'!$B$6:$B$553,"desl") -> 0 | ... CT5: =SUMIFS('conditional forecasts_4'!CU$6:CU$553,'conditional forecasts_4'!$CW$6:$CW$553,$B5,'conditional forecasts_4'!$B$6:$B$553,"desl") -> 0
B6: 1202 | C6: =SUMIFS('conditional forecasts_4'!D$6:D$553,'conditional forecasts_4'!$CW$6:$CW$553,$B6,'conditional forecasts_4'!$B$6:$B$553,"desl") -> 1766.6444 | D6: =SUMIFS('conditional forecasts_4'!E$6:E$553,'conditional forecasts_4'!$CW$6:$CW$553,$B6,'conditional forecasts_4'!$B$6:$B$553,"desl") -> 1683.7622 | E6: =SUMIFS('conditional forecasts_4'!F$6:F$553,'conditional forecasts_4'!$CW$6:$CW$553,$B6,'conditional forecasts_4'!$B$6:$B$553,"desl") -> 1824.8577 | F6: =SUMIFS('conditional forecasts_4'!G$6:G$553,'conditional forecasts_4'!$CW$6:$CW$553,$B6,'conditional forecasts_4'!$B$6:$B$553,"desl") -> 1663.9323 | G6: =SUMIFS('conditional forecasts_4'!H$6:H$553,'conditional forecasts_4'!$CW$6:$CW$553,$B6,'conditional forecasts_4'!$B$6:$B$553,"desl") -> 1826.5158 | H6: =SUMIFS('conditional forecasts_4'!I$6:I$553,'conditional forecasts_4'!$CW$6:$CW$553,$B6,'conditional forecasts_4'!$B$6:$B$553,"desl") -> 1649.6846 | I6: =SUMIFS('conditional forecasts_4'!J$6:J$553,'conditional forecasts_4'!$CW$6:$CW$553,$B6,'conditional forecasts_4'!$B$6:$B$553,"desl") -> 1686.3847 | J6: =SUMIFS('conditional forecasts_4'!K$6:K$553,'conditional forecasts_4'!$CW$6:$CW$553,$B6,'conditional forecasts_4'!$B$6:$B$553,"desl") -> 1753.6265 | ... CT6: =SUMIFS('conditional forecasts_4'!CU$6:CU$553,'conditional forecasts_4'!$CW$6:$CW$553,$B6,'conditional forecasts_4'!$B$6:$B$553,"desl") -> 2997.6689
B7: 1201 | C7: =SUMIFS('conditional forecasts_4'!D$6:D$553,'conditional forecasts_4'!$CW$6:$CW$553,$B7,'conditional forecasts_4'!$B$6:$B$553,"desl") -> 193.47965 | D7: =SUMIFS('conditional forecasts_4'!E$6:E$553,'conditional forecasts_4'!$CW$6:$CW$553,$B7,'conditional forecasts_4'!$B$6:$B$553,"desl") -> 158.79748 | E7: =SUMIFS('conditional forecasts_4'!F$6:F$553,'conditional forecasts_4'!$CW$6:$CW$553,$B7,'conditional forecasts_4'!$B$6:$B$553,"desl") -> 157.11027 | F7: =SUMIFS('conditional forecasts_4'!G$6:G$553,'conditional forecasts_4'!$CW$6:$CW$553,$B7,'conditional forecasts_4'!$B$6:$B$553,"desl") -> 145.79736 | G7: =SUMIFS('conditional forecasts_4'!H$6:H$553,'conditional forecasts_4'!$CW$6:$CW$553,$B7,'conditional forecasts_4'!$B$6:$B$553,"desl") -> 161.55703 | H7: =SUMIFS('conditional forecasts_4'!I$6:I$553,'conditional forecasts_4'!$CW$6:$CW$553,$B7,'conditional forecasts_4'!$B$6:$B$553,"desl") -> 158.13603 | I7: =SUMIFS('conditional forecasts_4'!J$6:J$553,'conditional forecasts_4'!$CW$6:$CW$553,$B7,'conditional forecasts_4'!$B$6:$B$553,"desl") -> 175.12194 | J7: =SUMIFS('conditional forecasts_4'!K$6:K$553,'conditional forecasts_4'!$CW$6:$CW$553,$B7,'conditional forecasts_4'!$B$6:$B$553,"desl") -> 186.71331 | ... CT7: =SUMIFS('conditional forecasts_4'!CU$6:CU$553,'conditional forecasts_4'!$CW$6:$CW$553,$B7,'conditional forecasts_4'!$B$6:$B$553,"desl") -> 371.34175
B8: 1303 | C8: =SUMIFS('conditional forecasts_4'!D$6:D$553,'conditional forecasts_4'!$CW$6:$CW$553,$B8,'conditional forecasts_4'!$B$6:$B$553,"desl") -> 12272.658 | D8: =SUMIFS('conditional forecasts_4'!E$6:E$553,'conditional forecasts_4'!$CW$6:$CW$553,$B8,'conditional forecasts_4'!$B$6:$B$553,"desl") -> 12371.878 | E8: =SUMIFS('conditional forecasts_4'!F$6:F$553,'conditional forecasts_4'!$CW$6:$CW$553,$B8,'conditional forecasts_4'!$B$6:$B$553,"desl") -> 13485.689 | F8: =SUMIFS('conditional forecasts_4'!G$6:G$553,'conditional forecasts_4'!$CW$6:$CW$553,$B8,'conditional forecasts_4'!$B$6:$B$553,"desl") -> 12920.26 | G8: =SUMIFS('conditional forecasts_4'!H$6:H$553,'conditional forecasts_4'!$CW$6:$CW$553,$B8,'conditional forecasts_4'!$B$6:$B$553,"desl") -> 13726.331 | H8: =SUMIFS('conditional forecasts_4'!I$6:I$553,'conditional forecasts_4'!$CW$6:$CW$553,$B8,'conditional forecasts_4'!$B$6:$B$553,"desl") -> 12251.542 | I8: =SUMIFS('conditional forecasts_4'!J$6:J$553,'conditional forecasts_4'!$CW$6:$CW$553,$B8,'conditional forecasts_4'!$B$6:$B$553,"desl") -> 12473.626 | J8: =SUMIFS('conditional forecasts_4'!K$6:K$553,'conditional forecasts_4'!$CW$6:$CW$553,$B8,'conditional forecasts_4'!$B$6:$B$553,"desl") -> 12984.452 | ... CT8: =SUMIFS('conditional forecasts_4'!CU$6:CU$553,'conditional forecasts_4'!$CW$6:$CW$553,$B8,'conditional forecasts_4'!$B$6:$B$553,"desl") -> 22316.531
B9: 1302 | C9: =SUMIFS('conditional forecasts_4'!D$6:D$553,'conditional forecasts_4'!$CW$6:$CW$553,$B9,'conditional forecasts_4'!$B$6:$B$553,"desl") -> 30.945641 | D9: =SUMIFS('conditional forecasts_4'!E$6:E$553,'conditional forecasts_4'!$CW$6:$CW$553,$B9,'conditional forecasts_4'!$B$6:$B$553,"desl") -> 26.414724 | E9: =SUMIFS('conditional forecasts_4'!F$6:F$553,'conditional forecasts_4'!$CW$6:$CW$553,$B9,'conditional forecasts_4'!$B$6:$B$553,"desl") -> 28.774995 | F9: =SUMIFS('conditional forecasts_4'!G$6:G$553,'conditional forecasts_4'!$CW$6:$CW$553,$B9,'conditional forecasts_4'!$B$6:$B$553,"desl") -> 26.221877 | G9: =SUMIFS('conditional forecasts_4'!H$6:H$553,'conditional forecasts_4'!$CW$6:$CW$553,$B9,'conditional forecasts_4'!$B$6:$B$553,"desl") -> 27.741506 | H9: =SUMIFS('conditional forecasts_4'!I$6:I$553,'conditional forecasts_4'!$CW$6:$CW$553,$B9,'conditional forecasts_4'!$B$6:$B$553,"desl") -> 28.206216 | I9: =SUMIFS('conditional forecasts_4'!J$6:J$553,'conditional forecasts_4'!$CW$6:$CW$553,$B9,'conditional forecasts_4'!$B$6:$B$553,"desl") -> 28.424196 | J9: =SUMIFS('conditional forecasts_4'!K$6:K$553,'conditional forecasts_4'!$CW$6:$CW$553,$B9,'conditional forecasts_4'!$B$6:$B$553,"desl") -> 30.238549 | ... CT9: =SUMIFS('conditional forecasts_4'!CU$6:CU$553,'conditional forecasts_4'!$CW$6:$CW$553,$B9,'conditional forecasts_4'!$B$6:$B$553,"desl") -> 36.104263
B10: 1304 | C10: =SUMIFS('conditional forecasts_4'!D$6:D$553,'conditional forecasts_4'!$CW$6:$CW$553,$B10,'conditional forecasts_4'!$B$6:$B$553,"desl") -> 86.590137 | D10: =SUMIFS('conditional forecasts_4'!E$6:E$553,'conditional forecasts_4'!$CW$6:$CW$553,$B10,'conditional forecasts_4'!$B$6:$B$553,"desl") -> 78.356262 | E10: =SUMIFS('conditional forecasts_4'!F$6:F$553,'conditional forecasts_4'!$CW$6:$CW$553,$B10,'conditional forecasts_4'!$B$6:$B$553,"desl") -> 79.022544 | F10: =SUMIFS('conditional forecasts_4'!G$6:G$553,'conditional forecasts_4'!$CW$6:$CW$553,$B10,'conditional forecasts_4'!$B$6:$B$553,"desl") -> 77.61528 | G10: =SUMIFS('conditional forecasts_4'!H$6:H$553,'conditional forecasts_4'!$CW$6:$CW$553,$B10,'conditional forecasts_4'!$B$6:$B$553,"desl") -> 77.707643 | H10: =SUMIFS('conditional forecasts_4'!I$6:I$553,'conditional forecasts_4'!$CW$6:$CW$553,$B10,'conditional forecasts_4'!$B$6:$B$553,"desl") -> 71.713457 | I10: =SUMIFS('conditional forecasts_4'!J$6:J$553,'conditional forecasts_4'!$CW$6:$CW$553,$B10,'conditional forecasts_4'!$B$6:$B$553,"desl") -> 71.135162 | J10: =SUMIFS('conditional forecasts_4'!K$6:K$553,'conditional forecasts_4'!$CW$6:$CW$553,$B10,'conditional forecasts_4'!$B$6:$B$553,"desl") -> 71.823377 | ... CT10: =SUMIFS('conditional forecasts_4'!CU$6:CU$553,'conditional forecasts_4'!$CW$6:$CW$553,$B10,'conditional forecasts_4'!$B$6:$B$553,"desl") -> 127.60411
B11: 1301 | C11: =SUMIFS('conditional forecasts_4'!D$6:D$553,'conditional forecasts_4'!$CW$6:$CW$553,$B11,'conditional forecasts_4'!$B$6:$B$553,"desl") -> 24.918337 | D11: =SUMIFS('conditional forecasts_4'!E$6:E$553,'conditional forecasts_4'!$CW$6:$CW$553,$B11,'conditional forecasts_4'!$B$6:$B$553,"desl") -> 27.485703 | E11: =SUMIFS('conditional forecasts_4'!F$6:F$553,'conditional forecasts_4'!$CW$6:$CW$553,$B11,'conditional forecasts_4'!$B$6:$B$553,"desl") -> 19.805134 | F11: =SUMIFS('conditional forecasts_4'!G$6:G$553,'conditional forecasts_4'!$CW$6:$CW$553,$B11,'conditional forecasts_4'!$B$6:$B$553,"desl") -> 20.962994 | G11: =SUMIFS('conditional forecasts_4'!H$6:H$553,'conditional forecasts_4'!$CW$6:$CW$553,$B11,'conditional forecasts_4'!$B$6:$B$553,"desl") -> 22.155499 | H11: =SUMIFS('conditional forecasts_4'!I$6:I$553,'conditional forecasts_4'!$CW$6:$CW$553,$B11,'conditional forecasts_4'!$B$6:$B$553,"desl") -> 13.652888 | I11: =SUMIFS('conditional forecasts_4'!J$6:J$553,'conditional forecasts_4'!$CW$6:$CW$553,$B11,'conditional forecasts_4'!$B$6:$B$553,"desl") -> 17.448986 | J11: =SUMIFS('conditional forecasts_4'!K$6:K$553,'conditional forecasts_4'!$CW$6:$CW$553,$B11,'conditional forecasts_4'!$B$6:$B$553,"desl") -> 16.743325 | ... CT11: =SUMIFS('conditional forecasts_4'!CU$6:CU$553,'conditional forecasts_4'!$CW$6:$CW$553,$B11,'conditional forecasts_4'!$B$6:$B$553,"desl") -> 16.239154
B12: 1401 | C12: =SUMIFS('conditional forecasts_4'!D$6:D$553,'conditional forecasts_4'!$CW$6:$CW$553,$B12,'conditional forecasts_4'!$B$6:$B$553,"desl") -> 1784.5331 | D12: =SUMIFS('conditional forecasts_4'!E$6:E$553,'conditional forecasts_4'!$CW$6:$CW$553,$B12,'conditional forecasts_4'!$B$6:$B$553,"desl") -> 1639.6598 | E12: =SUMIFS('conditional forecasts_4'!F$6:F$553,'conditional forecasts_4'!$CW$6:$CW$553,$B12,'conditional forecasts_4'!$B$6:$B$553,"desl") -> 1836.2581 | F12: =SUMIFS('conditional forecasts_4'!G$6:G$553,'conditional forecasts_4'!$CW$6:$CW$553,$B12,'conditional forecasts_4'!$B$6:$B$553,"desl") -> 1690.9562 | G12: =SUMIFS('conditional forecasts_4'!H$6:H$553,'conditional forecasts_4'!$CW$6:$CW$553,$B12,'conditional forecasts_4'!$B$6:$B$553,"desl") -> 1790.8448 | H12: =SUMIFS('conditional forecasts_4'!I$6:I$553,'conditional forecasts_4'!$CW$6:$CW$553,$B12,'conditional forecasts_4'!$B$6:$B$553,"desl") -> 1709.1508 | I12: =SUMIFS('conditional forecasts_4'!J$6:J$553,'conditional forecasts_4'!$CW$6:$CW$553,$B12,'conditional forecasts_4'!$B$6:$B$553,"desl") -> 1700.8089 | J12: =SUMIFS('conditional forecasts_4'!K$6:K$553,'conditional forecasts_4'!$CW$6:$CW$553,$B12,'conditional forecasts_4'!$B$6:$B$553,"desl") -> 1753.3931 | ... CT12: =SUMIFS('conditional forecasts_4'!CU$6:CU$553,'conditional forecasts_4'!$CW$6:$CW$553,$B12,'conditional forecasts_4'!$B$6:$B$553,"desl") -> 2577.4293
B13: 1402 | C13: =SUMIFS('conditional forecasts_4'!D$6:D$553,'conditional forecasts_4'!$CW$6:$CW$553,$B13,'conditional forecasts_4'!$B$6:$B$553,"desl") -> 75.7027 | D13: =SUMIFS('conditional forecasts_4'!E$6:E$553,'conditional forecasts_4'!$CW$6:$CW$553,$B13,'conditional forecasts_4'!$B$6:$B$553,"desl") -> 78.481845 | E13: =SUMIFS('conditional forecasts_4'!F$6:F$553,'conditional forecasts_4'!$CW$6:$CW$553,$B13,'conditional forecasts_4'!$B$6:$B$553,"desl") -> 83.778338 | F13: =SUMIFS('conditional forecasts_4'!G$6:G$553,'conditional forecasts_4'!$CW$6:$CW$553,$B13,'conditional forecasts_4'!$B$6:$B$553,"desl") -> 74.889454 | G13: =SUMIFS('conditional forecasts_4'!H$6:H$553,'conditional forecasts_4'!$CW$6:$CW$553,$B13,'conditional forecasts_4'!$B$6:$B$553,"desl") -> 78.156989 | H13: =SUMIFS('conditional forecasts_4'!I$6:I$553,'conditional forecasts_4'!$CW$6:$CW$553,$B13,'conditional forecasts_4'!$B$6:$B$553,"desl") -> 69.58913 | I13: =SUMIFS('conditional forecasts_4'!J$6:J$553,'conditional forecasts_4'!$CW$6:$CW$553,$B13,'conditional forecasts_4'!$B$6:$B$553,"desl") -> 69.618099 | J13: =SUMIFS('conditional forecasts_4'!K$6:K$553,'conditional forecasts_4'!$CW$6:$CW$553,$B13,'conditional forecasts_4'!$B$6:$B$553,"desl") -> 68.907681 | ... CT13: =SUMIFS('conditional forecasts_4'!CU$6:CU$553,'conditional forecasts_4'!$CW$6:$CW$553,$B13,'conditional forecasts_4'!$B$6:$B$553,"desl") -> 89.784962
B14: 1504 | C14: =SUMIFS('conditional forecasts_4'!D$6:D$553,'conditional forecasts_4'!$CW$6:$CW$553,$B14,'conditional forecasts_4'!$B$6:$B$553,"desl") -> 1933.8865 | D14: =SUMIFS('conditional forecasts_4'!E$6:E$553,'conditional forecasts_4'!$CW$6:$CW$553,$B14,'conditional forecasts_4'!$B$6:$B$553,"desl") -> 1821.8005 | E14: =SUMIFS('conditional forecasts_4'!F$6:F$553,'conditional forecasts_4'!$CW$6:$CW$553,$B14,'conditional forecasts_4'!$B$6:$B$553,"desl") -> 2008.5116 | F14: =SUMIFS('conditional forecasts_4'!G$6:G$553,'conditional forecasts_4'!$CW$6:$CW$553,$B14,'conditional forecasts_4'!$B$6:$B$553,"desl") -> 1803.3722 | G14: =SUMIFS('conditional forecasts_4'!H$6:H$553,'conditional forecasts_4'!$CW$6:$CW$553,$B14,'conditional forecasts_4'!$B$6:$B$553,"desl") -> 1904.8001 | H14: =SUMIFS('conditional forecasts_4'!I$6:I$553,'conditional forecasts_4'!$CW$6:$CW$553,$B14,'conditional forecasts_4'!$B$6:$B$553,"desl") -> 1742.8925 | I14: =SUMIFS('conditional forecasts_4'!J$6:J$553,'conditional forecasts_4'!$CW$6:$CW$553,$B14,'conditional forecasts_4'!$B$6:$B$553,"desl") -> 1707.8778 | J14: =SUMIFS('conditional forecasts_4'!K$6:K$553,'conditional forecasts_4'!$CW$6:$CW$553,$B14,'conditional forecasts_4'!$B$6:$B$553,"desl") -> 1710.1705 | ... CT14: =SUMIFS('conditional forecasts_4'!CU$6:CU$553,'conditional forecasts_4'!$CW$6:$CW$553,$B14,'conditional forecasts_4'!$B$6:$B$553,"desl") -> 2709.3438
... B154: 5301 | C154: =SUMIFS('conditional forecasts_4'!D$6:D$553,'conditional forecasts_4'!$CW$6:$CW$553,$B154,'conditional forecasts_4'!$B$6:$B$553,"desl") -> 23550.582 | D154: =SUMIFS('conditional forecasts_4'!E$6:E$553,'conditional forecasts_4'!$CW$6:$CW$553,$B154,'conditional forecasts_4'!$B$6:$B$553,"desl") -> 23136.441 | E154: =SUMIFS('conditional forecasts_4'!F$6:F$553,'conditional forecasts_4'!$CW$6:$CW$553,$B154,'conditional forecasts_4'!$B$6:$B$553,"desl") -> 25364.788 | F154: =SUMIFS('conditional forecasts_4'!G$6:G$553,'conditional forecasts_4'!$CW$6:$CW$553,$B154,'conditional forecasts_4'!$B$6:$B$553,"desl") -> 23796.149 | G154: =SUMIFS('conditional forecasts_4'!H$6:H$553,'conditional forecasts_4'!$CW$6:$CW$553,$B154,'conditional forecasts_4'!$B$6:$B$553,"desl") -> 24688.156 | H154: =SUMIFS('conditional forecasts_4'!I$6:I$553,'conditional forecasts_4'!$CW$6:$CW$553,$B154,'conditional forecasts_4'!$B$6:$B$553,"desl") -> 22421.424 | I154: =SUMIFS('conditional forecasts_4'!J$6:J$553,'conditional forecasts_4'!$CW$6:$CW$553,$B154,'conditional forecasts_4'!$B$6:$B$553,"desl") -> 22327.595 | J154: =SUMIFS('conditional forecasts_4'!K$6:K$553,'conditional forecasts_4'!$CW$6:$CW$553,$B154,'conditional forecasts_4'!$B$6:$B$553,"desl") -> 22963.638 | ... CT154: =SUMIFS('conditional forecasts_4'!CU$6:CU$553,'conditional forecasts_4'!$CW$6:$CW$553,$B154,'conditional forecasts_4'!$B$6:$B$553,"desl") -> 35938.891

Sheet Net
B2: Mesoregiao | C2: 2017M1 | D2: 2017M2 | E2: 2017M3 | F2: 2017M4 | G2: 2017M5 | H2: 2017M6 | I2: 2017M7 | J2: 2017M8 | K2: 2017M9 | L2: 2017M10 | M2: 2017M11 | N2: 2017M12 | O2: 2018M1 | P2: 2018M2 | Q2: 2018M3 | R2: 2018M4 | S2: 2018M5 | T2: 2018M6 | U2: 2018M7 | V2: 2018M8 | W2: 2018M9 | X2: 2018M10 | Y2: 2018M11 | Z2: 2018M12 | AA2: 2019M1 | AB2: 2019M2 | AC2: 2019M3 | AD2: 2019M4 | AE2: 2019M5 | AF2: 2019M6 | AG2: 2019M7 | AH2: 2019M8 | AI2: 2019M9 | AJ2: 2019M10 | AK2: 2019M11 | AL2: 2019M12 | AM2: 2020M1 | AN2: 2020M2 | AO2: 2020M3 | AP2: 2020M4 | AQ2: 2020M5 | AR2: 2020M6 | AS2: 2020M7 | AT2: 2020M8 | AU2: 2020M9 | AV2: 2020M10 | AW2: 2020M11 | AX2: 2020M12 | AY2: 2021M1 | AZ2: 2021M2 | BA2: 2021M3 | BB2: 2021M4 | BC2: 2021M5 | BD2: 2021M6 | BE2: 2021M7 | BF2: 2021M8 | BG2: 2021M9 | BH2: 2021M10 | BI2: 2021M11 | BJ2: 2021M12 | BK2: 2022M1 | BL2: 2022M2 | BM2: 2022M3 | BN2: 2022M4 | BO2: 2022M5 | BP2: 2022M6 | BQ2: 2022M7 | BR2: 2022M8 | BS2: 2022M9 | BT2: 2022M10 | BU2: 2022M11 | BV2: 2022M12 | BW2: 2023M1 | BX2: 2023M2 | BY2: 2023M3 | BZ2: 2023M4 | CA2: 2023M5 | CB2: 2023M6 | CC2: 2023M7 | CD2: 2023M8 | CE2: 2023M9 | CF2: 2023M10 | CG2: 2023M11 | CH2: 2023M12 | CI2: 2024M1 | CJ2: 2024M2 | CK2: 2024M3 | CL2: 2024M4 | CM2: 2024M5 | CN2: 2024M6 | CO2: 2024M7 | CP2: 2024M8 | CQ2: 2024M9 | CR2: 2024M10 | CS2: 2024M11 | CT2: 2024M12
B3: 1102 | C3: =Adm!C3-Des!C3 -> -465.21553 | D3: =Adm!D3-Des!D3 -> 4.9378291 | E3: =Adm!E3-Des!E3 -> 203.64151 | F3: =Adm!F3-Des!F3 -> 505.97145 | G3: =Adm!G3-Des!G3 -> 197.29653 | H3: =Adm!H3-Des!H3 -> 686.5627 | I3: =Adm!I3-Des!I3 -> 289.39565 | J3: =Adm!J3-Des!J3 -> 60.78291 | ... CT3: =Adm!CT3-Des!CT3 -> -540.64459
B4: 1101 | C4: =Adm!C4-Des!C4 -> -350.87747 | D4: =Adm!D4-Des!D4 -> -94.482454 | E4: =Adm!E4-Des!E4 -> 177.853 | F4: =Adm!F4-Des!F4 -> 211.18443 | G4: =Adm!G4-Des!G4 -> 35.342666 | H4: =Adm!H4-Des!H4 -> 305.93204 | I4: =Adm!I4-Des!I4 -> 58.237553 | J4: =Adm!J4-Des!J4 -> 30.588231 | ... CT4: =Adm!CT4-Des!CT4 -> -1137.5427
B5: 1100 | C5: =Adm!C5-Des!C5 -> 0 | D5: =Adm!D5-Des!D5 -> 0 | E5: =Adm!E5-Des!E5 -> 0 | F5: =Adm!F5-Des!F5 -> 0 | G5: =Adm!G5-Des!G5 -> 0 | H5: =Adm!H5-Des!H5 -> 0 | I5: =Adm!I5-Des!I5 -> 0 | J5: =Adm!J5-Des!J5 -> 0 | ... CT5: =Adm!CT5-Des!CT5 -> 0
B6: 1202 | C6: =Adm!C6-Des!C6 -> -266.77123 | D6: =Adm!D6-Des!D6 -> -67.376328 | E6: =Adm!E6-Des!E6 -> 3.3681497 | F6: =Adm!F6-Des!F6 -> 205.1968 | G6: =Adm!G6-Des!G6 -> 37.858999 | H6: =Adm!H6-Des!H6 -> 239.63426 | I6: =Adm!I6-Des!I6 -> 133.44385 | J6: =Adm!J6-Des!J6 -> 54.879644 | ... CT6: =Adm!CT6-Des!CT6 -> -449.48789
B7: 1201 | C7: =Adm!C7-Des!C7 -> -70.105548 | D7: =Adm!D7-Des!D7 -> -32.420205 | E7: =Adm!E7-Des!E7 -> 14.796015 | F7: =Adm!F7-Des!F7 -> 56.699672 | G7: =Adm!G7-Des!G7 -> 63.659207 | H7: =Adm!H7-Des!H7 -> 83.536272 | I7: =Adm!I7-Des!I7 -> 50.283683 | J7: =Adm!J7-Des!J7 -> 27.93154 | ... CT7: =Adm!CT7-Des!CT7 -> -99.224075
B8: 1303 | C8: =Adm!C8-Des!C8 -> -2146.591 | D8: =Adm!D8-Des!D8 -> -1673.3146 | E8: =Adm!E8-Des!E8 -> -789.86844 | F8: =Adm!F8-Des!F8 -> -251.22681 | G8: =Adm!G8-Des!G8 -> -1072.6068 | H8: =Adm!H8-Des!H8 -> 1014.1975 | I8: =Adm!I8-Des!I8 -> 211.00464 | J8: =Adm!J8-Des!J8 -> 195.39536 | ... CT8: =Adm!CT8-Des!CT8 -> -1828.0256
B9: 1302 | C9: =Adm!C9-Des!C9 -> -5.236965 | D9: =Adm!D9-Des!D9 -> -2.098829 | E9: =Adm!E9-Des!E9 -> -0.29681339 | F9: =Adm!F9-Des!F9 -> 1.8701279 | G9: =Adm!G9-Des!G9 -> 0.033767561 | H9: =Adm!H9-Des!H9 -> 1.7718929 | I9: =Adm!I9-Des!I9 -> -1.7811402 | J9: =Adm!J9-Des!J9 -> -2.5948115 | ... CT9: =Adm!CT9-Des!CT9 -> 10.802478
B10: 1304 | C10: =Adm!C10-Des!C10 -> 1.1290867 | D10: =Adm!D10-Des!D10 -> 9.7503627 | E10: =Adm!E10-Des!E10 -> 21.001349 | F10: =Adm!F10-Des!F10 -> 13.110903 | G10: =Adm!G10-Des!G10 -> 10.7403 | H10: =Adm!H10-Des!H10 -> 16.31337 | I10: =Adm!I10-Des!I10 -> 10.244836 | J10: =Adm!J10-Des!J10 -> 10.463671 | ... CT10: =Adm!CT10-Des!CT10 -> -10.400133
B11: 1301 | C11: =Adm!C11-Des!C11 -> 0.1393317 | D11: =Adm!D11-Des!D11 -> -6.150305 | E11: =Adm!E11-Des!E11 -> 5.9489828 | F11: =Adm!F11-Des!F11 -> -1.2951985 | G11: =Adm!G11-Des!G11 -> -4.314227 | H11: =Adm!H11-Des!H11 -> 10.705521 | I11: =Adm!I11-Des!I11 -> -4.2829245 | J11: =Adm!J11-Des!J11 -> -0.53507304 | ... CT11: =Adm!CT11-Des!CT11 -> -3.5384984
B12: 1401 | C12: =Adm!C12-Des!C12 -> -229.2704 | D12: =Adm!D12-Des!D12 -> -63.773101 | E12: =Adm!E12-Des!E12 -> -134.92241 | F12: =Adm!F12-Des!F12 -> 6.3869151 | G12: =Adm!G12-Des!G12 -> -103.03677 | H12: =Adm!H12-Des!H12 -> 46.132513 | I12: =Adm!I12-Des!I12 -> -5.0774081 | J12: =Adm!J12-Des!J12 -> -36.759267 | ... CT12: =Adm!CT12-Des!CT12 -> 10.444033
B13: 1402 | C13: =Adm!C13-Des!C13 -> 6.8435033 | D13: =Adm!D13-Des!D13 -> -4.9750429 | E13: =Adm!E13-Des!E13 -> -3.6163177 | F13: =Adm!F13-Des!F13 -> 2.6405494 | G13: =Adm!G13-Des!G13 -> -3.3136799 | H13: =Adm!H13-Des!H13 -> 5.8059825 | I13: =Adm!I13-Des!I13 -> -0.37643834 | J13: =Adm!J13-Des!J13 -> -2.0926138 | ... CT13: =Adm!CT13-Des!CT13 -> 10.858072
B14: 1504 | C14: =Adm!C14-Des!C14 -> -371.30163 | D14: =Adm!D14-Des!D14 -> -228.28834 | E14: =Adm!E14-Des!E14 -> -223.38517 | F14: =Adm!F14-Des!F14 -> -27.16901 | G14: =Adm!G14-Des!G14 -> -194.74535 | H14: =Adm!H14-Des!H14 -> 0.57594175 | I14: =Adm!I14-Des!I14 -> -127.53262 | J14: =Adm!J14-Des!J14 -> -43.691979 | ... CT14: =Adm!CT14-Des!CT14 -> 208.92387
... B154: 5301 | C154: =Adm!C154-Des!C154 -> -1714.5451 | D154: =Adm!D154-Des!D154 -> -138.04275 | E154: =Adm!E154-Des!E154 -> -303.44045 | F154: =Adm!F154-Des!F154 -> 1263.9512 | G154: =Adm!G154-Des!G154 -> -156.12691 | H154: =Adm!H154-Des!H154 -> 2113.4162 | I154: =Adm!I154-Des!I154 -> 585.94715 | J154: =Adm!J154-Des!J154 -> -360.62143 | ... CT154: =Adm!CT154-Des!CT154 -> -751.35618

Sheet Net Acumulado
B3: Deficit | C3: Mesoregiao | D3: 2017M1 | E3: 2017M2 | F3: 2017M3 | G3: 2017M4 | H3: 2017M5 | I3: 2017M6 | J3: 2017M7 | K3: 2017M8 | L3: 2017M9 | M3: 2017M10 | N3: 2017M11 | O3: 2017M12 | P3: 2018M1 | Q3: 2018M2 | R3: 2018M3 | S3: 2018M4 | T3: 2018M5 | U3: 2018M6 | V3: 2018M7 | W3: 2018M8 | X3: 2018M9 | Y3: 2018M10 | Z3: 2018M11 | AA3: 2018M12 | AB3: 2019M1 | AC3: 2019M2 | AD3: 2019M3 | AE3: 2019M4 | AF3: 2019M5 | AG3: 2019M6 | AH3: 2019M7 | AI3: 2019M8 | AJ3: 2019M9 | AK3: 2019M10 | AL3: 2019M11 | AM3: 2019M12 | AN3: 2020M1 | AO3: 2020M2 | AP3: 2020M3 | AQ3: 2020M4 | AR3: 2020M5 | AS3: 2020M6 | AT3: 2020M7 | AU3: 2020M8 | AV3: 2020M9 | AW3: 2020M10 | AX3: 2020M11 | AY3: 2020M12 | AZ3: 2021M1 | BA3: 2021M2 | BB3: 2021M3 | BC3: 2021M4 | BD3: 2021M5 | BE3: 2021M6 | BF3: 2021M7 | BG3: 2021M8 | BH3: 2021M9 | BI3: 2021M10 | BJ3: 2021M11 | BK3: 2021M12 | BL3: 2022M1 | BM3: 2022M2 | BN3: 2022M3 | BO3: 2022M4 | BP3: 2022M5 | BQ3: 2022M6 | BR3: 2022M7 | BS3: 2022M8 | BT3: 2022M9 | BU3: 2022M10 | BV3: 2022M11 | BW3: 2022M12 | BX3: 2023M1 | BY3: 2023M2 | BZ3: 2023M3 | CA3: 2023M4 | CB3: 2023M5 | CC3: 2023M6 | CD3: 2023M7 | CE3: 2023M8 | CF3: 2023M9 | CG3: 2023M10 | CH3: 2023M11 | CI3: 2023M12 | CJ3: 2024M1 | CK3: 2024M2 | CL3: 2024M3 | CM3: 2024M4 | CN3: 2024M5 | CO3: 2024M6 | CP3: 2024M7 | CQ3: 2024M8 | CR3: 2024M9 | CS3: 2024M10 | CT3: 2024M11 | CU3: 2024M12
B4: -7656 | C4: 1102 | D4: =Net!C3 -> -465.21553 | E4: =D4+Net!D3 -> -460.2777 | F4: =E4+Net!E3 -> -256.6362 | G4: =F4+Net!F3 -> 249.33525 | H4: =G4+Net!G3 -> 446.63178 | I4: =H4+Net!H3 -> 1133.1945 | J4: =I4+Net!I3 -> 1422.5901 | K4: =J4+Net!J3 -> 1483.373 | L4: =K4+Net!K3 -> 1751.2299 | ... CU4: =CT4+Net!CT3 -> 12597.665
B5: -24206 | C5: 1101 | D5: =Net!C4 -> -350.87747 | E5: =D5+Net!D4 -> -445.35992 | F5: =E5+Net!E4 -> -267.50692 | G5: =F5+Net!F4 -> -56.322492 | H5: =G5+Net!G4 -> -20.979827 | I5: =H5+Net!H4 -> 284.95221 | J5: =I5+Net!I4 -> 343.18977 | K5: =J5+Net!J4 -> 373.778 | L5: =K5+Net!K4 -> 324.8872 | ... CU5: =CT5+Net!CT4 -> -11214.486
B6: 0 | C6: 1100 | D6: =Net!C5 -> 0 | E6: =D6+Net!D5 -> 0 | F6: =E6+Net!E5 -> 0 | G6: =F6+Net!F5 -> 0 | H6: =G6+Net!G5 -> 0 | I6: =H6+Net!H5 -> 0 | J6: =I6+Net!I5 -> 0 | K6: =J6+Net!J5 -> 0 | L6: =K6+Net!K5 -> 0 | ... CU6: =CT6+Net!CT5 -> 0
B7: -4690 | C7: 1202 | D7: =Net!C6 -> -266.77123 | E7: =D7+Net!D6 -> -334.14756 | F7: =E7+Net!E6 -> -330.77941 | G7: =F7+Net!F6 -> -125.58261 | H7: =G7+Net!G6 -> -87.723613 | I7: =H7+Net!H6 -> 151.91065 | J7: =I7+Net!I6 -> 285.3545 | K7: =J7+Net!J6 -> 340.23414 | L7: =K7+Net!K6 -> 455.43818 | ... CU7: =CT7+Net!CT6 -> -993.33241
B8: -850 | C8: 1201 | D8: =Net!C7 -> -70.105548 | E8: =D8+Net!D7 -> -102.52575 | F8: =E8+Net!E7 -> -87.729738 | G8: =F8+Net!F7 -> -31.030065 | H8: =G8+Net!G7 -> 32.629142 | I8: =H8+Net!H7 -> 116.16541 | J8: =I8+Net!I7 -> 166.4491 | K8: =J8+Net!J7 -> 194.38064 | L8: =K8+Net!K7 -> 207.62126 | ... CU8: =CT8+Net!CT7 -> -811.62804
B9: -60102 | C9: 1303 | D9: =Net!C8 -> -2146.591 | E9: =D9+Net!D8 -> -3819.9056 | F9: =E9+Net!E8 -> -4609.774 | G9: =F9+Net!F8 -> -4861.0008 | H9: =G9+Net!G8 -> -5933.6076 | I9: =H9+Net!H8 -> -4919.4101 | J9: =I9+Net!I8 -> -4708.4055 | K9: =J9+Net!J8 -> -4513.0101 | L9: =K9+Net!K8 -> -3453.8513 | ... CU9: =CT9+Net!CT8 -> 52493.98
B10: -46 | C10: 1302 | D10: =Net!C9 -> -5.236965 | E10: =D10+Net!D9 -> -7.335794 | F10: =E10+Net!E9 -> -7.6326074 | G10: =F10+Net!F9 -> -5.7624795 | H10: =G10+Net!G9 -> -5.7287119 | I10: =H10+Net!H9 -> -3.956819 | J10: =I10+Net!I9 -> -5.7379592 | K10: =J10+Net!J9 -> -8.3327707 | L10: =K10+Net!K9 -> -12.830748 | ... CU10: =CT10+Net!CT9 -> 395.63594
B11: 253 | C11: 1304 | D11: =Net!C10 -> 1.1290867 | E11: =D11+Net!D10 -> 10.879449 | F11: =E11+Net!E10 -> 31.880798 | G11: =F11+Net!F10 -> 44.991701 | H11: =G11+Net!G10 -> 55.732002 | I11: =H11+Net!H10 -> 72.045372 | J11: =I11+Net!I10 -> 82.290207 | K11: =J11+Net!J10 -> 92.753879 | L11: =K11+Net!K10 -> 99.080099 | ... CU11: =CT11+Net!CT10 -> 908.97858
B12: 49 | C12: 1301 | D12: =Net!C11 -> 0.1393317 | E12: =D12+Net!D11 -> -6.0109733 | F12: =E12+Net!E11 -> -0.061990501 | G12: =F12+Net!F11 -> -1.357189 | H12: =G12+Net!G11 -> -5.671416 | I12: =H12+Net!H11 -> 5.0341053 | J12: =I12+Net!I11 -> 0.75118081 | K12: =J12+Net!J11 -> 0.21610778 | L12: =K12+Net!K11 -> 5.0320293 | ... CU12: =CT12+Net!CT11 -> 150.06142
B13: -1579 | C13: 1401 | D13: =Net!C12 -> -229.2704 | E13: =D13+Net!D12 -> -293.0435 | F13: =E13+Net!E12 -> -427.96591 | G13: =F13+Net!F12 -> -421.57899 | H13: =G13+Net!G12 -> -524.61577 | I13: =H13+Net!H12 -> -478.48325 | J13: =I13+Net!I12 -> -483.56066 | K13: =J13+Net!J12 -> -520.31993 | L13: =K13+Net!K12 -> -444.32005 | ... CU13: =CT13+Net!CT12 -> 662.96115
B14: -171 | C14: 1402 | D14: =Net!C13 -> 6.8435033 | E14: =D14+Net!D13 -> 1.8684604 | F14: =E14+Net!E13 -> -1.7478573 | G14: =F14+Net!F13 -> 0.89269206 | H14: =G14+Net!G13 -> -2.4209878 | I14: =H14+Net!H13 -> 3.3849947 | J14: =I14+Net!I13 -> 3.0085563 | K14: =J14+Net!J13 -> 0.91594258 | L14: =K14+Net!K13 -> 5.5034942 | ... CU14: =CT14+Net!CT13 -> 542.30425
B15: -5965 | C15: 1504 | D15: =Net!C14 -> -371.30163 | E15: =D15+Net!D14 -> -599.58997 | F15: =E15+Net!E14 -> -822.97514 | G15: =F15+Net!F14 -> -850.14415 | H15: =G15+Net!G14 -> -1044.8895 | I15: =H15+Net!H14 -> -1044.3136 | J15: =I15+Net!I14 -> -1171.8462 | K15: =J15+Net!J14 -> -1215.5382 | L15: =K15+Net!K14 -> -1104.5261 | ... CU15: =CT15+Net!CT14 -> 13832.501
... B155: -48481 | C155: 5301 | D155: =Net!C154 -> -1714.5451 | E155: =D155+Net!D154 -> -1852.5878 | F155: =E155+Net!E154 -> -2156.0283 | G155: =F155+Net!F154 -> -892.0771 | H155: =G155+Net!G154 -> -1048.204 | I155: =H155+Net!H154 -> 1065.2122 | J155: =I155+Net!I154 -> 1651.1593 | K155: =J155+Net!J154 -> 1290.5379 | L155: =K155+Net!K154 -> 2159.2344 | ... CU155: =CT155+Net!CT154 -> 66748.048
B157: =SUM(B4:B155) -> -2996914 | C157: BRASIL | D157: =SUM(D4:D155) -> -178887.38 | E157: =SUM(E4:E155) -> -253168.01 | F157: =SUM(F4:F155) -> -288896.77 | G157: =SUM(G4:G155) -> -220172.94 | H157: =SUM(H4:H155) -> -226641.58 | I157: =SUM(I4:I155) -> -70542.682 | J157: =SUM(J4:J155) -> -10601.46 | K157: =SUM(K4:K155) -> -10432.751 | ... CU157: =SUM(CU4:CU155) -> 6566397

Sheet Recuperacao
A3: time_to_rec | B3: Deficit | C3: Mesoregiao | D3: 2017M1 | E3: 2017M2 | F3: 2017M3 | G3: 2017M4 | H3: 2017M5 | I3: 2017M6 | J3: 2017M7 | K3: 2017M8 | L3: 2017M9 | M3: 2017M10 | N3: 2017M11 | O3: 2017M12 | P3: 2018M1 | Q3: 2018M2 | R3: 2018M3 | S3: 2018M4 | T3: 2018M5 | U3: 2018M6 | V3: 2018M7 | W3: 2018M8 | X3: 2018M9 | Y3: 2018M10 | Z3: 2018M11 | AA3: 2018M12 | AB3: 2019M1 | AC3: 2019M2 | AD3: 2019M3 | AE3: 2019M4 | AF3: 2019M5 | AG3: 2019M6 | AH3: 2019M7 | AI3: 2019M8 | AJ3: 2019M9 | AK3: 2019M10 | AL3: 2019M11 | AM3: 2019M12 | AN3: 2020M1 | AO3: 2020M2 | AP3: 2020M3 | AQ3: 2020M4 | AR3: 2020M5 | AS3: 2020M6 | AT3: 2020M7 | AU3: 2020M8 | AV3: 2020M9 | AW3: 2020M10 | AX3: 2020M11 | AY3: 2020M12 | AZ3: 2021M1 | BA3: 2021M2 | BB3: 2021M3 | BC3: 2021M4 | BD3: 2021M5 | BE3: 2021M6 | BF3: 2021M7 | BG3: 2021M8 | BH3: 2021M9 | BI3: 2021M10 | BJ3: 2021M11 | BK3: 2021M12 | BL3: 2022M1 | BM3: 2022M2 | BN3: 2022M3 | BO3: 2022M4 | BP3: 2022M5 | BQ3: 2022M6 | BR3: 2022M7 | BS3: 2022M8 | BT3: 2022M9 | BU3: 2022M10 | BV3: 2022M11 | BW3: 2022M12 | BX3: 2023M1 | BY3: 2023M2 | BZ3: 2023M3 | CA3: 2023M4 | CB3: 2023M5 | CC3: 2023M6 | CD3: 2023M7 | CE3: 2023M8 | CF3: 2023M9 | CG3: 2023M10 | CH3: 2023M11 | CI3: 2023M12 | CJ3: 2024M1 | CK3: 2024M2 | CL3: 2024M3 | CM3: 2024M4 | CN3: 2024M5 | CO3: 2024M6 | CP3: 2024M7 | CQ3: 2024M8 | CR3: 2024M9 | CS3: 2024M10 | CT3: 2024M11 | CU3: 2024M12
A4: =SUM(D4:CU4) -> 64 | B4: -7656 | C4: 1102 | D4: =IF('Net Acumulado'!D4>-'Net Acumulado'!$B4,0,1) -> 1 | E4: =IF(D4=0,0,IF('Net Acumulado'!E4>-'Net Acumulado'!$B4,0,1)) -> 1 | F4: =IF(E4=0,0,IF('Net Acumulado'!F4>-'Net Acumulado'!$B4,0,1)) -> 1 | G4: =IF(F4=0,0,IF('Net Acumulado'!G4>-'Net Acumulado'!$B4,0,1)) -> 1 | H4: =IF(G4=0,0,IF('Net Acumulado'!H4>-'Net Acumulado'!$B4,0,1)) -> 1 | I4: =IF(H4=0,0,IF('Net Acumulado'!I4>-'Net Acumulado'!$B4,0,1)) -> 1 | J4: =IF(I4=0,0,IF('Net Acumulado'!J4>-'Net Acumulado'!$B4,0,1)) -> 1 | K4: =IF(J4=0,0,IF('Net Acumulado'!K4>-'Net Acumulado'!$B4,0,1)) -> 1 | L4: =IF(K4=0,0,IF('Net Acumulado'!L4>-'Net Acumulado'!$B4,0,1)) -> 1 | ... CU4: =IF(CT4=0,0,IF('Net Acumulado'!CU4>-'Net Acumulado'!$B4,0,1)) -> 0
A5: =SUM(D5:CU5) -> 96 | B5: -24206 | C5: 1101 | D5: =IF('Net Acumulado'!D5>-'Net Acumulado'!$B5,0,1) -> 1 | E5: =IF(D5=0,0,IF('Net Acumulado'!E5>-'Net Acumulado'!$B5,0,1)) -> 1 | F5: =IF(E5=0,0,IF('Net Acumulado'!F5>-'Net Acumulado'!$B5,0,1)) -> 1 | G5: =IF(F5=0,0,IF('Net Acumulado'!G5>-'Net Acumulado'!$B5,0,1)) -> 1 | H5: =IF(G5=0,0,IF('Net Acumulado'!H5>-'Net Acumulado'!$B5,0,1)) -> 1 | I5: =IF(H5=0,0,IF('Net Acumulado'!I5>-'Net Acumulado'!$B5,0,1)) -> 1 | J5: =IF(I5=0,0,IF('Net Acumulado'!J5>-'Net Acumulado'!$B5,0,1)) -> 1 | K5: =IF(J5=0,0,IF('Net Acumulado'!K5>-'Net Acumulado'!$B5,0,1)) -> 1 | L5: =IF(K5=0,0,IF('Net Acumulado'!L5>-'Net Acumulado'!$B5,0,1)) -> 1 | ... CU5: =IF(CT5=0,0,IF('Net Acumulado'!CU5>-'Net Acumulado'!$B5,0,1)) -> 1
A6: =SUM(D6:CU6) -> 96 | B6: 0 | C6: 1100 | D6: =IF('Net Acumulado'!D6>-'Net Acumulado'!$B6,0,1) -> 1 | E6: =IF(D6=0,0,IF('Net Acumulado'!E6>-'Net Acumulado'!$B6,0,1)) -> 1 | F6: =IF(E6=0,0,IF('Net Acumulado'!F6>-'Net Acumulado'!$B6,0,1)) -> 1 | G6: =IF(F6=0,0,IF('Net Acumulado'!G6>-'Net Acumulado'!$B6,0,1)) -> 1 | H6: =IF(G6=0,0,IF('Net Acumulado'!H6>-'Net Acumulado'!$B6,0,1)) -> 1 | I6: =IF(H6=0,0,IF('Net Acumulado'!I6>-'Net Acumulado'!$B6,0,1)) -> 1 | J6: =IF(I6=0,0,IF('Net Acumulado'!J6>-'Net Acumulado'!$B6,0,1)) -> 1 | K6: =IF(J6=0,0,IF('Net Acumulado'!K6>-'Net Acumulado'!$B6,0,1)) -> 1 | L6: =IF(K6=0,0,IF('Net Acumulado'!L6>-'Net Acumulado'!$B6,0,1)) -> 1 | ... CU6: =IF(CT6=0,0,IF('Net Acumulado'!CU6>-'Net Acumulado'!$B6,0,1)) -> 1
A7: =SUM(D7:CU7) -> 96 | B7: -4690 | C7: 1202 | D7: =IF('Net Acumulado'!D7>-'Net Acumulado'!$B7,0,1) -> 1 | E7: =IF(D7=0,0,IF('Net Acumulado'!E7>-'Net Acumulado'!$B7,0,1)) -> 1 | F7: =IF(E7=0,0,IF('Net Acumulado'!F7>-'Net Acumulado'!$B7,0,1)) -> 1 | G7: =IF(F7=0,0,IF('Net Acumulado'!G7>-'Net Acumulado'!$B7,0,1)) -> 1 | H7: =IF(G7=0,0,IF('Net Acumulado'!H7>-'Net Acumulado'!$B7,0,1)) -> 1 | I7: =IF(H7=0,0,IF('Net Acumulado'!I7>-'Net Acumulado'!$B7,0,1)) -> 1 | J7: =IF(I7=0,0,IF('Net Acumulado'!J7>-'Net Acumulado'!$B7,0,1)) -> 1 | K7: =IF(J7=0,0,IF('Net Acumulado'!K7>-'Net Acumulado'!$B7,0,1)) -> 1 | L7: =IF(K7=0,0,IF('Net Acumulado'!L7>-'Net Acumulado'!$B7,0,1)) -> 1 | ... CU7: =IF(CT7=0,0,IF('Net Acumulado'!CU7>-'Net Acumulado'!$B7,0,1)) -> 1
A8: =SUM(D8:CU8) -> 96 | B8: -850 | C8: 1201 | D8: =IF('Net Acumulado'!D8>-'Net Acumulado'!$B8,0,1) -> 1 | E8: =IF(D8=0,0,IF('Net Acumulado'!E8>-'Net Acumulado'!$B8,0,1)) -> 1 | F8: =IF(E8=0,0,IF('Net Acumulado'!F8>-'Net Acumulado'!$B8,0,1)) -> 1 | G8: =IF(F8=0,0,IF('Net Acumulado'!G8>-'Net Acumulado'!$B8,0,1)) -> 1 | H8: =IF(G8=0,0,IF('Net Acumulado'!H8>-'Net Acumulado'!$B8,0,1)) -> 1 | I8: =IF(H8=0,0,IF('Net Acumulado'!I8>-'Net Acumulado'!$B8,0,1)) -> 1 | J8: =IF(I8=0,0,IF('Net Acumulado'!J8>-'Net Acumulado'!$B8,0,1)) -> 1 | K8: =IF(J8=0,0,IF('Net Acumulado'!K8>-'Net Acumulado'!$B8,0,1)) -> 1 | L8: =IF(K8=0,0,IF('Net Acumulado'!L8>-'Net Acumulado'!$B8,0,1)) -> 1 | ... CU8: =IF(CT8=0,0,IF('Net Acumulado'!CU8>-'Net Acumulado'!$B8,0,1)) -> 1
A9: =SUM(D9:CU9) -> 96 | B9: -60102 | C9: 1303 | D9: =IF('Net Acumulado'!D9>-'Net Acumulado'!$B9,0,1) -> 1 | E9: =IF(D9=0,0,IF('Net Acumulado'!E9>-'Net Acumulado'!$B9,0,1)) -> 1 | F9: =IF(E9=0,0,IF('Net Acumulado'!F9>-'Net Acumulado'!$B9,0,1)) -> 1 | G9: =IF(F9=0,0,IF('Net Acumulado'!G9>-'Net Acumulado'!$B9,0,1)) -> 1 | H9: =IF(G9=0,0,IF('Net Acumulado'!H9>-'Net Acumulado'!$B9,0,1)) -> 1 | I9: =IF(H9=0,0,IF('Net Acumulado'!I9>-'Net Acumulado'!$B9,0,1)) -> 1 | J9: =IF(I9=0,0,IF('Net Acumulado'!J9>-'Net Acumulado'!$B9,0,1)) -> 1 | K9: =IF(J9=0,0,IF('Net Acumulado'!K9>-'Net Acumulado'!$B9,0,1)) -> 1 | L9: =IF(K9=0,0,IF('Net Acumulado'!L9>-'Net Acumulado'!$B9,0,1)) -> 1 | ... CU9: =IF(CT9=0,0,IF('Net Acumulado'!CU9>-'Net Acumulado'!$B9,0,1)) -> 1
A10: =SUM(D10:CU10) -> 61 | B10: -46 | C10: 1302 | D10: =IF('Net Acumulado'!D10>-'Net Acumulado'!$B10,0,1) -> 1 | E10: =IF(D10=0,0,IF('Net Acumulado'!E10>-'Net Acumulado'!$B10,0,1)) -> 1 | F10: =IF(E10=0,0,IF('Net Acumulado'!F10>-'Net Acumulado'!$B10,0,1)) -> 1 | G10: =IF(F10=0,0,IF('Net Acumulado'!G10>-'Net Acumulado'!$B10,0,1)) -> 1 | H10: =IF(G10=0,0,IF('Net Acumulado'!H10>-'Net Acumulado'!$B10,0,1)) -> 1 | I10: =IF(H10=0,0,IF('Net Acumulado'!I10>-'Net Acumulado'!$B10,0,1)) -> 1 | J10: =IF(I10=0,0,IF('Net Acumulado'!J10>-'Net Acumulado'!$B10,0,1)) -> 1 | K10: =IF(J10=0,0,IF('Net Acumulado'!K10>-'Net Acumulado'!$B10,0,1)) -> 1 | L10: =IF(K10=0,0,IF('Net Acumulado'!L10>-'Net Acumulado'!$B10,0,1)) -> 1 | ... CU10: =IF(CT10=0,0,IF('Net Acumulado'!CU10>-'Net Acumulado'!$B10,0,1)) -> 0
A11: =SUM(D11:CU11) -> 0 | B11: 253 | C11: 1304 | D11: =IF('Net Acumulado'!D11>-'Net Acumulado'!$B11,0,1) -> 0 | E11: =IF(D11=0,0,IF('Net Acumulado'!E11>-'Net Acumulado'!$B11,0,1)) -> 0 | F11: =IF(E11=0,0,IF('Net Acumulado'!F11>-'Net Acumulado'!$B11,0,1)) -> 0 | G11: =IF(F11=0,0,IF('Net Acumulado'!G11>-'Net Acumulado'!$B11,0,1)) -> 0 | H11: =IF(G11=0,0,IF('Net Acumulado'!H11>-'Net Acumulado'!$B11,0,1)) -> 0 | I11: =IF(H11=0,0,IF('Net Acumulado'!I11>-'Net Acumulado'!$B11,0,1)) -> 0 | J11: =IF(I11=0,0,IF('Net Acumulado'!J11>-'Net Acumulado'!$B11,0,1)) -> 0 | K11: =IF(J11=0,0,IF('Net Acumulado'!K11>-'Net Acumulado'!$B11,0,1)) -> 0 | L11: =IF(K11=0,0,IF('Net Acumulado'!L11>-'Net Acumulado'!$B11,0,1)) -> 0 | ... CU11: =IF(CT11=0,0,IF('Net Acumulado'!CU11>-'Net Acumulado'!$B11,0,1)) -> 0
A12: =SUM(D12:CU12) -> 0 | B12: 49 | C12: 1301 | D12: =IF('Net Acumulado'!D12>-'Net Acumulado'!$B12,0,1) -> 0 | E12: =IF(D12=0,0,IF('Net Acumulado'!E12>-'Net Acumulado'!$B12,0,1)) -> 0 | F12: =IF(E12=0,0,IF('Net Acumulado'!F12>-'Net Acumulado'!$B12,0,1)) -> 0 | G12: =IF(F12=0,0,IF('Net Acumulado'!G12>-'Net Acumulado'!$B12,0,1)) -> 0 | H12: =IF(G12=0,0,IF('Net Acumulado'!H12>-'Net Acumulado'!$B12,0,1)) -> 0 | I12: =IF(H12=0,0,IF('Net Acumulado'!I12>-'Net Acumulado'!$B12,0,1)) -> 0 | J12: =IF(I12=0,0,IF('Net Acumulado'!J12>-'Net Acumulado'!$B12,0,1)) -> 0 | K12: =IF(J12=0,0,IF('Net Acumulado'!K12>-'Net Acumulado'!$B12,0,1)) -> 0 | L12: =IF(K12=0,0,IF('Net Acumulado'!L12>-'Net Acumulado'!$B12,0,1)) -> 0 | ... CU12: =IF(CT12=0,0,IF('Net Acumulado'!CU12>-'Net Acumulado'!$B12,0,1)) -> 0
A13: =SUM(D13:CU13) -> 96 | B13: -1579 | C13: 1401 | D13: =IF('Net Acumulado'!D13>-'Net Acumulado'!$B13,0,1) -> 1 | E13: =IF(D13=0,0,IF('Net Acumulado'!E13>-'Net Acumulado'!$B13,0,1)) -> 1 | F13: =IF(E13=0,0,IF('Net Acumulado'!F13>-'Net Acumulado'!$B13,0,1)) -> 1 | G13: =IF(F13=0,0,IF('Net Acumulado'!G13>-'Net Acumulado'!$B13,0,1)) -> 1 | H13: =IF(G13=0,0,IF('Net Acumulado'!H13>-'Net Acumulado'!$B13,0,1)) -> 1 | I13: =IF(H13=0,0,IF('Net Acumulado'!I13>-'Net Acumulado'!$B13,0,1)) -> 1 | J13: =IF(I13=0,0,IF('Net Acumulado'!J13>-'Net Acumulado'!$B13,0,1)) -> 1 | K13: =IF(J13=0,0,IF('Net Acumulado'!K13>-'Net Acumulado'!$B13,0,1)) -> 1 | L13: =IF(K13=0,0,IF('Net Acumulado'!L13>-'Net Acumulado'!$B13,0,1)) -> 1 | ... CU13: =IF(CT13=0,0,IF('Net Acumulado'!CU13>-'Net Acumulado'!$B13,0,1)) -> 1
A14: =SUM(D14:CU14) -> 56 | B14: -171 | C14: 1402 | D14: =IF('Net Acumulado'!D14>-'Net Acumulado'!$B14,0,1) -> 1 | E14: =IF(D14=0,0,IF('Net Acumulado'!E14>-'Net Acumulado'!$B14,0,1)) -> 1 | F14: =IF(E14=0,0,IF('Net Acumulado'!F14>-'Net Acumulado'!$B14,0,1)) -> 1 | G14: =IF(F14=0,0,IF('Net Acumulado'!G14>-'Net Acumulado'!$B14,0,1)) -> 1 | H14: =IF(G14=0,0,IF('Net Acumulado'!H14>-'Net Acumulado'!$B14,0,1)) -> 1 | I14: =IF(H14=0,0,IF('Net Acumulado'!I14>-'Net Acumulado'!$B14,0,1)) -> 1 | J14: =IF(I14=0,0,IF('Net Acumulado'!J14>-'Net Acumulado'!$B14,0,1)) -> 1 | K14: =IF(J14=0,0,IF('Net Acumulado'!K14>-'Net Acumulado'!$B14,0,1)) -> 1 | L14: =IF(K14=0,0,IF('Net Acumulado'!L14>-'Net Acumulado'!$B14,0,1)) -> 1 | ... CU14: =IF(CT14=0,0,IF('Net Acumulado'!CU14>-'Net Acumulado'!$B14,0,1)) -> 0
A15: =SUM(D15:CU15) -> 74 | B15: -5965 | C15: 1504 | D15: =IF('Net Acumulado'!D15>-'Net Acumulado'!$B15,0,1) -> 1 | E15: =IF(D15=0,0,IF('Net Acumulado'!E15>-'Net Acumulado'!$B15,0,1)) -> 1 | F15: =IF(E15=0,0,IF('Net Acumulado'!F15>-'Net Acumulado'!$B15,0,1)) -> 1 | G15: =IF(F15=0,0,IF('Net Acumulado'!G15>-'Net Acumulado'!$B15,0,1)) -> 1 | H15: =IF(G15=0,0,IF('Net Acumulado'!H15>-'Net Acumulado'!$B15,0,1)) -> 1 | I15: =IF(H15=0,0,IF('Net Acumulado'!I15>-'Net Acumulado'!$B15,0,1)) -> 1 | J15: =IF(I15=0,0,IF('Net Acumulado'!J15>-'Net Acumulado'!$B15,0,1)) -> 1 | K15: =IF(J15=0,0,IF('Net Acumulado'!K15>-'Net Acumulado'!$B15,0,1)) -> 1 | L15: =IF(K15=0,0,IF('Net Acumulado'!L15>-'Net Acumulado'!$B15,0,1)) -> 1 | ... CU15: =IF(CT15=0,0,IF('Net Acumulado'!CU15>-'Net Acumulado'!$B15,0,1)) -> 0
... A155: =SUM(D155:CU155) -> 77 | B155: -48481 | C155: 5301 | D155: =IF('Net Acumulado'!D155>-'Net Acumulado'!$B155,0,1) -> 1 | E155: =IF(D155=0,0,IF('Net Acumulado'!E155>-'Net Acumulado'!$B155,0,1)) -> 1 | F155: =IF(E155=0,0,IF('Net Acumulado'!F155>-'Net Acumulado'!$B155,0,1)) -> 1 | G155: =IF(F155=0,0,IF('Net Acumulado'!G155>-'Net Acumulado'!$B155,0,1)) -> 1 | H155: =IF(G155=0,0,IF('Net Acumulado'!H155>-'Net Acumulado'!$B155,0,1)) -> 1 | I155: =IF(H155=0,0,IF('Net Acumulado'!I155>-'Net Acumulado'!$B155,0,1)) -> 1 | J155: =IF(I155=0,0,IF('Net Acumulado'!J155>-'Net Acumulado'!$B155,0,1)) -> 1 | K155: =IF(J155=0,0,IF('Net Acumulado'!K155>-'Net Acumulado'!$B155,0,1)) -> 1 | L155: =IF(K155=0,0,IF('Net Acumulado'!L155>-'Net Acumulado'!$B155,0,1)) -> 1 | ... CU155: =IF(CT155=0,0,IF('Net Acumulado'!CU155>-'Net Acumulado'!$B155,0,1)) -> 0
A157: =SUM(D157:CU157) -> 65 | B157: =SUM(B4:B155) -> -2996914 | C157: 99999 | D157: =IF('Net Acumulado'!D157>-'Net Acumulado'!$B157,0,1) -> 1 | E157: =IF(D157=0,0,IF('Net Acumulado'!E157>-'Net Acumulado'!$B157,0,1)) -> 1 | F157: =IF(E157=0,0,IF('Net Acumulado'!F157>-'Net Acumulado'!$B$157,0,1)) -> 1 | G157: =IF(F157=0,0,IF('Net Acumulado'!G157>-'Net Acumulado'!$B$157,0,1)) -> 1 | H157: =IF(G157=0,0,IF('Net Acumulado'!H157>-'Net Acumulado'!$B$157,0,1)) -> 1 | I157: =IF(H157=0,0,IF('Net Acumulado'!I157>-'Net Acumulado'!$B$157,0,1)) -> 1 | J157: =IF(I157=0,0,IF('Net Acumulado'!J157>-'Net Acumulado'!$B$157,0,1)) -> 1 | K157: =IF(J157=0,0,IF('Net Acumulado'!K157>-'Net Acumulado'!$B$157,0,1)) -> 1 | L157: =IF(K157=0,0,IF('Net Acumulado'!L157>-'Net Acumulado'!$B$157,0,1)) -> 1 | M157: =IF(L157=0,0,IF('Net Acumulado'!M157>-'Net Acumulado'!$B$157,0,1)) -> 1 | ... CU157: =IF(CT157=0,0,IF('Net Acumulado'!CU157>-'Net Acumulado'!$B$157,0,1)) -> 0
