Workbook

Sheet conditional forecasts_8
A1: GVAR Conditional Forecasts
A2: Last in-sample estimation date: | B2: 2016M12
A3: Last forecast date: | B3: 2024M12
D4: =DATE(LEFT(D5,4),SUBSTITUTE(RIGHT(D5,2),"M",""),1) -> 42736 | E4: =DATE(LEFT(E5,4),SUBSTITUTE(RIGHT(E5,2),"M",""),1) -> 42767 | F4: =DATE(LEFT(F5,4),SUBSTITUTE(RIGHT(F5,2),"M",""),1) -> 42795 | G4: =DATE(LEFT(G5,4),SUBSTITUTE(RIGHT(G5,2),"M",""),1) -> 42826 | H4: =DATE(LEFT(H5,4),SUBSTITUTE(RIGHT(H5,2),"M",""),1) -> 42856 | I4: =DATE(LEFT(I5,4),SUBSTITUTE(RIGHT(I5,2),"M",""),1) -> 42887 | J4: =DATE(LEFT(J5,4),SUBSTITUTE(RIGHT(J5,2),"M",""),1) -> 42917 | K4: =DATE(LEFT(K5,4),SUBSTITUTE(RIGHT(K5,2),"M",""),1) -> 42948 | ... CU4: =DATE(LEFT(CU5,4),SUBSTITUTE(RIGHT(CU5,2),"M",""),1) -> 45627
D5: 2017M1 | E5: 2017M2 | F5: 2017M3 | G5: 2017M4 | H5: 2017M5 | I5: 2017M6 | J5: 2017M7 | K5: 2017M8 | L5: 2017M9 | M5: 2017M10 | N5: 2017M11 | O5: 2017M12 | P5: 2018M1 | Q5: 2018M2 | R5: 2018M3 | S5: 2018M4 | T5: 2018M5 | U5: 2018M6 | V5: 2018M7 | W5: 2018M8 | X5: 2018M9 | Y5: 2018M10 | Z5: 2018M11 | AA5: 2018M12 | AB5: 2019M1 | AC5: 2019M2 | AD5: 2019M3 | AE5: 2019M4 | AF5: 2019M5 | AG5: 2019M6 | AH5: 2019M7 | AI5: 2019M8 | AJ5: 2019M9 | AK5: 2019M10 | AL5: 2019M11 | AM5: 2019M12 | AN5: 2020M1 | AO5: 2020M2 | AP5: 2020M3 | AQ5: 2020M4 | AR5: 2020M5 | AS5: 2020M6 | AT5: 2020M7 | AU5: 2020M8 | AV5: 2020M9 | AW5: 2020M10 | AX5: 2020M11 | AY5: 2020M12 | AZ5: 2021M1 | BA5: 2021M2 | BB5: 2021M3 | BC5: 2021M4 | BD5: 2021M5 | BE5: 2021M6 | BF5: 2021M7 | BG5: 2021M8 | BH5: 2021M9 | BI5: 2021M10 | BJ5: 2021M11 | BK5: 2021M12 | BL5: 2022M1 | BM5: 2022M2 | BN5: 2022M3 | BO5: 2022M4 | BP5: 2022M5 | BQ5: 2022M6 | BR5: 2022M7 | BS5: 2022M8 | BT5: 2022M9 | BU5: 2022M10 | BV5: 2022M11 | BW5: 2022M12 | BX5: 2023M1 | BY5: 2023M2 | BZ5: 2023M3 | CA5: 2023M4 | CB5: 2023M5 | CC5: 2023M6 | CD5: 2023M7 | CE5: 2023M8 | CF5: 2023M9 | CG5: 2023M10 | CH5: 2023M11 | CI5: 2023M12 | CJ5: 2024M1 | CK5: 2024M2 | CL5: 2024M3 | CM5: 2024M4 | CN5: 2024M5 | CO5: 2024M6 | CP5: 2024M7 | CQ5: 2024M8 | CR5: 2024M9 | CS5: 2024M10 | CT5: 2024M11 | CU5: 2024M12 | CV5: Serie | CW5: Meso
A6: Ro1101 | B6: adm | C6: Forecast | D6: 3115.6169 | E6: 3366.9532 | F6: 3895.1536 | G6: 4031.024 | H6: 4157.4622 | I6: 4381.114 | J6: 4326.4124 | K6: 4376.2513 | L6: 4224.1857 | M6: 3751.245 | N6: 3580.8344 | O6: 3078.0567 | P6: 3906.863 | Q6: 4229.2565 | R6: 4883.0082 | S6: 5027.9508 | T6: 5176.0149 | U6: 5378.6777 | V6: 5292.7516 | W6: 5321.9414 | X6: 5167.1529 | Y6: 4722.4168 | Z6: 4603.9021 | AA6: 4163.5286 | AB6: 5052.5194 | AC6: 5422.0336 | AD6: 6105.4342 | AE6: 6264.675 | AF6: 6417.4864 | AG6: 6621.9488 | AH6: 6540.077 | AI6: 6578.3516 | AJ6: 6438.218 | AK6: 6012.8067 | AL6: 5916.7409 | AM6: 5500.3101 | AN6: 6413.305 | AO6: 6805.736 | AP6: 7510.1488 | AQ6: 7688.081 | AR6: 7857.304 | AS6: 8076.3748 | AT6: 8008.0884 | AU6: 8059.7894 | AV6: 7933.6367 | AW6: 7523.1566 | AX6: 7443.0004 | AY6: 7043.1849 | AZ6: 7973.0683 | BA6: 8382.2238 | BB6: 9102.8713 | BC6: 9296.3858 | BD6: 9480.5287 | BE6: 9713.95 | BF6: 9659.5799 | BG6: 9724.891 | BH6: 9612.1366 | BI6: 9214.9012 | BJ6: 9147.8714 | BK6: 8761.0954 | BL6: 9703.974 | BM6: 10126.138 | BN6: 10859.87 | BO6: 11066.584 | BP6: 11264.035 | BQ6: 11510.785 | BR6: 11469.593 | BS6: 11547.687 | BT6: 11447.056 | BU6: 11061.07 | BV6: 11004.332 | BW6: 10627.001 | BX6: 11578.819 | BY6: 12009.951 | BZ6: 12753.316 | CA6: 12970.923 | CB6: 13180.887 | CC6: 13441.745 | CD6: 13415.716 | CE6: 13508.993 | CF6: 13422.144 | CG6: 13047.061 | CH6: 12997.241 | CI6: 12622.413 | CJ6: 13573.284 | CK6: 14002.38 | CL6: 14744.81 | CM6: 14967.396 | CN6: 15190.192 | CO6: 15469.204 | CP6: 15479.614 | CQ6: 15593.266 | CR6: 15539.161 | CS6: 15256.277 | CT6: 15089.362 | CU6: 14800.144 | CV6: 1 | CW6: 1101
C7: Actual | CV7: 0 | CW7: 0
A8: Ro1101 | B8: desl | C8: Forecast | D8: 3253.3177 | E8: 3322.7997 | F8: 3689.5561 | G8: 3784.8754 | H8: 4118.6782 | I8: 4077.4937 | J8: 4281.4478 | K8: 4355.4509 | L8: 4261.6488 | M8: 4504.442 | N8: 4375.9852 | O8: 4250.2461 | P8: 4278.9371 | Q8: 4263.8889 | R8: 4663.4829 | S8: 4710.7249 | T8: 5051.614 | U8: 4991.2221 | V8: 5176.3678 | W8: 5233.3342 | X8: 5134.6359 | Y8: 5391.2624 | Z8: 5296.3924 | AA8: 5218.2797 | AB8: 5299.9512 | AC8: 5334.6652 | AD8: 5775.3243 | AE8: 5853.3125 | AF8: 6216.4852 | AG8: 6173.5599 | AH8: 6375.1032 | AI8: 6450.1278 | AJ8: 6372.4688 | AK8: 6653.2325 | AL8: 6584.9897 | AM8: 6535.0816 | AN8: 6645.5842 | AO8: 6708.898 | AP8: 7177.2252 | AQ8: 7281.464 | AR8: 7669.2557 | AS8: 7649.4052 | AT8: 7872.8332 | AU8: 7969.0675 | AV8: 7912.4723 | AW8: 8214.5567 | AX8: 8168.0824 | AY8: 8140.3599 | AZ8: 8273.2689 | BA8: 8358.9388 | BB8: 8849.3163 | BC8: 8975.1204 | BD8: 9383.9121 | BE8: 9384.5027 | BF8: 9627.8756 | BG8: 9743.6431 | BH8: 9706.2498 | BI8: 10027.268 | BJ8: 9999.5044 | BK8: 9990.3021 | BL8: 10141.569 | BM8: 10245.464 | BN8: 10753.962 | BO8: 10897.801 | BP8: 11324.54 | BQ8: 11342.954 | BR8: 11603.943 | BS8: 11737.002 | BT8: 11716.435 | BU8: 12053.691 | BV8: 12041.507 | BW8: 12047.252 | BX8: 12212.98 | BY8: 12331.105 | BZ8: 12853.935 | CA8: 13012.543 | CB8: 13454.736 | CC8: 13489.352 | CD8: 13767.107 | CE8: 13917.024 | CF8: 13912.714 | CG8: 14264.824 | CH8: 14265.362 | CI8: 14281.373 | CJ8: 14455.085 | CK8: 14579.653 | CL8: 15109.385 | CM8: 15276.252 | CN8: 15730.728 | CO8: 15783.736 | CP8: 16078.434 | CQ8: 16256.336 | CR8: 16281.149 | CS8: 16611.416 | CT8: 16702.961 | CU8: 16661.897 | CV8: -1 | CW8: 1101
C9: Actual | CV9: 0 | CW9: 0
A10: Ro1102 | B10: adm | C10: Forecast | D10: 4980.5079 | E10: 5358.7058 | F10: 6017.9881 | G10: 5995.5157 | H10: 5938.4682 | I10: 5977.6758 | J10: 5666.6636 | K10: 5667.5644 | L10: 5460.688 | M10: 5054.6123 | N10: 5240.0048 | O10: 4766.9749 | P10: 5837.8326 | Q10: 6007.6322 | R10: 6596.7262 | S10: 6488.734 | T10: 6381.7847 | U10: 6365.4825 | V10: 6021.1826 | W10: 6013.1366 | X10: 5825.9551 | Y10: 5472.1003 | Z10: 5725.1927 | AA10: 5317.0714 | AB10: 6436.1899 | AC10: 6630.3071 | AD10: 7222.3022 | AE10: 7105.12 | AF10: 6987.5456 | AG10: 6967.2639 | AH10: 6629.2824 | AI10: 6637.3016 | AJ10: 6472.8557 | AK10: 6144.6977 | AL10: 6423.3914 | AM10: 6038.8825 | AN10: 7178.7897 | AO10: 7390.7267 | AP10: 7997.8222 | AQ10: 7893.5353 | AR10: 7787.3874 | AS10: 7777.9558 | AT10: 7451.1471 | AU10: 7471.3652 | AV10: 7320.4785 | AW10: 7007.1438 | AX10: 7301.4754 | AY10: 6932.7963 | AZ10: 8088.1374 | BA10: 8314.7168 | BB10: 8935.5244 | BC10: 8844.1063 | BD10: 8750.2065 | BE10: 8752.6556 | BF10: 8437.5652 | BG10: 8469.4593 | BH10: 8330.2469 | BI10: 8028.5774 | BJ10: 8334.5469 | BK10: 7977.4793 | BL10: 9144.4337 | BM10: 9382.6732 | BN10: 10015.221 | BO10: 9935.6108 | BP10: 9853.4963 | BQ10: 9867.5336 | BR10: 9563.5943 | BS10: 9605.9518 | BT10: 9476.3311 | BU10: 9183.3474 | BV10: 9497.2701 | BW10: 9147.8151 | BX10: 10322.598 | BY10: 10569.49 | BZ10: 11212.015 | CA10: 11143.943 | CB10: 11074.765 | CC10: 11102.521 | CD10: 10812.03 | CE10: 10866.236 | CF10: 10745.49 | CG10: 10457.404 | CH10: 10771.995 | CI10: 10419.808 | CJ10: 11590.723 | CK10: 11836.092 | CL10: 12481.947 | CM10: 12426.972 | CN10: 12379.7 | CO10: 12435.145 | CP10: 12180.291 | CQ10: 12248.762 | CR10: 12135.286 | CS10: 11914.819 | CT10: 12048.529 | CU10: 11840.049 | CV10: 1 | CW10: 1102
C11: Actual | CV11: 0 | CW11: 0
A12: Ro1102 | B12: desl | C12: Forecast | D12: 5215.2238 | E12: 5235.7516 | F12: 5791.0833 | G12: 5428.1316 | H12: 5728.3708 | I12: 5271.3767 | J12: 5364.2558 | K12: 5594.3975 | L12: 5112.4405 | M12: 5936.4177 | N12: 5937.62 | O12: 5604.9358 | P12: 5817.9876 | Q12: 5559.5054 | R12: 6148.0127 | S12: 5740.7253 | T12: 6003.3656 | U12: 5552.1936 | V12: 5637.2482 | W12: 5878.0917 | X12: 5425.7438 | Y12: 6289.9413 | Z12: 6336.386 | AA12: 6043.146 | AB12: 6283.3761 | AC12: 6040.0062 | AD12: 6636.0887 | AE12: 6234.8554 | AF12: 6506.9281 | AG12: 6070.8294 | AH12: 6176.2329 | AI12: 6440.7897 | AJ12: 6013.2714 | AK12: 6901.6924 | AL12: 6970.9049 | AM12: 6698.8293 | AN12: 6958.8017 | AO12: 6733.9924 | AP12: 7347.6648 | AQ12: 6963.2689 | AR12: 7251.7118 | AS12: 6831.8668 | AT12: 6953.7459 | AU12: 7235.22 | AV12: 6825.0899 | AW12: 7731.2071 | AX12: 7818.1396 | AY12: 7563.5096 | AZ12: 7840.4338 | BA12: 7631.9901 | BB12: 8261.4705 | BC12: 7892.4304 | BD12: 8195.9044 | BE12: 7790.8719 | BF12: 7927.411 | BG12: 8223.4218 | BH12: 7827.7138 | BI12: 8748.1441 | BJ12: 8849.2937 | BK12: 8608.8041 | BL12: 8899.8078 | BM12: 8705.3794 | BN12: 9348.774 | BO12: 8993.469 | BP12: 9310.3853 | BQ12: 8918.3728 | BR12: 9067.3999 | BS12: 9375.3189 | BT12: 8990.9903 | BU12: 9922.438 | BV12: 10034.511 | BW12: 9805.1669 | BX12: 10107.824 | BY12: 9925.7192 | BZ12: 10582.078 | CA12: 10240.119 | CB12: 10570.294 | CC12: 10190.842 | CD12: 10351.105 | CE12: 10668.414 | CF12: 10291.415 | CG12: 11228.328 | CH12: 11344.678 | CI12: 11119.768 | CJ12: 11428.789 | CK12: 11255.867 | CL12: 11927.053 | CM12: 11603.231 | CN12: 11954.281 | CO12: 11600.711 | CP12: 11766.283 | CQ12: 12092.494 | CR12: 11749.491 | CS12: 12510.017 | CT12: 12847.979 | CU12: 12472.469 | CV12: -1 | CW12: 1102
C13: Actual | CV13: 0 | CW13: 0
A14: Ac1201 | B14: adm | C14: Forecast | D14: 129.28288 | E14: 127.28931 | F14: 177.02006 | G14: 209.95592 | H14: 230.05114 | I14: 246.67733 | J14: 231.02716 | K14: 222.21148 | L14: 205.02928 | M14: 174.22828 | N14: 169.41673 | O14: 143.90467 | P14: 173.11489 | Q14: 176.16274 | R14: 212.17861 | S14: 239.62245 | T14: 256.20238 | U14: 267.27595 | V14: 245.98566 | W14: 231.49701 | X14: 210.24501 | Y14: 178.56907 | Z14: 176.31746 | AA14: 156.24246 | AB14: 192.20924 | AC14: 201.55697 | AD14: 242.12817 | AE14: 271.84451 | AF14: 288.65425 | AG14: 298.68633 | AH14: 275.99584 | AI14: 260.48649 | AJ14: 239.00119 | AK14: 207.95519 | AL14: 207.04004 | AM14: 188.74538 | AN14: 226.66608 | AO14: 237.9181 | AP14: 280.18806 | AQ14: 311.31048 | AR14: 329.21095 | AS14: 340.05389 | AT14: 317.97641 | AU14: 302.9912 | AV14: 282.05105 | AW14: 251.65618 | AX14: 251.54049 | AY14: 234.18924 | AZ14: 273.15574 | BA14: 285.49551 | BB14: 328.83575 | BC14: 360.96781 | BD14: 379.79701 | BE14: 391.48907 | BF14: 370.19691 | BG14: 355.9549 | BH14: 335.73599 | BI14: 306.05501 | BJ14: 306.65416 | BK14: 290.02248 | BL14: 329.71523 | BM14: 342.79039 | BN14: 386.87899 | BO14: 419.77654 | BP14: 439.39036 | BQ14: 451.88263 | BR14: 431.39462 | BS14: 417.94023 | BT14: 398.46568 | BU14: 369.4584 | BV14: 370.64078 | BW14: 354.4981 | BX14: 394.60435 | BY14: 408.06034 | BZ14: 452.55903 | CA14: 485.96514 | CB14: 506.2451 | CC14: 519.59094 | CD14: 500.12696 | CE14: 487.7946 | CF14: 469.41389 | CG14: 441.31501 | CH14: 443.06247 | CI14: 427.03594 | CJ14: 466.79894 | CK14: 479.59078 | CL14: 523.31672 | CM14: 556.28016 | CN14: 576.70634 | CO14: 591.14029 | CP14: 573.77022 | CQ14: 564.07651 | CR14: 548.15813 | CS14: 526.73694 | CT14: 523.85305 | CU14: 517.82064 | CV14: 1 | CW14: 1201
C15: Actual | CV15: 0 | CW15: 0
A16: Ac1201 | B16: desl | C16: Forecast | D16: 194.57113 | E16: 160.17272 | F16: 162.62916 | G16: 155.30179 | H16: 173.75641 | I16: 171.52241 | J16: 190.16659 | K16: 202.07626 | L16: 195.6393 | M16: 233.98995 | N16: 232.97433 | O16: 227.65978 | P16: 221.46624 | Q16: 194.35189 | R16: 193.15444 | S16: 179.65028 | T16: 197.97286 | U16: 196.28604 | V16: 215.82088 | W16: 228.87548 | X16: 222.33679 | Y16: 259.67196 | Z16: 257.45519 | AA16: 251.47417 | AB16: 245.5843 | AC16: 219.74563 | AD16: 220.4966 | AE16: 209.1856 | AF16: 229.57871 | AG16: 229.64308 | AH16: 250.58524 | AI16: 264.79024 | AJ16: 259.26412 | AK16: 297.5695 | AL16: 296.3351 | AM16: 291.3719 | AN16: 286.54507 | AO16: 261.82168 | AP16: 263.74399 | AQ16: 253.65492 | AR16: 275.30141 | AS16: 276.62011 | AT16: 298.78437 | AU16: 314.15408 | AV16: 309.72569 | AW16: 349.06899 | AX16: 348.83162 | AY16: 344.84707 | AZ16: 340.99891 | BA16: 317.264 | BB16: 320.18526 | BC16: 311.09975 | BD16: 333.7458 | BE16: 336.05224 | BF16: 359.1874 | BG16: 375.50944 | BH16: 372.0156 | BI16: 412.27781 | BJ16: 412.94579 | BK16: 409.85413 | BL16: 406.88601 | BM16: 384.01653 | BN16: 387.78611 | BO16: 379.52966 | BP16: 402.98504 | BQ16: 406.08325 | BR16: 429.99787 | BS16: 447.09475 | BT16: 444.37956 | BU16: 485.43086 | BV16: 486.9006 | BW16: 484.61909 | BX16: 482.45809 | BY16: 460.3755 | BZ16: 464.89211 | CA16: 457.32569 | CB16: 481.40502 | CC16: 485.0649 | CD16: 509.49863 | CE16: 527.10647 | CF16: 524.93997 | CG16: 566.62248 | CH16: 568.83549 | CI16: 567.42169 | CJ16: 566.21106 | CK16: 545.07166 | CL16: 550.48886 | CM16: 543.54084 | CN16: 567.98377 | CO16: 571.90381 | CP16: 595.55716 | CQ16: 613.87422 | CR16: 611.59118 | CS16: 648.40546 | CT16: 659.83404 | CU16: 652.5949 | CV16: -1 | CW16: 1201
C17: Actual | CV17: 0 | CW17: 0
A18: Ac1202 | B18: adm | C18: Forecast | D18: 1631.3306 | E18: 1721.5021 | F18: 1893.8196 | G18: 1956.8734 | H18: 1949.5672 | I18: 1978.9168 | J18: 1924.7042 | K18: 1923.8549 | L18: 1858.2958 | M18: 1728.1868 | N18: 1753.4649 | O18: 1541.7077 | P18: 1853.6069 | Q18: 1945.144 | R18: 2147.9136 | S18: 2157.4975 | T18: 2143.2747 | U18: 2154.9152 | V18: 2088.076 | W18: 2084.4676 | X18: 2020.9065 | Y18: 1902.5902 | Z18: 1945.291 | AA18: 1752.7924 | AB18: 2082.6978 | AC18: 2187.6506 | AD18: 2398.0857 | AE18: 2410.4631 | AF18: 2396.1687 | AG18: 2407.235 | AH18: 2341.2253 | AI18: 2340.8258 | AJ18: 2282.8983 | AK18: 2172.0426 | AL18: 2223.1586 | AM18: 2039.2003 | AN18: 2377.165 | AO18: 2489.3557 | AP18: 2706.1012 | AQ18: 2723.9339 | AR18: 2714.4326 | AS18: 2729.8919 | AT18: 2668.1551 | AU18: 2672.1552 | AV18: 2618.9207 | AW18: 2513.1117 | AX18: 2569.5809 | AY18: 2391.156 | AZ18: 2734.674 | BA18: 2852.2912 | BB18: 3074.2372 | BC18: 3097.0069 | BD18: 3092.1965 | BE18: 3112.1533 | BF18: 3054.7849 | BG18: 3063.0817 | BH18: 3014.1125 | BI18: 2912.5594 | BJ18: 2973.2846 | BK18: 2799.1188 | BL18: 3146.9012 | BM18: 3268.7905 | BN18: 3495.016 | BO18: 3522.0628 | BP18: 3521.5023 | BQ18: 3545.6388 | BR18: 3492.3228 | BS18: 3504.4838 | BT18: 3459.1441 | BU18: 3360.9729 | BV18: 3424.8689 | BW18: 3253.7543 | BX18: 3604.6045 | BY18: 3729.7325 | BZ18: 3959.5011 | CA18: 3990.4662 | CB18: 3994.1707 | CC18: 4022.7757 | CD18: 3973.8766 | CE18: 3990.078 | CF18: 3948.0641 | CG18: 3852.2573 | CH18: 3917.464 | CI18: 3746.7913 | CJ18: 4097.6611 | CK18: 4223.2543 | CL18: 4454.417 | CM18: 4488.991 | CN18: 4498.4223 | CO18: 4534.6024 | CP18: 4494.0916 | CQ18: 4518.481 | CR18: 4473.9175 | CS18: 4403.3006 | CT18: 4419.4225 | CU18: 4289.4679 | CV18: 1 | CW18: 1202
C19: Actual | CV19: 0 | CW19: 0
A20: Ac1202 | B20: desl | C20: Forecast | D20: 1769.317 | E20: 1703.0219 | F20: 1883.9633 | G20: 1719.809 | H20: 1905.4268 | I20: 1735.212 | J20: 1784.0269 | K20: 1872.1527 | L20: 1717.7498 | M20: 2080.3847 | N20: 2074.9243 | O20: 2069.6951 | P20: 2067.5215 | Q20: 1865.3161 | R20: 2032.2053 | S20: 1864.5393 | T20: 2029.3143 | U20: 1861.5335 | V20: 1908.306 | W20: 1999.8855 | X20: 1855.9582 | Y20: 2231.5647 | Z20: 2241.341 | AA20: 2250.2938 | AB20: 2258.9645 | AC20: 2064.2612 | AD20: 2236.2889 | AE20: 2072.8927 | AF20: 2242.4382 | AG20: 2080.6485 | AH20: 2134.6868 | AI20: 2234.4587 | AJ20: 2099.1693 | AK20: 2483.4469 | AL20: 2501.6819 | AM20: 2518.7766 | AN20: 2535.2372 | AO20: 2347.96 | AP20: 2527.054 | AQ20: 2370.3996 | AR20: 2546.4433 | AS20: 2391.0253 | AT20: 2451.4314 | AU20: 2557.6583 | AV20: 2428.9445 | AW20: 2819.8911 | AX20: 2844.818 | AY20: 2868.5444 | AZ20: 2891.5067 | BA20: 2710.5624 | BB20: 2895.8133 | BC20: 2745.1557 | BD20: 2927.0623 | BE20: 2777.399 | BF20: 2843.4713 | BG20: 2955.2898 | BH20: 2832.1046 | BI20: 3228.5287 | BJ20: 3258.8964 | BK20: 3288.0415 | BL20: 3316.4111 | BM20: 3140.8633 | BN20: 3331.4857 | BO20: 3186.1421 | BP20: 3373.2572 | BQ20: 3228.6414 | BR20: 3299.5519 | BS20: 3415.9742 | BT20: 3297.1733 | BU20: 3697.8238 | BV20: 3732.3645 | BW20: 3765.7565 | BX20: 3798.5672 | BY20: 3627.7307 | BZ20: 3823.3359 | CA20: 3683.1563 | CB20: 3875.4378 | CC20: 3735.7469 | CD20: 3811.0813 | CE20: 3931.2 | CF20: 3815.2578 | CG20: 4217.9873 | CH20: 4254.0822 | CI20: 4289.0144 | CJ20: 4324.1091 | CK20: 4156.6205 | CL20: 4357.8226 | CM20: 4224.7204 | CN20: 4424.8978 | CO20: 4295.6812 | CP20: 4374.337 | CQ20: 4494.8381 | CR20: 4400.0035 | CS20: 4726.7486 | CT20: 4858.0776 | CU20: 4823.9144 | CV20: -1 | CW20: 1202
C21: Actual | CV21: 0 | CW21: 0
A22: Am1301 | B22: adm | C22: Forecast | D22: 26.557922 | E22: 16.017332 | F22: 24.009068 | G22: 18.191291 | H22: 15.401722 | I22: 22.969178 | J22: 11.282975 | K22: 14.762628 | L22: 18.243871 | M22: 4.3148319 | N22: 20.26132 | O22: 15.869947 | P22: 34.143157 | Q22: 19.313991 | R22: 20.304048 | S22: 15.913067 | T22: 12.206519 | U22: 19.195481 | V22: 8.0817066 | W22: 11.230621 | X22: 14.695638 | Y22: 0.81246232 | Z22: 16.772126 | AA22: 12.513428 | AB22: 30.947386 | AC22: 16.243552 | AD22: 17.310297 | AE22: 12.94412 | AF22: 9.2252023 | AG22: 16.190091 | AH22: 5.0623475 | AI22: 8.2177824 | AJ22: 11.710824 | AK22: -2.1287125 | AL22: 13.881428 | AM22: 9.6733015 | AN22: 28.154473 | AO22: 13.493304 | AP22: 14.598139 | AQ22: 10.265725 | AR22: 6.5764785 | AS22: 13.567491 | AT22: 2.4634395 | AU22: 5.6417466 | AV22: 9.158562 | AW22: -4.6549959 | AX22: 11.383802 | AY22: 7.2065777 | AZ22: 25.719831 | BA22: 11.090669 | BB22: 12.22642 | BC22: 7.9232818 | BD22: 4.2616081 | BE22: 11.278745 | BF22: 0.19973634 | BG22: 3.4023137 | BH22: 6.9428179 | BI22: -6.8475214 | BJ22: 9.2141484 | BK22: 5.0596703 | BL22: 23.595885 | BM22: 8.9903058 | BN22: 10.150597 | BO22: 5.8730712 | BP22: 2.2378412 | BQ22: 9.2816165 | BR22: -1.7715173 | BS22: 1.4550845 | BT22: 5.0168138 | BU22: -8.7556336 | BV22: 7.3206911 | BW22: 3.1784739 | BX22: 21.726126 | BY22: 7.133321 | BZ22: 8.3101455 | CA22: 4.0550916 | CB22: 0.44948358 | CC22: 7.5295819 | CD22: -3.4835413 | CE22: -0.21854567 | CF22: 3.3722942 | CG22: -10.386809 | CH22: 5.6835486 | CI22: 1.5142307 | CJ22: 20.025969 | CK22: 5.4103014 | CL22: 6.5577472 | CM22: 2.350612 | CN22: -1.2297676 | CO22: 5.8354092 | CP22: -4.8380552 | CQ22: -2.1029098 | CR22: 1.437249 | CS22: -9.2037732 | CT22: -0.40192512 | CU22: 4.7806808 | CV22: 1 | CW22: 1301
C23: Actual | CV23: 0 | CW23: 0
A24: Am1301 | B24: desl | C24: Forecast | D24: 17.838627 | E24: 25.415515 | F24: 17.811334 | G24: 17.782937 | H24: 19.896878 | I24: 10.996796 | J24: 14.936565 | K24: 14.581896 | L24: 10.59873 | M24: 26.734261 | N24: 22.242291 | O24: 35.006846 | P24: 15.667755 | Q24: 19.288042 | R24: 12.630537 | S24: 12.383325 | T24: 14.000385 | U24: 5.6660048 | V24: 9.3956107 | W24: 9.2688327 | X24: 5.5023533 | Y24: 21.658929 | Z24: 17.15363 | AA24: 29.828493 | AB24: 10.363303 | AC24: 13.900769 | AD24: 7.226674 | AE24: 7.0204382 | AF24: 8.7102389 | AG24: 0.44916847 | AH24: 4.2307807 | AI24: 4.1294712 | AJ24: 0.36822729 | AK24: 16.520415 | AL24: 12.010513 | AM24: 24.685163 | AN24: 5.2241736 | AO24: 8.7684514 | AP24: 2.1023762 | AQ24: 1.9052396 | AR24: 3.6060002 | AS24: -4.6416274 | AT24: -0.84445625 | AU24: -0.92948028 | AV24: -4.6755154 | AW24: 11.489401 | AX24: 6.9893114 | AY24: 19.671448 | AZ24: 0.21684984 | BA24: 3.767698 | BB24: -2.8907837 | BC24: -3.0790976 | BD24: -1.3686222 | BE24: -9.6062472 | BF24: -5.7993512 | BG24: -5.8752426 | BH24: -9.6127298 | BI24: 6.5604217 | BJ24: 2.0686585 | BK24: 14.759586 | BL24: -4.6855564 | BM24: -1.1246536 | BN24: -7.7728521 | BO24: -7.9512758 | BP24: -6.2320374 | BQ24: -14.462663 | BR24: -10.650832 | BS24: -10.723631 | BT24: -14.459051 | BU24: 1.7164615 | BV24: -2.7710997 | BW24: 9.9272585 | BX24: -9.5064111 | BY24: -5.9301132 | BZ24: -12.560202 | CA24: -12.720087 | CB24: -10.984936 | CC24: -19.205731 | CD24: -15.392875 | CE24: -15.475171 | CF24: -19.229037 | CG24: -3.076825 | CH24: -7.5862287 | CI24: 5.1020318 | CJ24: -14.315669 | CK24: -10.711594 | CL24: -17.257678 | CM24: -17.364756 | CN24: -15.571585 | CO24: -23.66411 | CP24: -20.086945 | CQ24: -20.252557 | CR24: -22.847778 | CS24: -11.064691 | CT24: -8.449302 | CU24: -2.5193421 | CV24: -1 | CW24: 1301
C25: Actual | CV25: 0 | CW25: 0
A26: Am1302 | B26: adm | C26: Forecast | D26: 27.941897 | E26: 25.585754 | F26: 30.092035 | G26: 29.908072 | H26: 29.558493 | I26: 32.122741 | J26: 28.836753 | K26: 30.206445 | L26: 30.539159 | M26: 25.043933 | N26: 29.069202 | O26: 25.187936 | P26: 31.99874 | Q26: 30.596576 | R26: 34.081346 | S26: 34.119022 | T26: 33.558415 | U26: 35.850439 | V26: 32.502759 | W26: 33.699988 | X26: 34.058854 | Y26: 28.802813 | Z26: 33.203998 | AA26: 29.759441 | AB26: 36.949639 | AC26: 35.789621 | AD26: 39.369643 | AE26: 39.39885 | AF26: 38.793268 | AG26: 41.064386 | AH26: 37.753589 | AI26: 39.048925 | AJ26: 39.550404 | AK26: 34.458025 | AL26: 39.024052 | AM26: 35.733905 | AN26: 43.06391 | AO26: 42.029053 | AP26: 45.720911 | AQ26: 45.850228 | AR26: 45.335202 | AS26: 47.690658 | AT26: 44.462406 | AU26: 45.843045 | AV26: 46.4359 | AW26: 41.442032 | AX26: 46.112331 | AY26: 42.929128 | AZ26: 50.365165 | BA26: 49.432531 | BB26: 53.2213 | BC26: 53.442193 | BD26: 53.014441 | BE26: 55.454335 | BF26: 52.309025 | BG26: 53.772002 | BH26: 54.446988 | BI26: 49.535082 | BJ26: 54.287062 | BK26: 51.185172 | BL26: 58.70218 | BM26: 57.850297 | BN26: 61.71972 | BO26: 62.021149 | BP26: 61.673511 | BQ26: 64.192437 | BR26: 61.12409 | BS26: 62.660833 | BT26: 63.405433 | BU26: 58.558597 | BV26: 63.371604 | BW26: 60.328235 | BX26: 67.903686 | BY26: 67.112998 | BZ26: 71.048874 | CA26: 71.423398 | CB26: 71.155128 | CC26: 73.757291 | CD26: 70.771727 | CE26: 72.385315 | CF26: 73.194878 | CG26: 68.396513 | CH26: 73.239832 | CI26: 70.208419 | CJ26: 77.786613 | CK26: 77.003709 | CL26: 80.954378 | CM26: 81.396156 | CN26: 81.231749 | CO26: 83.937065 | CP26: 81.272423 | CQ26: 82.751758 | CR26: 83.744769 | CS26: 79.82204 | CT26: 82.312321 | CU26: 81.926074 | CV26: 1 | CW26: 1302
C27: Actual | CV27: 0 | CW27: 0
A28: Am1302 | B28: desl | C28: Forecast | D28: 31.380551 | E28: 26.150817 | F28: 29.742052 | G28: 26.680523 | H28: 28.356021 | I28: 28.988406 | J28: 29.087755 | K28: 31.077767 | L28: 33.000939 | M28: 31.141555 | N28: 31.58534 | O28: 27.995519 | P28: 30.375136 | Q28: 26.360933 | R28: 29.950733 | S28: 27.318496 | T28: 29.099974 | U28: 30.059511 | V28: 30.201876 | W28: 32.09975 | X28: 33.971593 | Y28: 32.031355 | Z28: 32.42099 | AA28: 28.840478 | AB28: 31.276566 | AC28: 27.354418 | AD28: 31.058484 | AE28: 28.545484 | AF28: 30.439393 | AG28: 31.498711 | AH28: 31.725468 | AI28: 33.691849 | AJ28: 35.617981 | AK28: 33.721557 | AL28: 34.150102 | AM28: 30.609612 | AN28: 33.091556 | AO28: 29.22354 | AP28: 32.989867 | AQ28: 30.544864 | AR28: 32.508882 | AS28: 33.636811 | AT28: 33.928092 | AU28: 35.953799 | AV28: 37.934347 | AW28: 36.088651 | AX28: 36.565826 | AY28: 33.07333 | AZ28: 35.603656 | BA28: 31.784898 | BB28: 35.601374 | BC28: 33.207104 | BD28: 35.221985 | BE28: 36.400455 | BF28: 36.741605 | BG28: 38.816305 | BH28: 40.844898 | BI28: 39.046307 | BJ28: 39.569654 | BK28: 36.12234 | BL28: 38.696725 | BM28: 34.920728 | BN28: 38.778554 | BO28: 36.424286 | BP28: 38.478141 | BQ28: 39.695158 | BR28: 40.075199 | BS28: 42.189895 | BT28: 44.260101 | BU28: 42.504785 | BV28: 43.072519 | BW28: 39.669564 | BX28: 42.28669 | BY28: 38.550056 | BZ28: 42.442338 | CA28: 40.116733 | CB28: 42.193743 | CC28: 43.430181 | CD28: 43.829442 | CE28: 45.967716 | CF28: 48.071101 | CG28: 46.361878 | CH28: 46.990006 | CI28: 43.654737 | CJ28: 46.343703 | CK28: 42.667027 | CL28: 46.597281 | CM28: 44.276006 | CN28: 46.359173 | CO28: 47.508244 | CP28: 48.01672 | CQ28: 49.850785 | CR28: 52.052361 | CS28: 51.110862 | CT28: 50.705921 | CU28: 49.656763 | CV28: -1 | CW28: 1302
C29: Actual | CV29: 0 | CW29: 0
A30: Am1303 | B30: adm | C30: Forecast | D30: 11388.339 | E30: 11972.454 | F30: 13808.242 | G30: 13892.995 | H30: 13895.892 | I30: 14560.565 | J30: 14034.345 | K30: 14641.946 | L30: 14510.623 | M30: 13109.052 | N30: 13298.686 | O30: 10839.834 | P30: 13609.005 | Q30: 14194.683 | R30: 16325.923 | S30: 16431.731 | T30: 16361.834 | U30: 16929.126 | V30: 16341.894 | W30: 16977.127 | X30: 16966.719 | Y30: 15760.366 | Z30: 16147.305 | AA30: 13825.841 | AB30: 16646.42 | AC30: 17202.147 | AD30: 19253.665 | AE30: 19272.151 | AF30: 19140.185 | AG30: 19685.372 | AH30: 19113.577 | AI30: 19788.918 | AJ30: 19828.207 | AK30: 18669.574 | AL30: 19096.004 | AM30: 16803.961 | AN30: 19644.528 | AO30: 20212.317 | AP30: 22269.72 | AQ30: 22289.982 | AR30: 22158.219 | AS30: 22704.814 | AT30: 22138.034 | AU30: 22823.334 | AV30: 22877.414 | AW30: 21736.976 | AX30: 22182.847 | AY30: 19909.363 | AZ30: 22766.136 | BA30: 23347.26 | BB30: 25415.466 | BC30: 25444.865 | BD30: 25321.548 | BE30: 25876.665 | BF30: 25318.89 | BG30: 26013.745 | BH30: 26077.78 | BI30: 24947.492 | BJ30: 25403.58 | BK30: 23140.388 | BL30: 26007.668 | BM30: 26599.705 | BN30: 28679.365 | BO30: 28720.711 | BP30: 28609.519 | BQ30: 29176.346 | BR30: 28629.09 | BS30: 29332.518 | BT30: 29402.704 | BU30: 28276.216 | BV30: 28734.511 | BW30: 26473.352 | BX30: 29344.327 | BY30: 29943.541 | BZ30: 32035.147 | CA30: 32093.477 | CB30: 32003.254 | CC30: 32592.61 | CD30: 32065.9 | CE30: 32783.812 | CF30: 32858.614 | CG30: 31724.574 | CH30: 32163.472 | CI30: 29874.506 | CJ30: 32717.606 | CK30: 33300.115 | CL30: 35392.841 | CM30: 35486.062 | CN30: 35459.245 | CO30: 36122.345 | CP30: 35709.908 | CQ30: 36426.657 | CR30: 36508.109 | CS30: 35609.133 | CT30: 35395.928 | CU30: 33549.447 | CV30: 1 | CW30: 1303
C31: Actual | CV31: 0 | CW31: 0
A32: Am1303 | B32: desl | C32: Forecast | D32: 12403.217 | E32: 12754.232 | F32: 13999.875 | G32: 13473.188 | H32: 14433.634 | I32: 12993.679 | J32: 13352.826 | K32: 13998.239 | L32: 12802.86 | M32: 15580.094 | N32: 15836.438 | O32: 15393.752 | P32: 15012.756 | Q32: 14229.462 | R32: 15518.562 | S32: 14728.403 | T32: 15587.193 | U32: 14157.315 | V32: 14460.065 | W32: 15129.351 | X32: 14032.805 | Y32: 16962.618 | Z32: 17395.793 | AA32: 17103.428 | AB32: 16814.244 | AC32: 16060.788 | AD32: 17336.654 | AE32: 16518.82 | AF32: 17361.138 | AG32: 15940.346 | AH32: 16279.235 | AI32: 17004.421 | AJ32: 15973.055 | AK32: 18968.238 | AL32: 19461.589 | AM32: 19222.304 | AN32: 18979.252 | AO32: 18265.895 | AP32: 19576.912 | AQ32: 18790.533 | AR32: 19662.193 | AS32: 18270.504 | AT32: 18640.07 | AU32: 19398.746 | AV32: 18403.985 | AW32: 21438.206 | AX32: 21971.667 | AY32: 21772.037 | AZ32: 21566.978 | BA32: 20889.345 | BB32: 22233.844 | BC32: 21479.169 | BD32: 22381.398 | BE32: 21019.724 | BF32: 21419.134 | BG32: 22207.655 | BH32: 21242.765 | BI32: 24306.849 | BJ32: 24870.148 | BK32: 24700.368 | BL32: 24525.228 | BM32: 23877.62 | BN32: 25252.187 | BO32: 24527.408 | BP32: 25458.971 | BQ32: 24125.556 | BR32: 24551.623 | BS32: 25364.831 | BT32: 24422.619 | BU32: 27507.797 | BV32: 28091.501 | BW32: 27942.668 | BX32: 27790.323 | BY32: 27168.373 | BZ32: 28571.842 | CA32: 27878.716 | CB32: 28843.244 | CC32: 27541.851 | CD32: 27996.297 | CE32: 28831.54 | CF32: 27903.153 | CG32: 30993.507 | CH32: 31575.221 | CI32: 31421.906 | CJ32: 31269.563 | CK32: 30657.035 | CL32: 32091.576 | CM32: 31446.866 | CN32: 32476.197 | CO32: 31266.819 | CP32: 31740.782 | CQ32: 32625.689 | CR32: 31814.241 | CS32: 34296.093 | CT32: 35633.204 | CU32: 34898.813 | CV32: -1 | CW32: 1303
C33: Actual | CV33: 0 | CW33: 0
A34: Am1304 | B34: adm | C34: Forecast | D34: 96.04359 | E34: 91.572248 | F34: 101.59855 | G34: 93.177487 | H34: 90.774641 | I34: 90.951577 | J34: 85.081269 | K34: 86.726904 | L34: 82.510594 | M34: 76.470534 | N34: 82.333365 | O34: 69.885936 | P34: 99.147147 | Q34: 96.766372 | R34: 108.93567 | S34: 100.3346 | T34: 97.433607 | U34: 96.74383 | V34: 90.556328 | W34: 92.207951 | X34: 88.368198 | Y34: 83.092935 | Z34: 89.791597 | AA34: 78.066273 | AB34: 107.84427 | AC34: 105.74271 | AD34: 118.02537 | AE34: 109.49161 | AF34: 106.7121 | AG34: 106.2523 | AH34: 100.40939 | AI34: 102.49186 | AJ34: 99.12884 | AK34: 94.340436 | AL34: 101.51172 | AM34: 90.232114 | AN34: 120.4246 | AO34: 118.70642 | AP34: 131.34434 | AQ34: 123.14357 | AR34: 120.68334 | AS34: 120.53914 | AT34: 115.0173 | AU34: 117.43223 | AV34: 114.41419 | AW34: 109.97992 | AX34: 117.50822 | AY34: 106.5817 | AZ34: 137.11801 | BA34: 135.73173 | BB34: 148.68963 | BC34: 140.79879 | BD34: 138.64102 | BE34: 138.79418 | BF34: 133.56617 | BG34: 136.27212 | BH34: 133.54246 | BI34: 129.39397 | BJ34: 137.20567 | BK34: 126.5607 | BL34: 157.37745 | BM34: 156.27113 | BN34: 169.50854 | BO34: 161.89586 | BP34: 160.01285 | BQ34: 160.43434 | BR34: 155.46487 | BS34: 158.41681 | BT34: 155.91951 | BU34: 151.99121 | BV34: 160.01524 | BW34: 149.58143 | BX34: 180.61598 | BY34: 179.74116 | BZ34: 193.22804 | CA34: 185.8825 | CB34: 184.27821 | CC34: 184.97824 | CD34: 180.27063 | CE34: 183.44967 | CF34: 181.12864 | CG34: 177.31884 | CH34: 185.40945 | CI34: 175.01414 | CJ34: 206.09664 | CK34: 205.33835 | CL34: 219.02296 | CM34: 212.01874 | CN34: 210.85865 | CO34: 211.99954 | CP34: 207.72704 | CQ34: 211.11403 | CR34: 208.30027 | CS34: 206.29975 | CT34: 210.03714 | CU34: 203.9606 | CV34: 1 | CW34: 1304
C35: Actual | CV35: 0 | CW35: 0
A36: Am1304 | B36: desl | C36: Forecast | D36: 84.798367 | E36: 78.580887 | F36: 80.596767 | G36: 78.528469 | H36: 79.393456 | I36: 73.919093 | J36: 73.941072 | K36: 75.499869 | L36: 74.408127 | M36: 84.849754 | N36: 86.697735 | O36: 88.505448 | P36: 83.594244 | Q36: 83.374288 | R36: 85.327886 | S36: 83.42983 | T36: 83.000745 | U36: 77.345456 | V36: 77.1253 | W36: 78.744205 | X36: 78.099974 | Y36: 89.125784 | Z36: 91.654865 | AA36: 94.112412 | AB36: 89.709861 | AC36: 89.848112 | AD36: 92.047133 | AE36: 90.348134 | AF36: 90.138409 | AG36: 84.765671 | AH36: 84.90412 | AI36: 86.947388 | AJ36: 86.770091 | AK36: 98.279626 | AL36: 101.28818 | AM36: 104.20715 | AN36: 100.24071 | AO36: 100.78775 | AP36: 103.37032 | AQ36: 102.03487 | AR36: 102.17607 | AS36: 97.149762 | AT36: 97.637204 | AU36: 100.03646 | AV36: 100.22315 | AW36: 112.10241 | AX36: 115.48208 | AY36: 118.76858 | AZ36: 115.16201 | BA36: 116.05889 | BB36: 118.98082 | BC36: 117.9753 | BD36: 118.43888 | BE36: 113.72939 | BF36: 114.52971 | BG36: 117.23894 | BH36: 117.7332 | BI36: 129.91775 | BJ36: 133.60036 | BK36: 137.18735 | BL36: 133.87867 | BM36: 135.07062 | BN36: 138.28436 | BO36: 137.56663 | BP36: 138.3129 | BQ36: 133.87974 | BR36: 134.94887 | BS36: 137.91881 | BT36: 138.66601 | BU36: 151.09725 | BV36: 155.02287 | BW36: 158.85242 | BX36: 155.789 | BY36: 157.23111 | BZ36: 160.7004 | CA36: 160.24191 | CB36: 161.24709 | CC36: 157.06649 | CD36: 158.3748 | CE36: 161.56339 | CF36: 162.50408 | CG36: 175.10288 | CH36: 179.17527 | CI36: 183.14507 | CJ36: 180.23544 | CK36: 181.85667 | CL36: 185.57212 | CM36: 185.3877 | CN36: 186.71728 | CO36: 182.91267 | CP36: 184.33415 | CQ36: 187.71021 | CR36: 188.93905 | CS36: 199.96928 | CT36: 206.95744 | CU36: 209.60235 | CV36: -1 | CW36: 1304
C37: Actual | CV37: 0 | CW37: 0
A38: Rr1401 | B38: adm | C38: Forecast | D38: 1628.9781 | E38: 1629.7498 | F38: 1749.1998 | G38: 1752.899 | H38: 1742.2199 | I38: 1814.7726 | J38: 1756.9953 | K38: 1783.2222 | L38: 1798.0092 | M38: 1659.7158 | N38: 1728.4397 | O38: 1605.0541 | P38: 1824.3101 | Q38: 1834.652 | R38: 1940.3038 | S38: 1944.2278 | T38: 1923.7768 | U38: 1988.1201 | V38: 1927.7146 | W38: 1955.5072 | X38: 1976.0121 | Y38: 1847.5638 | Z38: 1926.0461 | AA38: 1810.0284 | AB38: 2032.9893 | AC38: 2043.3214 | AD38: 2146.4753 | AE38: 2147.2673 | AF38: 2124.5517 | AG38: 2188.2766 | AH38: 2128.9367 | AI38: 2159.0166 | AJ38: 2182.408 | AK38: 2056.9178 | AL38: 2138.0897 | AM38: 2024.3374 | AN38: 2249.1099 | AO38: 2260.8351 | AP38: 2365.0341 | AQ38: 2366.6252 | AR38: 2344.5935 | AS38: 2409.0296 | AT38: 2350.5522 | AU38: 2381.7181 | AV38: 2406.4223 | AW38: 2282.4118 | AX38: 2365.1335 | AY38: 2252.901 | AZ38: 2479.0896 | BA38: 2492.0952 | BB38: 2597.4465 | BC38: 2600.0958 | BD38: 2579.0716 | BE38: 2644.5012 | BF38: 2587.0259 | BG38: 2619.2103 | BH38: 2644.9466 | BI38: 2521.9751 | BJ38: 2605.7376 | BK38: 2494.5475 | BL38: 2721.7853 | BM38: 2735.8541 | BN38: 2842.2875 | BO38: 2846.0348 | BP38: 2826.1093 | BQ38: 2892.611 | BR38: 2836.145 | BS38: 2869.2403 | BT38: 2895.7669 | BU38: 2773.4682 | BV38: 2857.8221 | BW38: 2747.2101 | BX38: 2975.1008 | BY38: 2989.9845 | BZ38: 3097.455 | CA38: 3102.4729 | CB38: 3083.9977 | CC38: 3152.0128 | CD38: 3096.9557 | CE38: 3131.1704 | CF38: 3158.354 | CG38: 3036.1531 | CH38: 3120.0654 | CI38: 3008.6138 | CJ38: 3235.6379 | CK38: 3250.2402 | CL38: 3358.0804 | CM38: 3365.1954 | CN38: 3350.226 | CO38: 3421.7341 | CP38: 3374.0611 | CQ38: 3408.1858 | CR38: 3432.3907 | CS38: 3338.7577 | CT38: 3356.6747 | CU38: 3300.3564 | CV38: 1 | CW38: 1401
C39: Actual | CV39: 0 | CW39: 0
A40: Rr1401 | B40: desl | C40: Forecast | D40: 1830.653 | E40: 1650.3935 | F40: 1864.9591 | G40: 1717.2252 | H40: 1822.2261 | I40: 1742.3945 | J40: 1738.7411 | K40: 1800.4879 | L40: 1686.9631 | M40: 1800.8774 | N40: 1813.804 | O40: 1711.8609 | P40: 1927.5504 | Q40: 1791.2198 | R40: 1998.4343 | S40: 1847.2047 | T40: 1944.7079 | U40: 1865.9235 | V40: 1856.9972 | W40: 1921.7626 | X40: 1814.8411 | Y40: 1939.2015 | Z40: 1962.3986 | AA40: 1868.3356 | AB40: 2087.8458 | AC40: 1951.6262 | AD40: 2156.7134 | AE40: 2002.9872 | AF40: 2099.0205 | AG40: 2020.4641 | AH40: 2013.377 | AI40: 2081.0711 | AJ40: 1977.5414 | AK40: 2105.2614 | AL40: 2131.5038 | AM40: 2040.0698 | AN40: 2261.7887 | AO40: 2127.3949 | AP40: 2333.9858 | AQ40: 2181.5314 | AR40: 2278.7258 | AS40: 2201.3564 | AT40: 2195.6012 | AU40: 2264.8405 | AV40: 2163.0689 | AW40: 2292.6975 | AX40: 2320.9016 | AY40: 2231.3849 | AZ40: 2454.9075 | BA40: 2322.1766 | BB40: 2530.3009 | BC40: 2379.2858 | BD40: 2477.8678 | BE40: 2401.8694 | BF40: 2397.4899 | BG40: 2468.1168 | BH40: 2367.743 | BI40: 2498.7747 | BJ40: 2528.3835 | BK40: 2440.2733 | BL40: 2665.2069 | BM40: 2533.8945 | BN40: 2743.4434 | BO40: 2593.8499 | BP40: 2693.8316 | BQ40: 2619.1843 | BR40: 2616.0781 | BS40: 2687.8779 | BT40: 2588.5698 | BU40: 2720.5774 | BV40: 2751.1165 | BW40: 2663.9561 | BX40: 2889.933 | BY40: 2759.8211 | BZ40: 2970.7613 | CA40: 2822.7368 | CB40: 2924.3963 | CC40: 2851.4131 | CD40: 2849.8006 | CE40: 2922.7586 | CF40: 2824.1489 | CG40: 2956.3572 | CH40: 2986.6872 | CI40: 2899.1324 | CJ40: 3124.975 | CK40: 2995.25 | CL40: 3207.668 | CM40: 3062.3852 | CN40: 3167.7007 | CO40: 3099.6279 | CP40: 3102.501 | CQ40: 3173.9936 | CR40: 3087.1105 | CS40: 3195.723 | CT40: 3240.3753 | CU40: 3152.8794 | CV40: -1 | CW40: 1401
C41: Actual | CV41: 0 | CW41: 0
A42: Rr1402 | B42: adm | C42: Forecast | D42: 85.08853 | E42: 75.347942 | F42: 82.171626 | G42: 79.157025 | H42: 76.611669 | I42: 77.716972 | J42: 71.697849 | K42: 69.952822 | L42: 67.364954 | M42: 59.046031 | N42: 61.404469 | O42: 57.596517 | P42: 69.749626 | Q42: 73.457121 | R42: 80.4498 | S42: 81.174245 | T42: 79.230133 | U42: 80.990815 | V42: 75.302864 | W42: 73.627197 | X42: 71.41723 | Y42: 63.783547 | Z42: 67.116689 | AA42: 64.403901 | AB42: 77.540935 | AC42: 81.961689 | AD42: 89.348539 | AE42: 90.211388 | AF42: 88.275547 | AG42: 90.041114 | AH42: 84.440576 | AI42: 82.965548 | AJ42: 81.056027 | AK42: 73.786815 | AL42: 77.510173 | AM42: 75.184213 | AN42: 88.68718 | AO42: 93.444308 | AP42: 101.1347 | AQ42: 102.26868 | AR42: 100.57574 | AS42: 102.5641 | AT42: 97.177291 | AU42: 95.918455 | AV42: 94.236494 | AW42: 87.21022 | AX42: 91.190428 | AY42: 89.129554 | AZ42: 102.89839 | BA42: 107.91548 | BB42: 115.85568 | BC42: 117.22809 | BD42: 115.76335 | BE42: 117.97212 | BF42: 112.80051 | BG42: 111.75356 | BH42: 110.28117 | BI42: 103.46249 | BJ42: 107.64835 | BK42: 105.7914 | BL42: 119.76311 | BM42: 124.98306 | BN42: 133.1273 | BO42: 134.70571 | BP42: 133.4487 | BQ42: 135.86528 | BR42: 130.89834 | BS42: 130.04864 | BT42: 128.76166 | BU42: 122.11335 | BV42: 126.45401 | BW42: 124.73937 | BX42: 138.84764 | BY42: 144.2079 | BZ42: 152.50643 | CA42: 154.26143 | CB42: 153.20708 | CC42: 155.8494 | CD42: 151.12062 | CE42: 150.50369 | CF42: 149.42138 | CG42: 142.92645 | CH42: 147.35342 | CI42: 145.65138 | CJ42: 159.71634 | CK42: 165.01697 | CL42: 173.27826 | CM42: 175.10065 | CN42: 174.26256 | CO42: 177.16936 | CP42: 173.12291 | CQ42: 172.70049 | CR42: 171.87695 | CS42: 166.84262 | CT42: 168.36212 | CU42: 169.03319 | CV42: 1 | CW42: 1402
C43: Actual | CV43: 0 | CW43: 0
A44: Rr1402 | B44: desl | C44: Forecast | D44: 76.995513 | E44: 78.36382 | F44: 83.978285 | G44: 74.826367 | H44: 78.359795 | I44: 70.019523 | J44: 70.577064 | K44: 70.509427 | L44: 60.065785 | M44: 68.822791 | N44: 62.317684 | O44: 59.269567 | P44: 69.028332 | Q44: 66.942637 | R44: 78.641339 | S44: 70.650796 | T44: 76.233585 | U44: 69.051631 | V44: 70.148492 | W44: 70.435581 | X44: 60.267876 | Y44: 69.462249 | Z44: 63.6426 | AA44: 61.488702 | AB44: 72.200552 | AC44: 70.96808 | AD44: 83.315208 | AE44: 75.741116 | AF44: 81.557873 | AG44: 74.518691 | AH44: 75.756411 | AI44: 76.241988 | AJ44: 66.351074 | AK44: 75.890429 | AL44: 70.4591 | AM44: 68.710738 | AN44: 79.825105 | AO44: 78.979393 | AP44: 91.690679 | AQ44: 84.45514 | AR44: 90.584832 | AS44: 83.83607 | AT44: 85.347928 | AU44: 86.099778 | AV44: 76.475884 | AW44: 86.289519 | AX44: 81.142519 | AY44: 79.68729 | AZ44: 91.099326 | BA44: 90.550323 | BB44: 103.55245 | BC44: 96.598791 | BD44: 103.00047 | BE44: 96.514623 | BF44: 98.282152 | BG44: 99.284408 | BH44: 89.907269 | BI44: 99.965044 | BJ44: 95.060106 | BK44: 93.845113 | BL44: 105.49575 | BM44: 105.18395 | BN44: 118.42216 | BO44: 111.70362 | BP44: 118.33928 | BQ44: 112.08557 | BR44: 114.08206 | BS44: 115.30825 | BT44: 106.148 | BU44: 116.41388 | BV44: 111.70752 | BW44: 110.68236 | BX44: 122.51667 | BY44: 122.38663 | BZ44: 135.80992 | CA44: 129.28474 | CB44: 136.12533 | CC44: 130.08815 | CD44: 132.3087 | CE44: 133.75779 | CF44: 124.80797 | CG44: 135.25906 | CH44: 130.70258 | CI44: 129.78898 | CJ44: 141.70526 | CK44: 141.62741 | CL44: 155.1245 | CM44: 148.68814 | CN44: 155.66483 | CO44: 149.87921 | CP44: 152.30025 | CQ44: 153.93976 | CR44: 146.00967 | CS44: 154.56542 | CT44: 153.63792 | CU44: 150.03489 | CV44: -1 | CW44: 1402
C45: Actual | CV45: 0 | CW45: 0
A46: Pa1501 | B46: adm | C46: Forecast | D46: 1146.2576 | E46: 1234.9614 | F46: 1337.4403 | G46: 1337.0007 | H46: 1275.0842 | I46: 1326.2509 | J46: 1248.114 | K46: 1298.2685 | L46: 1306.9589 | M46: 1193.2647 | N46: 1295.2311 | O46: 1115.1499 | P46: 1326.7988 | Q46: 1370.7497 | R46: 1472.9487 | S46: 1477.3238 | T46: 1405.3943 | U46: 1450.6251 | V46: 1377.1945 | W46: 1435.7029 | X46: 1459.6444 | Y46: 1364.7731 | Z46: 1482.9093 | AA46: 1312.1476 | AB46: 1525.0274 | AC46: 1563.7098 | AD46: 1657.7695 | AE46: 1655.1705 | AF46: 1580.1172 | AG46: 1626.7668 | AH46: 1558.3604 | AI46: 1623.7458 | AJ46: 1654.7122 | AK46: 1565.8842 | AL46: 1688.6338 | AM46: 1521.1242 | AN46: 1736.2215 | AO46: 1776.4581 | AP46: 1871.7286 | AQ46: 1870.2616 | AR46: 1796.489 | AS46: 1844.7553 | AT46: 1778.4176 | AU46: 1846.3333 | AV46: 1880.1852 | AW46: 1794.4065 | AX46: 1920.153 | AY46: 1755.4129 | AZ46: 1972.963 | BA46: 2015.3425 | BB46: 2112.5256 | BC46: 2112.8524 | BD46: 2040.8572 | BE46: 2090.9512 | BF46: 2026.5149 | BG46: 2096.3945 | BH46: 2132.2441 | BI46: 2048.4679 | BJ46: 2176.2039 | BK46: 2013.4372 | BL46: 2232.9525 | BM46: 2277.2992 | BN46: 2376.4544 | BO46: 2378.7446 | BP46: 2308.6712 | BQ46: 2360.597 | BR46: 2297.8507 | BS46: 2369.2412 | BT46: 2406.4195 | BU46: 2323.8352 | BV46: 2452.721 | BW46: 2291.1922 | BX46: 2512.1687 | BY46: 2558.3003 | BZ46: 2659.5915 | CA46: 2664.2986 | CB46: 2596.7515 | CC46: 2651.0636 | CD46: 2590.2793 | CE46: 2662.9528 | CF46: 2700.5717 | CG46: 2617.5998 | CH46: 2745.5007 | CI46: 2582.8461 | CJ46: 2803.253 | CK46: 2850.2467 | CL46: 2954.071 | CM46: 2963.7579 | CN46: 2902.9007 | CO46: 2963.8428 | CP46: 2910.3665 | CQ46: 2983.4548 | CR46: 3015.0066 | CS46: 2951.4073 | CT46: 3016.1355 | CU46: 2904.4602 | CV46: 1 | CW46: 1501
C47: Actual | CV47: 0 | CW47: 0
A48: Pa1501 | B48: desl | C48: Forecast | D48: 1412.8857 | E48: 1321.8601 | F48: 1453.3331 | G48: 1300.2864 | H48: 1344.8923 | I48: 1197.667 | J48: 1150.3911 | K48: 1220.8265 | L48: 1114.3414 | M48: 1356.6453 | N48: 1471.3294 | O48: 1442.7716 | P48: 1534.3017 | Q48: 1375.091 | R48: 1480.8343 | S48: 1323.6915 | T48: 1349.3727 | U48: 1207.2919 | V48: 1164.5196 | W48: 1244.1994 | X48: 1157.4979 | Y48: 1422.7822 | Z48: 1559.7035 | AA48: 1546.8984 | AB48: 1644.4756 | AC48: 1482.5957 | AD48: 1580.6985 | AE48: 1415.637 | AF48: 1436.8567 | AG48: 1295.4515 | AH48: 1258.1045 | AI48: 1346.2597 | AJ48: 1269.0475 | AK48: 1543.2037 | AL48: 1687.4919 | AM48: 1680.3538 | AN48: 1782.1347 | AO48: 1623.4022 | AP48: 1724.0151 | AQ48: 1561.2016 | AR48: 1584.7341 | AS48: 1445.9765 | AT48: 1411.7943 | AU48: 1503.6874 | AV48: 1430.6991 | AW48: 1709.3606 | AX48: 1858.1766 | AY48: 1855.3536 | AZ48: 1961.0878 | BA48: 1805.91 | BB48: 1909.7406 | BC48: 1749.9272 | BD48: 1776.3702 | BE48: 1640.5334 | BF48: 1609.3361 | BG48: 1704.2883 | BH48: 1634.4157 | BI48: 1916.2219 | BJ48: 2068.1891 | BK48: 2068.5124 | BL48: 2177.3854 | BM48: 2025.3371 | BN48: 2132.2768 | BO48: 1975.5241 | BP48: 2004.9333 | BQ48: 1871.9111 | BR48: 1843.3244 | BS48: 1940.6569 | BT48: 1872.9541 | BU48: 2156.7971 | BV48: 2310.7982 | BW48: 2313.3114 | BX48: 2424.6783 | BY48: 2275.5181 | BZ48: 2385.733 | CA48: 2232.5172 | CB48: 2265.4879 | CC48: 2135.7372 | CD48: 2109.8028 | CE48: 2208.8935 | CF48: 2141.927 | CG48: 2425.5775 | CH48: 2578.8031 | CI48: 2580.6233 | CJ48: 2692.2927 | CK48: 2545.0861 | CL48: 2659.8851 | CM48: 2513.5462 | CN48: 2554.7385 | CO48: 2435.0042 | CP48: 2412.6053 | CQ48: 2512.4056 | CR48: 2454.3364 | CS48: 2689.0101 | CT48: 2882.5772 | CU48: 2866.6802 | CV48: -1 | CW48: 1501
C49: Actual | CV49: 0 | CW49: 0
A50: Pa1502 | B50: adm | C50: Forecast | D50: 132.08307 | E50: 145.11543 | F50: 147.37664 | G50: 150.37329 | H50: 140.02493 | I50: 158.61467 | J50: 146.13007 | K50: 150.69347 | L50: 158.23882 | M50: 117.34352 | N50: 120.75994 | O50: 103.72448 | P50: 137.50447 | Q50: 148.42498 | R50: 153.12103 | S50: 155.76125 | T50: 145.73071 | U50: 163.46895 | V50: 150.56499 | W50: 155.09903 | X50: 162.65801 | Y50: 122.00397 | Z50: 125.42344 | AA50: 108.01804 | AB50: 141.15771 | AC50: 151.26853 | AD50: 155.13804 | AE50: 157.07761 | AF50: 146.52636 | AG50: 163.90091 | AH50: 150.72536 | AI50: 155.00713 | AJ50: 162.28257 | AK50: 121.29562 | AL50: 124.33757 | AM50: 106.52465 | AN50: 139.24184 | AO50: 148.92585 | AP50: 152.3708 | AQ50: 153.89337 | AR50: 142.93811 | AS50: 159.92661 | AT50: 146.38568 | AU50: 150.32148 | AV50: 157.26507 | AW50: 115.95288 | AX50: 118.66905 | AY50: 100.52526 | AZ50: 132.90564 | BA50: 142.24926 | BB50: 145.35438 | BC50: 146.54183 | BD50: 135.259 | BE50: 151.92848 | BF50: 138.07639 | BG50: 141.70725 | BH50: 148.35029 | BI50: 106.7406 | BJ50: 109.1618 | BK50: 90.725988 | BL50: 122.81835 | BM50: 131.87929 | BN50: 134.70817 | BO50: 135.62617 | BP50: 124.08001 | BQ50: 140.49054 | BR50: 126.38133 | BS50: 129.75417 | BT50: 136.13622 | BU50: 94.26195 | BV50: 96.416385 | BW50: 77.715187 | BX50: 109.54887 | BY50: 118.36396 | BZ50: 120.96513 | CA50: 121.67648 | CB50: 109.94349 | CC50: 126.18069 | CD50: 111.90028 | CE50: 115.08947 | CF50: 121.25965 | CG50: 79.137059 | CH50: 81.010953 | CI50: 61.998292 | CJ50: 93.53448 | CK50: 102.10958 | CL50: 104.4832 | CM50: 105.17932 | CN50: 93.419594 | CO50: 109.59079 | CP50: 96.330466 | CQ50: 97.826765 | CR50: 104.98178 | CS50: 68.719032 | CT50: 58.118528 | CU50: 49.642376 | CV50: 1 | CW50: 1502
C51: Actual | CV51: 0 | CW51: 0
A52: Pa1502 | B52: desl | C52: Forecast | D52: 151.48156 | E52: 147.01862 | F52: 160.08854 | G52: 149.53276 | H52: 158.25853 | I52: 145.96313 | J52: 157.01457 | K52: 165.59106 | L52: 149.85492 | M52: 183.97319 | N52: 183.87714 | O52: 167.37527 | P52: 163.58164 | Q52: 143.75855 | R52: 150.49888 | S52: 136.1696 | T52: 144.32763 | U52: 133.38273 | V52: 145.78148 | W52: 155.13187 | X52: 139.16576 | Y52: 171.92665 | Z52: 169.80991 | AA52: 151.3112 | AB52: 146.09114 | AC52: 125.69438 | AD52: 132.67403 | AE52: 119.08428 | AF52: 128.07937 | AG52: 117.75043 | AH52: 130.39202 | AI52: 139.62333 | AJ52: 123.28761 | AK52: 155.5644 | AL52: 152.95963 | AM52: 134.03595 | AN52: 128.48191 | AO52: 107.84571 | AP52: 114.67228 | AQ52: 101.0009 | AR52: 109.9641 | AS52: 99.624796 | AT52: 112.24665 | AU52: 121.4224 | AV52: 104.98055 | AW52: 137.10103 | AX52: 134.30373 | AY52: 115.17272 | AZ52: 109.41794 | BA52: 88.602756 | BB52: 95.27814 | BC52: 81.481041 | BD52: 90.336457 | BE52: 79.898389 | BF52: 92.423259 | BG52: 101.49967 | BH52: 84.95492 | BI52: 116.96953 | BJ52: 114.06429 | BK52: 94.823383 | BL52: 88.955569 | BM52: 68.022072 | BN52: 74.571739 | BO52: 60.64074 | BP52: 69.355959 | BQ52: 58.776743 | BR52: 71.168098 | BS52: 80.128912 | BT52: 63.495699 | BU52: 95.453649 | BV52: 92.520579 | BW52: 73.268548 | BX52: 67.386041 | BY52: 46.409746 | BZ52: 52.865897 | CA52: 38.777087 | CB52: 47.271451 | CC52: 36.427415 | CD52: 48.545826 | CE52: 57.272778 | CF52: 40.495689 | CG52: 72.441464 | CH52: 69.644332 | CI52: 50.67499 | CJ52: 45.144166 | CK52: 24.478513 | CL52: 31.1363 | CM52: 16.859996 | CN52: 24.857119 | CO52: 13.369875 | CP52: 23.402878 | CQ52: 32.777038 | CR52: 14.383369 | CS52: 41.081649 | CT52: 47.625238 | CU52: 24.052643 | CV52: -1 | CW52: 1502
C53: Actual | CV53: 0 | CW53: 0
A54: Pa1503 | B54: adm | C54: Forecast | D54: 10262.679 | E54: 10602.045 | F54: 11119.471 | G54: 11562.143 | H54: 11353.419 | I54: 11770.91 | J54: 11332.243 | K54: 11610.403 | L54: 11786.52 | M54: 10917.098 | N54: 11487.455 | O54: 10602.643 | P54: 11391.09 | Q54: 11818.284 | R54: 12434.058 | S54: 12867.511 | T54: 12592.176 | U54: 12965.857 | V54: 12499.62 | W54: 12793.489 | X54: 13032.388 | Y54: 12266.83 | Z54: 12949.269 | AA54: 12155.263 | AB54: 12997.316 | AC54: 13438.269 | AD54: 14039.318 | AE54: 14448.375 | AF54: 14155.483 | AG54: 14527.842 | AH54: 14078.035 | AI54: 14401.88 | AJ54: 14677.864 | AK54: 13950.694 | AL54: 14668.958 | AM54: 13906.366 | AN54: 14775.005 | AO54: 15238.038 | AP54: 15857.36 | AQ54: 16281.894 | AR54: 16002.988 | AS54: 16389.299 | AT54: 15954.731 | AU54: 16295.943 | AV54: 16591.574 | AW54: 15885.811 | AX54: 16626.286 | AY54: 15885.666 | AZ54: 16775.221 | BA54: 17257.708 | BB54: 17895.038 | BC54: 18336.443 | BD54: 18073.703 | BE54: 18475.861 | BF54: 18057.076 | BG54: 18414.114 | BH54: 18725.613 | BI54: 18035.718 | BJ54: 18792.036 | BK54: 18067.259 | BL54: 18972.725 | BM54: 19471.267 | BN54: 20124.826 | BO54: 20582.56 | BP54: 20336.036 | BQ54: 20753.951 | BR54: 20350.044 | BS54: 20720.699 | BT54: 21044.353 | BU54: 20365.254 | BV54: 21131.482 | BW54: 20416.542 | BX54: 21332.772 | BY54: 21843.959 | BZ54: 22512.67 | CA54: 22988.113 | CB54: 22761.167 | CC54: 23199.116 | CD54: 22813.708 | CE54: 23199.121 | CF54: 23531.824 | CG54: 22855.039 | CH54: 23617.328 | CI54: 22894.436 | CJ54: 23803.434 | CK54: 24314.26 | CL54: 24992.889 | CM54: 25495.983 | CN54: 25310.646 | CO54: 25793.771 | CP54: 25470.775 | CQ54: 25862.016 | CR54: 26202.129 | CS54: 25650.764 | CT54: 26046.886 | CU54: 25632.738 | CV54: 1 | CW54: 1503
C55: Actual | CV55: 0 | CW55: 0
A56: Pa1503 | B56: desl | C56: Forecast | D56: 11429.285 | E56: 11170.726 | F56: 11857.989 | G56: 11346.823 | H56: 11725.022 | I56: 10868.951 | J56: 10890.742 | K56: 11398.617 | L56: 10685.043 | M56: 12234.547 | N56: 12585.575 | O56: 12184.222 | P56: 12124.082 | Q56: 11636.228 | R56: 12404.313 | S56: 11826.123 | T56: 12132.02 | U56: 11315.501 | V56: 11334.765 | W56: 11883.808 | X56: 11249.178 | Y56: 12893.737 | Z56: 13344.237 | AA56: 13025.953 | AB56: 13020.864 | AC56: 12561.67 | AD56: 13342.227 | AE56: 12773.357 | AF56: 13095.689 | AG56: 12307.571 | AH56: 12366.726 | AI56: 12963.457 | AJ56: 12379.737 | AK56: 14074.659 | AL56: 14572.776 | AM56: 14298.57 | AN56: 14334.043 | AO56: 13912.271 | AP56: 14727.657 | AQ56: 14191.737 | AR56: 14546.025 | AS56: 13789.819 | AT56: 13881.655 | AU56: 14512.291 | AV56: 13963.681 | AW56: 15694.48 | AX56: 16228.558 | AY56: 15989.714 | AZ56: 16059.46 | BA56: 15670.671 | BB56: 16517.817 | BC56: 16012.667 | BD56: 16397.021 | BE56: 15670.422 | BF56: 15791.56 | BG56: 16451.265 | BH56: 15931.519 | BI56: 17690.988 | BJ56: 18253.575 | BK56: 18043.125 | BL56: 18141.193 | BM56: 17780.655 | BN56: 18655.906 | BO56: 18178.542 | BP56: 18590.093 | BQ56: 17889.783 | BR56: 18036.021 | BS56: 18719.493 | BT56: 18222.269 | BU56: 20003.389 | BV56: 20587.38 | BW56: 20398.846 | BX56: 20520.051 | BY56: 20184.318 | BZ56: 21086.041 | CA56: 20636.277 | CB56: 21075.497 | CC56: 20401.486 | CD56: 20571.099 | CE56: 21273.639 | CF56: 20790.457 | CG56: 22580.848 | CH56: 23170.821 | CI56: 22988.196 | CJ56: 23119.754 | CK56: 22801.215 | CL56: 23733.44 | CM56: 23323.997 | CN56: 23809.84 | CO56: 23192.95 | CP56: 23378.402 | CQ56: 24093.901 | CR56: 23692.722 | CS56: 25138.211 | CT56: 26147.369 | CU56: 25745.56 | CV56: -1 | CW56: 1503
C57: Actual | CV57: 0 | CW57: 0
A58: Pa1504 | B58: adm | C58: Forecast | D58: 1705.7568 | E58: 1744.0076 | F58: 1934.0426 | G58: 1919.1726 | H58: 1856.4918 | I58: 1904.0561 | J58: 1749.5847 | K58: 1857.4758 | L58: 1890.6858 | M58: 1672.9436 | N58: 1874.0967 | O58: 1574.3059 | P58: 1833.9716 | Q58: 1859.3945 | R58: 2116.0283 | S58: 2145.8604 | T58: 2074.9415 | U58: 2122.7649 | V58: 1975.0901 | W58: 2092.2625 | X58: 2149.4393 | Y58: 1964.4324 | Z58: 2197.4357 | AA58: 1920.6664 | AB58: 2190.4176 | AC58: 2213.9911 | AD58: 2461.8921 | AE58: 2482.501 | AF58: 2406.6775 | AG58: 2455.8543 | AH58: 2315.1034 | AI58: 2442.5601 | AJ58: 2510.9614 | AK58: 2336.3623 | AL58: 2578.1211 | AM58: 2308.3605 | AN58: 2583.659 | AO58: 2611.6867 | AP58: 2863.2825 | AQ58: 2887.1397 | AR58: 2814.4515 | AS58: 2866.9962 | AT58: 2730.1346 | AU58: 2862.1462 | AV58: 2935.7178 | AW58: 2766.681 | AX58: 3014.0799 | AY58: 2749.7405 | AZ58: 3030.049 | BA58: 3062.6231 | BB58: 3318.3716 | BC58: 3346.1262 | BD58: 3277.2258 | BE58: 3333.5561 | BF58: 3200.5292 | BG58: 3336.4265 | BH58: 3413.909 | BI58: 3248.7796 | BJ58: 3500.068 | BK58: 3239.6067 | BL58: 3523.8038 | BM58: 3560.301 | BN58: 3820.0147 | BO58: 3851.7527 | BP58: 3786.7897 | BQ58: 3846.9122 | BR58: 3717.4191 | BS58: 3856.4986 | BT58: 3936.7782 | BU58: 3774.1184 | BV58: 4027.7084 | BW58: 3769.6216 | BX58: 4056.5377 | BY58: 4096.3286 | BZ58: 4360.0258 | CA58: 4396.3799 | CB58: 4336.4139 | CC58: 4401.4889 | CD58: 4276.3619 | CE58: 4418.663 | CF58: 4500.5646 | CG58: 4337.7558 | CH58: 4589.6642 | CI58: 4329.0883 | CJ58: 4614.1191 | CK58: 4654.3063 | CL58: 4921.5365 | CM58: 4966.467 | CN58: 4918.4345 | CO58: 4996.2005 | CP58: 4886.6349 | CQ58: 5026.5962 | CR58: 5109.5992 | CS58: 4976.86 | CT58: 5121.9135 | CU58: 4974.5326 | CV58: 1 | CW58: 1504
C59: Actual | CV59: 0 | CW59: 0
A60: Pa1504 | B60: desl | C60: Forecast | D60: 1975.2874 | E60: 1826.2788 | F60: 2058.2286 | G60: 1851.8993 | H60: 1966.7951 | I60: 1812.9763 | J60: 1789.5453 | K60: 1807.1921 | L60: 1672.6921 | M60: 1880.9546 | N60: 1908.2967 | O60: 1858.7174 | P60: 2074.7568 | Q60: 1858.641 | R60: 2066.8178 | S60: 1865.3386 | T60: 1982.3275 | U60: 1842.3512 | V60: 1828.2415 | W60: 1857.7863 | X60: 1739.8828 | Y60: 1967.9008 | Z60: 2017.6177 | AA60: 1989.5396 | AB60: 2222.7052 | AC60: 2017.7186 | AD60: 2231.5285 | AE60: 2032.3598 | AF60: 2151.0797 | AG60: 2014.4838 | AH60: 2006.485 | AI60: 2044.7879 | AJ60: 1937.4324 | AK60: 2176.6791 | AL60: 2237.3726 | AM60: 2219.4643 | AN60: 2461.8048 | AO60: 2265.0586 | AP60: 2486.3571 | AQ60: 2294.1471 | AR60: 2419.5222 | AS60: 2289.4944 | AT60: 2288.1657 | AU60: 2333.3747 | AV60: 2233.2133 | AW60: 2479.9011 | AX60: 2548.1655 | AY60: 2537.8039 | AZ60: 2787.5225 | BA60: 2597.8903 | BB60: 2826.0078 | BC60: 2640.3498 | BD60: 2772.0734 | BE60: 2648.2633 | BF60: 2653.0808 | BG60: 2704.4001 | BH60: 2610.3256 | BI60: 2863.0737 | BJ60: 2937.3632 | BK60: 2932.9845 | BL60: 3188.6423 | BM60: 3004.9063 | BN60: 3238.875 | BO60: 3059.0117 | BP60: 3196.4481 | BQ60: 3078.2297 | BR60: 3088.4715 | BS60: 3145.0076 | BT60: 3055.9243 | BU60: 3313.457 | BV60: 3392.3873 | BW60: 3392.6071 | BX60: 3652.9411 | BY60: 3474.0682 | BZ60: 3713.1507 | CA60: 3538.6424 | CB60: 3681.5795 | CC60: 3568.8301 | CD60: 3584.2767 | CE60: 3645.5033 | CF60: 3560.3894 | CG60: 3821.0646 | CH60: 3902.3586 | CI60: 3904.4619 | CJ60: 4166.703 | CK60: 3990.3037 | CL60: 4233.3496 | CM60: 4064.4793 | CN60: 4214.7678 | CO60: 4111.4748 | CP60: 4132.8198 | CQ60: 4200.5934 | CR60: 4121.8677 | CS60: 4357.2441 | CT60: 4467.1654 | CU60: 4462.3193 | CV60: -1 | CW60: 1504
C61: Actual | CV61: 0 | CW61: 0
A62: Pa1505 | B62: adm | C62: Forecast | D62: 1493.4897 | E62: 1939.9273 | F62: 2250.7789 | G62: 2351.5955 | H62: 2293.3181 | I62: 2338.394 | J62: 2124.24 | K62: 2095.7007 | L62: 2045.2723 | M62: 1738.1281 | N62: 1829.1099 | O62: 1677.4108 | P62: 2168.5399 | Q62: 2451.6271 | R62: 2749.4406 | S62: 2813.7016 | T62: 2708.7557 | U62: 2707.7587 | V62: 2462.7256 | W62: 2429.0843 | X62: 2397.9341 | Y62: 2133.1818 | Z62: 2277.2222 | AA62: 2173.3729 | AB62: 2695.3681 | AC62: 2987.8408 | AD62: 3277.4248 | AE62: 3324.8482 | AF62: 3203.5232 | AG62: 3192.7154 | AH62: 2946.7354 | AI62: 2920.0737 | AJ62: 2901.0716 | AK62: 2650.569 | AL62: 2808.5711 | AM62: 2716.9941 | AN62: 3248.9818 | AO62: 3549.0687 | AP62: 3844.0797 | AQ62: 3895.1705 | AR62: 3776.4008 | AS62: 3767.8273 | AT62: 3524.5389 | AU62: 3501.6042 | AV62: 3487.6004 | AW62: 3243.2279 | AX62: 3408.0664 | AY62: 3323.4885 | AZ62: 3862.1555 | BA62: 4168.3032 | BB62: 4468.6794 | BC62: 4524.5423 | BD62: 4410.1492 | BE62: 4405.7606 | BF62: 4166.6146 | BG62: 4147.8523 | BH62: 4138.0598 | BI62: 3897.9167 | BJ62: 4066.9881 | BK62: 3986.6642 | BL62: 4529.6611 | BM62: 4840.2906 | BN62: 5145.3644 | BO62: 5206.1507 | BP62: 5096.8274 | BQ62: 5097.4737 | BR62: 4863.0639 | BS62: 4848.4508 | BT62: 4841.9934 | BU62: 4604.2954 | BV62: 4775.065 | BW62: 4696.0726 | BX62: 5240.6047 | BY62: 5553.6234 | BZ62: 5862.5155 | CA62: 5928.8816 | CB62: 5826.8406 | CC62: 5835.9284 | CD62: 5610.0824 | CE62: 5602.7351 | CF62: 5600.676 | CG62: 5363.2344 | CH62: 5529.6244 | CI62: 5442.3031 | CJ62: 5976.9784 | CK62: 6282.2936 | CL62: 6589.0496 | CM62: 6663.7175 | CN62: 6579.8711 | CO62: 6614.339 | CP62: 6422.5833 | CQ62: 6425.8617 | CR62: 6445.2614 | CS62: 6247.7712 | CT62: 6305.2803 | CU62: 6275.1334 | CV62: 1 | CW62: 1505
C63: Actual | CV63: 0 | CW63: 0
A64: Pa1505 | B64: desl | C64: Forecast | D64: 2022.7546 | E64: 1977.2785 | F64: 2084.0215 | G64: 1941.9766 | H64: 2071.8723 | I64: 1909.2651 | J64: 2026.6496 | K64: 2066.2343 | L64: 2014.9354 | M64: 2356.789 | N64: 2302.3859 | O64: 2229.425 | P64: 2203.8772 | Q64: 2034.8805 | R64: 2202.4611 | S64: 2042.8846 | T64: 2186.8509 | U64: 2042.1226 | V64: 2168.7529 | W64: 2218.3896 | X64: 2177.129 | Y64: 2527.1015 | Z64: 2478.4729 | AA64: 2409.282 | AB64: 2386.6497 | AC64: 2221.1802 | AD64: 2393.5086 | AE64: 2240.0317 | AF64: 2391.3161 | AG64: 2254.7565 | AH64: 2389.8238 | AI64: 2447.6347 | AJ64: 2413.973 | AK64: 2770.8951 | AL64: 2728.6553 | AM64: 2665.4498 | AN64: 2648.5692 | AO64: 2488.7754 | AP64: 2666.8265 | AQ64: 2519.1913 | AR64: 2676.456 | AS64: 2545.9901 | AT64: 2687.207 | AU64: 2751.1478 | AV64: 2723.5206 | AW64: 3086.3241 | AX64: 3049.7837 | AY64: 2992.0991 | AZ64: 2980.5885 | BA64: 2826.0534 | BB64: 3009.2908 | BC64: 2866.7983 | BD64: 3029.1762 | BE64: 2903.7947 | BF64: 3050.0592 | BG64: 3118.9996 | BH64: 3096.3143 | BI64: 3463.9955 | BJ64: 3432.2659 | BK64: 3379.3232 | BL64: 3372.4838 | BM64: 3222.5443 | BN64: 3410.2949 | BO64: 3272.2241 | BP64: 3438.925 | BQ64: 3317.7653 | BR64: 3468.1565 | BS64: 3541.1462 | BT64: 3522.4621 | BU64: 3894.133 | BV64: 3866.4175 | BW64: 3817.536 | BX64: 3814.8007 | BY64: 3668.9693 | BZ64: 3860.7587 | CA64: 3726.5644 | CB64: 3896.8916 | CC64: 3779.0566 | CD64: 3932.4825 | CE64: 4008.2995 | CF64: 3992.3849 | CG64: 4366.9236 | CH64: 4342.2823 | CI64: 4296.8103 | CJ64: 4297.75 | CK64: 4155.6792 | CL64: 4351.5219 | CM64: 4220.8029 | CN64: 4394.9077 | CO64: 4280.9767 | CP64: 4432.23 | CQ64: 4513.7899 | CR64: 4490.3161 | CS64: 4829.5375 | CT64: 4878.278 | CU64: 4788.0517 | CV64: -1 | CW64: 1505
C65: Actual | CV65: 0 | CW65: 0
A66: Pa1506 | B66: adm | C66: Forecast | D66: 6079.3273 | E66: 7007.2351 | F66: 7946.9726 | G66: 8469.9509 | H66: 8249.5752 | I66: 8715.4152 | J66: 8250.1338 | K66: 8393.7628 | L66: 8465.8878 | M66: 7304.8778 | N66: 7616.4846 | O66: 6560.938 | P66: 7771.6549 | Q66: 8305.8569 | R66: 9057.6033 | S66: 9405.2798 | T66: 9102.2569 | U66: 9508.2733 | V66: 9023.809 | W66: 9178.3786 | X66: 9285.1864 | Y66: 8186.1155 | Z66: 8564.5358 | AA66: 7565.7184 | AB66: 8816.1436 | AC66: 9369.1696 | AD66: 10122.279 | AE66: 10462.22 | AF66: 10150.638 | AG66: 10553.332 | AH66: 10073.774 | AI66: 10241.5 | AJ66: 10367.812 | AK66: 9291.9122 | AL66: 9694.4861 | AM66: 8718.642 | AN66: 9989.4569 | AO66: 10559.643 | AP66: 11326.718 | AQ66: 11678.039 | AR66: 11376.244 | AS66: 11788.263 | AT66: 11318.582 | AU66: 11497.407 | AV66: 11636.262 | AW66: 10574.144 | AX66: 10991.237 | AY66: 10030.043 | AZ66: 11315.106 | BA66: 11898.793 | BB66: 12678.505 | BC66: 13041.673 | BD66: 12751.124 | BE66: 13174.01 | BF66: 12715.003 | BG66: 12904.432 | BH66: 13053.879 | BI66: 12002.356 | BJ66: 12430.051 | BK66: 11479.482 | BL66: 12775.229 | BM66: 13369.703 | BN66: 14160.329 | BO66: 14534.505 | BP66: 14254.941 | BQ66: 14688.578 | BR66: 14239.818 | BS66: 14438.724 | BT66: 14596.704 | BU66: 13552.771 | BV66: 13987.348 | BW66: 13043.414 | BX66: 14346.163 | BY66: 14948.651 | BZ66: 15748.804 | CA66: 16134.216 | CB66: 15867.354 | CC66: 16314.434 | CD66: 15878.666 | CE66: 16088.644 | CF66: 16254.266 | CG66: 15213.524 | CH66: 15646.757 | CI66: 14697.988 | CJ66: 15995.291 | CK66: 16596.133 | CL66: 17399.694 | CM66: 17800.952 | CN66: 17559.499 | CO66: 18031.543 | CP66: 17643.959 | CQ66: 17852.544 | CR66: 18008.914 | CS66: 17158.683 | CT66: 17181.211 | CU66: 16586.663 | CV66: 1 | CW66: 1506
C67: Actual | CV67: 0 | CW67: 0
A68: Pa1506 | B68: desl | C68: Forecast | D68: 8398.0762 | E68: 8049.4852 | F68: 8489.8003 | G68: 8056.1313 | H68: 8235.982 | I68: 7649.5823 | J68: 7655.3398 | K68: 8120.1989 | L68: 7619.0794 | M68: 8919.2125 | N68: 9316.1951 | O68: 8876.968 | P68: 8833.6627 | Q68: 8341.734 | R68: 8790.2878 | S68: 8329.3735 | T68: 8451.206 | U68: 7902.3985 | V68: 7921.8705 | W68: 8432.1683 | X68: 8000.756 | Y68: 9376.5749 | Z68: 9843.0222 | AA68: 9453.0408 | AB68: 9432.3502 | AC68: 8942.0773 | AD68: 9383.3402 | AE68: 8918.6551 | AF68: 9048.4781 | AG68: 8521.6899 | AH68: 8574.3362 | AI68: 9123.6171 | AJ68: 8731.7153 | AK68: 10143.936 | AL68: 10642.163 | AM68: 10279.477 | AN68: 10282.547 | AO68: 9813.6224 | AP68: 10274.835 | AQ68: 9829.5761 | AR68: 9979.0666 | AS68: 9472.8183 | AT68: 9547.2653 | AU68: 10119.647 | AV68: 9751.8117 | AW68: 11188.46 | AX68: 11710.787 | AY68: 11371.314 | AZ68: 11396.41 | BA68: 10948.328 | BB68: 11429.429 | BC68: 11003.442 | BD68: 11171.907 | BE68: 10684.558 | BF68: 10777.93 | BG68: 11369.268 | BH68: 11020.375 | BI68: 12475.899 | BJ68: 13017.004 | BK68: 12696.196 | BL68: 12739.837 | BM68: 12310.145 | BN68: 12809.405 | BO68: 12401.211 | BP68: 12586.932 | BQ68: 12116.132 | BR68: 12225.233 | BS68: 12831.49 | BT68: 12496.89 | BU68: 13966.434 | BV68: 14521.761 | BW68: 14215.864 | BX68: 14275.46 | BY68: 13862.848 | BZ68: 14380.033 | CA68: 13989.961 | CB68: 14193.081 | CC68: 13737.938 | CD68: 13860.093 | CE68: 14476.295 | CF68: 14148.673 | CG68: 15623.09 | CH68: 16182.72 | CI68: 15882.98 | CJ68: 15953.272 | CK68: 15556.667 | CL68: 16098.606 | CM68: 15737.367 | CN68: 15971.533 | CO68: 15552.526 | CP68: 15673.595 | CQ68: 16297.35 | CR68: 16002.151 | CS68: 17215.023 | CT68: 18083.109 | CU68: 17643.141 | CV68: -1 | CW68: 1506
C69: Actual | CV69: 0 | CW69: 0
A70: Ap1601 | B70: adm | C70: Forecast | D70: 17.88702 | E70: 24.619555 | F70: 39.761318 | G70: 44.184316 | H70: 47.709122 | I70: 56.630877 | J70: 57.778821 | K70: 65.637702 | L70: 64.166663 | M70: 47.511072 | N70: 37.354362 | O70: 6.8058064 | P70: 19.277684 | Q70: 27.114954 | R70: 50.822633 | S70: 59.73637 | T70: 66.548623 | U70: 76.405983 | V70: 77.404949 | W70: 84.790657 | X70: 82.723502 | Y70: 65.592938 | Z70: 55.023589 | AA70: 24.077544 | AB70: 36.20553 | AC70: 43.760111 | AD70: 67.256088 | AE70: 76.020322 | AF70: 82.712951 | AG70: 92.440433 | AH70: 93.267291 | AI70: 100.42327 | AJ70: 98.073373 | AK70: 80.627118 | AL70: 69.734819 | AM70: 38.480436 | AN70: 50.327335 | AO70: 57.63054 | AP70: 80.899729 | AQ70: 89.452989 | AR70: 95.941446 | AS70: 105.46445 | AT70: 106.08216 | AU70: 113.0226 | AV70: 110.45117 | AW70: 92.779256 | AX70: 81.660022 | AY70: 50.180579 | AZ70: 61.807144 | BA70: 68.896719 | BB70: 91.959716 | BC70: 100.31368 | BD70: 106.60825 | BE70: 115.9408 | BF70: 116.36973 | BG70: 123.12186 | BH70: 120.36221 | BI70: 102.50259 | BJ70: 91.197099 | BK70: 59.533972 | BL70: 70.980432 | BM70: 77.894091 | BN70: 100.78543 | BO70: 108.97149 | BP70: 115.1009 | BQ70: 124.26979 | BR70: 124.53536 | BS70: 131.12376 | BT70: 128.20016 | BU70: 110.17754 | BV70: 98.711979 | BW70: 66.893979 | BX70: 78.192539 | BY70: 84.965815 | BZ70: 107.72323 | CA70: 115.7793 | CB70: 121.77948 | CC70: 130.81699 | CD70: 130.9471 | CE70: 137.3952 | CF70: 134.32632 | CG70: 116.15441 | CH70: 104.53862 | CI70: 72.566488 | CJ70: 83.723264 | CK70: 90.381926 | CL70: 113.03325 | CM70: 121.05974 | CN70: 127.03584 | CO70: 135.97131 | CP70: 136.47354 | CQ70: 142.05722 | CR70: 139.24021 | CS70: 122.5189 | CT70: 106.64437 | CU70: 77.26088 | CV70: 1 | CW70: 1601
C71: Actual | CV71: 0 | CW71: 0
A72: Ap1601 | B72: desl | C72: Forecast | D72: 22.775648 | E72: 22.749768 | F72: 15.976647 | G72: 20.299059 | H72: 34.619678 | I72: 23.945202 | J72: 34.077946 | K72: 44.23793 | L72: 35.849377 | M72: 75.509101 | N72: 78.342268 | O72: 91.062919 | P72: 46.474802 | Q72: 27.02864 | R72: 14.784301 | S72: 16.956828 | T72: 32.654925 | U72: 24.996228 | V72: 37.113503 | W72: 48.665881 | X72: 40.67671 | Y72: 79.888223 | Z72: 81.818561 | AA72: 93.498284 | AB72: 47.966924 | AC72: 27.902003 | AD72: 15.431765 | AE72: 17.703918 | AF72: 33.67683 | AG72: 26.30337 | AH72: 38.590244 | AI72: 50.140729 | AJ72: 41.984878 | AK72: 80.909869 | AL72: 82.49244 | AM72: 93.816351 | AN72: 47.9587 | AO72: 27.6176 | AP72: 14.927706 | AQ72: 17.032532 | AR72: 32.878714 | AS72: 25.402499 | AT72: 37.592094 | AU72: 49.034116 | AV72: 40.747333 | AW72: 79.515148 | AX72: 80.918028 | AY72: 92.048855 | AZ72: 45.995866 | BA72: 25.466908 | BB72: 12.6026 | BC72: 14.547884 | BD72: 30.247048 | BE72: 22.631903 | BF72: 34.686028 | BG72: 45.992678 | BH72: 37.569211 | BI72: 76.199472 | BJ72: 77.465519 | BK72: 88.461991 | BL72: 42.278101 | BM72: 21.62128 | BN72: 8.6302264 | BO72: 10.446938 | BP72: 26.012721 | BQ72: 18.257621 | BR72: 30.165813 | BS72: 41.324127 | BT72: 32.756225 | BU72: 71.253725 | BV72: 72.405862 | BW72: 83.311419 | BX72: 37.058647 | BY72: 16.347812 | BZ72: 3.3047677 | CA72: 5.0550176 | CB72: 20.523444 | CC72: 12.627706 | CD72: 24.348854 | CE72: 35.282107 | CF72: 26.475275 | CG72: 64.755102 | CH72: 65.750266 | CI72: 76.600364 | CJ72: 30.422328 | CK72: 9.8567835 | CL72: -2.9102344 | CM72: -0.96789437 | CN72: 14.535893 | CO72: 6.8010978 | CP72: 17.701701 | CQ72: 28.244451 | CR72: 21.587857 | CS72: 49.312075 | CT72: 63.708167 | CU72: 63.291804 | CV72: -1 | CW72: 1601
C73: Actual | CV73: 0 | CW73: 0
A74: Ap1602 | B74: adm | C74: Forecast | D74: 1467.6241 | E74: 1649.4778 | F74: 1794.4517 | G74: 1927.4511 | H74: 1884.1933 | I74: 1958.4855 | J74: 1906.8131 | K74: 2012.8896 | L74: 1973.6103 | M74: 1932.2549 | N74: 2000.1013 | O74: 1708.3012 | P74: 1886.8091 | Q74: 2011.928 | R74: 2177.5811 | S74: 2270.5435 | T74: 2218.8278 | U74: 2280.3541 | V74: 2220.4502 | W74: 2334.038 | X74: 2309.2056 | Y74: 2292.1333 | Z74: 2385.2615 | AA74: 2114.5213 | AB74: 2306.7513 | AC74: 2437.5919 | AD74: 2603.3204 | AE74: 2694.3812 | AF74: 2641.992 | AG74: 2705.967 | AH74: 2652.0065 | AI74: 2774.296 | AJ74: 2759.7131 | AK74: 2753.2922 | AL74: 2856.6579 | AM74: 2595.2967 | AN74: 2795.8858 | AO74: 2934.0793 | AP74: 3106.28 | AQ74: 3203.1506 | AR74: 3156.2017 | AS74: 3225.5708 | AT74: 3177.2445 | AU74: 3305.5869 | AV74: 3297.5067 | AW74: 3297.9303 | AX74: 3408.2849 | AY74: 3153.8417 | AZ74: 3361.1087 | BA74: 3505.6523 | BB74: 3683.8732 | BC74: 3786.4925 | BD74: 3745.1056 | BE74: 3819.9296 | BF74: 3777.0068 | BG74: 3910.7286 | BH74: 3908.0101 | BI74: 3913.7748 | BJ74: 4029.4485 | BK74: 3780.3082 | BL74: 3992.874 | BM74: 4142.7237 | BN74: 4326.2575 | BO74: 4434.1739 | BP74: 4398.0174 | BQ74: 4477.9298 | BR74: 4439.8674 | BS74: 4578.15 | BT74: 4579.6636 | BU74: 4589.3688 | BV74: 4708.805 | BW74: 4463.4267 | BX74: 4679.9614 | BY74: 4834.1731 | BZ74: 5022.5696 | CA74: 5135.832 | CB74: 5105.3357 | CC74: 5190.9079 | CD74: 5158.0852 | CE74: 5300.7361 | CF74: 5305.3708 | CG74: 5316.7842 | CH74: 5436.6671 | CI74: 5191.0309 | CJ74: 5407.6309 | CK74: 5563.3988 | CL74: 5755.827 | CM74: 5876.631 | CN74: 5856.6177 | CO74: 5954.0672 | CP74: 5933.0586 | CQ74: 6079.1937 | CR74: 6088.9275 | CS74: 6098.7524 | CT74: 6194.5088 | CU74: 5970.1166 | CV74: 1 | CW74: 1602
C75: Actual | CV75: 0 | CW75: 0
A76: Ap1602 | B76: desl | C76: Forecast | D76: 1846.5759 | E76: 1805.9442 | F76: 2029.5402 | G76: 1867.8526 | H76: 1988.1471 | I76: 1849.128 | J76: 1827.1438 | K76: 1930.127 | L76: 1771.063 | M76: 2079.4403 | N76: 2157.9692 | O76: 2087.7147 | P76: 2255.3797 | Q76: 2043.9978 | R76: 2249.423 | S76: 2063.7314 | T76: 2159.7762 | U76: 2009.1656 | V76: 1983.464 | W76: 2087.7477 | X76: 1941.3272 | Y76: 2270.6416 | Z76: 2373.7827 | AA76: 2326.9721 | AB76: 2511.8419 | AC76: 2310.3513 | AD76: 2519.981 | AE76: 2335.9926 | AF76: 2434.4907 | AG76: 2289.1669 | AH76: 2272.1183 | AI76: 2387.7585 | AJ76: 2254.1733 | AK76: 2596.6069 | AL76: 2712.3384 | AM76: 2677.2177 | AN76: 2872.8143 | AO76: 2681.1745 | AP76: 2899.9202 | AQ76: 2724.4829 | AR76: 2831.1743 | AS76: 2693.9244 | AT76: 2685.0622 | AU76: 2809.1696 | AV76: 2684.3896 | AW76: 3035.9015 | AX76: 3160.8283 | AY76: 3134.8309 | AZ76: 3339.3181 | BA76: 3156.244 | BB76: 3383.2165 | BC76: 3215.7141 | BD76: 3330.1249 | BE76: 3200.4546 | BF76: 3199.0872 | BG76: 3330.6338 | BH76: 3213.2467 | BI76: 3572.1047 | BJ76: 3704.3307 | BK76: 3685.5902 | BL76: 3897.2998 | BM76: 3721.4183 | BN76: 3955.5462 | BO76: 3795.1349 | BP76: 3916.5232 | BQ76: 3793.6503 | BR76: 3798.8311 | BS76: 3936.6264 | BT76: 3825.1798 | BU76: 4189.7204 | BV76: 4327.4834 | BW76: 4314.2934 | BX76: 4531.7388 | BY76: 4361.9172 | BZ76: 4602.4896 | CA76: 4448.855 | CB76: 4577.1751 | CC76: 4461.1006 | CD76: 4472.5932 | CE76: 4615.8546 | CF76: 4508.7668 | CG76: 4876.4848 | CH76: 5016.4274 | CI76: 5004.9859 | CJ76: 5224.6557 | CK76: 5058.23 | CL76: 5304.7678 | CM76: 5159.5844 | CN76: 5298.1716 | CO76: 5195.71 | CP76: 5213.9217 | CQ76: 5361.9652 | CR76: 5271.4654 | CS76: 5583.29 | CT76: 5783.4977 | CU76: 5745.1346 | CV76: -1 | CW76: 1602
C77: Actual | CV77: 0 | CW77: 0
A78: To1701 | B78: adm | C78: Forecast | D78: 2791.6738 | E78: 2938.863 | F78: 3062.2266 | G78: 3021.9983 | H78: 2940.2186 | I78: 2931.9736 | J78: 2823.4416 | K78: 2828.8359 | L78: 2753.6169 | M78: 2570.4015 | N78: 2626.5763 | O78: 2440.9271 | P78: 2934.3387 | Q78: 3098.7384 | R78: 3310.004 | S78: 3235.9682 | T78: 3146.8971 | U78: 3125.0976 | V78: 2999.2716 | W78: 3012.2524 | X78: 2955.8875 | Y78: 2805.3089 | Z78: 2894.9324 | AA78: 2733.6295 | AB78: 3238.641 | AC78: 3402.2443 | AD78: 3604.7318 | AE78: 3520.217 | AF78: 3423.8399 | AG78: 3400.2933 | AH78: 3278.2346 | AI78: 3298.898 | AJ78: 3252.0757 | AK78: 3111.2078 | AL78: 3209.6664 | AM78: 3055.8554 | AN78: 3566.9137 | AO78: 3735.2023 | AP78: 3941.2124 | AQ78: 3859.378 | AR78: 3765.275 | AS78: 3744.0826 | AT78: 3624.8812 | AU78: 3649.1503 | AV78: 3606.6899 | AW78: 3470.734 | AX78: 3574.3257 | AY78: 3425.5354 | AZ78: 3941.2618 | BA78: 4113.7665 | BB78: 4323.573 | BC78: 4245.2321 | BD78: 4154.4605 | BE78: 4136.554 | BF78: 4020.6602 | BG78: 4048.276 | BH78: 4009.1866 | BI78: 3876.6015 | BJ78: 3983.5506 | BK78: 3838.113 | BL78: 4357.2171 | BM78: 4533.163 | BN78: 4746.5014 | BO78: 4671.7773 | BP78: 4584.6523 | BQ78: 4570.3152 | BR78: 4457.772 | BS78: 4488.3779 | BT78: 4451.8232 | BU78: 4321.315 | BV78: 4430.001 | BW78: 4286.1973 | BX78: 4807.1518 | BY78: 4985.4987 | BZ78: 5202.0507 | CA78: 5131.4547 | CB78: 5049.2455 | CC78: 5040.2253 | CD78: 4932.7736 | CE78: 4967.4665 | CF78: 4933.2205 | CG78: 4802.7157 | CH78: 4909.0647 | CI78: 4761.2292 | CJ78: 5277.9857 | CK78: 5453.9269 | CL78: 5671.4562 | CM78: 5607.48 | CN78: 5536.9403 | CO78: 5541.7669 | CP78: 5451.1944 | CQ78: 5490.5764 | CR78: 5462.8018 | CS78: 5355.7867 | CT78: 5387.0732 | CU78: 5277.4556 | CV78: 1 | CW78: 1701
C79: Actual | CV79: 0 | CW79: 0
A80: To1701 | B80: desl | C80: Forecast | D80: 2740.5469 | E80: 2767.432 | F80: 2982.6514 | G80: 2912.0599 | H80: 2970.8667 | I80: 2709.7134 | J80: 2719.407 | K80: 2875.5895 | L80: 2667.9421 | M80: 3129.8787 | N80: 3217.1779 | O80: 3012.6096 | P80: 2868.6725 | Q80: 2823.5771 | R80: 3059.0237 | S80: 2996.7028 | T80: 3051.2683 | U80: 2813.2124 | V80: 2828.7191 | W80: 3000.5547 | X80: 2818.7183 | Y80: 3311.2869 | Z80: 3428.3338 | AA80: 3245.4858 | AB80: 3111.1858 | AC80: 3065.4172 | AD80: 3294.9035 | AE80: 3227.0008 | AF80: 3280.4093 | AG80: 3047.0575 | AH80: 3072.1772 | AI80: 3256.3555 | AJ80: 3087.344 | AK80: 3591.6566 | AL80: 3718.7201 | AM80: 3544.2104 | AN80: 3416.9304 | AO80: 3377.2578 | AP80: 3612.2442 | AQ80: 3549.5272 | AR80: 3608.087 | AS80: 3380.1312 | AT80: 3411.1138 | AU80: 3601.7162 | AV80: 3439.6182 | AW80: 3951.1179 | AX80: 4085.3587 | AY80: 3917.76 | AZ80: 3796.9683 | BA80: 3763.332 | BB80: 4003.9793 | BC80: 3946.6801 | BD80: 4010.5478 | BE80: 3787.8862 | BF80: 3824.1947 | BG80: 4020.1577 | BH80: 3863.4347 | BI80: 4380.3007 | BJ80: 4519.8858 | BK80: 4357.6086 | BL80: 4242.1217 | BM80: 4213.7749 | BN80: 4459.681 | BO80: 4407.5694 | BP80: 4476.4888 | BQ80: 4258.665 | BR80: 4299.5287 | BS80: 4499.7325 | BT80: 4346.9671 | BU80: 4867.6128 | BV80: 5010.9703 | BW80: 4852.6591 | BX80: 4741.5103 | BY80: 4717.9724 | BZ80: 4969.1329 | CA80: 4922.5541 | CB80: 4996.991 | CC80: 4784.2916 | CD80: 4829.498 | CE80: 5032.9301 | CF80: 4882.1245 | CG80: 5403.5519 | CH80: 5546.897 | CI80: 5388.6538 | CJ80: 5278.8376 | CK80: 5258.5448 | CL80: 5516.7214 | CM80: 5479.4989 | CN80: 5565.1809 | CO80: 5366.8291 | CP80: 5411.4932 | CQ80: 5619.4512 | CR80: 5484.9922 | CS80: 5895.808 | CT80: 6175.8701 | CU80: 5936.0622 | CV80: -1 | CW80: 1701
C81: Actual | CV81: 0 | CW81: 0
A82: To1702 | B82: adm | C82: Forecast | D82: 2667.7431 | E82: 2758.2276 | F82: 3180.0702 | G82: 3193.3352 | H82: 3168.1139 | I82: 3218.1295 | J82: 3069.2699 | K82: 3078.6536 | L82: 2946.2657 | M82: 2692.2391 | N82: 2742.1248 | O82: 2406.2201 | P82: 3044.3107 | Q82: 3237.6894 | R82: 3619.1243 | S82: 3614.2947 | T82: 3558.9549 | U82: 3584.7868 | V82: 3409.6543 | W82: 3417.1945 | X82: 3297.4208 | Y82: 3077.5278 | Z82: 3168.0019 | AA82: 2868.9669 | AB82: 3531.8621 | AC82: 3734.9346 | AD82: 4113.2688 | AE82: 4098.7559 | AF82: 4033.4902 | AG82: 4053.7552 | AH82: 3879.274 | AI82: 3893.1814 | AJ82: 3783.6402 | AK82: 3575.7342 | AL82: 3678.2301 | AM82: 3390.1564 | AN82: 4062.4088 | AO82: 4273.0671 | AP82: 4657.3025 | AQ82: 4647.3023 | AR82: 4585.6398 | AS82: 4609.1946 | AT82: 4438.2819 | AU82: 4456.4813 | AV82: 4352.1468 | AW82: 4150.2746 | AX82: 4259.3299 | AY82: 3977.9474 | AZ82: 4656.6654 | BA82: 4873.3347 | BB82: 5263.0553 | BC82: 5258.0764 | BD82: 5201.1077 | BE82: 5229.1771 | BF82: 5062.715 | BG82: 5085.3649 | BH82: 4985.4991 | BI82: 4788.1078 | BJ82: 4901.6489 | BK82: 4624.766 | BL82: 5308.0279 | BM82: 5529.3273 | BN82: 5923.798 | BO82: 5923.6882 | BP82: 5871.6496 | BQ82: 5904.5867 | BR82: 5742.7543 | BS82: 5769.6062 | BT82: 5673.3682 | BU82: 5478.9881 | BV82: 5595.0323 | BW82: 5320.4147 | BX82: 6006.101 | BY82: 6230.4271 | BZ82: 6628.904 | CA82: 6633.9742 | CB82: 6588.2032 | CC82: 6628.0817 | CD82: 6473.1372 | CE82: 6505.8792 | CF82: 6413.5394 | CG82: 6220.2991 | CH82: 6334.4668 | CI82: 6055.4417 | CJ82: 6735.7665 | CK82: 6956.1999 | CL82: 7354.2727 | CM82: 7365.7966 | CN82: 7333.4506 | CO82: 7391.001 | CP82: 7260.7583 | CQ82: 7303.4871 | CR82: 7218.8749 | CS82: 7062.0554 | CT82: 7074.7372 | CU82: 6852.9279 | CV82: 1 | CW82: 1702
C83: Actual | CV83: 0 | CW83: 0
A84: To1702 | B84: desl | C84: Forecast | D84: 2602.9014 | E84: 2609.5314 | F84: 2824.1734 | G84: 2783.1369 | H84: 2921.4429 | I84: 2762.9229 | J84: 2871.0036 | K84: 2964.8406 | L84: 2827.6524 | M84: 3177.3557 | N84: 3129.9098 | O84: 3039.2504 | P84: 2912.5475 | Q84: 2942.6346 | R84: 3107.9105 | S84: 3087.3015 | T84: 3195.6672 | U84: 3050.3322 | V84: 3154.043 | W84: 3258.4878 | X84: 3134.984 | Y84: 3504.4969 | Z84: 3477.8115 | AA84: 3405.2408 | AB84: 3290.2448 | AC84: 3326.149 | AD84: 3493.1341 | AE84: 3473.2918 | AF84: 3584.0761 | AG84: 3444.1795 | AH84: 3556.2796 | AI84: 3671.1182 | AJ84: 3558.7642 | AK84: 3939.1587 | AL84: 3922.519 | AM84: 3859.0141 | AN84: 3752.2088 | AO84: 3795.6207 | AP84: 3969.6203 | AQ84: 3956.4728 | AR84: 4073.8057 | AS84: 3940.4871 | AT84: 4059.3464 | AU84: 4181.2133 | AV84: 4076.1523 | AW84: 4464.0101 | AX84: 4454.8533 | AY84: 4398.6957 | AZ84: 4298.9896 | BA84: 4349.2066 | BB84: 4529.7362 | BC84: 4522.9043 | BD84: 4646.4119 | BE84: 4519.188 | BF84: 4644.099 | BG84: 4771.9878 | BH84: 4672.917 | BI84: 5066.7273 | BJ84: 5063.4833 | BK84: 5013.2029 | BL84: 4919.3446 | BM84: 4975.3821 | BN84: 5161.6942 | BO84: 5160.5784 | BP84: 5289.689 | BQ84: 5167.898 | BR84: 5298.0183 | BS84: 5430.8624 | BT84: 5336.5037 | BU84: 5734.8464 | BV84: 5736.0679 | BW84: 5690.3296 | BX84: 5601.2295 | BY84: 5662.3353 | BZ84: 5854.0376 | CA84: 5858.5404 | CB84: 5993.3014 | CC84: 5876.916 | CD84: 6011.8981 | CE84: 6148.7925 | CF84: 6057.5386 | CG84: 6458.0853 | CH84: 6460.8822 | CI84: 6416.6837 | CJ84: 6329.8926 | CK84: 6394.525 | CL84: 6592.4681 | CM84: 6604.5693 | CN84: 6748.7508 | CO84: 6644.5782 | CP84: 6781.8818 | CQ84: 6926.6247 | CR84: 6851.4813 | CS84: 7170.128 | CT84: 7288.8119 | CU84: 7137.0351 | CV84: -1 | CW84: 1702
C85: Actual | CV85: 0 | CW85: 0
A86: Ma2101 | B86: adm | C86: Forecast | D86: 6418.4866 | E86: 6310.7544 | F86: 7280.1451 | G86: 7677.6937 | H86: 7740.8862 | I86: 8022.1863 | J86: 7633.6855 | K86: 7993.1923 | L86: 7638.2996 | M86: 7209.8618 | N86: 7718.9316 | O86: 6481.3499 | P86: 7484.6537 | Q86: 7678.1258 | R86: 8667.7283 | S86: 8961.2447 | T86: 8953.8625 | U86: 9177.3819 | V86: 8750.0946 | W86: 9099.6455 | X86: 8775.1131 | Y86: 8419.9487 | Z86: 9027.0371 | AA86: 7893.7019 | AB86: 8988.8652 | AC86: 9248.0398 | AD86: 10275.103 | AE86: 10584.944 | AF86: 10583.922 | AG86: 10814.949 | AH86: 10403.992 | AI86: 10781.64 | AJ86: 10495.947 | AK86: 10186.993 | AL86: 10843.608 | AM86: 9759.6032 | AN86: 10901.457 | AO86: 11203.335 | AP86: 12268.711 | AQ86: 12612.829 | AR86: 12642.977 | AS86: 12903.354 | AT86: 12521.303 | AU86: 12928.597 | AV86: 12674.025 | AW86: 12397.841 | AX86: 13088.526 | AY86: 12039.198 | AZ86: 13215.541 | BA86: 13551.051 | BB86: 14648.802 | BC86: 15023.932 | BD86: 15083.863 | BE86: 15373.062 | BF86: 15019.166 | BG86: 15454.194 | BH86: 15227.103 | BI86: 14978.246 | BJ86: 15696.161 | BK86: 14674.009 | BL86: 15877.517 | BM86: 16240.218 | BN86: 17365.18 | BO86: 17767.468 | BP86: 17854.325 | BQ86: 18169.931 | BR86: 17841.567 | BS86: 18300.91 | BT86: 18096.699 | BU86: 17869.299 | BV86: 18607.571 | BW86: 17605.302 | BX86: 18829.051 | BY86: 19213.205 | BZ86: 20361.481 | CA86: 20789.154 | CB86: 20903.087 | CC86: 21246.448 | CD86: 20944.964 | CE86: 21428.46 | CF86: 21243.893 | CG86: 21030.451 | CH86: 21776.862 | CI86: 20778.266 | CJ86: 22004.643 | CK86: 22394.928 | CL86: 23556.845 | CM86: 24011.947 | CN86: 24165.817 | CO86: 24558.938 | CP86: 24315.816 | CQ86: 24825.801 | CR86: 24679.597 | CS86: 24496.434 | CT86: 25058.897 | CU86: 24301.739 | CV86: 1 | CW86: 2101
C87: Actual | CV87: 0 | CW87: 0
A88: Ma2101 | B88: desl | C88: Forecast | D88: 8137.7603 | E88: 7730.2237 | F88: 8419.7932 | G88: 7988.8176 | H88: 8174.7009 | I88: 7653.8204 | J88: 7384.942 | K88: 7657.1232 | L88: 6934.7502 | M88: 7918.5273 | N88: 8343.3829 | O88: 8189.629 | P88: 8720.2212 | Q88: 8326.6454 | R88: 8869.8054 | S88: 8418.5224 | T88: 8515.2489 | U88: 7983.4932 | V88: 7675.0895 | W88: 7962.3993 | X88: 7287.1134 | Y88: 8351.7108 | Z88: 8874.2045 | AA88: 8818.4078 | AB88: 9430.1338 | AC88: 9095.4377 | AD88: 9677.8051 | AE88: 9254.5789 | AF88: 9377.7055 | AG88: 8878.0669 | AH88: 8610.7439 | AI88: 8947.8398 | AJ88: 8328.5869 | AK88: 9452.3344 | AL88: 10034.383 | AM88: 10036.677 | AN88: 10703.926 | AO88: 10421.658 | AP88: 11053.282 | AQ88: 10676.467 | AR88: 10843.851 | AS88: 10387.266 | AT88: 10162.786 | AU88: 10543.304 | AV88: 9968.454 | AW88: 11137.531 | AX88: 11765.415 | AY88: 11813.447 | AZ88: 12525.753 | BA88: 12287.452 | BB88: 12961.777 | BC88: 12626.436 | BD88: 12834.24 | BE88: 12417.238 | BF88: 12231.699 | BG88: 12650.66 | BH88: 12113.84 | BI88: 13320.594 | BJ88: 13985.849 | BK88: 14070.999 | BL88: 14820.222 | BM88: 14618.672 | BN88: 15329.563 | BO88: 15030.501 | BP88: 15274.105 | BQ88: 14892.148 | BR88: 14740.594 | BS88: 15192.23 | BT88: 14686.68 | BU88: 15923.43 | BV88: 16617.81 | BW88: 16731.835 | BX88: 17510.409 | BY88: 17339.334 | BZ88: 18082.2 | CA88: 17816.557 | CB88: 18094.441 | CC88: 17746.545 | CD88: 17627.408 | CE88: 18108.261 | CF88: 17627.472 | CG88: 18883.937 | CH88: 19593.399 | CI88: 19719.819 | CJ88: 20511.724 | CK88: 20357.664 | CL88: 21127.404 | CM88: 20898.476 | CN88: 21222.143 | CO88: 20933.934 | CP88: 20853.803 | CQ88: 21363.488 | CR88: 20969.911 | CS88: 22008.777 | CT88: 22965.949 | CU88: 22992.635 | CV88: -1 | CW88: 2101
C89: Actual | CV89: 0 | CW89: 0
A90: Ma2102 | B90: adm | C90: Forecast | D90: 2552.9911 | E90: 2561.8429 | F90: 2871.5923 | G90: 2956.0248 | H90: 2912.9284 | I90: 3072.3859 | J90: 2929.6289 | K90: 3049.0829 | L90: 3008.5103 | M90: 2729.8492 | N90: 2941.4588 | O90: 2529.4963 | P90: 3018.3678 | Q90: 3061.8444 | R90: 3328.3426 | S90: 3353.3831 | T90: 3274.7089 | U90: 3401.944 | V90: 3243.5167 | W90: 3358.0393 | X90: 3325.168 | Y90: 3064.9824 | Z90: 3297.0146 | AA90: 2902.2399 | AB90: 3402.1548 | AC90: 3449.5802 | AD90: 3715.2556 | AE90: 3738.352 | AF90: 3659.6822 | AG90: 3790.5776 | AH90: 3639.655 | AI90: 3764.5832 | AJ90: 3743.6542 | AK90: 3495.714 | AL90: 3739.4504 | AM90: 3355.4221 | AN90: 3865.0273 | AO90: 3921.1648 | AP90: 4194.7472 | AQ90: 4225.184 | AR90: 4153.574 | AS90: 4291.5461 | AT90: 4147.9683 | AU90: 4280.6537 | AV90: 4267.8981 | AW90: 4028.4225 | AX90: 4280.7116 | AY90: 3905.1127 | AZ90: 4422.8651 | BA90: 4486.7949 | BB90: 4767.8268 | BC90: 4805.4408 | BD90: 4740.8276 | BE90: 4885.6967 | BF90: 4748.9672 | BG90: 4888.4705 | BH90: 4882.497 | BI90: 4649.7531 | BJ90: 4908.7126 | BK90: 4539.7235 | BL90: 5064.0381 | BM90: 5134.5013 | BN90: 5422.0507 | BO90: 5466.1614 | BP90: 5407.9911 | BQ90: 5559.1875 | BR90: 5428.5883 | BS90: 5573.9446 | BT90: 5573.496 | BU90: 5345.9545 | BV90: 5609.872 | BW90: 5245.7455 | BX90: 5775.0217 | BY90: 5850.7404 | BZ90: 6143.9807 | CA90: 6194.2539 | CB90: 6142.6141 | CC90: 6300.4605 | CD90: 6176.2584 | CE90: 6327.3279 | CF90: 6331.4972 | CG90: 6107.2294 | CH90: 6373.091 | CI90: 6009.935 | CJ90: 6540.0634 | CK90: 6617.7518 | CL90: 6914.5948 | CM90: 6972.1065 | CN90: 6930.6892 | CO90: 7099.7009 | CP90: 6991.1116 | CQ90: 7146.4915 | CR90: 7149.9117 | CS90: 6972.4793 | CT90: 7114.5686 | CU90: 6881.4205 | CV90: 1 | CW90: 2102
C91: Actual | CV91: 0 | CW91: 0
A92: Ma2102 | B92: desl | C92: Forecast | D92: 3001.1267 | E92: 2789.0957 | F92: 3083.4695 | G92: 2986.7954 | H92: 3084.4726 | I92: 2945.876 | J92: 2851.9024 | K92: 2929.104 | L92: 2714.7349 | M92: 3039.7211 | N92: 3200.5648 | O92: 3190.5344 | P92: 3376.4693 | Q92: 3172.1724 | R92: 3324.5732 | S92: 3187.4698 | T92: 3224.88 | U92: 3056.565 | V92: 2931.7583 | W92: 3001.1371 | X92: 2790.6686 | Y92: 3132.2822 | Z92: 3315.1007 | AA92: 3327.6516 | AB92: 3531.2667 | AC92: 3338.376 | AD92: 3496.9061 | AE92: 3363.2882 | AF92: 3404.3787 | AG92: 3242.1355 | AH92: 3126.6963 | AI92: 3208.568 | AJ92: 3012.8517 | AK92: 3370.3798 | AL92: 3569.3005 | AM92: 3597.4519 | AN92: 3815.7624 | AO92: 3636.4983 | AP92: 3807.6126 | AQ92: 3685.7128 | AR92: 3737.9412 | AS92: 3586.5941 | AT92: 3482.1268 | AU92: 3575.2713 | AV92: 3391.2161 | AW92: 3760.739 | AX92: 3971.8271 | AY92: 4012.1138 | AZ92: 4242.3412 | BA92: 4074.6526 | BB92: 4256.9561 | BC92: 4145.8816 | BD92: 4208.6351 | BE92: 4067.588 | BF92: 3973.2605 | BG92: 4076.4297 | BH92: 3902.3098 | BI92: 4281.6925 | BJ92: 4502.5757 | BK92: 4552.6057 | BL92: 4792.5394 | BM92: 4634.5295 | BN92: 4826.4783 | BO92: 4724.9839 | BP92: 4797.1897 | BQ92: 4665.3777 | BR92: 4579.9697 | BS92: 4691.6627 | BT92: 4525.6414 | BU92: 4912.7447 | BV92: 5141.1043 | BW92: 5198.571 | BX92: 5446.1368 | BY92: 5296.1612 | BZ92: 5496.6614 | CA92: 5404.2084 | CB92: 5485.75 | CC92: 5363.2145 | CD92: 5286.559 | CE92: 5405.9806 | CF92: 5246.2558 | CG92: 5638.0407 | CH92: 5869.5996 | CI92: 5929.4595 | CJ92: 6179.7465 | CK92: 6033.871 | CL92: 6241.636 | CM92: 6159.9527 | CN92: 6254.9865 | CO92: 6150.6811 | CP92: 6083.8661 | CQ92: 6214.1029 | CR92: 6073.9036 | CS92: 6401.4905 | CT92: 6697.0546 | CU92: 6730.1323 | CV92: -1 | CW92: 2102
C93: Actual | CV93: 0 | CW93: 0
A94: Ma2103 | B94: adm | C94: Forecast | D94: 632.98406 | E94: 604.15444 | F94: 684.25257 | G94: 688.76327 | H94: 677.39149 | I94: 699.03062 | J94: 661.41248 | K94: 713.17748 | L94: 683.92021 | M94: 645.19537 | N94: 705.97973 | O94: 578.51635 | P94: 697.5925 | Q94: 701.27984 | R94: 787.43697 | S94: 786.59793 | T94: 771.0836 | U94: 790.86471 | V94: 751.33319 | W94: 805.16291 | X94: 781.26036 | Y94: 751.04246 | Z94: 820.48489 | AA94: 699.98388 | AB94: 823.21645 | AC94: 828.23425 | AD94: 913.96362 | AE94: 912.43329 | AF94: 897.12272 | AG94: 918.56101 | AH94: 882.07224 | AI94: 939.86384 | AJ94: 920.27533 | AK94: 894.27432 | AL94: 967.58645 | AM94: 850.53682 | AN94: 976.83643 | AO94: 984.60864 | AP94: 1072.8576 | AQ94: 1073.6933 | AR94: 1060.6839 | AS94: 1084.4504 | AT94: 1050.3941 | AU94: 1110.7646 | AV94: 1093.895 | AW94: 1070.7029 | AX94: 1146.8384 | AY94: 1032.5523 | AZ94: 1161.5036 | BA94: 1171.7972 | BB94: 1262.4491 | BC94: 1265.6005 | BD94: 1254.8549 | BE94: 1280.8616 | BF94: 1249.0377 | BG94: 1311.6357 | BH94: 1296.9845 | BI94: 1275.9947 | BJ94: 1354.3127 | BK94: 1242.1894 | BL94: 1373.2886 | BM94: 1385.7204 | BN94: 1478.5035 | BO94: 1483.7741 | BP94: 1475.122 | BQ94: 1503.1742 | BR94: 1473.3216 | BS94: 1537.7945 | BT94: 1524.9123 | BU94: 1505.5963 | BV94: 1585.5265 | BW94: 1475.0072 | BX94: 1607.7642 | BY94: 1621.9641 | BZ94: 1716.6592 | CA94: 1723.983 | CB94: 1717.4777 | CC94: 1747.6779 | CD94: 1719.8477 | CE94: 1786.0766 | CF94: 1774.5612 | CG94: 1756.1653 | CH94: 1836.6141 | CI94: 1726.3834 | CJ94: 1859.5426 | CK94: 1874.6178 | CL94: 1970.96 | CM94: 1981.0663 | CN94: 1978.1807 | CO94: 2012.4384 | CP94: 1988.8512 | CQ94: 2055.9565 | CR94: 2047.6569 | CS94: 2032.2069 | CT94: 2092.3521 | CU94: 2010.6513 | CV94: 1 | CW94: 2103
C95: Actual | CV95: 0 | CW95: 0
A96: Ma2103 | B96: desl | C96: Forecast | D96: 750.78954 | E96: 716.93487 | F96: 757.67263 | G96: 725.05332 | H96: 714.46029 | I96: 691.34864 | J96: 653.16817 | K96: 672.17442 | L96: 635.15819 | M96: 666.86945 | N96: 739.56858 | O96: 709.09911 | P96: 790.90291 | Q96: 757.73596 | R96: 789.88656 | S96: 749.70037 | T96: 735.57017 | U96: 710.81281 | V96: 673.00156 | W96: 693.66995 | X96: 660.83088 | Y96: 698.73701 | Z96: 778.39075 | AA96: 754.43244 | AB96: 841.29478 | AC96: 811.37692 | AD96: 845.47935 | AE96: 806.85702 | AF96: 794.755 | AG96: 772.99759 | AH96: 739.221 | AI96: 764.67895 | AJ96: 736.96703 | AK96: 779.96104 | AL96: 864.42815 | AM96: 844.92925 | AN96: 935.92473 | AO96: 909.88671 | AP96: 947.69291 | AQ96: 912.66527 | AR96: 904.10669 | AS96: 885.89333 | AT96: 855.7041 | AU96: 884.81722 | AV96: 860.82684 | AW96: 907.58077 | AX96: 995.80029 | AY96: 979.99736 | AZ96: 1074.5951 | BA96: 1052.0488 | BB96: 1093.2403 | BC96: 1061.5105 | BD96: 1056.1863 | BE96: 1041.1646 | BF96: 1014.1371 | BG96: 1046.3862 | BH96: 1025.5047 | BI96: 1075.3373 | BJ96: 1166.6037 | BK96: 1153.8175 | BL96: 1251.4053 | BM96: 1231.826 | BN96: 1275.9616 | BO96: 1247.1467 | BP96: 1244.695 | BQ96: 1232.4838 | BR96: 1208.1836 | BS96: 1243.0611 | BT96: 1224.7055 | BU96: 1276.9762 | BV96: 1370.6268 | BW96: 1360.219 | BX96: 1460.2311 | BY96: 1443.1626 | BZ96: 1489.9115 | CA96: 1463.7938 | CB96: 1464.0685 | CC96: 1454.5283 | CD96: 1432.7435 | CE96: 1469.8826 | CF96: 1453.4638 | CG96: 1507.3273 | CH96: 1602.2772 | CI96: 1593.0258 | CJ96: 1694.3073 | CK96: 1678.8621 | CL96: 1727.8876 | CM96: 1704.8756 | CN96: 1708.9457 | CO96: 1703.7916 | CP96: 1685.4751 | CQ96: 1724.5899 | CR96: 1711.28 | CS96: 1758.1706 | CT96: 1851.575 | CU96: 1855.2155 | CV96: -1 | CW96: 2103
C97: Actual | CV97: 0 | CW97: 0
A98: Ma2104 | B98: adm | C98: Forecast | D98: 929.67812 | E98: 1005.6389 | F98: 1147.318 | G98: 1108.6595 | H98: 1080.3952 | I98: 1070.6003 | J98: 1008.366 | K98: 1058.8073 | L98: 1005.241 | M98: 888.93576 | N98: 981.49876 | O98: 693.87759 | P98: 962.777 | Q98: 1004.84 | R98: 1256.503 | S98: 1208.9029 | T98: 1195.5081 | U98: 1170.6629 | V98: 1111.1403 | W98: 1160.8573 | X98: 1117.7938 | Y98: 1016.9041 | Z98: 1126.407 | AA98: 851.40574 | AB98: 1126.864 | AC98: 1169.012 | AD98: 1416.8943 | AE98: 1364.7048 | AF98: 1348.4223 | AG98: 1323.4547 | AH98: 1266.4043 | AI98: 1320.235 | AJ98: 1281.8656 | AK98: 1185.4656 | AL98: 1298.8712 | AM98: 1027.112 | AN98: 1305.2222 | AO98: 1349.5214 | AP98: 1599.1336 | AQ98: 1548.3506 | AR98: 1533.2977 | AS98: 1509.5701 | AT98: 1453.9522 | AU98: 1509.5259 | AV98: 1473.2257 | AW98: 1379.137 | AX98: 1494.9498 | AY98: 1225.5418 | AZ98: 1505.8371 | BA98: 1552.1105 | BB98: 1803.5025 | BC98: 1754.3599 | BD98: 1740.8731 | BE98: 1718.6906 | BF98: 1664.6277 | BG98: 1721.7769 | BH98: 1687.0705 | BI98: 1594.5881 | BJ98: 1712.0179 | BK98: 1444.2404 | BL98: 1726.1858 | BM98: 1774.1325 | BN98: 2027.2154 | BO98: 1979.7616 | BP98: 1967.9257 | BQ98: 1947.3082 | BR98: 1894.6758 | BS98: 1953.0862 | BT98: 1919.4687 | BU98: 1827.9438 | BV98: 1946.2855 | BW98: 1679.4923 | BX98: 1962.6172 | BY98: 2012.0317 | BZ98: 2266.9007 | CA98: 2221.4966 | CB98: 2211.8307 | CC98: 2193.2905 | CD98: 2142.3922 | CE98: 2201.9596 | CF98: 2168.7539 | CG98: 2076.8793 | CH98: 2194.2689 | CI98: 1926.3116 | CJ98: 2208.6901 | CK98: 2258.5732 | CL98: 2515.4203 | CM98: 2474.4008 | CN98: 2470.3046 | CO98: 2458.4976 | CP98: 2414.0204 | CQ98: 2473.9755 | CR98: 2438.6831 | CS98: 2358.5685 | CT98: 2422.8814 | CU98: 2216.4848 | CV98: 1 | CW98: 2104
C99: Actual | CV99: 0 | CW99: 0
A100: Ma2104 | B100: desl | C100: Forecast | D100: 938.96277 | E100: 521.19559 | F100: 756.37785 | G100: 677.52067 | H100: 907.41733 | I100: 916.37844 | J100: 983.40889 | K100: 1019.7043 | L100: 994.52685 | M100: 1139.8451 | N100: 1021.9094 | O100: 1086.3164 | P100: 1087.7997 | Q100: 771.91746 | R100: 873.2343 | S100: 822.34899 | T100: 1030.3957 | U100: 1050.9656 | V100: 1103.2057 | W100: 1139.1618 | X100: 1104.4456 | Y100: 1243.3135 | Z100: 1119.4326 | AA100: 1183.1914 | AB100: 1187.8918 | AC100: 878.60116 | AD100: 987.45178 | AE100: 943.22722 | AF100: 1155.8687 | AG100: 1179.0091 | AH100: 1232.4147 | AI100: 1269.0382 | AJ100: 1235.2098 | AK100: 1375.5788 | AL100: 1253.883 | AM100: 1320.3874 | AN100: 1328.2031 | AO100: 1022.2311 | AP100: 1134.4776 | AQ100: 1093.6216 | AR100: 1309.5071 | AS100: 1335.6829 | AT100: 1391.8663 | AU100: 1431.0151 | AV100: 1399.5208 | AW100: 1542.1302 | AX100: 1422.6826 | AY100: 1491.5172 | AZ100: 1501.774 | BA100: 1198.3382 | BB100: 1313.1702 | BC100: 1274.8951 | BD100: 1493.3125 | BE100: 1521.9461 | BF100: 1580.5083 | BG100: 1621.9653 | BH100: 1592.7222 | BI100: 1737.538 | BJ100: 1620.2584 | BK100: 1691.2236 | BL100: 1703.5719 | BM100: 1402.1875 | BN100: 1519.0351 | BO100: 1482.7516 | BP100: 1703.1553 | BQ100: 1733.7926 | BR100: 1794.3946 | BS100: 1837.9344 | BT100: 1810.8044 | BU100: 1957.7275 | BV100: 1842.4954 | BW100: 1915.3876 | BX100: 1929.4925 | BY100: 1629.6744 | BZ100: 1747.92 | CA100: 1712.9325 | CB100: 1934.6315 | CC100: 1966.6791 | CD100: 2028.9156 | CE100: 2074.389 | CF100: 2049.5141 | CG100: 2198.9526 | CH100: 2086.3601 | CI100: 2161.7516 | CJ100: 2177.9037 | CK100: 1879.3178 | CL100: 1997.9532 | CM100: 1962.2288 | CN100: 2182.8437 | CO100: 2213.4599 | CP100: 2276.8564 | CQ100: 2322.9553 | CR100: 2304.7745 | CS100: 2450.4827 | CT100: 2358.5119 | CU100: 2415.294 | CV100: -1 | CW100: 2104
...

Sheet Adm
B2: Mesoregiao | C2: 2017M1 | D2: 2017M2 | E2: 2017M3 | F2: 2017M4 | G2: 2017M5 | H2: 2017M6 | I2: 2017M7 | J2: 2017M8 | K2: 2017M9 | L2: 2017M10 | M2: 2017M11 | N2: 2017M12 | O2: 2018M1 | P2: 2018M2 | Q2: 2018M3 | R2: 2018M4 | S2: 2018M5 | T2: 2018M6 | U2: 2018M7 | V2: 2018M8 | W2: 2018M9 | X2: 2018M10 | Y2: 2018M11 | Z2: 2018M12 | AA2: 2019M1 | AB2: 2019M2 | AC2: 2019M3 | AD2: 2019M4 | AE2: 2019M5 | AF2: 2019M6 | AG2: 2019M7 | AH2: 2019M8 | AI2: 2019M9 | AJ2: 2019M10 | AK2: 2019M11 | AL2: 2019M12 | AM2: 2020M1 | AN2: 2020M2 | AO2: 2020M3 | AP2: 2020M4 | AQ2: 2020M5 | AR2: 2020M6 | AS2: 2020M7 | AT2: 2020M8 | AU2: 2020M9 | AV2: 2020M10 | AW2: 2020M11 | AX2: 2020M12 | AY2: 2021M1 | AZ2: 2021M2 | BA2: 2021M3 | BB2: 2021M4 | BC2: 2021M5 | BD2: 2021M6 | BE2: 2021M7 | BF2: 2021M8 | BG2: 2021M9 | BH2: 2021M10 | BI2: 2021M11 | BJ2: 2021M12 | BK2: 2022M1 | BL2: 2022M2 | BM2: 2022M3 | BN2: 2022M4 | BO2: 2022M5 | BP2: 2022M6 | BQ2: 2022M7 | BR2: 2022M8 | BS2: 2022M9 | BT2: 2022M10 | BU2: 2022M11 | BV2: 2022M12 | BW2: 2023M1 | BX2: 2023M2 | BY2: 2023M3 | BZ2: 2023M4 | CA2: 2023M5 | CB2: 2023M6 | CC2: 2023M7 | CD2: 2023M8 | CE2: 2023M9 | CF2: 2023M10 | CG2: 2023M11 | CH2: 2023M12 | CI2: 2024M1 | CJ2: 2024M2 | CK2: 2024M3 | CL2: 2024M4 | CM2: 2024M5 | CN2: 2024M6 | CO2: 2024M7 | CP2: 2024M8 | CQ2: 2024M9 | CR2: 2024M10 | CS2: 2024M11 | CT2: 2024M12
B3: 1102 | C3: =SUMIFS('conditional forecasts_8'!D$6:D$553,'conditional forecasts_8'!$CW$6:$CW$553,$B3,'conditional forecasts_8'!$B$6:$B$553,"adm") -> 4980.5079 | D3: =SUMIFS('conditional forecasts_8'!E$6:E$553,'conditional forecasts_8'!$CW$6:$CW$553,$B3,'conditional forecasts_8'!$B$6:$B$553,"adm") -> 5358.7058 | E3: =SUMIFS('conditional forecasts_8'!F$6:F$553,'conditional forecasts_8'!$CW$6:$CW$553,$B3,'conditional forecasts_8'!$B$6:$B$553,"adm") -> 6017.9881 | F3: =SUMIFS('conditional forecasts_8'!G$6:G$553,'conditional forecasts_8'!$CW$6:$CW$553,$B3,'conditional forecasts_8'!$B$6:$B$553,"adm") -> 5995.5157 | G3: =SUMIFS('conditional forecasts_8'!H$6:H$553,'conditional forecasts_8'!$CW$6:$CW$553,$B3,'conditional forecasts_8'!$B$6:$B$553,"adm") -> 5938.4682 | H3: =SUMIFS('conditional forecasts_8'!I$6:I$553,'conditional forecasts_8'!$CW$6:$CW$553,$B3,'conditional forecasts_8'!$B$6:$B$553,"adm") -> 5977.6758 | I3: =SUMIFS('conditional forecasts_8'!J$6:J$553,'conditional forecasts_8'!$CW$6:$CW$553,$B3,'conditional forecasts_8'!$B$6:$B$553,"adm") -> 5666.6636 | J3: =SUMIFS('conditional forecasts_8'!K$6:K$553,'conditional forecasts_8'!$CW$6:$CW$553,$B3,'conditional forecasts_8'!$B$6:$B$553,"adm") -> 5667.5644 | ... CT3: =SUMIFS('conditional forecasts_8'!CU$6:CU$553,'conditional forecasts_8'!$CW$6:$CW$553,$B3,'conditional forecasts_8'!$B$6:$B$553,"adm") -> 11840.049
B4: 1101 | C4: =SUMIFS('conditional forecasts_8'!D$6:D$553,'conditional forecasts_8'!$CW$6:$CW$553,$B4,'conditional forecasts_8'!$B$6:$B$553,"adm") -> 3115.6169 | D4: =SUMIFS('conditional forecasts_8'!E$6:E$553,'conditional forecasts_8'!$CW$6:$CW$553,$B4,'conditional forecasts_8'!$B$6:$B$553,"adm") -> 3366.9532 | E4: =SUMIFS('conditional forecasts_8'!F$6:F$553,'conditional forecasts_8'!$CW$6:$CW$553,$B4,'conditional forecasts_8'!$B$6:$B$553,"adm") -> 3895.1536 | F4: =SUMIFS('conditional forecasts_8'!G$6:G$553,'conditional forecasts_8'!$CW$6:$CW$553,$B4,'conditional forecasts_8'!$B$6:$B$553,"adm") -> 4031.024 | G4: =SUMIFS('conditional forecasts_8'!H$6:H$553,'conditional forecasts_8'!$CW$6:$CW$553,$B4,'conditional forecasts_8'!$B$6:$B$553,"adm") -> 4157.4622 | H4: =SUMIFS('conditional forecasts_8'!I$6:I$553,'conditional forecasts_8'!$CW$6:$CW$553,$B4,'conditional forecasts_8'!$B$6:$B$553,"adm") -> 4381.114 | I4: =SUMIFS('conditional forecasts_8'!J$6:J$553,'conditional forecasts_8'!$CW$6:$CW$553,$B4,'conditional forecasts_8'!$B$6:$B$553,"adm") -> 4326.4124 | J4: =SUMIFS('conditional forecasts_8'!K$6:K$553,'conditional forecasts_8'!$CW$6:$CW$553,$B4,'conditional forecasts_8'!$B$6:$B$553,"adm") -> 4376.2513 | ... CT4: =SUMIFS('conditional forecasts_8'!CU$6:CU$553,'conditional forecasts_8'!$CW$6:$CW$553,$B4,'conditional forecasts_8'!$B$6:$B$553,"adm") -> 14800.144
B5: 1100 | C5: =SUMIFS('conditional forecasts_8'!D$6:D$553,'conditional forecasts_8'!$CW$6:$CW$553,$B5,'conditional forecasts_8'!$B$6:$B$553,"adm") -> 0 | D5: =SUMIFS('conditional forecasts_8'!E$6:E$553,'conditional forecasts_8'!$CW$6:$CW$553,$B5,'conditional forecasts_8'!$B$6:$B$553,"adm") -> 0 | E5: =SUMIFS('conditional forecasts_8'!F$6:F$553,'conditional forecasts_8'!$CW$6:$CW$553,$B5,'conditional forecasts_8'!$B$6:$B$553,"adm") -> 0 | F5: =SUMIFS('conditional forecasts_8'!G$6:G$553,'conditional forecasts_8'!$CW$6:$CW$553,$B5,'conditional forecasts_8'!$B$6:$B$553,"adm") -> 0 | G5: =SUMIFS('conditional forecasts_8'!H$6:H$553,'conditional forecasts_8'!$CW$6:$CW$553,$B5,'conditional forecasts_8'!$B$6:$B$553,"adm") -> 0 | H5: =SUMIFS('conditional forecasts_8'!I$6:I$553,'conditional forecasts_8'!$CW$6:$CW$553,$B5,'conditional forecasts_8'!$B$6:$B$553,"adm") -> 0 | I5: =SUMIFS('conditional forecasts_8'!J$6:J$553,'conditional forecasts_8'!$CW$6:$CW$553,$B5,'conditional forecasts_8'!$B$6:$B$553,"adm") -> 0 | J5: =SUMIFS('conditional forecasts_8'!K$6:K$553,'conditional forecasts_8'!$CW$6:$CW$553,$B5,'conditional forecasts_8'!$B$6:$B$553,"adm") -> 0 | ... CT5: =SUMIFS('conditional forecasts_8'!CU$6:CU$553,'conditional forecasts_8'!$CW$6:$CW$553,$B5,'conditional forecasts_8'!$B$6:$B$553,"adm") -> 0
B6: 1202 | C6: =SUMIFS('conditional forecasts_8'!D$6:D$553,'conditional forecasts_8'!$CW$6:$CW$553,$B6,'conditional forecasts_8'!$B$6:$B$553,"adm") -> 1631.3306 | D6: =SUMIFS('conditional forecasts_8'!E$6:E$553,'conditional forecasts_8'!$CW$6:$CW$553,$B6,'conditional forecasts_8'!$B$6:$B$553,"adm") -> 1721.5021 | E6: =SUMIFS('conditional forecasts_8'!F$6:F$553,'conditional forecasts_8'!$CW$6:$CW$553,$B6,'conditional forecasts_8'!$B$6:$B$553,"adm") -> 1893.8196 | F6: =SUMIFS('conditional forecasts_8'!G$6:G$553,'conditional forecasts_8'!$CW$6:$CW$553,$B6,'conditional forecasts_8'!$B$6:$B$553,"adm") -> 1956.8734 | G6: =SUMIFS('conditional forecasts_8'!H$6:H$553,'conditional forecasts_8'!$CW$6:$CW$553,$B6,'conditional forecasts_8'!$B$6:$B$553,"adm") -> 1949.5672 | H6: =SUMIFS('conditional forecasts_8'!I$6:I$553,'conditional forecasts_8'!$CW$6:$CW$553,$B6,'conditional forecasts_8'!$B$6:$B$553,"adm") -> 1978.9168 | I6: =SUMIFS('conditional forecasts_8'!J$6:J$553,'conditional forecasts_8'!$CW$6:$CW$553,$B6,'conditional forecasts_8'!$B$6:$B$553,"adm") -> 1924.7042 | J6: =SUMIFS('conditional forecasts_8'!K$6:K$553,'conditional forecasts_8'!$CW$6:$CW$553,$B6,'conditional forecasts_8'!$B$6:$B$553,"adm") -> 1923.8549 | ... CT6: =SUMIFS('conditional forecasts_8'!CU$6:CU$553,'conditional forecasts_8'!$CW$6:$CW$553,$B6,'conditional forecasts_8'!$B$6:$B$553,"adm") -> 4289.4679
B7: 1201 | C7: =SUMIFS('conditional forecasts_8'!D$6:D$553,'conditional forecasts_8'!$CW$6:$CW$553,$B7,'conditional forecasts_8'!$B$6:$B$553,"adm") -> 129.28288 | D7: =SUMIFS('conditional forecasts_8'!E$6:E$553,'conditional forecasts_8'!$CW$6:$CW$553,$B7,'conditional forecasts_8'!$B$6:$B$553,"adm") -> 127.28931 | E7: =SUMIFS('conditional forecasts_8'!F$6:F$553,'conditional forecasts_8'!$CW$6:$CW$553,$B7,'conditional forecasts_8'!$B$6:$B$553,"adm") -> 177.02006 | F7: =SUMIFS('conditional forecasts_8'!G$6:G$553,'conditional forecasts_8'!$CW$6:$CW$553,$B7,'conditional forecasts_8'!$B$6:$B$553,"adm") -> 209.95592 | G7: =SUMIFS('conditional forecasts_8'!H$6:H$553,'conditional forecasts_8'!$CW$6:$CW$553,$B7,'conditional forecasts_8'!$B$6:$B$553,"adm") -> 230.05114 | H7: =SUMIFS('conditional forecasts_8'!I$6:I$553,'conditional forecasts_8'!$CW$6:$CW$553,$B7,'conditional forecasts_8'!$B$6:$B$553,"adm") -> 246.67733 | I7: =SUMIFS('conditional forecasts_8'!J$6:J$553,'conditional forecasts_8'!$CW$6:$CW$553,$B7,'conditional forecasts_8'!$B$6:$B$553,"adm") -> 231.02716 | J7: =SUMIFS('conditional forecasts_8'!K$6:K$553,'conditional forecasts_8'!$CW$6:$CW$553,$B7,'conditional forecasts_8'!$B$6:$B$553,"adm") -> 222.21148 | ... CT7: =SUMIFS('conditional forecasts_8'!CU$6:CU$553,'conditional forecasts_8'!$CW$6:$CW$553,$B7,'conditional forecasts_8'!$B$6:$B$553,"adm") -> 517.82064
B8: 1303 | C8: =SUMIFS('conditional forecasts_8'!D$6:D$553,'conditional forecasts_8'!$CW$6:$CW$553,$B8,'conditional forecasts_8'!$B$6:$B$553,"adm") -> 11388.339 | D8: =SUMIFS('conditional forecasts_8'!E$6:E$553,'conditional forecasts_8'!$CW$6:$CW$553,$B8,'conditional forecasts_8'!$B$6:$B$553,"adm") -> 11972.454 | E8: =SUMIFS('conditional forecasts_8'!F$6:F$553,'conditional forecasts_8'!$CW$6:$CW$553,$B8,'conditional forecasts_8'!$B$6:$B$553,"adm") -> 13808.242 | F8: =SUMIFS('conditional forecasts_8'!G$6:G$553,'conditional forecasts_8'!$CW$6:$CW$553,$B8,'conditional forecasts_8'!$B$6:$B$553,"adm") -> 13892.995 | G8: =SUMIFS('conditional forecasts_8'!H$6:H$553,'conditional forecasts_8'!$CW$6:$CW$553,$B8,'conditional forecasts_8'!$B$6:$B$553,"adm") -> 13895.892 | H8: =SUMIFS('conditional forecasts_8'!I$6:I$553,'conditional forecasts_8'!$CW$6:$CW$553,$B8,'conditional forecasts_8'!$B$6:$B$553,"adm") -> 14560.565 | I8: =SUMIFS('conditional forecasts_8'!J$6:J$553,'conditional forecasts_8'!$CW$6:$CW$553,$B8,'conditional forecasts_8'!$B$6:$B$553,"adm") -> 14034.345 | J8: =SUMIFS('conditional forecasts_8'!K$6:K$553,'conditional forecasts_8'!$CW$6:$CW$553,$B8,'conditional forecasts_8'!$B$6:$B$553,"adm") -> 14641.946 | ... CT8: =SUMIFS('conditional forecasts_8'!CU$6:CU$553,'conditional forecasts_8'!$CW$6:$CW$553,$B8,'conditional forecasts_8'!$B$6:$B$553,"adm") -> 33549.447
B9: 1302 | C9: =SUMIFS('conditional forecasts_8'!D$6:D$553,'conditional forecasts_8'!$CW$6:$CW$553,$B9,'conditional forecasts_8'!$B$6:$B$553,"adm") -> 27.941897 | D9: =SUMIFS('conditional forecasts_8'!E$6:E$553,'conditional forecasts_8'!$CW$6:$CW$553,$B9,'conditional forecasts_8'!$B$6:$B$553,"adm") -> 25.585754 | E9: =SUMIFS('conditional forecasts_8'!F$6:F$553,'conditional forecasts_8'!$CW$6:$CW$553,$B9,'conditional forecasts_8'!$B$6:$B$553,"adm") -> 30.092035 | F9: =SUMIFS('conditional forecasts_8'!G$6:G$553,'conditional forecasts_8'!$CW$6:$CW$553,$B9,'conditional forecasts_8'!$B$6:$B$553,"adm") -> 29.908072 | G9: =SUMIFS('conditional forecasts_8'!H$6:H$553,'conditional forecasts_8'!$CW$6:$CW$553,$B9,'conditional forecasts_8'!$B$6:$B$553,"adm") -> 29.558493 | H9: =SUMIFS('conditional forecasts_8'!I$6:I$553,'conditional forecasts_8'!$CW$6:$CW$553,$B9,'conditional forecasts_8'!$B$6:$B$553,"adm") -> 32.122741 | I9: =SUMIFS('conditional forecasts_8'!J$6:J$553,'conditional forecasts_8'!$CW$6:$CW$553,$B9,'conditional forecasts_8'!$B$6:$B$553,"adm") -> 28.836753 | J9: =SUMIFS('conditional forecasts_8'!K$6:K$553,'conditional forecasts_8'!$CW$6:$CW$553,$B9,'conditional forecasts_8'!$B$6:$B$553,"adm") -> 30.206445 | ... CT9: =SUMIFS('conditional forecasts_8'!CU$6:CU$553,'conditional forecasts_8'!$CW$6:$CW$553,$B9,'conditional forecasts_8'!$B$6:$B$553,"adm") -> 81.926074
B10: 1304 | C10: =SUMIFS('conditional forecasts_8'!D$6:D$553,'conditional forecasts_8'!$CW$6:$CW$553,$B10,'conditional forecasts_8'!$B$6:$B$553,"adm") -> 96.04359 | D10: =SUMIFS('conditional forecasts_8'!E$6:E$553,'conditional forecasts_8'!$CW$6:$CW$553,$B10,'conditional forecasts_8'!$B$6:$B$553,"adm") -> 91.572248 | E10: =SUMIFS('conditional forecasts_8'!F$6:F$553,'conditional forecasts_8'!$CW$6:$CW$553,$B10,'conditional forecasts_8'!$B$6:$B$553,"adm") -> 101.59855 | F10: =SUMIFS('conditional forecasts_8'!G$6:G$553,'conditional forecasts_8'!$CW$6:$CW$553,$B10,'conditional forecasts_8'!$B$6:$B$553,"adm") -> 93.177487 | G10: =SUMIFS('conditional forecasts_8'!H$6:H$553,'conditional forecasts_8'!$CW$6:$CW$553,$B10,'conditional forecasts_8'!$B$6:$B$553,"adm") -> 90.774641 | H10: =SUMIFS('conditional forecasts_8'!I$6:I$553,'conditional forecasts_8'!$CW$6:$CW$553,$B10,'conditional forecasts_8'!$B$6:$B$553,"adm") -> 90.951577 | I10: =SUMIFS('conditional forecasts_8'!J$6:J$553,'conditional forecasts_8'!$CW$6:$CW$553,$B10,'conditional forecasts_8'!$B$6:$B$553,"adm") -> 85.081269 | J10: =SUMIFS('conditional forecasts_8'!K$6:K$553,'conditional forecasts_8'!$CW$6:$CW$553,$B10,'conditional forecasts_8'!$B$6:$B$553,"adm") -> 86.726904 | ... CT10: =SUMIFS('conditional forecasts_8'!CU$6:CU$553,'conditional forecasts_8'!$CW$6:$CW$553,$B10,'conditional forecasts_8'!$B$6:$B$553,"adm") -> 203.9606
B11: 1301 | C11: =SUMIFS('conditional forecasts_8'!D$6:D$553,'conditional forecasts_8'!$CW$6:$CW$553,$B11,'conditional forecasts_8'!$B$6:$B$553,"adm") -> 26.557922 | D11: =SUMIFS('conditional forecasts_8'!E$6:E$553,'conditional forecasts_8'!$CW$6:$CW$553,$B11,'conditional forecasts_8'!$B$6:$B$553,"adm") -> 16.017332 | E11: =SUMIFS('conditional forecasts_8'!F$6:F$553,'conditional forecasts_8'!$CW$6:$CW$553,$B11,'conditional forecasts_8'!$B$6:$B$553,"adm") -> 24.009068 | F11: =SUMIFS('conditional forecasts_8'!G$6:G$553,'conditional forecasts_8'!$CW$6:$CW$553,$B11,'conditional forecasts_8'!$B$6:$B$553,"adm") -> 18.191291 | G11: =SUMIFS('conditional forecasts_8'!H$6:H$553,'conditional forecasts_8'!$CW$6:$CW$553,$B11,'conditional forecasts_8'!$B$6:$B$553,"adm") -> 15.401722 | H11: =SUMIFS('conditional forecasts_8'!I$6:I$553,'conditional forecasts_8'!$CW$6:$CW$553,$B11,'conditional forecasts_8'!$B$6:$B$553,"adm") -> 22.969178 | I11: =SUMIFS('conditional forecasts_8'!J$6:J$553,'conditional forecasts_8'!$CW$6:$CW$553,$B11,'conditional forecasts_8'!$B$6:$B$553,"adm") -> 11.282975 | J11: =SUMIFS('conditional forecasts_8'!K$6:K$553,'conditional forecasts_8'!$CW$6:$CW$553,$B11,'conditional forecasts_8'!$B$6:$B$553,"adm") -> 14.762628 | ... CT11: =SUMIFS('conditional forecasts_8'!CU$6:CU$553,'conditional forecasts_8'!$CW$6:$CW$553,$B11,'conditional forecasts_8'!$B$6:$B$553,"adm") -> 4.7806808
B12: 1401 | C12: =SUMIFS('conditional forecasts_8'!D$6:D$553,'conditional forecasts_8'!$CW$6:$CW$553,$B12,'conditional forecasts_8'!$B$6:$B$553,"adm") -> 1628.9781 | D12: =SUMIFS('conditional forecasts_8'!E$6:E$553,'conditional forecasts_8'!$CW$6:$CW$553,$B12,'conditional forecasts_8'!$B$6:$B$553,"adm") -> 1629.7498 | E12: =SUMIFS('conditional forecasts_8'!F$6:F$553,'conditional forecasts_8'!$CW$6:$CW$553,$B12,'conditional forecasts_8'!$B$6:$B$553,"adm") -> 1749.1998 | F12: =SUMIFS('conditional forecasts_8'!G$6:G$553,'conditional forecasts_8'!$CW$6:$CW$553,$B12,'conditional forecasts_8'!$B$6:$B$553,"adm") -> 1752.899 | G12: =SUMIFS('conditional forecasts_8'!H$6:H$553,'conditional forecasts_8'!$CW$6:$CW$553,$B12,'conditional forecasts_8'!$B$6:$B$553,"adm") -> 1742.2199 | H12: =SUMIFS('conditional forecasts_8'!I$6:I$553,'conditional forecasts_8'!$CW$6:$CW$553,$B12,'conditional forecasts_8'!$B$6:$B$553,"adm") -> 1814.7726 | I12: =SUMIFS('conditional forecasts_8'!J$6:J$553,'conditional forecasts_8'!$CW$6:$CW$553,$B12,'conditional forecasts_8'!$B$6:$B$553,"adm") -> 1756.9953 | J12: =SUMIFS('conditional forecasts_8'!K$6:K$553,'conditional forecasts_8'!$CW$6:$CW$553,$B12,'conditional forecasts_8'!$B$6:$B$553,"adm") -> 1783.2222 | ... CT12: =SUMIFS('conditional forecasts_8'!CU$6:CU$553,'conditional forecasts_8'!$CW$6:$CW$553,$B12,'conditional forecasts_8'!$B$6:$B$553,"adm") -> 3300.3564
B13: 1402 | C13: =SUMIFS('conditional forecasts_8'!D$6:D$553,'conditional forecasts_8'!$CW$6:$CW$553,$B13,'conditional forecasts_8'!$B$6:$B$553,"adm") -> 85.08853 | D13: =SUMIFS('conditional forecasts_8'!E$6:E$553,'conditional forecasts_8'!$CW$6:$CW$553,$B13,'conditional forecasts_8'!$B$6:$B$553,"adm") -> 75.347942 | E13: =SUMIFS('conditional forecasts_8'!F$6:F$553,'conditional forecasts_8'!$CW$6:$CW$553,$B13,'conditional forecasts_8'!$B$6:$B$553,"adm") -> 82.171626 | F13: =SUMIFS('conditional forecasts_8'!G$6:G$553,'conditional forecasts_8'!$CW$6:$CW$553,$B13,'conditional forecasts_8'!$B$6:$B$553,"adm") -> 79.157025 | G13: =SUMIFS('conditional forecasts_8'!H$6:H$553,'conditional forecasts_8'!$CW$6:$CW$553,$B13,'conditional forecasts_8'!$B$6:$B$553,"adm") -> 76.611669 | H13: =SUMIFS('conditional forecasts_8'!I$6:I$553,'conditional forecasts_8'!$CW$6:$CW$553,$B13,'conditional forecasts_8'!$B$6:$B$553,"adm") -> 77.716972 | I13: =SUMIFS('conditional forecasts_8'!J$6:J$553,'conditional forecasts_8'!$CW$6:$CW$553,$B13,'conditional forecasts_8'!$B$6:$B$553,"adm") -> 71.697849 | J13: =SUMIFS('conditional forecasts_8'!K$6:K$553,'conditional forecasts_8'!$CW$6:$CW$553,$B13,'conditional forecasts_8'!$B$6:$B$553,"adm") -> 69.952822 | ... CT13: =SUMIFS('conditional forecasts_8'!CU$6:CU$553,'conditional forecasts_8'!$CW$6:$CW$553,$B13,'conditional forecasts_8'!$B$6:$B$553,"adm") -> 169.03319
B14: 1504 | C14: =SUMIFS('conditional forecasts_8'!D$6:D$553,'conditional forecasts_8'!$CW$6:$CW$553,$B14,'conditional forecasts_8'!$B$6:$B$553,"adm") -> 1705.7568 | D14: =SUMIFS('conditional forecasts_8'!E$6:E$553,'conditional forecasts_8'!$CW$6:$CW$553,$B14,'conditional forecasts_8'!$B$6:$B$553,"adm") -> 1744.0076 | E14: =SUMIFS('conditional forecasts_8'!F$6:F$553,'conditional forecasts_8'!$CW$6:$CW$553,$B14,'conditional forecasts_8'!$B$6:$B$553,"adm") -> 1934.0426 | F14: =SUMIFS('conditional forecasts_8'!G$6:G$553,'conditional forecasts_8'!$CW$6:$CW$553,$B14,'conditional forecasts_8'!$B$6:$B$553,"adm") -> 1919.1726 | G14: =SUMIFS('conditional forecasts_8'!H$6:H$553,'conditional forecasts_8'!$CW$6:$CW$553,$B14,'conditional forecasts_8'!$B$6:$B$553,"adm") -> 1856.4918 | H14: =SUMIFS('conditional forecasts_8'!I$6:I$553,'conditional forecasts_8'!$CW$6:$CW$553,$B14,'conditional forecasts_8'!$B$6:$B$553,"adm") -> 1904.0561 | I14: =SUMIFS('conditional forecasts_8'!J$6:J$553,'conditional forecasts_8'!$CW$6:$CW$553,$B14,'conditional forecasts_8'!$B$6:$B$553,"adm") -> 1749.5847 | J14: =SUMIFS('conditional forecasts_8'!K$6:K$553,'conditional forecasts_8'!$CW$6:$CW$553,$B14,'conditional forecasts_8'!$B$6:$B$553,"adm") -> 1857.4758 | ... CT14: =SUMIFS('conditional forecasts_8'!CU$6:CU$553,'conditional forecasts_8'!$CW$6:$CW$553,$B14,'conditional forecasts_8'!$B$6:$B$553,"adm") -> 4974.5326
... B154: 5301 | C154: =SUMIFS('conditional forecasts_8'!D$6:D$553,'conditional forecasts_8'!$CW$6:$CW$553,$B154,'conditional forecasts_8'!$B$6:$B$553,"adm") -> 22957.337 | D154: =SUMIFS('conditional forecasts_8'!E$6:E$553,'conditional forecasts_8'!$CW$6:$CW$553,$B154,'conditional forecasts_8'!$B$6:$B$553,"adm") -> 24058.5 | E154: =SUMIFS('conditional forecasts_8'!F$6:F$553,'conditional forecasts_8'!$CW$6:$CW$553,$B154,'conditional forecasts_8'!$B$6:$B$553,"adm") -> 25932.158 | F154: =SUMIFS('conditional forecasts_8'!G$6:G$553,'conditional forecasts_8'!$CW$6:$CW$553,$B154,'conditional forecasts_8'!$B$6:$B$553,"adm") -> 26053.857 | G154: =SUMIFS('conditional forecasts_8'!H$6:H$553,'conditional forecasts_8'!$CW$6:$CW$553,$B154,'conditional forecasts_8'!$B$6:$B$553,"adm") -> 25585.595 | H154: =SUMIFS('conditional forecasts_8'!I$6:I$553,'conditional forecasts_8'!$CW$6:$CW$553,$B154,'conditional forecasts_8'!$B$6:$B$553,"adm") -> 25719.131 | I154: =SUMIFS('conditional forecasts_8'!J$6:J$553,'conditional forecasts_8'!$CW$6:$CW$553,$B154,'conditional forecasts_8'!$B$6:$B$553,"adm") -> 24255.455 | J154: =SUMIFS('conditional forecasts_8'!K$6:K$553,'conditional forecasts_8'!$CW$6:$CW$553,$B154,'conditional forecasts_8'!$B$6:$B$553,"adm") -> 24177.04 | ... CT154: =SUMIFS('conditional forecasts_8'!CU$6:CU$553,'conditional forecasts_8'!$CW$6:$CW$553,$B154,'conditional forecasts_8'!$B$6:$B$553,"adm") -> 57447.24

Sheet Des
B2: Mesoregiao | C2: 2017M1 | D2: 2017M2 | E2: 2017M3 | F2: 2017M4 | G2: 2017M5 | H2: 2017M6 | I2: 2017M7 | J2: 2017M8 | K2: 2017M9 | L2: 2017M10 | M2: 2017M11 | N2: 2017M12 | O2: 2018M1 | P2: 2018M2 | Q2: 2018M3 | R2: 2018M4 | S2: 2018M5 | T2: 2018M6 | U2: 2018M7 | V2: 2018M8 | W2: 2018M9 | X2: 2018M10 | Y2: 2018M11 | Z2: 2018M12 | AA2: 2019M1 | AB2: 2019M2 | AC2: 2019M3 | AD2: 2019M4 | AE2: 2019M5 | AF2: 2019M6 | AG2: 2019M7 | AH2: 2019M8 | AI2: 2019M9 | AJ2: 2019M10 | AK2: 2019M11 | AL2: 2019M12 | AM2: 2020M1 | AN2: 2020M2 | AO2: 2020M3 | AP2: 2020M4 | AQ2: 2020M5 | AR2: 2020M6 | AS2: 2020M7 | AT2: 2020M8 | AU2: 2020M9 | AV2: 2020M10 | AW2: 2020M11 | AX2: 2020M12 | AY2: 2021M1 | AZ2: 2021M2 | BA2: 2021M3 | BB2: 2021M4 | BC2: 2021M5 | BD2: 2021M6 | BE2: 2021M7 | BF2: 2021M8 | BG2: 2021M9 | BH2: 2021M10 | BI2: 2021M11 | BJ2: 2021M12 | BK2: 2022M1 | BL2: 2022M2 | BM2: 2022M3 | BN2: 2022M4 | BO2: 2022M5 | BP2: 2022M6 | BQ2: 2022M7 | BR2: 2022M8 | BS2: 2022M9 | BT2: 2022M10 | BU2: 2022M11 | BV2: 2022M12 | BW2: 2023M1 | BX2: 2023M2 | BY2: 2023M3 | BZ2: 2023M4 | CA2: 2023M5 | CB2: 2023M6 | CC2: 2023M7 | CD2: 2023M8 | CE2: 2023M9 | CF2: 2023M10 | CG2: 2023M11 | CH2: 2023M12 | CI2: 2024M1 | CJ2: 2024M2 | CK2: 2024M3 | CL2: 2024M4 | CM2: 2024M5 | CN2: 2024M6 | CO2: 2024M7 | CP2: 2024M8 | CQ2: 2024M9 | CR2: 2024M10 | CS2: 2024M11 | CT2: 2024M12
B3: 1102 | C3: =SUMIFS('conditional forecasts_8'!D$6:D$553,'conditional forecasts_8'!$CW$6:$CW$553,$B3,'conditional forecasts_8'!$B$6:$B$553,"desl") -> 5215.2238 | D3: =SUMIFS('conditional forecasts_8'!E$6:E$553,'conditional forecasts_8'!$CW$6:$CW$553,$B3,'conditional forecasts_8'!$B$6:$B$553,"desl") -> 5235.7516 | E3: =SUMIFS('conditional forecasts_8'!F$6:F$553,'conditional forecasts_8'!$CW$6:$CW$553,$B3,'conditional forecasts_8'!$B$6:$B$553,"desl") -> 5791.0833 | F3: =SUMIFS('conditional forecasts_8'!G$6:G$553,'conditional forecasts_8'!$CW$6:$CW$553,$B3,'conditional forecasts_8'!$B$6:$B$553,"desl") -> 5428.1316 | G3: =SUMIFS('conditional forecasts_8'!H$6:H$553,'conditional forecasts_8'!$CW$6:$CW$553,$B3,'conditional forecasts_8'!$B$6:$B$553,"desl") -> 5728.3708 | H3: =SUMIFS('conditional forecasts_8'!I$6:I$553,'conditional forecasts_8'!$CW$6:$CW$553,$B3,'conditional forecasts_8'!$B$6:$B$553,"desl") -> 5271.3767 | I3: =SUMIFS('conditional forecasts_8'!J$6:J$553,'conditional forecasts_8'!$CW$6:$CW$553,$B3,'conditional forecasts_8'!$B$6:$B$553,"desl") -> 5364.2558 | J3: =SUMIFS('conditional forecasts_8'!K$6:K$553,'conditional forecasts_8'!$CW$6:$CW$553,$B3,'conditional forecasts_8'!$B$6:$B$553,"desl") -> 5594.3975 | ... CT3: =SUMIFS('conditional forecasts_8'!CU$6:CU$553,'conditional forecasts_8'!$CW$6:$CW$553,$B3,'conditional forecasts_8'!$B$6:$B$553,"desl") -> 12472.469
B4: 1101 | C4: =SUMIFS('conditional forecasts_8'!D$6:D$553,'conditional forecasts_8'!$CW$6:$CW$553,$B4,'conditional forecasts_8'!$B$6:$B$553,"desl") -> 3253.3177 | D4: =SUMIFS('conditional forecasts_8'!E$6:E$553,'conditional forecasts_8'!$CW$6:$CW$553,$B4,'conditional forecasts_8'!$B$6:$B$553,"desl") -> 3322.7997 | E4: =SUMIFS('conditional forecasts_8'!F$6:F$553,'conditional forecasts_8'!$CW$6:$CW$553,$B4,'conditional forecasts_8'!$B$6:$B$553,"desl") -> 3689.5561 | F4: =SUMIFS('conditional forecasts_8'!G$6:G$553,'conditional forecasts_8'!$CW$6:$CW$553,$B4,'conditional forecasts_8'!$B$6:$B$553,"desl") -> 3784.8754 | G4: =SUMIFS('conditional forecasts_8'!H$6:H$553,'conditional forecasts_8'!$CW$6:$CW$553,$B4,'conditional forecasts_8'!$B$6:$B$553,"desl") -> 4118.6782 | H4: =SUMIFS('conditional forecasts_8'!I$6:I$553,'conditional forecasts_8'!$CW$6:$CW$553,$B4,'conditional forecasts_8'!$B$6:$B$553,"desl") -> 4077.4937 | I4: =SUMIFS('conditional forecasts_8'!J$6:J$553,'conditional forecasts_8'!$CW$6:$CW$553,$B4,'conditional forecasts_8'!$B$6:$B$553,"desl") -> 4281.4478 | J4: =SUMIFS('conditional forecasts_8'!K$6:K$553,'conditional forecasts_8'!$CW$6:$CW$553,$B4,'conditional forecasts_8'!$B$6:$B$553,"desl") -> 4355.4509 | ... CT4: =SUMIFS('conditional forecasts_8'!CU$6:CU$553,'conditional forecasts_8'!$CW$6:$CW$553,$B4,'conditional forecasts_8'!$B$6:$B$553,"desl") -> 16661.897
B5: 1100 | C5: =SUMIFS('conditional forecasts_8'!D$6:D$553,'conditional forecasts_8'!$CW$6:$CW$553,$B5,'conditional forecasts_8'!$B$6:$B$553,"desl") -> 0 | D5: =SUMIFS('conditional forecasts_8'!E$6:E$553,'conditional forecasts_8'!$CW$6:$CW$553,$B5,'conditional forecasts_8'!$B$6:$B$553,"desl") -> 0 | E5: =SUMIFS('conditional forecasts_8'!F$6:F$553,'conditional forecasts_8'!$CW$6:$CW$553,$B5,'conditional forecasts_8'!$B$6:$B$553,"desl") -> 0 | F5: =SUMIFS('conditional forecasts_8'!G$6:G$553,'conditional forecasts_8'!$CW$6:$CW$553,$B5,'conditional forecasts_8'!$B$6:$B$553,"desl") -> 0 | G5: =SUMIFS('conditional forecasts_8'!H$6:H$553,'conditional forecasts_8'!$CW$6:$CW$553,$B5,'conditional forecasts_8'!$B$6:$B$553,"desl") -> 0 | H5: =SUMIFS('conditional forecasts_8'!I$6:I$553,'conditional forecasts_8'!$CW$6:$CW$553,$B5,'conditional forecasts_8'!$B$6:$B$553,"desl") -> 0 | I5: =SUMIFS('conditional forecasts_8'!J$6:J$553,'conditional forecasts_8'!$CW$6:$CW$553,$B5,'conditional forecasts_8'!$B$6:$B$553,"desl") -> 0 | J5: =SUMIFS('conditional forecasts_8'!K$6:K$553,'conditional forecasts_8'!$CW$6:$CW$553,$B5,'conditional forecasts_8'!$B$6:$B$553,"desl") -> 0 | ... CT5: =SUMIFS('conditional forecasts_8'!CU$6:CU$553,'conditional forecasts_8'!$CW$6:$CW$553,$B5,'conditional forecasts_8'!$B$6:$B$553,"desl") -> 0
B6: 1202 | C6: =SUMIFS('conditional forecasts_8'!D$6:D$553,'conditional forecasts_8'!$CW$6:$CW$553,$B6,'conditional forecasts_8'!$B$6:$B$553,"desl") -> 1769.317 | D6: =SUMIFS('conditional forecasts_8'!E$6:E$553,'conditional forecasts_8'!$CW$6:$CW$553,$B6,'conditional forecasts_8'!$B$6:$B$553,"desl") -> 1703.0219 | E6: =SUMIFS('conditional forecasts_8'!F$6:F$553,'conditional forecasts_8'!$CW$6:$CW$553,$B6,'conditional forecasts_8'!$B$6:$B$553,"desl") -> 1883.9633 | F6: =SUMIFS('conditional forecasts_8'!G$6:G$553,'conditional forecasts_8'!$CW$6:$CW$553,$B6,'conditional forecasts_8'!$B$6:$B$553,"desl") -> 1719.809 | G6: =SUMIFS('conditional forecasts_8'!H$6:H$553,'conditional forecasts_8'!$CW$6:$CW$553,$B6,'conditional forecasts_8'!$B$6:$B$553,"desl") -> 1905.4268 | H6: =SUMIFS('conditional forecasts_8'!I$6:I$553,'conditional forecasts_8'!$CW$6:$CW$553,$B6,'conditional forecasts_8'!$B$6:$B$553,"desl") -> 1735.212 | I6: =SUMIFS('conditional forecasts_8'!J$6:J$553,'conditional forecasts_8'!$CW$6:$CW$553,$B6,'conditional forecasts_8'!$B$6:$B$553,"desl") -> 1784.0269 | J6: =SUMIFS('conditional forecasts_8'!K$6:K$553,'conditional forecasts_8'!$CW$6:$CW$553,$B6,'conditional forecasts_8'!$B$6:$B$553,"desl") -> 1872.1527 | ... CT6: =SUMIFS('conditional forecasts_8'!CU$6:CU$553,'conditional forecasts_8'!$CW$6:$CW$553,$B6,'conditional forecasts_8'!$B$6:$B$553,"desl") -> 4823.9144
B7: 1201 | C7: =SUMIFS('conditional forecasts_8'!D$6:D$553,'conditional forecasts_8'!$CW$6:$CW$553,$B7,'conditional forecasts_8'!$B$6:$B$553,"desl") -> 194.57113 | D7: =SUMIFS('conditional forecasts_8'!E$6:E$553,'conditional forecasts_8'!$CW$6:$CW$553,$B7,'conditional forecasts_8'!$B$6:$B$553,"desl") -> 160.17272 | E7: =SUMIFS('conditional forecasts_8'!F$6:F$553,'conditional forecasts_8'!$CW$6:$CW$553,$B7,'conditional forecasts_8'!$B$6:$B$553,"desl") -> 162.62916 | F7: =SUMIFS('conditional forecasts_8'!G$6:G$553,'conditional forecasts_8'!$CW$6:$CW$553,$B7,'conditional forecasts_8'!$B$6:$B$553,"desl") -> 155.30179 | G7: =SUMIFS('conditional forecasts_8'!H$6:H$553,'conditional forecasts_8'!$CW$6:$CW$553,$B7,'conditional forecasts_8'!$B$6:$B$553,"desl") -> 173.75641 | H7: =SUMIFS('conditional forecasts_8'!I$6:I$553,'conditional forecasts_8'!$CW$6:$CW$553,$B7,'conditional forecasts_8'!$B$6:$B$553,"desl") -> 171.52241 | I7: =SUMIFS('conditional forecasts_8'!J$6:J$553,'conditional forecasts_8'!$CW$6:$CW$553,$B7,'conditional forecasts_8'!$B$6:$B$553,"desl") -> 190.16659 | J7: =SUMIFS('conditional forecasts_8'!K$6:K$553,'conditional forecasts_8'!$CW$6:$CW$553,$B7,'conditional forecasts_8'!$B$6:$B$553,"desl") -> 202.07626 | ... CT7: =SUMIFS('conditional forecasts_8'!CU$6:CU$553,'conditional forecasts_8'!$CW$6:$CW$553,$B7,'conditional forecasts_8'!$B$6:$B$553,"desl") -> 652.5949
B8: 1303 | C8: =SUMIFS('conditional forecasts_8'!D$6:D$553,'conditional forecasts_8'!$CW$6:$CW$553,$B8,'conditional forecasts_8'!$B$6:$B$553,"desl") -> 12403.217 | D8: =SUMIFS('conditional forecasts_8'!E$6:E$553,'conditional forecasts_8'!$CW$6:$CW$553,$B8,'conditional forecasts_8'!$B$6:$B$553,"desl") -> 12754.232 | E8: =SUMIFS('conditional forecasts_8'!F$6:F$553,'conditional forecasts_8'!$CW$6:$CW$553,$B8,'conditional forecasts_8'!$B$6:$B$553,"desl") -> 13999.875 | F8: =SUMIFS('conditional forecasts_8'!G$6:G$553,'conditional forecasts_8'!$CW$6:$CW$553,$B8,'conditional forecasts_8'!$B$6:$B$553,"desl") -> 13473.188 | G8: =SUMIFS('conditional forecasts_8'!H$6:H$553,'conditional forecasts_8'!$CW$6:$CW$553,$B8,'conditional forecasts_8'!$B$6:$B$553,"desl") -> 14433.634 | H8: =SUMIFS('conditional forecasts_8'!I$6:I$553,'conditional forecasts_8'!$CW$6:$CW$553,$B8,'conditional forecasts_8'!$B$6:$B$553,"desl") -> 12993.679 | I8: =SUMIFS('conditional forecasts_8'!J$6:J$553,'conditional forecasts_8'!$CW$6:$CW$553,$B8,'conditional forecasts_8'!$B$6:$B$553,"desl") -> 13352.826 | J8: =SUMIFS('conditional forecasts_8'!K$6:K$553,'conditional forecasts_8'!$CW$6:$CW$553,$B8,'conditional forecasts_8'!$B$6:$B$553,"desl") -> 13998.239 | ... CT8: =SUMIFS('conditional forecasts_8'!CU$6:CU$553,'conditional forecasts_8'!$CW$6:$CW$553,$B8,'conditional forecasts_8'!$B$6:$B$553,"desl") -> 34898.813
B9: 1302 | C9: =SUMIFS('conditional forecasts_8'!D$6:D$553,'conditional forecasts_8'!$CW$6:$CW$553,$B9,'conditional forecasts_8'!$B$6:$B$553,"desl") -> 31.380551 | D9: =SUMIFS('conditional forecasts_8'!E$6:E$553,'conditional forecasts_8'!$CW$6:$CW$553,$B9,'conditional forecasts_8'!$B$6:$B$553,"desl") -> 26.150817 | E9: =SUMIFS('conditional forecasts_8'!F$6:F$553,'conditional forecasts_8'!$CW$6:$CW$553,$B9,'conditional forecasts_8'!$B$6:$B$553,"desl") -> 29.742052 | F9: =SUMIFS('conditional forecasts_8'!G$6:G$553,'conditional forecasts_8'!$CW$6:$CW$553,$B9,'conditional forecasts_8'!$B$6:$B$553,"desl") -> 26.680523 | G9: =SUMIFS('conditional forecasts_8'!H$6:H$553,'conditional forecasts_8'!$CW$6:$CW$553,$B9,'conditional forecasts_8'!$B$6:$B$553,"desl") -> 28.356021 | H9: =SUMIFS('conditional forecasts_8'!I$6:I$553,'conditional forecasts_8'!$CW$6:$CW$553,$B9,'conditional forecasts_8'!$B$6:$B$553,"desl") -> 28.988406 | I9: =SUMIFS('conditional forecasts_8'!J$6:J$553,'conditional forecasts_8'!$CW$6:$CW$553,$B9,'conditional forecasts_8'!$B$6:$B$553,"desl") -> 29.087755 | J9: =SUMIFS('conditional forecasts_8'!K$6:K$553,'conditional forecasts_8'!$CW$6:$CW$553,$B9,'conditional forecasts_8'!$B$6:$B$553,"desl") -> 31.077767 | ... CT9: =SUMIFS('conditional forecasts_8'!CU$6:CU$553,'conditional forecasts_8'!$CW$6:$CW$553,$B9,'conditional forecasts_8'!$B$6:$B$553,"desl") -> 49.656763
B10: 1304 | C10: =SUMIFS('conditional forecasts_8'!D$6:D$553,'conditional forecasts_8'!$CW$6:$CW$553,$B10,'conditional forecasts_8'!$B$6:$B$553,"desl") -> 84.798367 | D10: =SUMIFS('conditional forecasts_8'!E$6:E$553,'conditional forecasts_8'!$CW$6:$CW$553,$B10,'conditional forecasts_8'!$B$6:$B$553,"desl") -> 78.580887 | E10: =SUMIFS('conditional forecasts_8'!F$6:F$553,'conditional forecasts_8'!$CW$6:$CW$553,$B10,'conditional forecasts_8'!$B$6:$B$553,"desl") -> 80.596767 | F10: =SUMIFS('conditional forecasts_8'!G$6:G$553,'conditional forecasts_8'!$CW$6:$CW$553,$B10,'conditional forecasts_8'!$B$6:$B$553,"desl") -> 78.528469 | G10: =SUMIFS('conditional forecasts_8'!H$6:H$553,'conditional forecasts_8'!$CW$6:$CW$553,$B10,'conditional forecasts_8'!$B$6:$B$553,"desl") -> 79.393456 | H10: =SUMIFS('conditional forecasts_8'!I$6:I$553,'conditional forecasts_8'!$CW$6:$CW$553,$B10,'conditional forecasts_8'!$B$6:$B$553,"desl") -> 73.919093 | I10: =SUMIFS('conditional forecasts_8'!J$6:J$553,'conditional forecasts_8'!$CW$6:$CW$553,$B10,'conditional forecasts_8'!$B$6:$B$553,"desl") -> 73.941072 | J10: =SUMIFS('conditional forecasts_8'!K$6:K$553,'conditional forecasts_8'!$CW$6:$CW$553,$B10,'conditional forecasts_8'!$B$6:$B$553,"desl") -> 75.499869 | ... CT10: =SUMIFS('conditional forecasts_8'!CU$6:CU$553,'conditional forecasts_8'!$CW$6:$CW$553,$B10,'conditional forecasts_8'!$B$6:$B$553,"desl") -> 209.60235
B11: 1301 | C11: =SUMIFS('conditional forecasts_8'!D$6:D$553,'conditional forecasts_8'!$CW$6:$CW$553,$B11,'conditional forecasts_8'!$B$6:$B$553,"desl") -> 17.838627 | D11: =SUMIFS('conditional forecasts_8'!E$6:E$553,'conditional forecasts_8'!$CW$6:$CW$553,$B11,'conditional forecasts_8'!$B$6:$B$553,"desl") -> 25.415515 | E11: =SUMIFS('conditional forecasts_8'!F$6:F$553,'conditional forecasts_8'!$CW$6:$CW$553,$B11,'conditional forecasts_8'!$B$6:$B$553,"desl") -> 17.811334 | F11: =SUMIFS('conditional forecasts_8'!G$6:G$553,'conditional forecasts_8'!$CW$6:$CW$553,$B11,'conditional forecasts_8'!$B$6:$B$553,"desl") -> 17.782937 | G11: =SUMIFS('conditional forecasts_8'!H$6:H$553,'conditional forecasts_8'!$CW$6:$CW$553,$B11,'conditional forecasts_8'!$B$6:$B$553,"desl") -> 19.896878 | H11: =SUMIFS('conditional forecasts_8'!I$6:I$553,'conditional forecasts_8'!$CW$6:$CW$553,$B11,'conditional forecasts_8'!$B$6:$B$553,"desl") -> 10.996796 | I11: =SUMIFS('conditional forecasts_8'!J$6:J$553,'conditional forecasts_8'!$CW$6:$CW$553,$B11,'conditional forecasts_8'!$B$6:$B$553,"desl") -> 14.936565 | J11: =SUMIFS('conditional forecasts_8'!K$6:K$553,'conditional forecasts_8'!$CW$6:$CW$553,$B11,'conditional forecasts_8'!$B$6:$B$553,"desl") -> 14.581896 | ... CT11: =SUMIFS('conditional forecasts_8'!CU$6:CU$553,'conditional forecasts_8'!$CW$6:$CW$553,$B11,'conditional forecasts_8'!$B$6:$B$553,"desl") -> -2.5193421
B12: 1401 | C12: =SUMIFS('conditional forecasts_8'!D$6:D$553,'conditional forecasts_8'!$CW$6:$CW$553,$B12,'conditional forecasts_8'!$B$6:$B$553,"desl") -> 1830.653 | D12: =SUMIFS('conditional forecasts_8'!E$6:E$553,'conditional forecasts_8'!$CW$6:$CW$553,$B12,'conditional forecasts_8'!$B$6:$B$553,"desl") -> 1650.3935 | E12: =SUMIFS('conditional forecasts_8'!F$6:F$553,'conditional forecasts_8'!$CW$6:$CW$553,$B12,'conditional forecasts_8'!$B$6:$B$553,"desl") -> 1864.9591 | F12: =SUMIFS('conditional forecasts_8'!G$6:G$553,'conditional forecasts_8'!$CW$6:$CW$553,$B12,'conditional forecasts_8'!$B$6:$B$553,"desl") -> 1717.2252 | G12: =SUMIFS('conditional forecasts_8'!H$6:H$553,'conditional forecasts_8'!$CW$6:$CW$553,$B12,'conditional forecasts_8'!$B$6:$B$553,"desl") -> 1822.2261 | H12: =SUMIFS('conditional forecasts_8'!I$6:I$553,'conditional forecasts_8'!$CW$6:$CW$553,$B12,'conditional forecasts_8'!$B$6:$B$553,"desl") -> 1742.3945 | I12: =SUMIFS('conditional forecasts_8'!J$6:J$553,'conditional forecasts_8'!$CW$6:$CW$553,$B12,'conditional forecasts_8'!$B$6:$B$553,"desl") -> 1738.7411 | J12: =SUMIFS('conditional forecasts_8'!K$6:K$553,'conditional forecasts_8'!$CW$6:$CW$553,$B12,'conditional forecasts_8'!$B$6:$B$553,"desl") -> 1800.4879 | ... CT12: =SUMIFS('conditional forecasts_8'!CU$6:CU$553,'conditional forecasts_8'!$CW$6:$CW$553,$B12,'conditional forecasts_8'!$B$6:$B$553,"desl") -> 3152.8794
B13: 1402 | C13: =SUMIFS('conditional forecasts_8'!D$6:D$553,'conditional forecasts_8'!$CW$6:$CW$553,$B13,'conditional forecasts_8'!$B$6:$B$553,"desl") -> 76.995513 | D13: =SUMIFS('conditional forecasts_8'!E$6:E$553,'conditional forecasts_8'!$CW$6:$CW$553,$B13,'conditional forecasts_8'!$B$6:$B$553,"desl") -> 78.36382 | E13: =SUMIFS('conditional forecasts_8'!F$6:F$553,'conditional forecasts_8'!$CW$6:$CW$553,$B13,'conditional forecasts_8'!$B$6:$B$553,"desl") -> 83.978285 | F13: =SUMIFS('conditional forecasts_8'!G$6:G$553,'conditional forecasts_8'!$CW$6:$CW$553,$B13,'conditional forecasts_8'!$B$6:$B$553,"desl") -> 74.826367 | G13: =SUMIFS('conditional forecasts_8'!H$6:H$553,'conditional forecasts_8'!$CW$6:$CW$553,$B13,'conditional forecasts_8'!$B$6:$B$553,"desl") -> 78.359795 | H13: =SUMIFS('conditional forecasts_8'!I$6:I$553,'conditional forecasts_8'!$CW$6:$CW$553,$B13,'conditional forecasts_8'!$B$6:$B$553,"desl") -> 70.019523 | I13: =SUMIFS('conditional forecasts_8'!J$6:J$553,'conditional forecasts_8'!$CW$6:$CW$553,$B13,'conditional forecasts_8'!$B$6:$B$553,"desl") -> 70.577064 | J13: =SUMIFS('conditional forecasts_8'!K$6:K$553,'conditional forecasts_8'!$CW$6:$CW$553,$B13,'conditional forecasts_8'!$B$6:$B$553,"desl") -> 70.509427 | ... CT13: =SUMIFS('conditional forecasts_8'!CU$6:CU$553,'conditional forecasts_8'!$CW$6:$CW$553,$B13,'conditional forecasts_8'!$B$6:$B$553,"desl") -> 150.03489
B14: 1504 | C14: =SUMIFS('conditional forecasts_8'!D$6:D$553,'conditional forecasts_8'!$CW$6:$CW$553,$B14,'conditional forecasts_8'!$B$6:$B$553,"desl") -> 1975.2874 | D14: =SUMIFS('conditional forecasts_8'!E$6:E$553,'conditional forecasts_8'!$CW$6:$CW$553,$B14,'conditional forecasts_8'!$B$6:$B$553,"desl") -> 1826.2788 | E14: =SUMIFS('conditional forecasts_8'!F$6:F$553,'conditional forecasts_8'!$CW$6:$CW$553,$B14,'conditional forecasts_8'!$B$6:$B$553,"desl") -> 2058.2286 | F14: =SUMIFS('conditional forecasts_8'!G$6:G$553,'conditional forecasts_8'!$CW$6:$CW$553,$B14,'conditional forecasts_8'!$B$6:$B$553,"desl") -> 1851.8993 | G14: =SUMIFS('conditional forecasts_8'!H$6:H$553,'conditional forecasts_8'!$CW$6:$CW$553,$B14,'conditional forecasts_8'!$B$6:$B$553,"desl") -> 1966.7951 | H14: =SUMIFS('conditional forecasts_8'!I$6:I$553,'conditional forecasts_8'!$CW$6:$CW$553,$B14,'conditional forecasts_8'!$B$6:$B$553,"desl") -> 1812.9763 | I14: =SUMIFS('conditional forecasts_8'!J$6:J$553,'conditional forecasts_8'!$CW$6:$CW$553,$B14,'conditional forecasts_8'!$B$6:$B$553,"desl") -> 1789.5453 | J14: =SUMIFS('conditional forecasts_8'!K$6:K$553,'conditional forecasts_8'!$CW$6:$CW$553,$B14,'conditional forecasts_8'!$B$6:$B$553,"desl") -> 1807.1921 | ... CT14: =SUMIFS('conditional forecasts_8'!CU$6:CU$553,'conditional forecasts_8'!$CW$6:$CW$553,$B14,'conditional forecasts_8'!$B$6:$B$553,"desl") -> 4462.3193
... B154: 5301 | C154: =SUMIFS('conditional forecasts_8'!D$6:D$553,'conditional forecasts_8'!$CW$6:$CW$553,$B154,'conditional forecasts_8'!$B$6:$B$553,"desl") -> 24130.311 | D154: =SUMIFS('conditional forecasts_8'!E$6:E$553,'conditional forecasts_8'!$CW$6:$CW$553,$B154,'conditional forecasts_8'!$B$6:$B$553,"desl") -> 23763.127 | E154: =SUMIFS('conditional forecasts_8'!F$6:F$553,'conditional forecasts_8'!$CW$6:$CW$553,$B154,'conditional forecasts_8'!$B$6:$B$553,"desl") -> 26024.687 | F154: =SUMIFS('conditional forecasts_8'!G$6:G$553,'conditional forecasts_8'!$CW$6:$CW$553,$B154,'conditional forecasts_8'!$B$6:$B$553,"desl") -> 24454.411 | G154: =SUMIFS('conditional forecasts_8'!H$6:H$553,'conditional forecasts_8'!$CW$6:$CW$553,$B154,'conditional forecasts_8'!$B$6:$B$553,"desl") -> 25534.83 | H154: =SUMIFS('conditional forecasts_8'!I$6:I$553,'conditional forecasts_8'!$CW$6:$CW$553,$B154,'conditional forecasts_8'!$B$6:$B$553,"desl") -> 23350.877 | I154: =SUMIFS('conditional forecasts_8'!J$6:J$553,'conditional forecasts_8'!$CW$6:$CW$553,$B154,'conditional forecasts_8'!$B$6:$B$553,"desl") -> 23481.077 | J154: =SUMIFS('conditional forecasts_8'!K$6:K$553,'conditional forecasts_8'!$CW$6:$CW$553,$B154,'conditional forecasts_8'!$B$6:$B$553,"desl") -> 24348.617 | ... CT154: =SUMIFS('conditional forecasts_8'!CU$6:CU$553,'conditional forecasts_8'!$CW$6:$CW$553,$B154,'conditional forecasts_8'!$B$6:$B$553,"desl") -> 58365.574

Sheet Net
B2: Mesoregiao | C2: 2017M1 | D2: 2017M2 | E2: 2017M3 | F2: 2017M4 | G2: 2017M5 | H2: 2017M6 | I2: 2017M7 | J2: 2017M8 | K2: 2017M9 | L2: 2017M10 | M2: 2017M11 | N2: 2017M12 | O2: 2018M1 | P2: 2018M2 | Q2: 2018M3 | R2: 2018M4 | S2: 2018M5 | T2: 2018M6 | U2: 2018M7 | V2: 2018M8 | W2: 2018M9 | X2: 2018M10 | Y2: 2018M11 | Z2: 2018M12 | AA2: 2019M1 | AB2: 2019M2 | AC2: 2019M3 | AD2: 2019M4 | AE2: 2019M5 | AF2: 2019M6 | AG2: 2019M7 | AH2: 2019M8 | AI2: 2019M9 | AJ2: 2019M10 | AK2: 2019M11 | AL2: 2019M12 | AM2: 2020M1 | AN2: 2020M2 | AO2: 2020M3 | AP2: 2020M4 | AQ2: 2020M5 | AR2: 2020M6 | AS2: 2020M7 | AT2: 2020M8 | AU2: 2020M9 | AV2: 2020M10 | AW2: 2020M11 | AX2: 2020M12 | AY2: 2021M1 | AZ2: 2021M2 | BA2: 2021M3 | BB2: 2021M4 | BC2: 2021M5 | BD2: 2021M6 | BE2: 2021M7 | BF2: 2021M8 | BG2: 2021M9 | BH2: 2021M10 | BI2: 2021M11 | BJ2: 2021M12 | BK2: 2022M1 | BL2: 2022M2 | BM2: 2022M3 | BN2: 2022M4 | BO2: 2022M5 | BP2: 2022M6 | BQ2: 2022M7 | BR2: 2022M8 | BS2: 2022M9 | BT2: 2022M10 | BU2: 2022M11 | BV2: 2022M12 | BW2: 2023M1 | BX2: 2023M2 | BY2: 2023M3 | BZ2: 2023M4 | CA2: 2023M5 | CB2: 2023M6 | CC2: 2023M7 | CD2: 2023M8 | CE2: 2023M9 | CF2: 2023M10 | CG2: 2023M11 | CH2: 2023M12 | CI2: 2024M1 | CJ2: 2024M2 | CK2: 2024M3 | CL2: 2024M4 | CM2: 2024M5 | CN2: 2024M6 | CO2: 2024M7 | CP2: 2024M8 | CQ2: 2024M9 | CR2: 2024M10 | CS2: 2024M11 | CT2: 2024M12
B3: 1102 | C3: =Adm!C3-Des!C3 -> -234.7159 | D3: =Adm!D3-Des!D3 -> 122.95412 | E3: =Adm!E3-Des!E3 -> 226.90477 | F3: =Adm!F3-Des!F3 -> 567.38411 | G3: =Adm!G3-Des!G3 -> 210.09742 | H3: =Adm!H3-Des!H3 -> 706.2991 | I3: =Adm!I3-Des!I3 -> 302.40774 | J3: =Adm!J3-Des!J3 -> 73.166907 | ... CT3: =Adm!CT3-Des!CT3 -> -632.41915
B4: 1101 | C4: =Adm!C4-Des!C4 -> -137.70079 | D4: =Adm!D4-Des!D4 -> 44.153492 | E4: =Adm!E4-Des!E4 -> 205.59745 | F4: =Adm!F4-Des!F4 -> 246.14862 | G4: =Adm!G4-Des!G4 -> 38.78404 | H4: =Adm!H4-Des!H4 -> 303.62027 | I4: =Adm!I4-Des!I4 -> 44.964566 | J4: =Adm!J4-Des!J4 -> 20.800403 | ... CT4: =Adm!CT4-Des!CT4 -> -1861.7534
B5: 1100 | C5: =Adm!C5-Des!C5 -> 0 | D5: =Adm!D5-Des!D5 -> 0 | E5: =Adm!E5-Des!E5 -> 0 | F5: =Adm!F5-Des!F5 -> 0 | G5: =Adm!G5-Des!G5 -> 0 | H5: =Adm!H5-Des!H5 -> 0 | I5: =Adm!I5-Des!I5 -> 0 | J5: =Adm!J5-Des!J5 -> 0 | ... CT5: =Adm!CT5-Des!CT5 -> 0
B6: 1202 | C6: =Adm!C6-Des!C6 -> -137.98648 | D6: =Adm!D6-Des!D6 -> 18.480273 | E6: =Adm!E6-Des!E6 -> 9.8563186 | F6: =Adm!F6-Des!F6 -> 237.06443 | G6: =Adm!G6-Des!G6 -> 44.140397 | H6: =Adm!H6-Des!H6 -> 243.70476 | I6: =Adm!I6-Des!I6 -> 140.67734 | J6: =Adm!J6-Des!J6 -> 51.702186 | ... CT6: =Adm!CT6-Des!CT6 -> -534.44652
B7: 1201 | C7: =Adm!C7-Des!C7 -> -65.288247 | D7: =Adm!D7-Des!D7 -> -32.883414 | E7: =Adm!E7-Des!E7 -> 14.390902 | F7: =Adm!F7-Des!F7 -> 54.654125 | G7: =Adm!G7-Des!G7 -> 56.29473 | H7: =Adm!H7-Des!H7 -> 75.154915 | I7: =Adm!I7-Des!I7 -> 40.860579 | J7: =Adm!J7-Des!J7 -> 20.135215 | ... CT7: =Adm!CT7-Des!CT7 -> -134.77425
B8: 1303 | C8: =Adm!C8-Des!C8 -> -1014.8781 | D8: =Adm!D8-Des!D8 -> -781.77772 | E8: =Adm!E8-Des!E8 -> -191.63273 | F8: =Adm!F8-Des!F8 -> 419.80781 | G8: =Adm!G8-Des!G8 -> -537.74182 | H8: =Adm!H8-Des!H8 -> 1566.8855 | I8: =Adm!I8-Des!I8 -> 681.51957 | J8: =Adm!J8-Des!J8 -> 643.70708 | ... CT8: =Adm!CT8-Des!CT8 -> -1349.3658
B9: 1302 | C9: =Adm!C9-Des!C9 -> -3.4386543 | D9: =Adm!D9-Des!D9 -> -0.56506346 | E9: =Adm!E9-Des!E9 -> 0.34998272 | F9: =Adm!F9-Des!F9 -> 3.2275492 | G9: =Adm!G9-Des!G9 -> 1.2024713 | H9: =Adm!H9-Des!H9 -> 3.1343352 | I9: =Adm!I9-Des!I9 -> -0.25100179 | J9: =Adm!J9-Des!J9 -> -0.87132207 | ... CT9: =Adm!CT9-Des!CT9 -> 32.269311
B10: 1304 | C10: =Adm!C10-Des!C10 -> 11.245224 | D10: =Adm!D10-Des!D10 -> 12.991361 | E10: =Adm!E10-Des!E10 -> 21.001779 | F10: =Adm!F10-Des!F10 -> 14.649018 | G10: =Adm!G10-Des!G10 -> 11.381185 | H10: =Adm!H10-Des!H10 -> 17.032484 | I10: =Adm!I10-Des!I10 -> 11.140197 | J10: =Adm!J10-Des!J10 -> 11.227035 | ... CT10: =Adm!CT10-Des!CT10 -> -5.6417543
B11: 1301 | C11: =Adm!C11-Des!C11 -> 8.7192946 | D11: =Adm!D11-Des!D11 -> -9.398183 | E11: =Adm!E11-Des!E11 -> 6.1977336 | F11: =Adm!F11-Des!F11 -> 0.40835375 | G11: =Adm!G11-Des!G11 -> -4.4951558 | H11: =Adm!H11-Des!H11 -> 11.972382 | I11: =Adm!I11-Des!I11 -> -3.6535904 | J11: =Adm!J11-Des!J11 -> 0.18073229 | ... CT11: =Adm!CT11-Des!CT11 -> 7.3000229
B12: 1401 | C12: =Adm!C12-Des!C12 -> -201.6749 | D12: =Adm!D12-Des!D12 -> -20.643701 | E12: =Adm!E12-Des!E12 -> -115.75936 | F12: =Adm!F12-Des!F12 -> 35.673812 | G12: =Adm!G12-Des!G12 -> -80.006251 | H12: =Adm!H12-Des!H12 -> 72.378145 | I12: =Adm!I12-Des!I12 -> 18.254151 | J12: =Adm!J12-Des!J12 -> -17.265648 | ... CT12: =Adm!CT12-Des!CT12 -> 147.47702
B13: 1402 | C13: =Adm!C13-Des!C13 -> 8.0930178 | D13: =Adm!D13-Des!D13 -> -3.0158778 | E13: =Adm!E13-Des!E13 -> -1.8066584 | F13: =Adm!F13-Des!F13 -> 4.3306581 | G13: =Adm!G13-Des!G13 -> -1.7481257 | H13: =Adm!H13-Des!H13 -> 7.6974491 | I13: =Adm!I13-Des!I13 -> 1.120785 | J13: =Adm!J13-Des!J13 -> -0.55660568 | ... CT13: =Adm!CT13-Des!CT13 -> 18.9983
B14: 1504 | C14: =Adm!C14-Des!C14 -> -269.53063 | D14: =Adm!D14-Des!D14 -> -82.271168 | E14: =Adm!E14-Des!E14 -> -124.18599 | F14: =Adm!F14-Des!F14 -> 67.273291 | G14: =Adm!G14-Des!G14 -> -110.3033 | H14: =Adm!H14-Des!H14 -> 91.079818 | I14: =Adm!I14-Des!I14 -> -39.960552 | J14: =Adm!J14-Des!J14 -> 50.283764 | ... CT14: =Adm!CT14-Des!CT14 -> 512.21334
... B154: 5301 | C154: =Adm!C154-Des!C154 -> -1172.9736 | D154: =Adm!D154-Des!D154 -> 295.37363 | E154: =Adm!E154-Des!E154 -> -92.529164 | F154: =Adm!F154-Des!F154 -> 1599.4454 | G154: =Adm!G154-Des!G154 -> 50.765108 | H154: =Adm!H154-Des!H154 -> 2368.2537 | I154: =Adm!I154-Des!I154 -> 774.37794 | J154: =Adm!J154-Des!J154 -> -171.57633 | ... CT154: =Adm!CT154-Des!CT154 -> -918.33393

Sheet Net Acumulado
B3: Deficit | C3: Mesoregiao | D3: 2017M1 | E3: 2017M2 | F3: 2017M3 | G3: 2017M4 | H3: 2017M5 | I3: 2017M6 | J3: 2017M7 | K3: 2017M8 | L3: 2017M9 | M3: 2017M10 | N3: 2017M11 | O3: 2017M12 | P3: 2018M1 | Q3: 2018M2 | R3: 2018M3 | S3: 2018M4 | T3: 2018M5 | U3: 2018M6 | V3: 2018M7 | W3: 2018M8 | X3: 2018M9 | Y3: 2018M10 | Z3: 2018M11 | AA3: 2018M12 | AB3: 2019M1 | AC3: 2019M2 | AD3: 2019M3 | AE3: 2019M4 | AF3: 2019M5 | AG3: 2019M6 | AH3: 2019M7 | AI3: 2019M8 | AJ3: 2019M9 | AK3: 2019M10 | AL3: 2019M11 | AM3: 2019M12 | AN3: 2020M1 | AO3: 2020M2 | AP3: 2020M3 | AQ3: 2020M4 | AR3: 2020M5 | AS3: 2020M6 | AT3: 2020M7 | AU3: 2020M8 | AV3: 2020M9 | AW3: 2020M10 | AX3: 2020M11 | AY3: 2020M12 | AZ3: 2021M1 | BA3: 2021M2 | BB3: 2021M3 | BC3: 2021M4 | BD3: 2021M5 | BE3: 2021M6 | BF3: 2021M7 | BG3: 2021M8 | BH3: 2021M9 | BI3: 2021M10 | BJ3: 2021M11 | BK3: 2021M12 | BL3: 2022M1 | BM3: 2022M2 | BN3: 2022M3 | BO3: 2022M4 | BP3: 2022M5 | BQ3: 2022M6 | BR3: 2022M7 | BS3: 2022M8 | BT3: 2022M9 | BU3: 2022M10 | BV3: 2022M11 | BW3: 2022M12 | BX3: 2023M1 | BY3: 2023M2 | BZ3: 2023M3 | CA3: 2023M4 | CB3: 2023M5 | CC3: 2023M6 | CD3: 2023M7 | CE3: 2023M8 | CF3: 2023M9 | CG3: 2023M10 | CH3: 2023M11 | CI3: 2023M12 | CJ3: 2024M1 | CK3: 2024M2 | CL3: 2024M3 | CM3: 2024M4 | CN3: 2024M5 | CO3: 2024M6 | CP3: 2024M7 | CQ3: 2024M8 | CR3: 2024M9 | CS3: 2024M10 | CT3: 2024M11 | CU3: 2024M12
B4: -7656 | C4: 1102 | D4: =Net!C3 -> -234.7159 | E4: =D4+Net!D3 -> -111.76178 | F4: =E4+Net!E3 -> 115.14299 | G4: =F4+Net!F3 -> 682.5271 | H4: =G4+Net!G3 -> 892.62451 | I4: =H4+Net!H3 -> 1598.9236 | J4: =I4+Net!I3 -> 1901.3313 | K4: =J4+Net!J3 -> 1974.4983 | L4: =K4+Net!K3 -> 2322.7457 | ... CU4: =CT4+Net!CT3 -> 19497.548
B5: -24206 | C5: 1101 | D5: =Net!C4 -> -137.70079 | E5: =D5+Net!D4 -> -93.5473 | F5: =E5+Net!E4 -> 112.05015 | G5: =F5+Net!F4 -> 358.19878 | H5: =G5+Net!G4 -> 396.98282 | I5: =H5+Net!H4 -> 700.60309 | J5: =I5+Net!I4 -> 745.56765 | K5: =J5+Net!J4 -> 766.36805 | L5: =K5+Net!K4 -> 728.90498 | ... CU5: =CT5+Net!CT4 -> -28433.589
B6: 0 | C6: 1100 | D6: =Net!C5 -> 0 | E6: =D6+Net!D5 -> 0 | F6: =E6+Net!E5 -> 0 | G6: =F6+Net!F5 -> 0 | H6: =G6+Net!G5 -> 0 | I6: =H6+Net!H5 -> 0 | J6: =I6+Net!I5 -> 0 | K6: =J6+Net!J5 -> 0 | L6: =K6+Net!K5 -> 0 | ... CU6: =CT6+Net!CT5 -> 0
B7: -4690 | C7: 1202 | D7: =Net!C6 -> -137.98648 | E7: =D7+Net!D6 -> -119.5062 | F7: =E7+Net!E6 -> -109.64989 | G7: =F7+Net!F6 -> 127.41454 | H7: =G7+Net!G6 -> 171.55494 | I7: =H7+Net!H6 -> 415.2597 | J7: =I7+Net!I6 -> 555.93704 | K7: =J7+Net!J6 -> 607.63923 | L7: =K7+Net!K6 -> 748.18524 | ... CU7: =CT7+Net!CT6 -> 310.85291
B8: -850 | C8: 1201 | D8: =Net!C7 -> -65.288247 | E8: =D8+Net!D7 -> -98.17166 | F8: =E8+Net!E7 -> -83.780758 | G8: =F8+Net!F7 -> -29.126633 | H8: =G8+Net!G7 -> 27.168097 | I8: =H8+Net!H7 -> 102.32301 | J8: =I8+Net!I7 -> 143.18359 | K8: =J8+Net!J7 -> 163.31881 | L8: =K8+Net!K7 -> 172.70879 | ... CU8: =CT8+Net!CT7 -> -2475.2951
B9: -60102 | C9: 1303 | D9: =Net!C8 -> -1014.8781 | E9: =D9+Net!D8 -> -1796.6558 | F9: =E9+Net!E8 -> -1988.2885 | G9: =F9+Net!F8 -> -1568.4807 | H9: =G9+Net!G8 -> -2106.2225 | I9: =H9+Net!H8 -> -539.33706 | J9: =I9+Net!I8 -> 142.1825 | K9: =J9+Net!J8 -> 785.88958 | L9: =K9+Net!K8 -> 2493.6526 | ... CU9: =CT9+Net!CT8 -> 169999.55
B10: -46 | C10: 1302 | D10: =Net!C9 -> -3.4386543 | E10: =D10+Net!D9 -> -4.0037177 | F10: =E10+Net!E9 -> -3.653735 | G10: =F10+Net!F9 -> -0.42618581 | H10: =G10+Net!G9 -> 0.77628545 | I10: =H10+Net!H9 -> 3.9106206 | J10: =I10+Net!I9 -> 3.6596188 | K10: =J10+Net!J9 -> 2.7882968 | L10: =K10+Net!K9 -> 0.32651637 | ... CU10: =CT10+Net!CT9 -> 1401.0715
B11: 253 | C11: 1304 | D11: =Net!C10 -> 11.245224 | E11: =D11+Net!D10 -> 24.236585 | F11: =E11+Net!E10 -> 45.238363 | G11: =F11+Net!F10 -> 59.887381 | H11: =G11+Net!G10 -> 71.268566 | I11: =H11+Net!H10 -> 88.30105 | J11: =I11+Net!I10 -> 99.441248 | K11: =J11+Net!J10 -> 110.66828 | L11: =K11+Net!K10 -> 118.77075 | ... CU11: =CT11+Net!CT10 -> 1353.5169
B12: 49 | C12: 1301 | D12: =Net!C11 -> 8.7192946 | E12: =D12+Net!D11 -> -0.67888841 | F12: =E12+Net!E11 -> 5.5188452 | G12: =F12+Net!F11 -> 5.9271989 | H12: =G12+Net!G11 -> 1.4320431 | I12: =H12+Net!H11 -> 13.404425 | J12: =I12+Net!I11 -> 9.750835 | K12: =J12+Net!J11 -> 9.9315673 | L12: =K12+Net!K11 -> 17.576708 | ... CU12: =CT12+Net!CT11 -> 717.70143
B13: -1579 | C13: 1401 | D13: =Net!C12 -> -201.6749 | E13: =D13+Net!D12 -> -222.3186 | F13: =E13+Net!E12 -> -338.07796 | G13: =F13+Net!F12 -> -302.40415 | H13: =G13+Net!G12 -> -382.4104 | I13: =H13+Net!H12 -> -310.03225 | J13: =I13+Net!I12 -> -291.7781 | K13: =J13+Net!J12 -> -309.04375 | L13: =K13+Net!K12 -> -197.99768 | ... CU13: =CT13+Net!CT12 -> 9955.5924
B14: -171 | C14: 1402 | D14: =Net!C13 -> 8.0930178 | E14: =D14+Net!D13 -> 5.07714 | F14: =E14+Net!E13 -> 3.2704816 | G14: =F14+Net!F13 -> 7.6011397 | H14: =G14+Net!G13 -> 5.853014 | I14: =H14+Net!H13 -> 13.550463 | J14: =I14+Net!I13 -> 14.671248 | K14: =J14+Net!J13 -> 14.114642 | L14: =K14+Net!K13 -> 21.413811 | ... CU14: =CT14+Net!CT13 -> 1140.8666
B15: -5965 | C15: 1504 | D15: =Net!C14 -> -269.53063 | E15: =D15+Net!D14 -> -351.8018 | F15: =E15+Net!E14 -> -475.98779 | G15: =F15+Net!F14 -> -408.7145 | H15: =G15+Net!G14 -> -519.0178 | I15: =H15+Net!H14 -> -427.93798 | J15: =I15+Net!I14 -> -467.89853 | K15: =J15+Net!J14 -> -417.61477 | L15: =K15+Net!K14 -> -199.62102 | ... CU15: =CT15+Net!CT14 -> 39442.06
... B155: -48481 | C155: 5301 | D155: =Net!C154 -> -1172.9736 | E155: =D155+Net!D154 -> -877.59996 | F155: =E155+Net!E154 -> -970.12912 | G155: =F155+Net!F154 -> 629.31632 | H155: =G155+Net!G154 -> 680.08143 | I155: =H155+Net!H154 -> 3048.3352 | J155: =I155+Net!I154 -> 3822.7131 | K155: =J155+Net!J154 -> 3651.1368 | L155: =K155+Net!K154 -> 4995.4282 | ... CU155: =CT155+Net!CT154 -> 127761.76
B157: =SUM(B4:B155) -> -2996914 | C157: BRASIL | D157: =SUM(D4:D155) -> -116332.96 | E157: =SUM(E4:E155) -> -150175.61 | F157: =SUM(F4:F155) -> -163454.5 | G157: =SUM(G4:G155) -> -59429.173 | H157: =SUM(H4:H155) -> -40897 | I157: =SUM(I4:I155) -> 142187.28 | J157: =SUM(J4:J155) -> 225658.08 | K157: =SUM(K4:K155) -> 248064.05 | ... CU157: =SUM(CU4:CU155) -> 14504200

Sheet Recuperacao
A3: time_to_rec | B3: Deficit | C3: Mesoregiao | D3: 2017M1 | E3: 2017M2 | F3: 2017M3 | G3: 2017M4 | H3: 2017M5 | I3: 2017M6 | J3: 2017M7 | K3: 2017M8 | L3: 2017M9 | M3: 2017M10 | N3: 2017M11 | O3: 2017M12 | P3: 2018M1 | Q3: 2018M2 | R3: 2018M3 | S3: 2018M4 | T3: 2018M5 | U3: 2018M6 | V3: 2018M7 | W3: 2018M8 | X3: 2018M9 | Y3: 2018M10 | Z3: 2018M11 | AA3: 2018M12 | AB3: 2019M1 | AC3: 2019M2 | AD3: 2019M3 | AE3: 2019M4 | AF3: 2019M5 | AG3: 2019M6 | AH3: 2019M7 | AI3: 2019M8 | AJ3: 2019M9 | AK3: 2019M10 | AL3: 2019M11 | AM3: 2019M12 | AN3: 2020M1 | AO3: 2020M2 | AP3: 2020M3 | AQ3: 2020M4 | AR3: 2020M5 | AS3: 2020M6 | AT3: 2020M7 | AU3: 2020M8 | AV3: 2020M9 | AW3: 2020M10 | AX3: 2020M11 | AY3: 2020M12 | AZ3: 2021M1 | BA3: 2021M2 | BB3: 2021M3 | BC3: 2021M4 | BD3: 2021M5 | BE3: 2021M6 | BF3: 2021M7 | BG3: 2021M8 | BH3: 2021M9 | BI3: 2021M10 | BJ3: 2021M11 | BK3: 2021M12 | BL3: 2022M1 | BM3: 2022M2 | BN3: 2022M3 | BO3: 2022M4 | BP3: 2022M5 | BQ3: 2022M6 | BR3: 2022M7 | BS3: 2022M8 | BT3: 2022M9 | BU3: 2022M10 | BV3: 2022M11 | BW3: 2022M12 | BX3: 2023M1 | BY3: 2023M2 | BZ3: 2023M3 | CA3: 2023M4 | CB3: 2023M5 | CC3: 2023M6 | CD3: 2023M7 | CE3: 2023M8 | CF3: 2023M9 | CG3: 2023M10 | CH3: 2023M11 | CI3: 2023M12 | CJ3: 2024M1 | CK3: 2024M2 | CL3: 2024M3 | CM3: 2024M4 | CN3: 2024M5 | CO3: 2024M6 | CP3: 2024M7 | CQ3: 2024M8 | CR3: 2024M9 | CS3: 2024M10 | CT3: 2024M11 | CU3: 2024M12
A4: =SUM(D4:CU4) -> 41 | B4: -7656 | C4: 1102 | D4: =IF('Net Acumulado'!D4>-'Net Acumulado'!$B4,0,1) -> 1 | E4: =IF(D4=0,0,IF('Net Acumulado'!E4>-'Net Acumulado'!$B4,0,1)) -> 1 | F4: =IF(E4=0,0,IF('Net Acumulado'!F4>-'Net Acumulado'!$B4,0,1)) -> 1 | G4: =IF(F4=0,0,IF('Net Acumulado'!G4>-'Net Acumulado'!$B4,0,1)) -> 1 | H4: =IF(G4=0,0,IF('Net Acumulado'!H4>-'Net Acumulado'!$B4,0,1)) -> 1 | I4: =IF(H4=0,0,IF('Net Acumulado'!I4>-'Net Acumulado'!$B4,0,1)) -> 1 | J4: =IF(I4=0,0,IF('Net Acumulado'!J4>-'Net Acumulado'!$B4,0,1)) -> 1 | K4: =IF(J4=0,0,IF('Net Acumulado'!K4>-'Net Acumulado'!$B4,0,1)) -> 1 | L4: =IF(K4=0,0,IF('Net Acumulado'!L4>-'Net Acumulado'!$B4,0,1)) -> 1 | ... CU4: =IF(CT4=0,0,IF('Net Acumulado'!CU4>-'Net Acumulado'!$B4,0,1)) -> 0
A5: =SUM(D5:CU5) -> 96 | B5: -24206 | C5: 1101 | D5: =IF('Net Acumulado'!D5>-'Net Acumulado'!$B5,0,1) -> 1 | E5: =IF(D5=0,0,IF('Net Acumulado'!E5>-'Net Acumulado'!$B5,0,1)) -> 1 | F5: =IF(E5=0,0,IF('Net Acumulado'!F5>-'Net Acumulado'!$B5,0,1)) -> 1 | G5: =IF(F5=0,0,IF('Net Acumulado'!G5>-'Net Acumulado'!$B5,0,1)) -> 1 | H5: =IF(G5=0,0,IF('Net Acumulado'!H5>-'Net Acumulado'!$B5,0,1)) -> 1 | I5: =IF(H5=0,0,IF('Net Acumulado'!I5>-'Net Acumulado'!$B5,0,1)) -> 1 | J5: =IF(I5=0,0,IF('Net Acumulado'!J5>-'Net Acumulado'!$B5,0,1)) -> 1 | K5: =IF(J5=0,0,IF('Net Acumulado'!K5>-'Net Acumulado'!$B5,0,1)) -> 1 | L5: =IF(K5=0,0,IF('Net Acumulado'!L5>-'Net Acumulado'!$B5,0,1)) -> 1 | ... CU5: =IF(CT5=0,0,IF('Net Acumulado'!CU5>-'Net Acumulado'!$B5,0,1)) -> 1
A6: =SUM(D6:CU6) -> 96 | B6: 0 | C6: 1100 | D6: =IF('Net Acumulado'!D6>-'Net Acumulado'!$B6,0,1) -> 1 | E6: =IF(D6=0,0,IF('Net Acumulado'!E6>-'Net Acumulado'!$B6,0,1)) -> 1 | F6: =IF(E6=0,0,IF('Net Acumulado'!F6>-'Net Acumulado'!$B6,0,1)) -> 1 | G6: =IF(F6=0,0,IF('Net Acumulado'!G6>-'Net Acumulado'!$B6,0,1)) -> 1 | H6: =IF(G6=0,0,IF('Net Acumulado'!H6>-'Net Acumulado'!$B6,0,1)) -> 1 | I6: =IF(H6=0,0,IF('Net Acumulado'!I6>-'Net Acumulado'!$B6,0,1)) -> 1 | J6: =IF(I6=0,0,IF('Net Acumulado'!J6>-'Net Acumulado'!$B6,0,1)) -> 1 | K6: =IF(J6=0,0,IF('Net Acumulado'!K6>-'Net Acumulado'!$B6,0,1)) -> 1 | L6: =IF(K6=0,0,IF('Net Acumulado'!L6>-'Net Acumulado'!$B6,0,1)) -> 1 | ... CU6: =IF(CT6=0,0,IF('Net Acumulado'!CU6>-'Net Acumulado'!$B6,0,1)) -> 1
A7: =SUM(D7:CU7) -> 96 | B7: -4690 | C7: 1202 | D7: =IF('Net Acumulado'!D7>-'Net Acumulado'!$B7,0,1) -> 1 | E7: =IF(D7=0,0,IF('Net Acumulado'!E7>-'Net Acumulado'!$B7,0,1)) -> 1 | F7: =IF(E7=0,0,IF('Net Acumulado'!F7>-'Net Acumulado'!$B7,0,1)) -> 1 | G7: =IF(F7=0,0,IF('Net Acumulado'!G7>-'Net Acumulado'!$B7,0,1)) -> 1 | H7: =IF(G7=0,0,IF('Net Acumulado'!H7>-'Net Acumulado'!$B7,0,1)) -> 1 | I7: =IF(H7=0,0,IF('Net Acumulado'!I7>-'Net Acumulado'!$B7,0,1)) -> 1 | J7: =IF(I7=0,0,IF('Net Acumulado'!J7>-'Net Acumulado'!$B7,0,1)) -> 1 | K7: =IF(J7=0,0,IF('Net Acumulado'!K7>-'Net Acumulado'!$B7,0,1)) -> 1 | L7: =IF(K7=0,0,IF('Net Acumulado'!L7>-'Net Acumulado'!$B7,0,1)) -> 1 | ... CU7: =IF(CT7=0,0,IF('Net Acumulado'!CU7>-'Net Acumulado'!$B7,0,1)) -> 1
A8: =SUM(D8:CU8) -> 96 | B8: -850 | C8: 1201 | D8: =IF('Net Acumulado'!D8>-'Net Acumulado'!$B8,0,1) -> 1 | E8: =IF(D8=0,0,IF('Net Acumulado'!E8>-'Net Acumulado'!$B8,0,1)) -> 1 | F8: =IF(E8=0,0,IF('Net Acumulado'!F8>-'Net Acumulado'!$B8,0,1)) -> 1 | G8: =IF(F8=0,0,IF('Net Acumulado'!G8>-'Net Acumulado'!$B8,0,1)) -> 1 | H8: =IF(G8=0,0,IF('Net Acumulado'!H8>-'Net Acumulado'!$B8,0,1)) -> 1 | I8: =IF(H8=0,0,IF('Net Acumulado'!I8>-'Net Acumulado'!$B8,0,1)) -> 1 | J8: =IF(I8=0,0,IF('Net Acumulado'!J8>-'Net Acumulado'!$B8,0,1)) -> 1 | K8: =IF(J8=0,0,IF('Net Acumulado'!K8>-'Net Acumulado'!$B8,0,1)) -> 1 | L8: =IF(K8=0,0,IF('Net Acumulado'!L8>-'Net Acumulado'!$B8,0,1)) -> 1 | ... CU8: =IF(CT8=0,0,IF('Net Acumulado'!CU8>-'Net Acumulado'!$B8,0,1)) -> 1
A9: =SUM(D9:CU9) -> 53 | B9: -60102 | C9: 1303 | D9: =IF('Net Acumulado'!D9>-'Net Acumulado'!$B9,0,1) -> 1 | E9: =IF(D9=0,0,IF('Net Acumulado'!E9>-'Net Acumulado'!$B9,0,1)) -> 1 | F9: =IF(E9=0,0,IF('Net Acumulado'!F9>-'Net Acumulado'!$B9,0,1)) -> 1 | G9: =IF(F9=0,0,IF('Net Acumulado'!G9>-'Net Acumulado'!$B9,0,1)) -> 1 | H9: =IF(G9=0,0,IF('Net Acumulado'!H9>-'Net Acumulado'!$B9,0,1)) -> 1 | I9: =IF(H9=0,0,IF('Net Acumulado'!I9>-'Net Acumulado'!$B9,0,1)) -> 1 | J9: =IF(I9=0,0,IF('Net Acumulado'!J9>-'Net Acumulado'!$B9,0,1)) -> 1 | K9: =IF(J9=0,0,IF('Net Acumulado'!K9>-'Net Acumulado'!$B9,0,1)) -> 1 | L9: =IF(K9=0,0,IF('Net Acumulado'!L9>-'Net Acumulado'!$B9,0,1)) -> 1 | ... CU9: =IF(CT9=0,0,IF('Net Acumulado'!CU9>-'Net Acumulado'!$B9,0,1)) -> 0
A10: =SUM(D10:CU10) -> 27 | B10: -46 | C10: 1302 | D10: =IF('Net Acumulado'!D10>-'Net Acumulado'!$B10,0,1) -> 1 | E10: =IF(D10=0,0,IF('Net Acumulado'!E10>-'Net Acumulado'!$B10,0,1)) -> 1 | F10: =IF(E10=0,0,IF('Net Acumulado'!F10>-'Net Acumulado'!$B10,0,1)) -> 1 | G10: =IF(F10=0,0,IF('Net Acumulado'!G10>-'Net Acumulado'!$B10,0,1)) -> 1 | H10: =IF(G10=0,0,IF('Net Acumulado'!H10>-'Net Acumulado'!$B10,0,1)) -> 1 | I10: =IF(H10=0,0,IF('Net Acumulado'!I10>-'Net Acumulado'!$B10,0,1)) -> 1 | J10: =IF(I10=0,0,IF('Net Acumulado'!J10>-'Net Acumulado'!$B10,0,1)) -> 1 | K10: =IF(J10=0,0,IF('Net Acumulado'!K10>-'Net Acumulado'!$B10,0,1)) -> 1 | L10: =IF(K10=0,0,IF('Net Acumulado'!L10>-'Net Acumulado'!$B10,0,1)) -> 1 | ... CU10: =IF(CT10=0,0,IF('Net Acumulado'!CU10>-'Net Acumulado'!$B10,0,1)) -> 0
A11: =SUM(D11:CU11) -> 0 | B11: 253 | C11: 1304 | D11: =IF('Net Acumulado'!D11>-'Net Acumulado'!$B11,0,1) -> 0 | E11: =IF(D11=0,0,IF('Net Acumulado'!E11>-'Net Acumulado'!$B11,0,1)) -> 0 | F11: =IF(E11=0,0,IF('Net Acumulado'!F11>-'Net Acumulado'!$B11,0,1)) -> 0 | G11: =IF(F11=0,0,IF('Net Acumulado'!G11>-'Net Acumulado'!$B11,0,1)) -> 0 | H11: =IF(G11=0,0,IF('Net Acumulado'!H11>-'Net Acumulado'!$B11,0,1)) -> 0 | I11: =IF(H11=0,0,IF('Net Acumulado'!I11>-'Net Acumulado'!$B11,0,1)) -> 0 | J11: =IF(I11=0,0,IF('Net Acumulado'!J11>-'Net Acumulado'!$B11,0,1)) -> 0 | K11: =IF(J11=0,0,IF('Net Acumulado'!K11>-'Net Acumulado'!$B11,0,1)) -> 0 | L11: =IF(K11=0,0,IF('Net Acumulado'!L11>-'Net Acumulado'!$B11,0,1)) -> 0 | ... CU11: =IF(CT11=0,0,IF('Net Acumulado'!CU11>-'Net Acumulado'!$B11,0,1)) -> 0
A12: =SUM(D12:CU12) -> 0 | B12: 49 | C12: 1301 | D12: =IF('Net Acumulado'!D12>-'Net Acumulado'!$B12,0,1) -> 0 | E12: =IF(D12=0,0,IF('Net Acumulado'!E12>-'Net Acumulado'!$B12,0,1)) -> 0 | F12: =IF(E12=0,0,IF('Net Acumulado'!F12>-'Net Acumulado'!$B12,0,1)) -> 0 | G12: =IF(F12=0,0,IF('Net Acumulado'!G12>-'Net Acumulado'!$B12,0,1)) -> 0 | H12: =IF(G12=0,0,IF('Net Acumulado'!H12>-'Net Acumulado'!$B12,0,1)) -> 0 | I12: =IF(H12=0,0,IF('Net Acumulado'!I12>-'Net Acumulado'!$B12,0,1)) -> 0 | J12: =IF(I12=0,0,IF('Net Acumulado'!J12>-'Net Acumulado'!$B12,0,1)) -> 0 | K12: =IF(J12=0,0,IF('Net Acumulado'!K12>-'Net Acumulado'!$B12,0,1)) -> 0 | L12: =IF(K12=0,0,IF('Net Acumulado'!L12>-'Net Acumulado'!$B12,0,1)) -> 0 | ... CU12: =IF(CT12=0,0,IF('Net Acumulado'!CU12>-'Net Acumulado'!$B12,0,1)) -> 0
A13: =SUM(D13:CU13) -> 49 | B13: -1579 | C13: 1401 | D13: =IF('Net Acumulado'!D13>-'Net Acumulado'!$B13,0,1) -> 1 | E13: =IF(D13=0,0,IF('Net Acumulado'!E13>-'Net Acumulado'!$B13,0,1)) -> 1 | F13: =IF(E13=0,0,IF('Net Acumulado'!F13>-'Net Acumulado'!$B13,0,1)) -> 1 | G13: =IF(F13=0,0,IF('Net Acumulado'!G13>-'Net Acumulado'!$B13,0,1)) -> 1 | H13: =IF(G13=0,0,IF('Net Acumulado'!H13>-'Net Acumulado'!$B13,0,1)) -> 1 | I13: =IF(H13=0,0,IF('Net Acumulado'!I13>-'Net Acumulado'!$B13,0,1)) -> 1 | J13: =IF(I13=0,0,IF('Net Acumulado'!J13>-'Net Acumulado'!$B13,0,1)) -> 1 | K13: =IF(J13=0,0,IF('Net Acumulado'!K13>-'Net Acumulado'!$B13,0,1)) -> 1 | L13: =IF(K13=0,0,IF('Net Acumulado'!L13>-'Net Acumulado'!$B13,0,1)) -> 1 | ... CU13: =IF(CT13=0,0,IF('Net Acumulado'!CU13>-'Net Acumulado'!$B13,0,1)) -> 0
A14: =SUM(D14:CU14) -> 36 | B14: -171 | C14: 1402 | D14: =IF('Net Acumulado'!D14>-'Net Acumulado'!$B14,0,1) -> 1 | E14: =IF(D14=0,0,IF('Net Acumulado'!E14>-'Net Acumulado'!$B14,0,1)) -> 1 | F14: =IF(E14=0,0,IF('Net Acumulado'!F14>-'Net Acumulado'!$B14,0,1)) -> 1 | G14: =IF(F14=0,0,IF('Net Acumulado'!G14>-'Net Acumulado'!$B14,0,1)) -> 1 | H14: =IF(G14=0,0,IF('Net Acumulado'!H14>-'Net Acumulado'!$B14,0,1)) -> 1 | I14: =IF(H14=0,0,IF('Net Acumulado'!I14>-'Net Acumulado'!$B14,0,1)) -> 1 | J14: =IF(I14=0,0,IF('Net Acumulado'!J14>-'Net Acumulado'!$B14,0,1)) -> 1 | K14: =IF(J14=0,0,IF('Net Acumulado'!K14>-'Net Acumulado'!$B14,0,1)) -> 1 | L14: =IF(K14=0,0,IF('Net Acumulado'!L14>-'Net Acumulado'!$B14,0,1)) -> 1 | ... CU14: =IF(CT14=0,0,IF('Net Acumulado'!CU14>-'Net Acumulado'!$B14,0,1)) -> 0
A15: =SUM(D15:CU15) -> 41 | B15: -5965 | C15: 1504 | D15: =IF('Net Acumulado'!D15>-'Net Acumulado'!$B15,0,1) -> 1 | E15: =IF(D15=0,0,IF('Net Acumulado'!E15>-'Net Acumulado'!$B15,0,1)) -> 1 | F15: =IF(E15=0,0,IF('Net Acumulado'!F15>-'Net Acumulado'!$B15,0,1)) -> 1 | G15: =IF(F15=0,0,IF('Net Acumulado'!G15>-'Net Acumulado'!$B15,0,1)) -> 1 | H15: =IF(G15=0,0,IF('Net Acumulado'!H15>-'Net Acumulado'!$B15,0,1)) -> 1 | I15: =IF(H15=0,0,IF('Net Acumulado'!I15>-'Net Acumulado'!$B15,0,1)) -> 1 | J15: =IF(I15=0,0,IF('Net Acumulado'!J15>-'Net Acumulado'!$B15,0,1)) -> 1 | K15: =IF(J15=0,0,IF('Net Acumulado'!K15>-'Net Acumulado'!$B15,0,1)) -> 1 | L15: =IF(K15=0,0,IF('Net Acumulado'!L15>-'Net Acumulado'!$B15,0,1)) -> 1 | ... CU15: =IF(CT15=0,0,IF('Net Acumulado'!CU15>-'Net Acumulado'!$B15,0,1)) -> 0
... A155: =SUM(D155:CU155) -> 51 | B155: -48481 | C155: 5301 | D155: =IF('Net Acumulado'!D155>-'Net Acumulado'!$B155,0,1) -> 1 | E155: =IF(D155=0,0,IF('Net Acumulado'!E155>-'Net Acumulado'!$B155,0,1)) -> 1 | F155: =IF(E155=0,0,IF('Net Acumulado'!F155>-'Net Acumulado'!$B155,0,1)) -> 1 | G155: =IF(F155=0,0,IF('Net Acumulado'!G155>-'Net Acumulado'!$B155,0,1)) -> 1 | H155: =IF(G155=0,0,IF('Net Acumulado'!H155>-'Net Acumulado'!$B155,0,1)) -> 1 | I155: =IF(H155=0,0,IF('Net Acumulado'!I155>-'Net Acumulado'!$B155,0,1)) -> 1 | J155: =IF(I155=0,0,IF('Net Acumulado'!J155>-'Net Acumulado'!$B155,0,1)) -> 1 | K155: =IF(J155=0,0,IF('Net Acumulado'!K155>-'Net Acumulado'!$B155,0,1)) -> 1 | L155: =IF(K155=0,0,IF('Net Acumulado'!L155>-'Net Acumulado'!$B155,0,1)) -> 1 | ... CU155: =IF(CT155=0,0,IF('Net Acumulado'!CU155>-'Net Acumulado'!$B155,0,1)) -> 0
A157: =SUM(D157:CU157) -> 41 | B157: =SUM(B4:B155) -> -2996914 | C157: 99999 | D157: =IF('Net Acumulado'!D157>-'Net Acumulado'!$B157,0,1) -> 1 | E157: =IF(D157=0,0,IF('Net Acumulado'!E157>-'Net Acumulado'!$B157,0,1)) -> 1 | F157: =IF(E157=0,0,IF('Net Acumulado'!F157>-'Net Acumulado'!$B$157,0,1)) -> 1 | G157: =IF(F157=0,0,IF('Net Acumulado'!G157>-'Net Acumulado'!$B$157,0,1)) -> 1 | H157: =IF(G157=0,0,IF('Net Acumulado'!H157>-'Net Acumulado'!$B$157,0,1)) -> 1 | I157: =IF(H157=0,0,IF('Net Acumulado'!I157>-'Net Acumulado'!$B$157,0,1)) -> 1 | J157: =IF(I157=0,0,IF('Net Acumulado'!J157>-'Net Acumulado'!$B$157,0,1)) -> 1 | K157: =IF(J157=0,0,IF('Net Acumulado'!K157>-'Net Acumulado'!$B$157,0,1)) -> 1 | L157: =IF(K157=0,0,IF('Net Acumulado'!L157>-'Net Acumulado'!$B$157,0,1)) -> 1 | M157: =IF(L157=0,0,IF('Net Acumulado'!M157>-'Net Acumulado'!$B$157,0,1)) -> 1 | ... CU157: =IF(CT157=0,0,IF('Net Acumulado'!CU157>-'Net Acumulado'!$B$157,0,1)) -> 0
