Workbook

Sheet Graphs
D2: ='Point Estimates'!A5 -> DOMINANT UNIT MODEL | E2: ='Point Estimates'!$B$5 -> dlipca | L2: ='Point Estimates'!A6 -> 0 | M2: ='Point Estimates'!$B$5 -> dlipca | T2: ='Point Estimates'!A7 -> 0 | U2: ='Point Estimates'!$B$5 -> dlipca | AB2: ='Point Estimates'!A8 -> 0 | AC2: ='Point Estimates'!$B$5 -> dlipca | AJ2: ='Point Estimates'!A9 -> 0 | AK2: ='Point Estimates'!$B$5 -> dlipca
D21: ='Point Estimates'!A10 -> 0 | E21: ='Point Estimates'!$B$5 -> dlipca | L21: ='Point Estimates'!A11 -> 0 | M21: ='Point Estimates'!$B$5 -> dlipca | T21: ='Point Estimates'!A12 -> 0 | U21: ='Point Estimates'!$B$5 -> dlipca | AB21: ='Point Estimates'!A13 -> 0 | AC21: ='Point Estimates'!$B$5 -> dlipca | AJ21: ='Point Estimates'!A14 -> 0 | AK21: ='Point Estimates'!$B$5 -> dlipca
D40: ='Point Estimates'!A15 -> 0 | E40: ='Point Estimates'!$B$5 -> dlipca | L40: ='Point Estimates'!A16 -> 0 | M40: ='Point Estimates'!$B$5 -> dlipca | T40: ='Point Estimates'!A17 -> 0 | U40: ='Point Estimates'!$B$5 -> dlipca | AB40: ='Point Estimates'!A18 -> 0 | AC40: ='Point Estimates'!$B$5 -> dlipca | AJ40: ='Point Estimates'!A19 -> 0 | AK40: ='Point Estimates'!$B$5 -> dlipca
D59: ='Point Estimates'!A20 -> 0 | E59: ='Point Estimates'!$B$5 -> dlipca | L59: ='Point Estimates'!A21 -> 0 | M59: ='Point Estimates'!$B$5 -> dlipca | T59: ='Point Estimates'!A22 -> 0 | U59: ='Point Estimates'!$B$5 -> dlipca | AB59: ='Point Estimates'!A23 -> 0 | AC59: ='Point Estimates'!$B$5 -> dlipca | AJ59: ='Point Estimates'!A24 -> 0 | AK59: ='Point Estimates'!$B$5 -> dlipca
D78: ='Point Estimates'!A25 -> 0 | E78: ='Point Estimates'!$B$5 -> dlipca | L78: ='Point Estimates'!A26 -> 0 | M78: ='Point Estimates'!$B$5 -> dlipca | T78: ='Point Estimates'!A27 -> 0 | U78: ='Point Estimates'!$B$5 -> dlipca | AB78: ='Point Estimates'!A28 -> 0 | AC78: ='Point Estimates'!$B$5 -> dlipca | AJ78: ='Point Estimates'!A29 -> 0 | AK78: ='Point Estimates'!$B$5 -> dlipca
D97: ='Point Estimates'!A30 -> 0 | E97: ='Point Estimates'!$B$5 -> dlipca | L97: ='Point Estimates'!A31 -> 0 | M97: ='Point Estimates'!$B$5 -> dlipca | T97: ='Point Estimates'!A32 -> 0 | U97: ='Point Estimates'!$B$5 -> dlipca | AB97: ='Point Estimates'!A33 -> 0 | AC97: ='Point Estimates'!$B$5 -> dlipca | AJ97: ='Point Estimates'!A34 -> 0 | AK97: ='Point Estimates'!$B$5 -> dlipca
D116: ='Point Estimates'!A35 -> 0 | E116: ='Point Estimates'!$B$5 -> dlipca | L116: ='Point Estimates'!A36 -> 0 | M116: ='Point Estimates'!$B$5 -> dlipca | T116: ='Point Estimates'!A37 -> 0 | U116: ='Point Estimates'!$B$5 -> dlipca | AB116: ='Point Estimates'!A38 -> 0 | AC116: ='Point Estimates'!$B$5 -> dlipca | AJ116: ='Point Estimates'!A39 -> 0 | AK116: ='Point Estimates'!$B$5 -> dlipca
D135: ='Point Estimates'!A40 -> 0 | E135: ='Point Estimates'!$B$5 -> dlipca | L135: ='Point Estimates'!A41 -> 0 | M135: ='Point Estimates'!$B$5 -> dlipca | T135: ='Point Estimates'!A42 -> 0 | U135: ='Point Estimates'!$B$5 -> dlipca | AB135: ='Point Estimates'!A43 -> 0 | AC135: ='Point Estimates'!$B$5 -> dlipca | AJ135: ='Point Estimates'!A44 -> 0 | AK135: ='Point Estimates'!$B$5 -> dlipca

Sheet Point Estimates
A1: Generalized Impulse Response Functions
A2: One s.e. Positive Shock to DOMINANT UNIT MODEL ProducaoIndustrial
A3: Point Estimates
C4: 0 | D4: 1 | E4: 2 | F4: 3 | G4: 4 | H4: 5 | I4: 6 | J4: 7 | K4: 8 | L4: 9 | M4: 10 | N4: 11 | O4: 12 | P4: 13 | Q4: 14 | R4: 15 | S4: 16 | T4: 17 | U4: 18 | V4: 19 | W4: 20 | X4: 21 | Y4: 22 | Z4: 23 | AA4: 24 | AB4: 25 | AC4: 26 | AD4: 27 | AE4: 28 | AF4: 29 | AG4: 30 | AH4: 31 | AI4: 32 | AJ4: 33 | AK4: 34 | AL4: 35 | AM4: 36 | AN4: 37 | AO4: 38 | AP4: 39 | AQ4: 40
A5: DOMINANT UNIT MODEL | B5: dlipca | C5: -0.00024743465 | D5: -0.0004313559 | E5: -0.00022445951 | F5: -4.6004433e-05 | G5: 9.001499e-05 | H5: 0.0002094631 | I5: 0.00022477766 | J5: 0.00024995552 | K5: 0.00016194956 | L5: 7.5431788e-05 | M5: 5.3850132e-06 | N5: -6.6111086e-05 | O5: -8.820214e-05 | P5: -0.00010212742 | Q5: -8.2212271e-05 | R5: -5.7439609e-05 | S5: -3.3237054e-05 | T5: -6.7723957e-06 | U5: 6.2134756e-06 | V5: 1.6904422e-05 | W5: 1.8415566e-05 | X5: 1.7044878e-05 | Y5: 1.4147793e-05 | Z5: 8.8981502e-06 | AA5: 5.3834773e-06 | AB5: 1.0382621e-06 | AC5: -1.9551983e-06 | AD5: -4.4456991e-06 | AE5: -6.3321312e-06 | AF5: -6.9369117e-06 | AG5: -7.0550662e-06 | AH5: -6.0344102e-06 | AI5: -4.5632923e-06 | AJ5: -2.7464591e-06 | AK5: -8.9639526e-07 | AL5: 5.2015266e-07 | AM5: 1.5118146e-06 | AN5: 1.8326122e-06 | AO5: 1.6589082e-06 | AP5: 1.1065951e-06 | AQ5: 3.6078581e-07
