Workbook

Sheet Graphs
D2: ='Point Estimates'!A5 -> Ro - Madeira-Guapore | E2: ='Point Estimates'!$D$5 -> adm | L2: ='Point Estimates'!A6 -> Ro - Leste Rondoniense | M2: ='Point Estimates'!$D$5 -> adm | T2: ='Point Estimates'!A7 -> Ac - Vale do Jurua | U2: ='Point Estimates'!$D$5 -> adm | AB2: ='Point Estimates'!A8 -> Ac - Vale do Acre | AC2: ='Point Estimates'!$D$5 -> adm | AJ2: ='Point Estimates'!A9 -> Am - Norte Amazonense | AK2: ='Point Estimates'!$D$5 -> adm
D21: ='Point Estimates'!A10 -> Am - Sudoeste Amazonense | E21: ='Point Estimates'!$D$5 -> adm | L21: ='Point Estimates'!A11 -> Am - Centro Amazonense | M21: ='Point Estimates'!$D$5 -> adm | T21: ='Point Estimates'!A12 -> Am - Sul Amazonense | U21: ='Point Estimates'!$D$5 -> adm | AB21: ='Point Estimates'!A13 -> Rr - Norte de Roraima | AC21: ='Point Estimates'!$D$5 -> adm | AJ21: ='Point Estimates'!A14 -> Rr - Sul de Roraima | AK21: ='Point Estimates'!$D$5 -> adm
D40: ='Point Estimates'!A15 -> Pa - Baixo Amazonas | E40: ='Point Estimates'!$D$5 -> adm | L40: ='Point Estimates'!A16 -> Pa - Marajo | M40: ='Point Estimates'!$D$5 -> adm | T40: ='Point Estimates'!A17 -> Pa - Metropol de Belem | U40: ='Point Estimates'!$D$5 -> adm | AB40: ='Point Estimates'!A18 -> Pa - Nordeste Paraense | AC40: ='Point Estimates'!$D$5 -> adm | AJ40: ='Point Estimates'!A19 -> Pa - Sudoeste Paraense | AK40: ='Point Estimates'!$D$5 -> adm
D59: ='Point Estimates'!A20 -> Pa - Sudeste Paraense | E59: ='Point Estimates'!$D$5 -> adm | L59: ='Point Estimates'!A21 -> Ap - Norte do Amapa | M59: ='Point Estimates'!$D$5 -> adm | T59: ='Point Estimates'!A22 -> Ap - Sul do Amapa | U59: ='Point Estimates'!$D$5 -> adm | AB59: ='Point Estimates'!A23 -> To - Ocidental do TO | AC59: ='Point Estimates'!$D$5 -> adm | AJ59: ='Point Estimates'!A24 -> To - Oriental do TO | AK59: ='Point Estimates'!$D$5 -> adm
D78: ='Point Estimates'!A25 -> Ma - Norte Maranhense | E78: ='Point Estimates'!$D$5 -> adm | L78: ='Point Estimates'!A26 -> Ma - Oeste Maranhense | M78: ='Point Estimates'!$D$5 -> adm | T78: ='Point Estimates'!A27 -> Ma - Centro Maranhense | U78: ='Point Estimates'!$D$5 -> adm | AB78: ='Point Estimates'!A28 -> Ma - Leste Maranhense | AC78: ='Point Estimates'!$D$5 -> adm | AJ78: ='Point Estimates'!A29 -> Ma - Sul Maranhense | AK78: ='Point Estimates'!$D$5 -> adm
D97: ='Point Estimates'!A30 -> Pi - Norte Piauiense | E97: ='Point Estimates'!$D$5 -> adm | L97: ='Point Estimates'!A31 -> Pi - Centro-Norte Piaui | M97: ='Point Estimates'!$D$5 -> adm | T97: ='Point Estimates'!A32 -> Pi - Sudoeste Piauiense | U97: ='Point Estimates'!$D$5 -> adm | AB97: ='Point Estimates'!A33 -> Pi - Sudeste Piauiense | AC97: ='Point Estimates'!$D$5 -> adm | AJ97: ='Point Estimates'!A34 -> Ce - Noroeste Cearense | AK97: ='Point Estimates'!$D$5 -> adm
D116: ='Point Estimates'!A35 -> Ce - Norte Cearense | E116: ='Point Estimates'!$D$5 -> adm | L116: ='Point Estimates'!A36 -> Ce - Metropol Fortaleza | M116: ='Point Estimates'!$D$5 -> adm | T116: ='Point Estimates'!A37 -> Ce - Sertoes Cearenses | U116: ='Point Estimates'!$D$5 -> adm | AB116: ='Point Estimates'!A38 -> Ce - Jaguaribe | AC116: ='Point Estimates'!$D$5 -> adm | AJ116: ='Point Estimates'!A39 -> Ce - Centro-Sul Cearense | AK116: ='Point Estimates'!$D$5 -> adm
D135: ='Point Estimates'!A40 -> Ce - Sul Cearense | E135: ='Point Estimates'!$D$5 -> adm | L135: ='Point Estimates'!A41 -> Rn - Oeste Potiguar | M135: ='Point Estimates'!$D$5 -> adm | T135: ='Point Estimates'!A42 -> Rn - Central Potiguar | U135: ='Point Estimates'!$D$5 -> adm | AB135: ='Point Estimates'!A43 -> Rn - Agreste Potiguar | AC135: ='Point Estimates'!$D$5 -> adm | AJ135: ='Point Estimates'!A44 -> Rn - Leste Potiguar | AK135: ='Point Estimates'!$D$5 -> adm

Sheet Point Estimates
A1: Generalized Impulse Response Functions
A2: One s.e. Positive Shock to DOMINANT UNIT MODEL ProducaoIndustrial_BR
A3: Point Estimates
E4: 0 | F4: 1 | G4: 2 | H4: 3 | I4: 4 | J4: 5 | K4: 6 | L4: 7 | M4: 8 | N4: 9 | O4: 10 | P4: 11 | Q4: 12 | R4: 13 | S4: 14 | T4: 15 | U4: 16 | V4: 17 | W4: 18 | X4: 19 | Y4: 20 | Z4: 21 | AA4: 22 | AB4: 23 | AC4: 24 | AD4: 25 | AE4: 26 | AF4: 27 | AG4: 28 | AH4: 29 | AI4: 30 | AJ4: 31 | AK4: 32 | AL4: 33 | AM4: 34 | AN4: 35 | AO4: 36 | AP4: 37 | AQ4: 38 | AR4: 39 | AS4: 40 | AT4: 41 | AU4: 42 | AV4: 43 | AW4: 44 | AX4: 45 | AY4: 46 | AZ4: 47 | BA4: 48
A5: Ro - Madeira-Guapore | B5: Ro1101 | C5: norte | D5: adm | E5: 384.58714 | F5: 279.46096 | G5: 246.85178 | H5: 206.00709 | I5: 230.37145 | J5: 311.30578 | K5: 310.67827 | L5: 373.26263 | M5: 404.49976 | N5: 448.38487 | O5: 476.94295 | P5: 480.12797 | Q5: 491.60453 | R5: 487.53663 | S5: 492.7892 | T5: 495.91494 | U5: 502.13002 | V5: 514.54 | W5: 525.79909 | X5: 540.53223 | Y5: 551.87045 | Z5: 561.69894 | AA5: 568.74836 | AB5: 572.45408 | AC5: 574.80706 | AD5: 575.21662 | AE5: 575.82229 | AF5: 576.71221 | AG5: 578.46112 | AH5: 581.24504 | AI5: 584.46631 | AJ5: 588.02935 | AK5: 591.2072 | AL5: 593.79535 | AM5: 595.58286 | AN5: 596.55831 | AO5: 596.97457 | AP5: 597.01081 | AQ5: 596.98763 | AR5: 597.07231 | AS5: 597.38124 | AT5: 597.93216 | AU5: 598.63859 | AV5: 599.40571 | AW5: 600.10165 | AX5: 600.64193 | AY5: 600.97716 | AZ5: 601.10676 | BA5: 601.07644
A6: Ro - Leste Rondoniense | B6: Ro1102 | C6: norte | D6: adm | E6: 442.7798 | F6: 232.57348 | G6: 209.61079 | H6: 146.99203 | I6: 154.267 | J6: 250.43365 | K6: 222.19917 | L6: 282.43868 | M6: 282.0871 | N6: 302.65338 | O6: 310.38588 | P6: 289.45115 | Q6: 291.08576 | R6: 275.53544 | S6: 279.81347 | T6: 283.33208 | U6: 291.1591 | V6: 306.39089 | W6: 316.82745 | X6: 330.4448 | Y6: 337.70174 | Z6: 342.94706 | AA6: 345.52949 | AB6: 345.39718 | AC6: 345.963 | AD6: 345.90391 | AE6: 347.77066 | AF6: 350.76676 | AG6: 354.96753 | AH6: 360.13478 | AI6: 365.14919 | AJ6: 370.0061 | AK6: 373.91279 | AL6: 376.96215 | AM6: 379.18204 | AN6: 380.76812 | AO6: 382.16715 | AP6: 383.55904 | AQ6: 385.24799 | AR6: 387.26283 | AS6: 389.57619 | AT6: 392.07431 | AU6: 394.56497 | AV6: 396.92434 | AW6: 399.02764 | AX6: 400.84891 | AY6: 402.40936 | AZ6: 403.7738 | BA6: 405.03567
A7: Ac - Vale do Jurua | B7: Ac1201 | C7: norte | D7: adm | E7: 6.3480125 | F7: -2.0539294 | G7: 4.0696514 | H7: 5.0423356 | I7: 2.4431186 | J7: 4.4199512 | K7: 2.7926618 | L7: 8.1122357 | M7: 10.672178 | N7: 13.585721 | O7: 15.916986 | P7: 16.316342 | Q7: 17.11768 | R7: 16.031222 | S7: 15.281579 | T7: 14.432539 | U7: 13.997744 | V7: 14.395781 | W7: 14.990829 | X7: 16.150138 | Y7: 17.240616 | Z7: 18.262411 | AA7: 19.032203 | AB7: 19.427708 | AC7: 19.6189 | AD7: 19.577506 | AE7: 19.509596 | AF7: 19.467676 | AG7: 19.528051 | AH7: 19.735061 | AI7: 20.046638 | AJ7: 20.449962 | AK7: 20.869471 | AL7: 21.263741 | AM7: 21.593165 | AN7: 21.836746 | AO7: 22.005822 | AP7: 22.11515 | AQ7: 22.199242 | AR7: 22.284876 | AS7: 22.393817 | AT7: 22.53669 | AU7: 22.709764 | AV7: 22.903448 | AW7: 23.101341 | AX7: 23.289229 | AY7: 23.456487 | AZ7: 23.598388 | BA7: 23.716735
A8: Ac - Vale do Acre | B8: Ac1202 | C8: norte | D8: adm | E8: 153.37917 | F8: 98.632036 | G8: 80.770401 | H8: 67.092188 | I8: 61.797212 | J8: 95.145747 | K8: 90.443078 | L8: 107.59151 | M8: 112.83695 | N8: 120.2226 | O8: 126.24753 | P8: 121.06438 | Q8: 121.66302 | R8: 117.38887 | S8: 117.31132 | T8: 117.73464 | U8: 118.68058 | V8: 122.46186 | W8: 125.34458 | X8: 129.51564 | Y8: 132.46758 | Z8: 134.74969 | AA8: 136.34418 | AB8: 136.82149 | AC8: 137.18777 | AD8: 137.1246 | AE8: 137.38531 | AF8: 137.98205 | AG8: 138.95653 | AH8: 140.35966 | AI8: 141.86245 | AJ8: 143.43197 | AK8: 144.81321 | AL8: 145.95438 | AM8: 146.83787 | AN8: 147.47679 | AO8: 147.99226 | AP8: 148.44277 | AQ8: 148.92941 | AR8: 149.49169 | AS8: 150.14301 | AT8: 150.8735 | AU8: 151.6368 | AV8: 152.39578 | AW8: 153.10548 | AX8: 153.74209 | AY8: 154.29774 | AZ8: 154.77941 | BA8: 155.2094
A9: Am - Norte Amazonense | B9: Am1301 | C9: norte | D9: adm | E9: 2.9822388 | F9: -7.0947537 | G9: -2.7575271 | H9: -1.4394646 | I9: -2.1979888 | J9: -0.4700929 | K9: -2.6025425 | L9: -0.86119032 | M9: -1.4007972 | N9: -1.3821858 | O9: -1.1239355 | P9: -1.5982541 | Q9: -1.0415979 | R9: -1.2959594 | S9: -1.0932957 | T9: -1.0726389 | U9: -1.1036501 | V9: -0.93443994 | W9: -0.98882117 | X9: -0.86772743 | Y9: -0.86307044 | Z9: -0.82591506 | AA9: -0.78082593 | AB9: -0.78532209 | AC9: -0.73940435 | AD9: -0.73062692 | AE9: -0.69160751 | AF9: -0.65792453 | AG9: -0.62750973 | AH9: -0.58887952 | AI9: -0.56518305 | AJ9: -0.53570415 | AK9: -0.51486481 | AL9: -0.49398217 | AM9: -0.47305793 | AN9: -0.45470353 | AO9: -0.43371636 | AP9: -0.41491112 | AQ9: -0.39496405 | AR9: -0.37568823 | AS9: -0.35700514 | AT9: -0.3383402 | AU9: -0.32104254 | AV9: -0.30419691 | AW9: -0.28866938 | AX9: -0.27403813 | AY9: -0.26018449 | AZ9: -0.24704966 | BA9: -0.23414345
A10: Am - Sudoeste Amazonense | B10: Am1302 | C10: norte | D10: adm | E10: 2.9171056 | F10: 0.90773278 | G10: 1.6745616 | H10: 1.8088492 | I10: 1.5202745 | J10: 2.3309653 | K10: 1.9714235 | L10: 2.4969649 | M10: 2.4474708 | N10: 2.507318 | O10: 2.6490263 | P10: 2.4891681 | Q10: 2.5752855 | R10: 2.4513491 | S10: 2.4641516 | T10: 2.4715364 | U10: 2.4780021 | V10: 2.566001 | W10: 2.6027161 | X10: 2.6844999 | Y10: 2.7262607 | Z10: 2.7572282 | AA10: 2.7784171 | AB10: 2.7745187 | AC10: 2.7800017 | AD10: 2.775992 | AE10: 2.7835843 | AF10: 2.7968231 | AG10: 2.8149878 | AH10: 2.8406435 | AI10: 2.8646276 | AJ10: 2.889975 | AK10: 2.9108444 | AL10: 2.9278924 | AM10: 2.9411386 | AN10: 2.9503273 | AO10: 2.9582961 | AP10: 2.9652571 | AQ10: 2.9733373 | AR10: 2.9828865 | AS10: 2.9939939 | AT10: 3.0064732 | AU10: 3.0192203 | AV10: 3.031699 | AW10: 3.0430524 | AX10: 3.0530217 | AY10: 3.0616117 | AZ10: 3.0690382 | BA10: 3.0758007
A11: Am - Centro Amazonense | B11: Am1303 | C11: norte | D11: adm | E11: 1687.3666 | F11: 1388.7173 | G11: 1404.5391 | H11: 1212.5448 | I11: 1168.1767 | J11: 1461.3072 | K11: 1318.0403 | L11: 1435.2416 | M11: 1372.0295 | N11: 1384.4615 | O11: 1378.9447 | P11: 1274.3835 | Q11: 1247.5703 | R11: 1170.5346 | S11: 1160.0285 | T11: 1150.5678 | U11: 1149.1002 | V11: 1168.7898 | W11: 1168.6087 | X11: 1177.0666 | Y11: 1166.3448 | Z11: 1151.5475 | AA11: 1133.1964 | AB11: 1110.0751 | AC11: 1092.5549 | AD11: 1074.5317 | AE11: 1062.7124 | AF11: 1054.0255 | AG11: 1048.271 | AH11: 1045.1996 | AI11: 1041.5708 | AJ11: 1037.9184 | AK11: 1032.1076 | AL11: 1024.6056 | AM11: 1015.6478 | AN11: 1005.7697 | AO11: 996.30034 | AP11: 987.59763 | AQ11: 980.38822 | AR11: 974.55071 | AS11: 969.82345 | AT11: 965.79599 | AU11: 961.88943 | AV11: 957.82633 | AW11: 953.34892 | AX11: 948.48644 | AY11: 943.36686 | AZ11: 938.18385 | BA11: 933.17272
A12: Am - Sul Amazonense | B12: Am1304 | C12: norte | D12: adm | E12: 10.581128 | F12: 2.4442061 | G12: 2.4848146 | H12: 0.31142409 | I12: 1.3479194 | J12: 3.6969516 | K12: 2.4697294 | L12: 4.0606698 | M12: 3.6865071 | N12: 4.4115186 | O12: 4.5759436 | P12: 4.2225785 | Q12: 4.5645928 | R12: 4.3676561 | S12: 4.7457869 | T12: 4.8991964 | U12: 5.1402797 | V12: 5.4811489 | W12: 5.6614082 | X12: 5.9527301 | Y12: 6.0825446 | Z12: 6.2295941 | AA12: 6.3340437 | AB12: 6.4019704 | AC12: 6.4997968 | AD12: 6.5706941 | AE12: 6.6820325 | AF12: 6.7958979 | AG12: 6.9237656 | AH12: 7.0595237 | AI12: 7.1824942 | AJ12: 7.3019206 | AK12: 7.4008229 | AL12: 7.4881531 | AM12: 7.5632886 | AN12: 7.6303196 | AO12: 7.6967114 | AP12: 7.762303 | AQ12: 7.8318932 | AR12: 7.9034534 | AS12: 7.9764645 | AT12: 8.0490454 | AU12: 8.1185061 | AV12: 8.1841343 | AW12: 8.2444657 | AX12: 8.3000136 | AY12: 8.3513181 | AZ12: 8.3994542 | BA12: 8.4457502
A13: Rr - Norte de Roraima | B13: Rr1401 | C13: norte | D13: adm | E13: 103.38219 | F13: 55.268084 | G13: 55.409655 | H13: 54.330677 | I13: 48.869018 | J13: 70.711258 | K13: 57.894748 | L13: 68.530555 | M13: 65.912044 | N13: 66.242096 | O13: 67.57217 | P13: 60.955497 | Q13: 61.403551 | R13: 57.399078 | S13: 57.507403 | T13: 57.579499 | U13: 57.518521 | V13: 59.294792 | W13: 59.443949 | X13: 60.48953 | Y13: 60.374536 | Z13: 60.030473 | AA13: 59.580791 | AB13: 58.659649 | AC13: 58.12165 | AD13: 57.438484 | AE13: 57.11799 | AF13: 56.973042 | AG13: 56.961467 | AH13: 57.128676 | AI13: 57.227761 | AJ13: 57.333777 | AK13: 57.302459 | AL13: 57.167544 | AM13: 56.951207 | AN13: 56.668263 | AO13: 56.404513 | AP13: 56.166433 | AQ13: 55.999142 | AR13: 55.895611 | AS13: 55.84209 | AT13: 55.822109 | AU13: 55.802574 | AV13: 55.771509 | AW13: 55.712875 | AX13: 55.627362 | AY13: 55.521216 | AZ13: 55.403639 | BA13: 55.28833
A14: Rr - Sul de Roraima | B14: Rr1402 | C14: norte | D14: adm | E14: 3.8755052 | F14: 1.8629663 | G14: 1.9140536 | H14: 1.1533765 | I14: 1.21517 | J14: 2.6792807 | K14: 2.4752083 | L14: 3.4386227 | M14: 3.5792015 | N14: 3.9783537 | O14: 4.2537828 | P14: 4.0854273 | Q14: 4.1955696 | R14: 4.0235466 | S14: 4.0816926 | T14: 4.1199731 | U14: 4.2054398 | V14: 4.4107311 | W14: 4.5686256 | X14: 4.7921173 | Y14: 4.9450275 | Z14: 5.0730405 | AA14: 5.1626689 | AB14: 5.2042382 | AC14: 5.2448519 | AD14: 5.2668727 | AE14: 5.3079303 | AF14: 5.3616777 | AG14: 5.4314872 | AH14: 5.5172645 | AI14: 5.6044128 | AJ14: 5.6931234 | AK14: 5.7717766 | AL14: 5.8399422 | AM14: 5.8964656 | AN14: 5.9422687 | AO14: 5.9825672 | AP14: 6.0195408 | AQ14: 6.0578149 | AR14: 6.0988021 | AS14: 6.1431983 | AT14: 6.1904294 | AU14: 6.2383796 | AV14: 6.285436 | AW14: 6.3295852 | AX14: 6.3699384 | AY14: 6.4062515 | AZ14: 6.4389827 | BA14: 6.4692031
A15: Pa - Baixo Amazonas | B15: Pa1501 | C15: norte | D15: adm | E15: 138.81198 | F15: 105.77886 | G15: 94.44581 | H15: 88.156704 | I15: 71.257427 | J15: 103.72196 | K15: 87.887219 | L15: 96.217754 | M15: 91.422185 | N15: 87.912989 | O15: 90.409474 | P15: 80.689433 | Q15: 81.147512 | R15: 77.252165 | S15: 78.589136 | T15: 81.187964 | U15: 82.549051 | V15: 86.21223 | W15: 87.03265 | X15: 88.360321 | Y15: 88.029658 | Z15: 87.048939 | AA15: 86.254594 | AB15: 85.045478 | AC15: 84.6864 | AD15: 84.413166 | AE15: 84.685573 | AF15: 85.242879 | AG15: 85.838639 | AH15: 86.542133 | AI15: 86.994224 | AJ15: 87.319142 | AK15: 87.395197 | AL15: 87.295304 | AM15: 87.116968 | AN15: 86.897362 | AO15: 86.768125 | AP15: 86.732139 | AQ15: 86.822845 | AR15: 87.007686 | AS15: 87.235529 | AT15: 87.467911 | AU15: 87.652062 | AV15: 87.776334 | AW15: 87.833931 | AX15: 87.841519 | AY15: 87.824084 | AZ15: 87.803414 | BA15: 87.801445
A16: Pa - Marajo | B16: Pa1502 | C16: norte | D16: adm | E16: 15.752686 | F16: 7.2337853 | G16: -0.065289232 | H16: 2.6840572 | I16: -0.25828247 | J16: 3.1853032 | K16: 0.5741541 | L16: 0.90683852 | M16: 1.2540706 | N16: 0.28775458 | O16: 0.70807264 | P16: -0.65672516 | Q16: -0.70222035 | R16: -1.1631433 | S16: -1.4579975 | T16: -1.4519519 | U16: -1.8225137 | V16: -1.8000586 | W16: -2.0581201 | X16: -2.2105553 | Y16: -2.4006308 | Z16: -2.6619884 | AA16: -2.8323293 | AB16: -3.0871733 | AC16: -3.2751801 | AD16: -3.4808667 | AE16: -3.6652152 | AF16: -3.8144963 | AG16: -3.9664699 | AH16: -4.0860315 | AI16: -4.2138906 | AJ16: -4.3357777 | AK16: -4.4627656 | AL16: -4.5979597 | AM16: -4.7305474 | AN16: -4.8656944 | AO16: -4.9918004 | AP16: -5.1110297 | AQ16: -5.2211073 | AR16: -5.3222515 | AS16: -5.4181159 | AT16: -5.5085493 | AU16: -5.5969682 | AV16: -5.6834099 | AW16: -5.7686979 | AX16: -5.8529325 | AY16: -5.9352604 | AZ16: -6.0155593 | BA16: -6.0927997
... A141: Go - Distrito Federal | B141: Go5301 | C141: centro | D141: adm | E141: 1470.1561 | F141: 998.59231 | G141: 964.73307 | H141: 920.08873 | I141: 916.87382 | J141: 1352.2938 | K141: 1314.4828 | L141: 1543.3051 | M141: 1573.0563 | N141: 1622.2589 | O141: 1657.3061 | P141: 1559.6266 | Q141: 1544.5024 | R141: 1475.6697 | S141: 1476.9598 | T141: 1496.0468 | U141: 1529.2388 | V141: 1597.1511 | W141: 1646.0246 | X141: 1701.8753 | Y141: 1732.368 | Z141: 1748.5354 | AA141: 1753.9899 | AB141: 1747.5844 | AC141: 1744.7312 | AD141: 1741.7039 | AE141: 1747.2274 | AF141: 1759.3354 | AG141: 1776.7215 | AH141: 1798.4715 | AI141: 1819.5296 | AJ141: 1839.3228 | AK141: 1854.8688 | AL141: 1866.1957 | AM141: 1873.8201 | AN141: 1878.6475 | AO141: 1882.7736 | AP141: 1887.2118 | AQ141: 1893.2358 | AR141: 1901.0484 | AS141: 1910.3765 | AT141: 1920.622 | AU141: 1930.8318 | AV141: 1940.3632 | AW141: 1948.6719 | AX141: 1955.6459 | AY141: 1961.4469 | AZ141: 1966.4158 | BA141: 1971.0108
E143: =SUM(E5:E141) -> 110583.62 | F143: =SUM(F5:F141) -> 77387.972 | G143: =SUM(G5:G141) -> 69055.985 | H143: =SUM(H5:H141) -> 68451.945 | I143: =SUM(I5:I141) -> 70028.289 | J143: =SUM(J5:J141) -> 98995.594 | K143: =SUM(K5:K141) -> 93880.479 | L143: =SUM(L5:L141) -> 107505.64 | ... BA143: =SUM(BA5:BA141) -> 106745.86

Sheet Planilha1
B1: 0 | C1: 1 | D1: 2 | E1: 3 | F1: 4 | G1: 5 | H1: 6 | I1: 7 | J1: 8 | K1: 9 | L1: 10 | M1: 11 | N1: 12 | O1: 13 | P1: 14 | Q1: 15 | R1: 16 | S1: 17 | T1: 18 | U1: 19 | V1: 20 | W1: 21 | X1: 22 | Y1: 23 | Z1: 24 | AA1: 25 | AB1: 26 | AC1: 27 | AD1: 28 | AE1: 29 | AF1: 30 | AG1: 31 | AH1: 32 | AI1: 33 | AJ1: 34 | AK1: 35 | AL1: 36 | AM1: 37 | AN1: 38 | AO1: 39 | AP1: 40 | AQ1: 41 | AR1: 42 | AS1: 43 | AT1: 44 | AU1: 45 | AV1: 46 | AW1: 47 | AX1: 48
A2: norte | B2: =SUMIF('Point Estimates'!$C$5:$C$141,Planilha1!$A2,'Point Estimates'!E$5:E$141) -> 5424.6879 | C2: =SUMIF('Point Estimates'!$C$5:$C$141,Planilha1!$A2,'Point Estimates'!F$5:F$141) -> 4260.5298 | D2: =SUMIF('Point Estimates'!$C$5:$C$141,Planilha1!$A2,'Point Estimates'!G$5:G$141) -> 3955.1216 | E2: =SUMIF('Point Estimates'!$C$5:$C$141,Planilha1!$A2,'Point Estimates'!H$5:H$141) -> 3658.4182 | F2: =SUMIF('Point Estimates'!$C$5:$C$141,Planilha1!$A2,'Point Estimates'!I$5:I$141) -> 3273.9396 | G2: =SUMIF('Point Estimates'!$C$5:$C$141,Planilha1!$A2,'Point Estimates'!J$5:J$141) -> 4442.6282 | H2: =SUMIF('Point Estimates'!$C$5:$C$141,Planilha1!$A2,'Point Estimates'!K$5:K$141) -> 4085.6328 | I2: =SUMIF('Point Estimates'!$C$5:$C$141,Planilha1!$A2,'Point Estimates'!L$5:L$141) -> 4583.233 | ... AX2: =SUMIF('Point Estimates'!$C$5:$C$141,Planilha1!$A2,'Point Estimates'!BA$5:BA$141) -> 4454.1937
A3: nordeste | B3: =SUMIF('Point Estimates'!$C$5:$C$141,Planilha1!$A3,'Point Estimates'!E$5:E$141) -> 14460.405 | C3: =SUMIF('Point Estimates'!$C$5:$C$141,Planilha1!$A3,'Point Estimates'!F$5:F$141) -> 15470.901 | D3: =SUMIF('Point Estimates'!$C$5:$C$141,Planilha1!$A3,'Point Estimates'!G$5:G$141) -> 14241.768 | E3: =SUMIF('Point Estimates'!$C$5:$C$141,Planilha1!$A3,'Point Estimates'!H$5:H$141) -> 15203.589 | F3: =SUMIF('Point Estimates'!$C$5:$C$141,Planilha1!$A3,'Point Estimates'!I$5:I$141) -> 14356.811 | G3: =SUMIF('Point Estimates'!$C$5:$C$141,Planilha1!$A3,'Point Estimates'!J$5:J$141) -> 16950.344 | H3: =SUMIF('Point Estimates'!$C$5:$C$141,Planilha1!$A3,'Point Estimates'!K$5:K$141) -> 16042.786 | I3: =SUMIF('Point Estimates'!$C$5:$C$141,Planilha1!$A3,'Point Estimates'!L$5:L$141) -> 16756.248 | ... AX3: =SUMIF('Point Estimates'!$C$5:$C$141,Planilha1!$A3,'Point Estimates'!BA$5:BA$141) -> 16688.9
A4: sudeste | B4: =SUMIF('Point Estimates'!$C$5:$C$141,Planilha1!$A4,'Point Estimates'!E$5:E$141) -> 56453.121 | C4: =SUMIF('Point Estimates'!$C$5:$C$141,Planilha1!$A4,'Point Estimates'!F$5:F$141) -> 39658.947 | D4: =SUMIF('Point Estimates'!$C$5:$C$141,Planilha1!$A4,'Point Estimates'!G$5:G$141) -> 35656.128 | E4: =SUMIF('Point Estimates'!$C$5:$C$141,Planilha1!$A4,'Point Estimates'!H$5:H$141) -> 33100.506 | F4: =SUMIF('Point Estimates'!$C$5:$C$141,Planilha1!$A4,'Point Estimates'!I$5:I$141) -> 34061.98 | G4: =SUMIF('Point Estimates'!$C$5:$C$141,Planilha1!$A4,'Point Estimates'!J$5:J$141) -> 48813.022 | H4: =SUMIF('Point Estimates'!$C$5:$C$141,Planilha1!$A4,'Point Estimates'!K$5:K$141) -> 47408.192 | I4: =SUMIF('Point Estimates'!$C$5:$C$141,Planilha1!$A4,'Point Estimates'!L$5:L$141) -> 55149.244 | ... AX4: =SUMIF('Point Estimates'!$C$5:$C$141,Planilha1!$A4,'Point Estimates'!BA$5:BA$141) -> 52678.447
A5: sul | B5: =SUMIF('Point Estimates'!$C$5:$C$141,Planilha1!$A5,'Point Estimates'!E$5:E$141) -> 24603.805 | C5: =SUMIF('Point Estimates'!$C$5:$C$141,Planilha1!$A5,'Point Estimates'!F$5:F$141) -> 13311.523 | D5: =SUMIF('Point Estimates'!$C$5:$C$141,Planilha1!$A5,'Point Estimates'!G$5:G$141) -> 12041.286 | E5: =SUMIF('Point Estimates'!$C$5:$C$141,Planilha1!$A5,'Point Estimates'!H$5:H$141) -> 12411.726 | F5: =SUMIF('Point Estimates'!$C$5:$C$141,Planilha1!$A5,'Point Estimates'!I$5:I$141) -> 14764.662 | G5: =SUMIF('Point Estimates'!$C$5:$C$141,Planilha1!$A5,'Point Estimates'!J$5:J$141) -> 22088.131 | H5: =SUMIF('Point Estimates'!$C$5:$C$141,Planilha1!$A5,'Point Estimates'!K$5:K$141) -> 20500.71 | I5: =SUMIF('Point Estimates'!$C$5:$C$141,Planilha1!$A5,'Point Estimates'!L$5:L$141) -> 23719.821 | ... AX5: =SUMIF('Point Estimates'!$C$5:$C$141,Planilha1!$A5,'Point Estimates'!BA$5:BA$141) -> 23148.151
A6: centro | B6: =SUMIF('Point Estimates'!$C$5:$C$141,Planilha1!$A6,'Point Estimates'!E$5:E$141) -> 9641.6013 | C6: =SUMIF('Point Estimates'!$C$5:$C$141,Planilha1!$A6,'Point Estimates'!F$5:F$141) -> 4686.0716 | D6: =SUMIF('Point Estimates'!$C$5:$C$141,Planilha1!$A6,'Point Estimates'!G$5:G$141) -> 3161.6816 | E6: =SUMIF('Point Estimates'!$C$5:$C$141,Planilha1!$A6,'Point Estimates'!H$5:H$141) -> 4077.7058 | F6: =SUMIF('Point Estimates'!$C$5:$C$141,Planilha1!$A6,'Point Estimates'!I$5:I$141) -> 3570.8958 | G6: =SUMIF('Point Estimates'!$C$5:$C$141,Planilha1!$A6,'Point Estimates'!J$5:J$141) -> 6701.4695 | H6: =SUMIF('Point Estimates'!$C$5:$C$141,Planilha1!$A6,'Point Estimates'!K$5:K$141) -> 5843.1584 | I6: =SUMIF('Point Estimates'!$C$5:$C$141,Planilha1!$A6,'Point Estimates'!L$5:L$141) -> 7297.0933 | ... AX6: =SUMIF('Point Estimates'!$C$5:$C$141,Planilha1!$A6,'Point Estimates'!BA$5:BA$141) -> 9776.1675
B8: =SUM(B2:B6) -> 110583.62 | C8: =SUM(C2:C6) -> 77387.972 | D8: =SUM(D2:D6) -> 69055.985 | E8: =SUM(E2:E6) -> 68451.945 | F8: =SUM(F2:F6) -> 70028.289 | G8: =SUM(G2:G6) -> 98995.594 | H8: =SUM(H2:H6) -> 93880.479 | I8: =SUM(I2:I6) -> 107505.64 | ... AX8: =SUM(AX2:AX6) -> 106745.86
B9: ='Point Estimates'!E143 -> 110583.62 | C9: ='Point Estimates'!F143 -> 77387.972 | D9: ='Point Estimates'!G143 -> 69055.985 | E9: ='Point Estimates'!H143 -> 68451.945 | F9: ='Point Estimates'!I143 -> 70028.289 | G9: ='Point Estimates'!J143 -> 98995.594 | H9: ='Point Estimates'!K143 -> 93880.479 | I9: ='Point Estimates'!L143 -> 107505.64 | ... AX9: ='Point Estimates'!BA143 -> 106745.86
A11: =AND(B11:AX11) -> FALSE | B11: =EXACT(B8,B9) -> TRUE | C11: =EXACT(C8,C9) -> TRUE | D11: =EXACT(D8,D9) -> TRUE | E11: =EXACT(E8,E9) -> TRUE | F11: =EXACT(F8,F9) -> TRUE | G11: =EXACT(G8,G9) -> TRUE | H11: =EXACT(H8,H9) -> TRUE | I11: =EXACT(I8,I9) -> TRUE | ... AX11: =EXACT(AX8,AX9) -> TRUE
