Workbook

Sheet forecasts (2)
A1: GVAR Forecasts
A2: Last in-sample estimation date: | B2: 2016M12
A3: Last forecast date: | B3: 2024M12
D5: 2017M1 | E5: 2017M2 | F5: 2017M3 | G5: 2017M4 | H5: 2017M5 | I5: 2017M6 | J5: 2017M7 | K5: 2017M8 | L5: 2017M9 | M5: 2017M10 | N5: 2017M11 | O5: 2017M12 | P5: 2018M1 | Q5: 2018M2 | R5: 2018M3 | S5: 2018M4 | T5: 2018M5 | U5: 2018M6 | V5: 2018M7 | W5: 2018M8 | X5: 2018M9 | Y5: 2018M10 | Z5: 2018M11 | AA5: 2018M12 | AB5: 2019M1 | AC5: 2019M2 | AD5: 2019M3 | AE5: 2019M4 | AF5: 2019M5 | AG5: 2019M6 | AH5: 2019M7 | AI5: 2019M8 | AJ5: 2019M9 | AK5: 2019M10 | AL5: 2019M11 | AM5: 2019M12 | AN5: 2020M1 | AO5: 2020M2 | AP5: 2020M3 | AQ5: 2020M4 | AR5: 2020M5 | AS5: 2020M6 | AT5: 2020M7 | AU5: 2020M8 | AV5: 2020M9 | AW5: 2020M10 | AX5: 2020M11 | AY5: 2020M12 | AZ5: 2021M1 | BA5: 2021M2 | BB5: 2021M3 | BC5: 2021M4 | BD5: 2021M5 | BE5: 2021M6 | BF5: 2021M7 | BG5: 2021M8 | BH5: 2021M9 | BI5: 2021M10 | BJ5: 2021M11 | BK5: 2021M12 | BL5: 2022M1 | BM5: 2022M2 | BN5: 2022M3 | BO5: 2022M4 | BP5: 2022M5 | BQ5: 2022M6 | BR5: 2022M7 | BS5: 2022M8 | BT5: 2022M9 | BU5: 2022M10 | BV5: 2022M11 | BW5: 2022M12 | BX5: 2023M1 | BY5: 2023M2 | BZ5: 2023M3 | CA5: 2023M4 | CB5: 2023M5 | CC5: 2023M6 | CD5: 2023M7 | CE5: 2023M8 | CF5: 2023M9 | CG5: 2023M10 | CH5: 2023M11 | CI5: 2023M12 | CJ5: 2024M1 | CK5: 2024M2 | CL5: 2024M3 | CM5: 2024M4 | CN5: 2024M5 | CO5: 2024M6 | CP5: 2024M7 | CQ5: 2024M8 | CR5: 2024M9 | CS5: 2024M10 | CT5: 2024M11 | CU5: 2024M12
A6: Ro1101 | B6: adm | C6: Forecast | D6: 2336.9808 | E6: 2312.3801 | F6: 2657.806 | G6: 2863.4845 | H6: 2929.8957 | I6: 2932.1209 | J6: 2722.6753 | K6: 2533.8324 | L6: 2267.0652 | M6: 2069.9615 | N6: 1943.9223 | O6: 1881.0981 | P6: 1905.1517 | Q6: 1947.7631 | R6: 2016.3741 | S6: 2065.4142 | T6: 2086.708 | U6: 2079.0643 | V6: 2038.9515 | W6: 1987.4013 | X6: 1929.4789 | Y6: 1881.6535 | Z6: 1850.2302 | AA6: 1837.4009 | AB6: 1843.2285 | AC6: 1859.8933 | AD6: 1882.0422 | AE6: 1901.8471 | AF6: 1914.9245 | AG6: 1919.5119 | AH6: 1915.9575 | AI6: 1907.6058 | AJ6: 1897.7589 | AK6: 1890.1217 | AL6: 1886.9702 | AM6: 1889.1262 | AN6: 1896.1482 | AO6: 1906.3751 | AP6: 1917.9433 | AQ6: 1928.9859 | AR6: 1938.2634 | AS6: 1945.2694 | AT6: 1950.1712 | AU6: 1953.7006 | AV6: 1956.7748 | AW6: 1960.3005 | AX6: 1964.9103 | AY6: 1970.8715 | AZ6: 1978.094 | BA6: 1986.2009 | BB6: 1994.6927 | BC6: 2003.0766 | BD6: 2010.9946 | BE6: 2018.2818 | BF6: 2024.9663 | BG6: 2031.2278 | BH6: 2037.3166 | BI6: 2043.4797 | BJ6: 2049.897 | BK6: 2056.6493 | BL6: 2063.7177 | BM6: 2071.007 | BN6: 2078.3845 | BO6: 2085.7193 | BP6: 2092.9142 | BQ6: 2099.9224 | BR6: 2106.7487 | BS6: 2113.4378 | BT6: 2120.0552 | BU6: 2126.6669 | BV6: 2133.3228 | BW6: 2140.0476 | BX6: 2146.8394 | BY6: 2153.6756 | BZ6: 2160.5221 | CA6: 2167.3444 | CB6: 2174.116 | CC6: 2180.8235 | CD6: 2187.4673 | CE6: 2194.0589 | CF6: 2200.6161 | CG6: 2207.1569 | CH6: 2213.6957 | CI6: 2220.2402 | CJ6: 2226.7906 | CK6: 2233.342 | CL6: 2239.8857 | CM6: 2246.4129 | CN6: 2252.9167 | CO6: 2259.3936 | CP6: 2265.8438 | CQ6: 2272.2704 | CR6: 2278.6783 | CS6: 2285.0727 | CT6: 2291.4578 | CU6: 2297.8361 | CV6: 1 | CW6: 1
C7: Actual | CV7: 0 | CW7: 0
A8: Ro1101 | B8: desl | C8: Forecast | D8: 3171.6865 | E8: 3043.8417 | F8: 3116.1931 | G8: 3065.1451 | H8: 3169.497 | I8: 3103.7389 | J8: 3063.4059 | K8: 2947.4825 | L8: 2780.9638 | M8: 2634.6895 | N8: 2467.2418 | O8: 2364.64 | P8: 2288.1828 | Q8: 2256.2625 | R8: 2252.0299 | S8: 2248.9762 | T8: 2248.137 | U8: 2226.0539 | V8: 2191.5499 | W8: 2143.0077 | X8: 2087.8574 | Y8: 2035.4439 | Z8: 1987.8242 | AA8: 1951.5844 | AB8: 1925.0338 | AC8: 1908.0051 | AD8: 1897.5939 | AE8: 1889.9574 | AF8: 1882.8145 | AG8: 1873.1463 | AH8: 1860.4555 | AI8: 1844.6843 | AJ8: 1827.0799 | AK8: 1809.5083 | AL8: 1793.4999 | AM8: 1780.4554 | AN8: 1770.7296 | AO8: 1764.1112 | AP8: 1759.7735 | AQ8: 1756.6334 | AR8: 1753.7581 | AS8: 1750.4382 | AT8: 1746.4344 | AU8: 1741.8373 | AV8: 1737.0084 | AW8: 1732.417 | AX8: 1728.4772 | AY8: 1725.4835 | AZ8: 1723.532 | BA8: 1722.5535 | BB8: 1722.3474 | BC8: 1722.6523 | BD8: 1723.2192 | BE8: 1723.8583 | BF8: 1724.4765 | BG8: 1725.0741 | BH8: 1725.7265 | BI8: 1726.5477 | BJ8: 1727.6505 | BK8: 1729.1169 | BL8: 1730.9787 | BM8: 1733.2179 | BN8: 1735.7777 | BO8: 1738.5823 | BP8: 1741.5578 | BQ8: 1744.6478 | BR8: 1747.8225 | BS8: 1751.0782 | BT8: 1754.4315 | BU8: 1757.9092 | BV8: 1761.5382 | BW8: 1765.3371 | BX8: 1769.3123 | BY8: 1773.4571 | BZ8: 1777.755 | CA8: 1782.1842 | CB8: 1786.7229 | CC8: 1791.3532 | CD8: 1796.0644 | CE8: 1800.8524 | CF8: 1805.719 | CG8: 1810.6691 | CH8: 1815.7081 | CI8: 1820.8396 | CJ8: 1826.0638 | CK8: 1831.3776 | CL8: 1836.7753 | CM8: 1842.2494 | CN8: 1847.7927 | CO8: 1853.3987 | CP8: 1859.063 | CQ8: 1864.7831 | CR8: 1870.5582 | CS8: 1876.3881 | CT8: 1882.2732 | CU8: 1888.2132 | CV8: -1 | CW8: 1
C9: Actual | CV9: 0 | CW9: 0
A10: Ro1102 | B10: adm | C10: Forecast | D10: 4137.5519 | E10: 4444.5537 | F10: 5010.4524 | G10: 5191.2041 | H10: 5154.9613 | I10: 5075.0248 | J10: 4758.7789 | K10: 4580.7946 | L10: 4351.9333 | M10: 4251.2794 | N10: 4238.3129 | O10: 4269.8338 | P10: 4372.4476 | Q10: 4442.5826 | R10: 4507.4578 | S10: 4517.8557 | T10: 4483.2062 | U10: 4419.6918 | V10: 4331.3627 | W10: 4252.5203 | X10: 4184.8822 | Y10: 4143.3702 | Z10: 4125.8544 | AA10: 4125.7486 | AB10: 4137.6964 | AC10: 4149.0379 | AD10: 4155.3258 | AE10: 4150.7121 | AF10: 4135.0917 | AG10: 4111.0759 | AH10: 4082.0784 | AI10: 4053.5659 | AJ10: 4028.8044 | AK10: 4010.5231 | AL10: 3999.0752 | AM10: 3993.216 | AN10: 3990.8947 | AO10: 3989.4078 | AP10: 3986.7774 | AQ10: 3981.636 | AR10: 3973.7276 | AS10: 3963.6517 | AT10: 3952.492 | AU10: 3941.5596 | AV10: 3931.8848 | AW10: 3924.1209 | AX10: 3918.3927 | AY10: 3914.3907 | AZ10: 3911.5419 | BA10: 3909.1731 | BB10: 3906.7224 | BC10: 3903.8274 | BD10: 3900.3855 | BE10: 3896.5214 | BF10: 3892.5063 | BG10: 3888.6668 | BH10: 3885.2843 | BI10: 3882.5373 | BJ10: 3880.4715 | BK10: 3879.0132 | BL10: 3878.0092 | BM10: 3877.2768 | BN10: 3876.6547 | BO10: 3876.036 | BP10: 3875.3823 | BQ10: 3874.7183 | BR10: 3874.1109 | BS10: 3873.6432 | BT10: 3873.3883 | BU10: 3873.3924 | BV10: 3873.6669 | BW10: 3874.1912 | BX10: 3874.9229 | BY10: 3875.8111 | BZ10: 3876.8093 | CA10: 3877.8852 | CB10: 3879.0243 | CC10: 3880.2289 | CD10: 3881.5134 | CE10: 3882.897 | CF10: 3884.3974 | CG10: 3886.0252 | CH10: 3887.7824 | CI10: 3889.6621 | CJ10: 3891.6515 | CK10: 3893.7352 | CL10: 3895.8988 | CM10: 3898.1315 | CN10: 3900.4272 | CO10: 3902.7845 | CP10: 3905.2054 | CQ10: 3907.6934 | CR10: 3910.2518 | CS10: 3912.8823 | CT10: 3915.584 | CU10: 3918.354 | CV10: 1 | CW10: 1
C11: Actual | CV11: 0 | CW11: 0
A12: Ro1102 | B12: desl | C12: Forecast | D12: 5184.4937 | E12: 5069.5182 | F12: 5288.3821 | G12: 5045.6956 | H12: 5145.1068 | I12: 4969.0827 | J12: 4867.0074 | K12: 4829.8545 | L12: 4688.2598 | M12: 4682.2469 | N12: 4608.8389 | O12: 4611.118 | P12: 4607.9062 | Q12: 4589.6876 | R12: 4581.2162 | S12: 4527.0458 | T12: 4478.1086 | U12: 4409.0183 | V12: 4345.4879 | W12: 4294.0142 | X12: 4249.7012 | Y12: 4223.2032 | Z12: 4199.7286 | AA12: 4182.3558 | AB12: 4163.8526 | AC12: 4142.3055 | AD12: 4118.9745 | AE12: 4091.6344 | AF12: 4063.8673 | AG12: 4035.2449 | AH12: 4007.8111 | AI12: 3982.5532 | AJ12: 3959.7141 | AK12: 3940.1412 | AL12: 3922.9989 | AM12: 3907.994 | AN12: 3894.0468 | AO12: 3880.3084 | AP12: 3866.2975 | AQ12: 3851.6823 | AR12: 3836.7818 | AS12: 3821.9481 | AT12: 3807.7321 | AU12: 3794.5459 | AV12: 3782.5806 | AW12: 3771.8658 | AX12: 3762.1985 | AY12: 3753.3371 | AZ12: 3745.0056 | BA12: 3736.9946 | BB12: 3729.1884 | BC12: 3721.5492 | BD12: 3714.1261 | BE12: 3707.0007 | BF12: 3700.2734 | BG12: 3694.027 | BH12: 3688.3083 | BI12: 3683.1239 | BJ12: 3678.436 | BK12: 3674.1811 | BL12: 3670.283 | BM12: 3666.6725 | BN12: 3663.3011 | BO12: 3660.1458 | BP12: 3657.2087 | BQ12: 3654.5077 | BR12: 3652.0671 | BS12: 3649.9068 | BT12: 3648.0358 | BU12: 3646.4499 | BV12: 3645.1334 | BW12: 3644.063 | BX12: 3643.2136 | BY12: 3642.5625 | BZ12: 3642.093 | CA12: 3641.795 | CB12: 3641.6644 | CC12: 3641.7017 | CD12: 3641.9087 | CE12: 3642.2868 | CF12: 3642.835 | CG12: 3643.5494 | CH12: 3644.423 | CI12: 3645.4468 | CJ12: 3646.6113 | CK12: 3647.9072 | CL12: 3649.327 | CM12: 3650.8649 | CN12: 3652.5172 | CO12: 3654.2813 | CP12: 3656.1554 | CQ12: 3658.1376 | CR12: 3660.2254 | CS12: 3662.4157 | CT12: 3664.7045 | CU12: 3667.0874 | CV12: -1 | CW12: 1
C13: Actual | CV13: 0 | CW13: 0
A14: Ac1201 | B14: adm | C14: Forecast | D14: 115.87824 | E14: 122.22568 | F14: 159.99944 | G14: 189.92608 | H14: 210.50288 | I14: 226.23131 | J14: 218.50408 | K14: 205.81668 | L14: 181.40742 | M14: 158.0026 | N14: 138.97397 | O14: 125.71312 | P14: 122.84775 | Q14: 125.51348 | R14: 133.57703 | S14: 141.99013 | T14: 148.14426 | U14: 150.63869 | V14: 148.30071 | W14: 142.84803 | X14: 135.28814 | Y14: 127.7757 | Z14: 121.66734 | AA14: 117.66068 | AB14: 116.03535 | AC14: 116.13942 | AD14: 117.33725 | AE14: 118.70458 | AF14: 119.56194 | AG14: 119.50974 | AH14: 118.40103 | AI14: 116.45363 | AJ14: 113.99433 | AK14: 111.46699 | AL14: 109.24536 | AM14: 107.57015 | AN14: 106.52701 | AO14: 106.02251 | AP14: 105.87051 | AQ14: 105.83219 | AR14: 105.69973 | AS14: 105.33967 | AT14: 104.70869 | AU14: 103.85308 | AV14: 102.87155 | AW14: 101.8845 | AX14: 100.99608 | AY14: 100.27196 | AZ14: 99.731655 | BA14: 99.351461 | BB14: 99.08057 | BC14: 98.857533 | BD14: 98.627801 | BE14: 98.355183 | BF14: 98.026585 | BG14: 97.650811 | BH14: 97.251603 | BI14: 96.859044 | BJ14: 96.500626 | BK14: 96.194829 | BL14: 95.948143 | BM14: 95.755511 | BN14: 95.603725 | BO14: 95.476077 | BP14: 95.357097 | BQ14: 95.236017 | BR14: 95.108388 | BS14: 94.975818 | BT14: 94.844219 | BU14: 94.721368 | BV14: 94.61447 | BW14: 94.52838 | BX14: 94.464764 | BY14: 94.422213 | BZ14: 94.397113 | CA14: 94.384868 | CB14: 94.381135 | CC14: 94.38275 | CD14: 94.388186 | CE14: 94.397522 | CF14: 94.412026 | CG14: 94.43353 | CH14: 94.463796 | CI14: 94.504015 | CJ14: 94.554559 | CK14: 94.614978 | CL14: 94.684206 | CM14: 94.760887 | CN14: 94.843704 | CO14: 94.931637 | CP14: 95.024109 | CQ14: 95.120976 | CR14: 95.222433 | CS14: 95.328844 | CT14: 95.44057 | CU14: 95.557835 | CV14: 1 | CW14: 1
C15: Actual | CV15: 0 | CW15: 0
A16: Ac1201 | B16: desl | C16: Forecast | D16: 204.3715 | E16: 170.28649 | F16: 161.97532 | G16: 145.91385 | H16: 145.94902 | I16: 145.11911 | J16: 150.91298 | K16: 157.89436 | L16: 159.75952 | M16: 161.99066 | N16: 157.72249 | O16: 152.39984 | P16: 145.0417 | Q16: 137.75736 | R16: 132.59744 | S16: 128.57336 | T16: 126.9994 | U16: 126.21613 | V16: 126.07451 | W16: 125.82973 | X16: 124.87459 | Y16: 123.39798 | Z16: 121.13125 | AA16: 118.52404 | AB16: 115.71102 | AC16: 112.97752 | AD16: 110.58109 | AE16: 108.5705 | AF16: 107.04709 | AG16: 105.88467 | AH16: 104.97474 | AI16: 104.14976 | AJ16: 103.25629 | AK16: 102.22397 | AL16: 101.01646 | AM16: 99.689833 | AN16: 98.319508 | AO16: 96.996808 | AP16: 95.79619 | AQ16: 94.751355 | AR16: 93.867019 | AS16: 93.111718 | AT16: 92.442649 | AU16: 91.81393 | AV16: 91.189101 | AW16: 90.549071 | AX16: 89.889629 | AY16: 89.221697 | AZ16: 88.563275 | BA16: 87.934657 | BB16: 87.352776 | BC16: 86.827188 | BD16: 86.359531 | BE16: 85.943634 | BF16: 85.568631 | BG16: 85.221994 | BH16: 84.892769 | BI16: 84.573915 | BJ16: 84.262989 | BK16: 83.961829 | BL16: 83.674941 | BM16: 83.407677 | BN16: 83.164502 | BO16: 82.947833 | BP16: 82.757708 | BQ16: 82.592062 | BR16: 82.447536 | BS16: 82.320412 | BT16: 82.207447 | BU16: 82.106432 | BV16: 82.016374 | BW16: 81.937365 | BX16: 81.87021 | BY16: 81.815967 | BZ16: 81.775525 | CA16: 81.749298 | CB16: 81.73711 | CC16: 81.738238 | CD16: 81.751592 | CE16: 81.775957 | CF16: 81.810217 | CG16: 81.853521 | CH16: 81.905353 | CI16: 81.965505 | CJ16: 82.033989 | CK16: 82.110902 | CL16: 82.196313 | CM16: 82.29017 | CN16: 82.39227 | CO16: 82.502265 | CP16: 82.619712 | CQ16: 82.744138 | CR16: 82.875096 | CS16: 83.012217 | CT16: 83.155221 | CU16: 83.303916 | CV16: -1 | CW16: 1
C17: Actual | CV17: 0 | CW17: 0
A18: Ac1202 | B18: adm | C18: Forecast | D18: 1346.32 | E18: 1379.2961 | F18: 1523.3626 | G18: 1628.7088 | H18: 1634.9611 | I18: 1628.978 | J18: 1538.0996 | K18: 1470.9891 | L18: 1388.7794 | M18: 1335.1077 | N18: 1314.4614 | O18: 1308.902 | P18: 1330.1977 | Q18: 1349.1277 | R18: 1370.5834 | S18: 1381.8493 | T18: 1380.4775 | U18: 1370.1813 | V18: 1349.2702 | W18: 1326.6261 | X18: 1303.7347 | Y18: 1285.6809 | Z18: 1274.3994 | AA18: 1269.3067 | AB18: 1270.0246 | AC18: 1273.0605 | AD18: 1276.4329 | AE18: 1277.6826 | AF18: 1275.6965 | AG18: 1270.6203 | AH18: 1263.0616 | AI18: 1254.591 | AJ18: 1246.4259 | AK18: 1239.6864 | AL18: 1234.8911 | AM18: 1231.9775 | AN18: 1230.5615 | AO18: 1229.9264 | AP18: 1229.4268 | AQ18: 1228.5131 | AR18: 1226.8964 | AS18: 1224.5594 | AT18: 1221.6776 | AU18: 1218.5796 | AV18: 1215.6 | AW18: 1213.022 | AX18: 1211.0043 | AY18: 1209.5644 | AZ18: 1208.6059 | BA18: 1207.9539 | BB18: 1207.4207 | BC18: 1206.8493 | BD18: 1206.1481 | BE18: 1205.3008 | BF18: 1204.3526 | BG18: 1203.3883 | BH18: 1202.5001 | BI18: 1201.7634 | BJ18: 1201.2207 | BK18: 1200.8765 | BL18: 1200.7039 | BM18: 1200.6563 | BN18: 1200.6827 | BO18: 1200.7402 | BP18: 1200.8022 | BQ18: 1200.8614 | BR18: 1200.927 | BS18: 1201.0188 | BT18: 1201.1598 | BU18: 1201.3693 | BV18: 1201.6585 | BW18: 1202.0288 | BX18: 1202.4729 | BY18: 1202.978 | BZ18: 1203.5294 | CA18: 1204.1143 | CB18: 1204.7243 | CC18: 1205.356 | CD18: 1206.0108 | CE18: 1206.693 | CF18: 1207.4081 | CG18: 1208.1605 | CH18: 1208.9527 | CI18: 1209.7847 | CJ18: 1210.6539 | CK18: 1211.5565 | CL18: 1212.4879 | CM18: 1213.4442 | CN18: 1214.4223 | CO18: 1215.4208 | CP18: 1216.4394 | CQ18: 1217.4787 | CR18: 1218.5396 | CS18: 1219.6228 | CT18: 1220.7286 | CU18: 1221.8566 | CV18: 1 | CW18: 1
C19: Actual | CV19: 0 | CW19: 0
A20: Ac1202 | B20: desl | C20: Forecast | D20: 1851.9404 | E20: 1770.2276 | F20: 1801.1693 | G20: 1630.3924 | H20: 1670.5878 | I20: 1596.3179 | J20: 1585.1338 | K20: 1583.7567 | L20: 1538.2506 | M20: 1542.7769 | N20: 1503.8192 | O20: 1497.6911 | P20: 1483.9862 | Q20: 1471.3549 | R20: 1466.9974 | S20: 1447.9043 | T20: 1435.3893 | U20: 1414.0148 | V20: 1395.5055 | W20: 1379.4823 | X20: 1364.6289 | Y20: 1355.4971 | Z20: 1346.0305 | AA20: 1338.7289 | AB20: 1330.4955 | AC20: 1321.4853 | AD20: 1312.3682 | AE20: 1302.4208 | AF20: 1293.1615 | AG20: 1283.984 | AH20: 1275.4874 | AI20: 1267.5831 | AJ20: 1260.1413 | AK20: 1253.409 | AL20: 1247.1025 | AM20: 1241.3499 | AN20: 1235.925 | AO20: 1230.7126 | AP20: 1225.6237 | AQ20: 1220.5406 | AR20: 1215.5376 | AS20: 1210.6451 | AT20: 1205.986 | AU20: 1201.6371 | AV20: 1197.6308 | AW20: 1193.9708 | AX20: 1190.597 | AY20: 1187.4572 | AZ20: 1184.4887 | BA20: 1181.6535 | BB20: 1178.9357 | BC20: 1176.3321 | BD20: 1173.8567 | BE20: 1171.5212 | BF20: 1169.3398 | BG20: 1167.3202 | BH20: 1165.4645 | BI20: 1163.7693 | BJ20: 1162.2247 | BK20: 1160.818 | BL20: 1159.5341 | BM20: 1158.3593 | BN20: 1157.2833 | BO20: 1156.3002 | BP20: 1155.4088 | BQ20: 1154.6105 | BR20: 1153.9081 | BS20: 1153.3036 | BT20: 1152.7966 | BU20: 1152.3842 | BV20: 1152.0616 | BW20: 1151.8227 | BX20: 1151.6613 | BY20: 1151.5723 | BZ20: 1151.5515 | CA20: 1151.5961 | CB20: 1151.7046 | CC20: 1151.8758 | CD20: 1152.109 | CE20: 1152.403 | CF20: 1152.7565 | CG20: 1153.1676 | CH20: 1153.6339 | CI20: 1154.1528 | CJ20: 1154.7216 | CK20: 1155.338 | CL20: 1155.9996 | CM20: 1156.7048 | CN20: 1157.4519 | CO20: 1158.24 | CP20: 1159.0678 | CQ20: 1159.9343 | CR20: 1160.8384 | CS20: 1161.7787 | CT20: 1162.7539 | CU20: 1163.7625 | CV20: -1 | CW20: 1
C21: Actual | CV21: 0 | CW21: 0
A22: Am1301 | B22: adm | C22: Forecast | D22: 20.57114 | E22: 27.653351 | F22: 33.591843 | G22: 30.158634 | H22: 26.779868 | I22: 28.438469 | J22: 24.279521 | K22: 26.136799 | L22: 25.028429 | M22: 25.367057 | N22: 25.860524 | O22: 24.953484 | P22: 25.352419 | Q22: 24.520757 | R22: 24.51491 | S22: 24.217185 | T22: 23.85015 | U22: 23.717568 | V22: 23.221395 | W22: 22.999849 | X22: 22.634648 | Y22: 22.408494 | Z22: 22.271379 | AA22: 22.122016 | AB22: 22.057999 | AC22: 21.905742 | AD22: 21.754442 | AE22: 21.552719 | AF22: 21.330705 | AG22: 21.127338 | AH22: 20.926516 | AI22: 20.766072 | AJ22: 20.61969 | AK22: 20.492911 | AL22: 20.375691 | AM22: 20.258607 | AN22: 20.146251 | AO22: 20.030415 | AP22: 19.916331 | AQ22: 19.801317 | AR22: 19.686505 | AS22: 19.574055 | AT22: 19.464066 | AU22: 19.360134 | AV22: 19.262492 | AW22: 19.172208 | AX22: 19.088399 | AY22: 19.009192 | AZ22: 18.933055 | BA22: 18.858051 | BB22: 18.783666 | BC22: 18.709793 | BD22: 18.637095 | BE22: 18.566502 | BF22: 18.498686 | BG22: 18.434169 | BH22: 18.372949 | BI22: 18.31482 | BJ22: 18.259367 | BK22: 18.206127 | BL22: 18.154724 | BM22: 18.104844 | BN22: 18.056328 | BO22: 18.009115 | BP22: 17.963247 | BQ22: 17.91883 | BR22: 17.87598 | BS22: 17.834797 | BT22: 17.795311 | BU22: 17.757484 | BV22: 17.721209 | BW22: 17.686334 | BX22: 17.652704 | BY22: 17.620186 | BZ22: 17.588691 | CA22: 17.558179 | CB22: 17.528646 | CC22: 17.500108 | CD22: 17.472582 | CE22: 17.446074 | CF22: 17.420567 | CG22: 17.396027 | CH22: 17.372402 | CI22: 17.349636 | CJ22: 17.327672 | CK22: 17.306462 | CL22: 17.285965 | CM22: 17.266155 | CN22: 17.247012 | CO22: 17.228524 | CP22: 17.21068 | CQ22: 17.193469 | CR22: 17.176874 | CS22: 17.160874 | CT22: 17.145446 | CU22: 17.130562 | CV22: 1 | CW22: 1
C23: Actual | CV23: 0 | CW23: 0
A24: Am1301 | B24: desl | C24: Forecast | D24: 36.580924 | E24: 38.527885 | F24: 32.243856 | G24: 30.42985 | H24: 31.397536 | I24: 28.674524 | J24: 31.353747 | K24: 30.590702 | L24: 31.637135 | M24: 31.903292 | N24: 31.258334 | O24: 31.427053 | P24: 30.382727 | Q24: 30.094884 | R24: 29.342084 | S24: 28.759256 | T24: 28.413671 | U24: 27.962448 | V24: 27.890834 | W24: 27.730514 | X24: 27.721589 | Y24: 27.676499 | Z24: 27.540386 | AA24: 27.375396 | AB24: 27.077842 | AC24: 26.778955 | AD24: 26.452761 | AE24: 26.162644 | AF24: 25.93048 | AG24: 25.739803 | AH24: 25.605761 | AI24: 25.487779 | AJ24: 25.382414 | AK24: 25.269152 | AL24: 25.1399 | AM24: 24.997934 | AN24: 24.840939 | AO24: 24.68054 | AP24: 24.520715 | AQ24: 24.369493 | AR24: 24.231548 | AS24: 24.107618 | AT24: 23.998037 | AU24: 23.898398 | AV24: 23.805088 | AW24: 23.713499 | AX24: 23.620475 | AY24: 23.524914 | AZ24: 23.426961 | BA24: 23.328653 | BB24: 23.232145 | BC24: 23.139637 | BD24: 23.052509 | BE24: 22.971104 | BF24: 22.894999 | BG24: 22.823053 | BH24: 22.754017 | BI24: 22.686718 | BJ24: 22.620366 | BK24: 22.554635 | BL24: 22.489591 | BM24: 22.425623 | BN24: 22.36323 | BO24: 22.302889 | BP24: 22.244924 | BQ24: 22.189436 | BR24: 22.136314 | BS24: 22.085276 | BT24: 22.035963 | BU24: 21.988024 | BV24: 21.94119 | BW24: 21.895314 | BX24: 21.850372 | BY24: 21.806434 | BZ24: 21.763614 | CA24: 21.722024 | CB24: 21.681731 | CC24: 21.642744 | CD24: 21.605009 | CE24: 21.568429 | CF24: 21.532885 | CG24: 21.498263 | CH24: 21.464472 | CI24: 21.431454 | CJ24: 21.399181 | CK24: 21.367651 | CL24: 21.336876 | CM24: 21.306867 | CN24: 21.277628 | CO24: 21.249147 | CP24: 21.221397 | CQ24: 21.194338 | CR24: 21.167928 | CS24: 21.14212 | CT24: 21.116878 | CU24: 21.092172 | CV24: -1 | CW24: 1
C25: Actual | CV25: 0 | CW25: 0
A26: Am1302 | B26: adm | C26: Forecast | D26: 21.5856 | E26: 21.047007 | F26: 23.625159 | G26: 23.80825 | H26: 22.935351 | I26: 22.97805 | J26: 20.90142 | K26: 20.28191 | L26: 19.016717 | M26: 18.308703 | N26: 18.12814 | O26: 17.933537 | P26: 18.408916 | Q26: 18.681242 | R26: 19.110556 | S26: 19.310713 | T26: 19.245105 | U26: 19.04507 | V26: 18.608063 | W26: 18.205893 | X26: 17.815909 | Y26: 17.557222 | Z26: 17.441096 | AA26: 17.418193 | AB26: 17.484196 | AC26: 17.550587 | AD26: 17.603162 | AE26: 17.604653 | AF26: 17.549972 | AG26: 17.454025 | AH26: 17.325194 | AI26: 17.193264 | AJ26: 17.071361 | AK26: 16.976037 | AL26: 16.913057 | AM26: 16.879108 | AN26: 16.868271 | AO26: 16.867112 | AP26: 16.865529 | AQ26: 16.854249 | AR26: 16.829311 | AS26: 16.79191 | AT26: 16.746138 | AU26: 16.698829 | AV26: 16.655788 | AW26: 16.621445 | AX26: 16.597483 | AY26: 16.583026 | AZ26: 16.575623 | BA26: 16.571859 | BB26: 16.568714 | BC26: 16.563978 | BD26: 16.556704 | BE26: 16.547141 | BF26: 16.536362 | BG26: 16.525903 | BH26: 16.517224 | BI26: 16.511414 | BJ26: 16.508965 | BK26: 16.509755 | BL26: 16.51319 | BM26: 16.518413 | BN26: 16.524568 | BO26: 16.530992 | BP26: 16.537342 | BQ26: 16.543609 | BR26: 16.550047 | BS26: 16.55705 | BT26: 16.565014 | BU26: 16.574231 | BV26: 16.584829 | BW26: 16.596763 | BX26: 16.609858 | BY26: 16.62387 | BZ26: 16.638552 | CA26: 16.653714 | CB26: 16.669246 | CC26: 16.685129 | CD26: 16.70141 | CE26: 16.718176 | CF26: 16.735518 | CG26: 16.753504 | CH26: 16.772159 | CI26: 16.791467 | CJ26: 16.811374 | CK26: 16.831808 | CL26: 16.852691 | CM26: 16.873962 | CN26: 16.895579 | CO26: 16.917526 | CP26: 16.939805 | CQ26: 16.962432 | CR26: 16.985421 | CS26: 17.008786 | CT26: 17.032525 | CU26: 17.05663 | CV26: 1 | CW26: 1
C27: Actual | CV27: 0 | CW27: 0
A28: Am1302 | B28: desl | C28: Forecast | D28: 30.184879 | E28: 27.172164 | F28: 28.005691 | G28: 26.551151 | H28: 27.606337 | I28: 27.513428 | J28: 27.824184 | K28: 28.501935 | L28: 28.203672 | M28: 28.374024 | N28: 27.798229 | O28: 27.408673 | P28: 26.94631 | Q28: 26.467676 | R28: 26.270197 | S28: 26.033283 | T28: 26.024342 | U28: 26.007799 | V28: 26.021 | W28: 26.032489 | X28: 25.961624 | Y28: 25.876675 | Z28: 25.718356 | AA28: 25.547568 | AB28: 25.367613 | AC28: 25.19747 | AD28: 25.06487 | AE28: 24.958249 | AF28: 24.88976 | AG28: 24.840029 | AH28: 24.800692 | AI28: 24.760355 | AJ28: 24.707759 | AK28: 24.643769 | AL28: 24.5667 | AM28: 24.483914 | AN28: 24.400925 | AO28: 24.323449 | AP28: 24.256039 | AQ28: 24.199084 | AR28: 24.152319 | AS28: 24.112586 | AT28: 24.076801 | AU28: 24.041967 | AV28: 24.005809 | AW28: 23.967646 | AX28: 23.927583 | AY28: 23.886882 | AZ28: 23.847044 | BA28: 23.809544 | BB28: 23.77547 | BC28: 23.745197 | BD28: 23.718563 | BE28: 23.694861 | BF28: 23.673197 | BG28: 23.652695 | BH28: 23.6327 | BI28: 23.612913 | BJ28: 23.593349 | BK28: 23.574288 | BL28: 23.556122 | BM28: 23.539233 | BN28: 23.523888 | BO28: 23.51018 | BP28: 23.498042 | BQ28: 23.487276 | BR28: 23.477625 | BS28: 23.468837 | BT28: 23.460719 | BU28: 23.453163 | BV28: 23.44615 | BW28: 23.439727 | BX28: 23.433978 | BY28: 23.428989 | BZ28: 23.424819 | CA28: 23.421483 | CB28: 23.418952 | CC28: 23.417165 | CD28: 23.41604 | CE28: 23.415497 | CF28: 23.415467 | CG28: 23.41591 | CH28: 23.416805 | CI28: 23.418154 | CJ28: 23.419967 | CK28: 23.422257 | CL28: 23.425031 | CM28: 23.428284 | CN28: 23.431999 | CO28: 23.436153 | CP28: 23.440715 | CQ28: 23.445655 | CR28: 23.450947 | CS28: 23.456572 | CT28: 23.462516 | CU28: 23.468772 | CV28: -1 | CW28: 1
C29: Actual | CV29: 0 | CW29: 0
A30: Am1303 | B30: adm | C30: Forecast | D30: 8134.5837 | E30: 7418.0982 | F30: 8015.1295 | G30: 8167.6662 | H30: 7984.3458 | I30: 7956.2369 | J30: 7260.9462 | K30: 7037.5045 | L30: 6633.1164 | M30: 6583.8764 | N30: 6805.3284 | O30: 7128.641 | P30: 7647.7099 | Q30: 8015.782 | R30: 8327.5498 | S30: 8454.4497 | T30: 8445.616 | U30: 8380.4505 | V30: 8273.5072 | W30: 8226.6457 | X30: 8225.1329 | Y30: 8293.1036 | Z30: 8410.2758 | AA30: 8549.6061 | AB30: 8700.497 | AC30: 8832.9636 | AD30: 8944.0251 | AE30: 9023.4263 | AF30: 9074.0011 | AG30: 9104.1357 | AH30: 9121.8228 | AI30: 9141.176 | AJ30: 9169.4759 | AK30: 9212.9446 | AL30: 9271.2546 | AM30: 9339.6841 | AN30: 9411.982 | AO30: 9480.5944 | AP30: 9540.9329 | AQ30: 9590.6022 | AR30: 9630.4375 | AS30: 9663.3573 | AT30: 9692.9229 | AU30: 9722.6742 | AV30: 9754.8201 | AW30: 9790.3477 | AX30: 9828.8995 | AY30: 9869.23 | AZ30: 9909.7514 | BA30: 9948.8844 | BB30: 9985.5233 | BC30: 10019.125 | BD30: 10049.781 | BE30: 10078.074 | BF30: 10104.855 | BG30: 10131.017 | BH30: 10157.253 | BI30: 10183.94 | BJ30: 10211.101 | BK30: 10238.464 | BL30: 10265.603 | BM30: 10292.07 | BN30: 10317.532 | BO30: 10341.831 | BP30: 10364.997 | BQ30: 10387.207 | BR30: 10408.715 | BS30: 10429.775 | BT30: 10450.582 | BU30: 10471.244 | BV30: 10491.774 | BW30: 10512.113 | BX30: 10532.161 | BY30: 10551.812 | BZ30: 10570.989 | CA30: 10589.654 | CB30: 10607.818 | CC30: 10625.529 | CD30: 10642.856 | CE30: 10659.875 | CF30: 10676.645 | CG30: 10693.207 | CH30: 10709.572 | CI30: 10725.733 | CJ30: 10741.67 | CK30: 10757.359 | CL30: 10772.782 | CM30: 10787.935 | CN30: 10802.823 | CO30: 10817.464 | CP30: 10831.881 | CQ30: 10846.098 | CR30: 10860.136 | CS30: 10874.009 | CT30: 10887.725 | CU30: 10901.287 | CV30: 1 | CW30: 1
C31: Actual | CV31: 0 | CW31: 0
A32: Am1303 | B32: desl | C32: Forecast | D32: 12971.077 | E32: 12691.969 | F32: 12666.568 | G32: 11770.487 | H32: 11825.135 | I32: 11184.618 | J32: 10950.693 | K32: 10789.858 | L32: 10475.456 | M32: 10480.665 | N32: 10341.393 | O32: 10456.424 | P32: 10557.926 | Q32: 10662.642 | R32: 10754.088 | S32: 10702.064 | T32: 10622.359 | U32: 10455.602 | V32: 10299.135 | W32: 10173.633 | X32: 10090.109 | Y32: 10070.848 | Z32: 10074.278 | AA32: 10099.807 | AB32: 10117.266 | AC32: 10119.899 | AD32: 10106.843 | AE32: 10075.253 | AF32: 10036.241 | AG32: 9990.9817 | AH32: 9947.5056 | AI32: 9909.1818 | AJ32: 9878.4053 | AK32: 9857.6889 | AL32: 9845.117 | AM32: 9839.4255 | AN32: 9836.5266 | AO32: 9832.9988 | AP32: 9826.2387 | AQ32: 9814.8127 | AR32: 9799.5712 | AS32: 9782.0793 | AT32: 9764.7838 | AU32: 9749.6669 | AV32: 9737.907 | AW32: 9729.7922 | AX32: 9724.6551 | AY32: 9721.4914 | AZ32: 9719.1378 | BA32: 9716.7 | BB32: 9713.6655 | BC32: 9709.9031 | BD32: 9705.6363 | BE32: 9701.2573 | BF32: 9697.2397 | BG32: 9693.9923 | BH32: 9691.7855 | BI32: 9690.7148 | BJ32: 9690.6929 | BK32: 9691.5065 | BL32: 9692.8751 | BM32: 9694.5326 | BN32: 9696.2878 | BO32: 9698.0562 | BP32: 9699.862 | BQ32: 9701.8059 | BR32: 9704.0225 | BS32: 9706.6344 | BT32: 9709.7194 | BU32: 9713.2972 | BV32: 9717.3335 | BW32: 9721.7579 | BX32: 9726.4866 | BY32: 9731.4435 | BZ32: 9736.575 | CA32: 9741.8558 | CB32: 9747.2871 | CC32: 9752.8885 | CD32: 9758.6879 | CE32: 9764.711 | CF32: 9770.9743 | CG32: 9777.4803 | CH32: 9784.2185 | CI32: 9791.1683 | CJ32: 9798.3043 | CK32: 9805.6021 | CL32: 9813.0427 | CM32: 9820.6144 | CN32: 9828.3133 | CO32: 9836.1411 | CP32: 9844.1024 | CQ32: 9852.2017 | CR32: 9860.4408 | CS32: 9868.818 | CT32: 9877.328 | CU32: 9885.9627 | CV32: -1 | CW32: 1
C33: Actual | CV33: 0 | CW33: 0
A34: Am1304 | B34: adm | C34: Forecast | D34: 76.509959 | E34: 76.932964 | F34: 87.608128 | G34: 87.179251 | H34: 85.411625 | I34: 83.563693 | J34: 76.965281 | K34: 75.218056 | L34: 71.148448 | M34: 70.390024 | N34: 70.334194 | O34: 70.495264 | P34: 71.661145 | Q34: 71.487157 | R34: 71.533324 | S34: 70.556131 | T34: 69.233803 | U34: 67.759559 | V34: 66.048304 | W34: 64.730546 | X34: 63.517299 | Y34: 62.719336 | Z34: 62.180017 | AA34: 61.820398 | AB34: 61.603812 | AC34: 61.319198 | AD34: 60.976343 | AE34: 60.475764 | AF34: 59.855728 | AG34: 59.162657 | AH34: 58.444215 | AI34: 57.785953 | AJ34: 57.210427 | AK34: 56.747984 | AL34: 56.382188 | AM34: 56.084659 | AN34: 55.823986 | AO34: 55.562924 | AP34: 55.28484 | AQ34: 54.978459 | AR34: 54.64931 | AS34: 54.309882 | AT34: 53.975137 | AU34: 53.660992 | AV34: 53.376547 | AW34: 53.126592 | AX34: 52.908859 | AY34: 52.716848 | AZ34: 52.542031 | BA34: 52.375563 | BB34: 52.211265 | BC34: 52.045792 | BD34: 51.879386 | BE34: 51.714816 | BF34: 51.556117 | BG34: 51.407382 | BH34: 51.271432 | BI34: 51.149448 | BJ34: 51.040805 | BK34: 50.943574 | BL34: 50.855202 | BM34: 50.773178 | BN34: 50.695627 | BO34: 50.621541 | BP34: 50.550817 | BQ34: 50.484032 | BR34: 50.422103 | BS34: 50.365957 | BT34: 50.316241 | BU34: 50.273178 | BV34: 50.236545 | BW34: 50.205772 | BX34: 50.180104 | BY34: 50.15878 | BZ34: 50.141184 | CA34: 50.126926 | CB34: 50.115863 | CC34: 50.108046 | CD34: 50.103634 | CE34: 50.102803 | CF34: 50.105665 | CG34: 50.112217 | CH34: 50.122341 | CI34: 50.135822 | CJ34: 50.152397 | CK34: 50.171798 | CL34: 50.193797 | CM34: 50.21823 | CN34: 50.244997 | CO34: 50.274055 | CP34: 50.305393 | CQ34: 50.339006 | CR34: 50.374877 | CS34: 50.412963 | CT34: 50.453189 | CU34: 50.495459 | CV34: 1 | CW34: 1
C35: Actual | CV35: 0 | CW35: 0
A36: Am1304 | B36: desl | C36: Forecast | D36: 93.330606 | E36: 85.334356 | F36: 83.450497 | G36: 80.753707 | H36: 80.510628 | I36: 77.580658 | J36: 75.738476 | K36: 73.915937 | L36: 71.922704 | M36: 70.894525 | N36: 69.595973 | O36: 69.133061 | P36: 68.594854 | Q36: 68.071704 | R36: 67.418488 | S36: 66.328922 | T36: 65.137032 | U36: 63.697278 | V36: 62.330131 | W36: 61.092562 | X36: 60.045509 | Y36: 59.24166 | Z36: 58.560161 | AA36: 57.988277 | AB36: 57.422057 | AC36: 56.83412 | AD36: 56.20814 | AE36: 55.534576 | AF36: 54.845795 | AG36: 54.150983 | AH36: 53.481715 | AI36: 52.853241 | AJ36: 52.277297 | AK36: 51.76081 | AL36: 51.295759 | AM36: 50.873867 | AN36: 50.478112 | AO36: 50.094714 | AP36: 49.713338 | AQ36: 49.329078 | AR36: 48.944764 | AS36: 48.56614 | AT36: 48.201744 | AU36: 47.858379 | AV36: 47.540028 | AW36: 47.247304 | AX36: 46.977463 | AY36: 46.726331 | AZ36: 46.489098 | BA36: 46.261858 | BB36: 46.042097 | BC36: 45.828839 | BD36: 45.622525 | BE36: 45.424375 | BF36: 45.235972 | BG36: 45.058669 | BH36: 44.893261 | BI36: 44.739826 | BJ36: 44.59772 | BK36: 44.46581 | BL36: 44.342725 | BM36: 44.227182 | BN36: 44.118211 | BO36: 44.015272 | BP36: 43.918249 | BQ36: 43.827324 | BR36: 43.74281 | BS36: 43.664982 | BT36: 43.593952 | BU36: 43.529616 | BV36: 43.47167 | BW36: 43.419675 | BX36: 43.373145 | BY36: 43.331626 | BZ36: 43.294756 | CA36: 43.262289 | CB36: 43.234088 | CC36: 43.210096 | CD36: 43.190295 | CE36: 43.174662 | CF36: 43.163142 | CG36: 43.155629 | CH36: 43.151971 | CI36: 43.151979 | CJ36: 43.155451 | CK36: 43.162191 | CL36: 43.17203 | CM36: 43.184831 | CN36: 43.200488 | CO36: 43.218923 | CP36: 43.240072 | CQ36: 43.263871 | CR36: 43.290252 | CS36: 43.319134 | CT36: 43.350425 | CU36: 43.384026 | CV36: -1 | CW36: 1
C37: Actual | CV37: 0 | CW37: 0
A38: Rr1401 | B38: adm | C38: Forecast | D38: 1424.4297 | E38: 1414.1964 | F38: 1490.2375 | G38: 1510.0924 | H38: 1494.7052 | I38: 1503.1948 | J38: 1457.2995 | K38: 1449.9142 | L38: 1429.8314 | M38: 1429.9534 | N38: 1447.4094 | O38: 1464.8265 | P38: 1495.8355 | Q38: 1516.01 | R38: 1535.1771 | S38: 1545.3093 | T38: 1548.125 | U38: 1549.1014 | V38: 1546.6223 | W38: 1547.4622 | X38: 1550.0092 | Y38: 1556.166 | Z38: 1565.3393 | AA38: 1575.8716 | AB38: 1587.6303 | AC38: 1598.5237 | AD38: 1608.4357 | AE38: 1616.6358 | AF38: 1623.2007 | AG38: 1628.698 | AH38: 1633.507 | AI38: 1638.5036 | AJ38: 1644.0427 | AK38: 1650.4626 | AL38: 1657.7409 | AM38: 1665.5991 | AN38: 1673.7325 | AO38: 1681.7306 | AP38: 1689.3651 | AQ38: 1696.4999 | AR38: 1703.1629 | AS38: 1709.4965 | AT38: 1715.6715 | AU38: 1721.8759 | AV38: 1728.2297 | AW38: 1734.7958 | AX38: 1741.5654 | AY38: 1748.4765 | AZ38: 1755.4456 | BA38: 1762.3831 | BB38: 1769.2242 | BC38: 1775.9337 | BD38: 1782.5122 | BE38: 1788.9891 | BF38: 1795.4089 | BG38: 1801.8195 | BH38: 1808.2581 | BI38: 1814.745 | BJ38: 1821.2814 | BK38: 1827.8529 | BL38: 1834.4363 | BM38: 1841.0071 | BN38: 1847.5465 | BO38: 1854.0446 | BP38: 1860.5015 | BQ38: 1866.9251 | BR38: 1873.3277 | BS38: 1879.7223 | BT38: 1886.1191 | BU38: 1892.5236 | BV38: 1898.9367 | BW38: 1905.3548 | BX38: 1911.7724 | BY38: 1918.1832 | BZ38: 1924.5823 | CA38: 1930.967 | CB38: 1937.3371 | CC38: 1943.6948 | CD38: 1950.0431 | CE38: 1956.3856 | CF38: 1962.7254 | CG38: 1969.0641 | CH38: 1975.4023 | CI38: 1981.7392 | CJ38: 1988.0734 | CK38: 1994.4034 | CL38: 2000.7278 | CM38: 2007.0461 | CN38: 2013.3581 | CO38: 2019.6646 | CP38: 2025.9663 | CQ38: 2032.2644 | CR38: 2038.5596 | CS38: 2044.8527 | CT38: 2051.1437 | CU38: 2057.4326 | CV38: 1 | CW38: 1
C39: Actual | CV39: 0 | CW39: 0
A40: Rr1401 | B40: desl | C40: Forecast | D40: 1746.6035 | E40: 1605.4167 | F40: 1729.492 | G40: 1645.3701 | H40: 1680.8135 | I40: 1640.1107 | J40: 1610.9518 | K40: 1615.7356 | L40: 1581.6277 | M40: 1601.5431 | N40: 1600.358 | O40: 1621.6711 | P40: 1642.8762 | Q40: 1654.9517 | R40: 1671.5832 | S40: 1671.5565 | T40: 1673.0812 | U40: 1668.0254 | V40: 1663.4616 | W40: 1662.6998 | X40: 1663.0161 | Y40: 1668.9604 | Z40: 1675.7642 | AA40: 1684.6002 | AB40: 1693.3452 | AC40: 1700.868 | AD40: 1707.599 | AE40: 1712.4394 | AF40: 1716.5464 | AG40: 1719.8403 | AH40: 1723.0607 | AI40: 1726.7478 | AJ40: 1731.0252 | AK40: 1736.2544 | AL40: 1742.1434 | AM40: 1748.5654 | AN40: 1755.151 | AO40: 1761.5854 | AP40: 1767.7152 | AQ40: 1773.4204 | AR40: 1778.8097 | AS40: 1784.0038 | AT40: 1789.1894 | AU40: 1794.5215 | AV40: 1800.081 | AW40: 1805.9022 | AX40: 1811.9359 | AY40: 1818.1127 | AZ40: 1824.3441 | BA40: 1830.5551 | BB40: 1836.7014 | BC40: 1842.7648 | BD40: 1848.7615 | BE40: 1854.7233 | BF40: 1860.6917 | BG40: 1866.7045 | BH40: 1872.7864 | BI40: 1878.947 | BJ40: 1885.1791 | BK40: 1891.4647 | BL40: 1897.7807 | BM40: 1904.1053 | BN40: 1910.4236 | BO40: 1916.7294 | BP40: 1923.0255 | BQ40: 1929.3204 | BR40: 1935.6253 | BS40: 1941.9506 | BT40: 1948.3029 | BU40: 1954.6845 | BV40: 1961.0932 | BW40: 1967.524 | BX40: 1973.9704 | BY40: 1980.4265 | BZ40: 1986.888 | CA40: 1993.3531 | CB40: 1999.822 | CC40: 2006.2965 | CD40: 2012.7793 | CE40: 2019.2728 | CF40: 2025.7788 | CG40: 2032.2977 | CH40: 2038.8291 | CI40: 2045.3713 | CJ40: 2051.9227 | CK40: 2058.4813 | CL40: 2065.0459 | CM40: 2071.6156 | CN40: 2078.1903 | CO40: 2084.7704 | CP40: 2091.3564 | CQ40: 2097.9489 | CR40: 2104.5481 | CS40: 2111.1542 | CT40: 2117.7669 | CU40: 2124.3857 | CV40: -1 | CW40: 1
C41: Actual | CV41: 0 | CW41: 0
A42: Rr1402 | B42: adm | C42: Forecast | D42: 75.97429 | E42: 66.738141 | F42: 71.843856 | G42: 71.591214 | H42: 69.869729 | I42: 67.883377 | J42: 62.782142 | K42: 59.60073 | L42: 55.647028 | M42: 53.220277 | N42: 51.984602 | O42: 51.388656 | P42: 52.024599 | Q42: 52.547917 | R42: 53.326283 | S42: 53.624703 | T42: 53.401939 | U42: 52.758223 | V42: 51.632936 | W42: 50.467672 | X42: 49.314625 | Y42: 48.436446 | Z42: 47.881184 | AA42: 47.608829 | AB42: 47.579534 | AC42: 47.62325 | AD42: 47.664633 | AE42: 47.600909 | AF42: 47.403186 | AG42: 47.085798 | AH42: 46.678596 | AI42: 46.24884 | AJ42: 45.842022 | AK42: 45.503353 | AL42: 45.250914 | AM42: 45.081386 | AN42: 44.97823 | AO42: 44.910392 | AP42: 44.850532 | AQ42: 44.774501 | AR42: 44.670332 | AS42: 44.537849 | AT42: 44.385644 | AU42: 44.228917 | AV42: 44.082436 | AW42: 43.958232 | AX42: 43.862188 | AY42: 43.793923 | AZ42: 43.748269 | BA42: 43.717077 | BB42: 43.692221 | BC42: 43.667225 | BD42: 43.63865 | BE42: 43.60621 | BF42: 43.572093 | BG42: 43.539962 | BH42: 43.513618 | BI42: 43.496065 | BJ42: 43.48885 | BK42: 43.491935 | BL42: 43.503978 | BM42: 43.522851 | BN42: 43.546296 | BO42: 43.572447 | BP42: 43.600185 | BQ42: 43.629235 | BR42: 43.660026 | BS42: 43.693421 | BT42: 43.730376 | BU42: 43.771654 | BV42: 43.81764 | BW42: 43.868289 | BX42: 43.923193 | BY42: 43.981728 | BZ42: 44.043221 | CA42: 44.107104 | CB42: 44.173006 | CC42: 44.24078 | CD42: 44.310474 | CE42: 44.382254 | CF42: 44.456321 | CG42: 44.532833 | CH42: 44.611854 | CI42: 44.693335 | CJ42: 44.777133 | CK42: 44.863046 | CL42: 44.950854 | CM42: 45.040362 | CN42: 45.13143 | CO42: 45.223974 | CP42: 45.317967 | CQ42: 45.413417 | CR42: 45.510346 | CS42: 45.608765 | CT42: 45.708662 | CU42: 45.81 | CV42: 1 | CW42: 1
C43: Actual | CV43: 0 | CW43: 0
A44: Rr1402 | B44: desl | C44: Forecast | D44: 76.428325 | E44: 78.028881 | F44: 81.812999 | G44: 78.349561 | H44: 80.034075 | I44: 75.765486 | J44: 72.594534 | K44: 69.896753 | L44: 65.38935 | M44: 63.645152 | N44: 60.817482 | O44: 59.824832 | P44: 59.044982 | Q44: 58.559435 | R44: 58.706025 | S44: 58.320687 | T44: 58.121755 | U44: 57.342585 | V44: 56.346048 | W44: 55.180262 | X44: 53.870632 | Y44: 52.778085 | Z44: 51.796828 | AA44: 51.113305 | AB44: 50.619691 | AC44: 50.256195 | AD44: 49.967101 | AE44: 49.631158 | AF44: 49.251862 | AG44: 48.782965 | AH44: 48.256917 | AI44: 47.702274 | AJ44: 47.148406 | AK44: 46.638387 | AL44: 46.182521 | AM44: 45.796369 | AN44: 45.47104 | AO44: 45.192709 | AP44: 44.943911 | AQ44: 44.70343 | AR44: 44.459858 | AS44: 44.204849 | AT44: 43.940336 | AU44: 43.673137 | AV44: 43.41274 | AW44: 43.169296 | AX44: 42.948943 | AY44: 42.75462 | AZ44: 42.584567 | BA44: 42.434292 | BB44: 42.298074 | BC44: 42.170326 | BD44: 42.04727 | BE44: 41.926999 | BF44: 41.809747 | BG44: 41.697146 | BH44: 41.591487 | BI44: 41.495012 | BJ44: 41.409223 | BK44: 41.334687 | BL44: 41.270946 | BM44: 41.216793 | BN44: 41.170634 | BO44: 41.130878 | BP44: 41.096289 | BQ44: 41.066142 | BR44: 41.040269 | BS44: 41.018932 | BT44: 41.00262 | BU44: 40.991836 | BV44: 40.986915 | BW44: 40.987926 | BX44: 40.994662 | BY44: 41.006701 | BZ44: 41.023517 | CA44: 41.044584 | CB44: 41.069474 | CC44: 41.097901 | CD44: 41.129728 | CE44: 41.164937 | CF44: 41.203572 | CG44: 41.24569 | CH44: 41.291308 | CI44: 41.34038 | CJ44: 41.392788 | CK44: 41.448363 | CL44: 41.506904 | CM44: 41.56821 | CN44: 41.632107 | CO44: 41.698456 | CP44: 41.767162 | CQ44: 41.838165 | CR44: 41.911426 | CS44: 41.986911 | CT44: 42.064579 | CU44: 42.144374 | CV44: -1 | CW44: 1
C45: Actual | CV45: 0 | CW45: 0
A46: Pa1501 | B46: adm | C46: Forecast | D46: 897.32162 | E46: 914.12908 | F46: 955.88307 | G46: 966.91477 | H46: 915.16832 | I46: 909.57138 | J46: 839.1657 | K46: 827.06475 | L46: 810.66156 | M46: 815.75352 | N46: 848.25641 | O46: 873.91455 | P46: 912.0776 | Q46: 929.297 | R46: 937.11118 | S46: 930.59114 | T46: 912.51657 | U46: 895.17733 | V46: 877.59526 | W46: 869.19272 | X46: 867.30611 | Y46: 871.76092 | Z46: 880.3115 | AA46: 888.77374 | AB46: 896.48235 | AC46: 900.81986 | AD46: 902.22941 | AE46: 900.8511 | AF46: 897.50952 | AG46: 893.65854 | AH46: 890.02864 | AI46: 887.74674 | AJ46: 887.05785 | AK46: 887.99721 | AL46: 890.17007 | AM46: 892.84992 | AN46: 895.43419 | AO46: 897.32646 | AP46: 898.31171 | AQ46: 898.41487 | AR46: 897.89844 | AS46: 897.15938 | AT46: 896.54559 | AU46: 896.33081 | AV46: 896.61177 | AW46: 897.35206 | AX46: 898.4112 | AY46: 899.5997 | AZ46: 900.74762 | BA46: 901.72771 | BB46: 902.48686 | BC46: 903.03594 | BD46: 903.43637 | BE46: 903.77661 | BF46: 904.14349 | BG46: 904.60497 | BH46: 905.19468 | BI46: 905.9114 | BJ46: 906.7249 | BK46: 907.58836 | BL46: 908.45368 | BM46: 909.28303 | BN46: 910.05709 | BO46: 910.77596 | BP46: 911.45549 | BQ46: 912.12005 | BR46: 912.79448 | BS46: 913.49779 | BT46: 914.23942 | BU46: 915.01885 | BV46: 915.82773 | BW46: 916.65348 | BX46: 917.48328 | BY46: 918.3071 | BZ46: 919.11964 | CA46: 919.92054 | CB46: 920.71349 | CC46: 921.50449 | CD46: 922.29988 | CE46: 923.10471 | CF46: 923.92167 | CG46: 924.75092 | CH46: 925.59043 | CI46: 926.4369 | CJ46: 927.28681 | CK46: 928.13727 | CL46: 928.98662 | CM46: 929.83456 | CN46: 930.68193 | CO46: 931.53026 | CP46: 932.3812 | CQ46: 933.23609 | CR46: 934.09566 | CS46: 934.95993 | CT46: 935.82835 | CU46: 936.7 | CV46: 1 | CW46: 1
C47: Actual | CV47: 0 | CW47: 0
A48: Pa1501 | B48: desl | C48: Forecast | D48: 1439.6819 | E48: 1386.992 | F48: 1416.2776 | G48: 1272.6905 | H48: 1233.449 | I48: 1145.3915 | J48: 1081.4803 | K48: 1075.0276 | L48: 1046.8326 | M48: 1073.3944 | N48: 1085.8951 | O48: 1114.5607 | P48: 1140.272 | Q48: 1148.5385 | R48: 1151.3771 | S48: 1130.341 | T48: 1104.0992 | U48: 1071.1148 | V48: 1041.3495 | W48: 1021.7635 | X48: 1010.4837 | Y48: 1010.2412 | Z48: 1014.0563 | AA48: 1019.5586 | AB48: 1022.6843 | AC48: 1021.1564 | AD48: 1015.6379 | AE48: 1006.2166 | AF48: 995.31186 | AG48: 984.20052 | AH48: 974.3636 | AI48: 966.69576 | AJ48: 961.22192 | AK48: 957.89181 | AL48: 955.91608 | AM48: 954.60461 | AN48: 953.16379 | AO48: 950.99956 | AP48: 947.89004 | AQ48: 943.84622 | AR48: 939.23332 | AS48: 934.49361 | AT48: 930.08764 | AU48: 926.34234 | AV48: 923.37212 | AW48: 921.11971 | AX48: 919.37031 | AY48: 917.86807 | AZ48: 916.37501 | BA48: 914.73215 | BB48: 912.88413 | BC48: 910.86114 | BD48: 908.75901 | BE48: 906.69428 | BF48: 904.77467 | BG48: 903.07375 | BH48: 901.61925 | BI48: 900.39665 | BJ48: 899.35817 | BK48: 898.44099 | BL48: 897.58352 | BM48: 896.73963 | BN48: 895.88666 | BO48: 895.02576 | BP48: 894.17712 | BQ48: 893.37036 | BR48: 892.6349 | BS48: 891.99189 | BT48: 891.44981 | BU48: 891.00434 | BV48: 890.64145 | BW48: 890.34244 | BX48: 890.0891 | BY48: 889.8677 | BZ48: 889.67106 | CA48: 889.49852 | CB48: 889.3544 | CC48: 889.2455 | CD48: 889.17856 | CE48: 889.15831 | CF48: 889.18635 | CG48: 889.26104 | CH48: 889.37822 | CI48: 889.53241 | CJ48: 889.71811 | CK48: 889.93085 | CL48: 890.16783 | CM48: 890.42803 | CN48: 890.71181 | CO48: 891.02038 | CP48: 891.35499 | CQ48: 891.71648 | CR48: 892.10483 | CS48: 892.51918 | CT48: 892.95797 | CU48: 893.41928 | CV48: -1 | CW48: 1
C49: Actual | CV49: 0 | CW49: 0
A50: Pa1502 | B50: adm | C50: Forecast | D50: 96.522532 | E50: 108.57694 | F50: 117.1264 | G50: 128.38151 | H50: 124.45569 | I50: 129.40253 | J50: 125.06396 | K50: 124.94066 | L50: 125.25657 | M50: 125.5595 | N50: 129.76651 | O50: 132.01539 | P50: 135.89507 | Q50: 138.13601 | R50: 139.81552 | S50: 141.22547 | T50: 141.6903 | U50: 142.63127 | V50: 143.21892 | W50: 144.16795 | X50: 145.20831 | Y50: 146.27226 | Z50: 147.54976 | AA50: 148.74832 | AB50: 150.05361 | AC50: 151.2603 | AD50: 152.36822 | AE50: 153.34746 | AF50: 154.14221 | AG50: 154.84296 | AH50: 155.45205 | AI50: 156.06186 | AJ50: 156.70301 | AK50: 157.38968 | AL50: 158.12302 | AM50: 158.86123 | AN50: 159.58385 | AO50: 160.25767 | AP50: 160.87258 | AQ50: 161.42909 | AR50: 161.93379 | AS50: 162.40348 | AT50: 162.84898 | AU50: 163.28266 | AV50: 163.7104 | AW50: 164.13444 | AX50: 164.55422 | AY50: 164.96528 | AZ50: 165.36314 | BA50: 165.74238 | BB50: 166.09942 | BC50: 166.43279 | BD50: 166.74331 | BE50: 167.03413 | BF50: 167.30917 | BG50: 167.57252 | BH50: 167.82712 | BI50: 168.07444 | BJ50: 168.31444 | BK50: 168.54599 | BL50: 168.76758 | BM50: 168.97784 | BN50: 169.17599 | BO50: 169.36201 | BP50: 169.53654 | BQ50: 169.70065 | BR50: 169.85557 | BS50: 170.00246 | BT50: 170.14219 | BU50: 170.27528 | BV50: 170.40194 | BW50: 170.52211 | BX50: 170.6356 | BY50: 170.74224 | BZ50: 170.84193 | CA50: 170.93476 | CB50: 171.02097 | CC50: 171.10097 | CD50: 171.17519 | CE50: 171.24408 | CF50: 171.30802 | CG50: 171.36726 | CH50: 171.42199 | CI50: 171.47227 | CJ50: 171.51817 | CK50: 171.5597 | CL50: 171.59695 | CM50: 171.63001 | CN50: 171.65905 | CO50: 171.68425 | CP50: 171.7058 | CQ50: 171.7239 | CR50: 171.73872 | CS50: 171.75041 | CT50: 171.75907 | CU50: 171.7648 | CV50: 1 | CW50: 1
C51: Actual | CV51: 0 | CW51: 0
A52: Pa1502 | B52: desl | C52: Forecast | D52: 163.83368 | E52: 167.78644 | F52: 178.33116 | G52: 173.49291 | H52: 180.51976 | I52: 183.40605 | J52: 188.37977 | K52: 196.61808 | L52: 199.16836 | M52: 203.36058 | N52: 202.51668 | O52: 200.79403 | P52: 197.55189 | Q52: 193.25746 | R52: 190.4953 | S52: 188.15646 | T52: 187.95325 | U52: 188.74417 | V52: 190.29848 | W52: 192.10481 | X52: 193.26564 | Y52: 193.89161 | Z52: 193.60522 | AA52: 192.7839 | AB52: 191.64453 | AC52: 190.45392 | AD52: 189.52735 | AE52: 188.89858 | AF52: 188.66576 | AG52: 188.71666 | AH52: 188.94702 | AI52: 189.22798 | AJ52: 189.42096 | AK52: 189.46886 | AL52: 189.32721 | AM52: 189.02921 | AN52: 188.63051 | AO52: 188.20428 | AP52: 187.82402 | AQ52: 187.53126 | AR52: 187.34573 | AS52: 187.25157 | AT52: 187.21588 | AU52: 187.19788 | AV52: 187.16005 | AW52: 187.08017 | AX52: 186.95024 | AY52: 186.77832 | AZ52: 186.58131 | BA52: 186.37939 | BB52: 186.19064 | BC52: 186.02634 | BD52: 185.89046 | BE52: 185.77957 | BF52: 185.68548 | BG52: 185.59804 | BH52: 185.50787 | BI52: 185.40858 | BJ52: 185.29763 | BK52: 185.17629 | BL52: 185.04855 | BM52: 184.91964 | BN52: 184.79448 | BO52: 184.67645 | BP52: 184.56689 | BQ52: 184.46509 | BR52: 184.36888 | BS52: 184.27545 | BT52: 184.18217 | BU52: 184.0872 | BV52: 183.98977 | BW52: 183.89015 | BX52: 183.78939 | BY52: 183.68884 | BZ52: 183.58978 | CA52: 183.49312 | CB52: 183.39922 | CC52: 183.3079 | CD52: 183.21861 | CE52: 183.1306 | CF52: 183.04317 | CG52: 182.95579 | CH52: 182.86821 | CI52: 182.78045 | CJ52: 182.69275 | CK52: 182.60546 | CL52: 182.5189 | CM52: 182.43332 | CN52: 182.34881 | CO52: 182.26534 | CP52: 182.18274 | CQ52: 182.10082 | CR52: 182.01936 | CS52: 181.93821 | CT52: 181.85729 | CU52: 181.77659 | CV52: -1 | CW52: 1
C53: Actual | CV53: 0 | CW53: 0
A54: Pa1503 | B54: adm | C54: Forecast | D54: 9003.3789 | E54: 8738.3032 | F54: 8701.9259 | G54: 8906.3296 | H54: 8667.2761 | I54: 8666.4109 | J54: 8280.7506 | K54: 8073.9796 | L54: 7868.9901 | M54: 7730.8609 | N54: 7792.249 | O54: 7869.267 | P54: 8065.7341 | Q54: 8214.4441 | R54: 8326.3028 | S54: 8374.1654 | T54: 8337.8693 | U54: 8277.6043 | V54: 8187.9143 | W54: 8120.51 | X54: 8079.0047 | Y54: 8068.9456 | Z54: 8090.9251 | AA54: 8126.1919 | AB54: 8171.3957 | AC54: 8210.8366 | AD54: 8240.3687 | AE54: 8256.4208 | AF54: 8257.9382 | AG54: 8250.0749 | AH54: 8236.0371 | AI54: 8222.7074 | AJ54: 8214.1984 | AK54: 8213.3791 | AL54: 8220.9543 | AM54: 8234.6851 | AN54: 8251.8381 | AO54: 8268.6877 | AP54: 8282.6568 | AQ54: 8292.336 | AR54: 8297.6893 | AS54: 8299.9773 | AT54: 8300.8291 | AU54: 8302.0253 | AV54: 8304.7991 | AW54: 8309.7545 | AX54: 8316.8528 | AY54: 8325.5218 | AZ54: 8334.9824 | BA54: 8344.408 | BB54: 8353.1736 | BC54: 8360.936 | BD54: 8367.6603 | BE54: 8373.5822 | BF54: 8379.0852 | BG54: 8384.5984 | BH54: 8390.472 | BI54: 8396.9103 | BJ54: 8403.9452 | BK54: 8411.4572 | BL54: 8419.2368 | BM54: 8427.051 | BN54: 8434.7099 | BO54: 8442.1053 | BP54: 8449.2218 | BQ54: 8456.1222 | BR54: 8462.9149 | BS54: 8469.7176 | BT54: 8476.6255 | BU54: 8483.6925 | BV54: 8490.9261 | BW54: 8498.2952 | BX54: 8505.7456 | BY54: 8513.2172 | BZ54: 8520.6602 | CA54: 8528.0447 | CB54: 8535.364 | CC54: 8542.6318 | CD54: 8549.8747 | CE54: 8557.1229 | CF54: 8564.4023 | CG54: 8571.7286 | CH54: 8579.1054 | CI54: 8586.5253 | CJ54: 8593.9743 | CK54: 8601.4358 | CL54: 8608.8957 | CM54: 8616.3453 | CN54: 8623.7819 | CO54: 8631.2087 | CP54: 8638.6327 | CQ54: 8646.0616 | CR54: 8653.5025 | CS54: 8660.9596 | CT54: 8668.4338 | CU54: 8675.9233 | CV54: 1 | CW54: 1
C55: Actual | CV55: 0 | CW55: 0
A56: Pa1503 | B56: desl | C56: Forecast | D56: 11804.211 | E56: 11301.391 | F56: 11293.298 | G56: 10782.04 | H56: 10779.664 | I56: 10407.512 | J56: 10176.792 | K56: 10072.522 | L56: 9833.7065 | M56: 9805.0617 | N56: 9688.0518 | O56: 9690.6106 | P56: 9687.2799 | Q56: 9657.1452 | R56: 9629.2176 | S56: 9521.0429 | T56: 9410.3003 | U56: 9266.1859 | V56: 9133.5961 | W56: 9027.1319 | X56: 8941.7095 | Y56: 8891.259 | Z56: 8850.2968 | AA56: 8819.096 | AB56: 8783.8729 | AC56: 8740.4679 | AD56: 8690.8704 | AE56: 8633.0356 | AF56: 8573.7572 | AG56: 8513.8101 | AH56: 8457.1877 | AI56: 8405.8377 | AJ56: 8360.2164 | AK56: 8321.3195 | AL56: 8287.4395 | AM56: 8257.5235 | AN56: 8229.3533 | AO56: 8201.1858 | AP56: 8172.0555 | AQ56: 8141.5054 | AR56: 8110.2745 | AS56: 8079.2838 | AT56: 8049.7408 | AU56: 8022.527 | AV56: 7998.0182 | AW56: 7976.1756 | AX56: 7956.4995 | AY56: 7938.3925 | AZ56: 7921.2388 | BA56: 7904.5969 | BB56: 7888.2533 | BC56: 7872.1851 | BD56: 7856.5446 | BE56: 7841.5464 | BF56: 7827.4204 | BG56: 7814.3403 | BH56: 7802.3898 | BI56: 7791.5581 | BJ56: 7781.7443 | BK56: 7772.7971 | BL56: 7764.5482 | BM56: 7756.8532 | BN56: 7749.6178 | BO56: 7742.806 | BP56: 7736.4347 | BQ56: 7730.5525 | BR56: 7725.2169 | BS56: 7720.4711 | BT56: 7716.3317 | BU56: 7712.7845 | BV56: 7709.7903 | BW56: 7707.2955 | BX56: 7705.2445 | BY56: 7703.59 | BZ56: 7702.2987 | CA56: 7701.353 | CB56: 7700.7487 | CC56: 7700.4895 | CD56: 7700.5814 | CE56: 7701.0281 | CF56: 7701.827 | CG56: 7702.9683 | CH56: 7704.4361 | CI56: 7706.2106 | CJ56: 7708.2708 | CK56: 7710.5978 | CL56: 7713.1762 | CM56: 7715.9951 | CN56: 7719.0477 | CO56: 7722.3296 | CP56: 7725.8377 | CQ56: 7729.5682 | CR56: 7733.5162 | CS56: 7737.6746 | CT56: 7742.0351 | CU56: 7746.588 | CV56: -1 | CW56: 1
C57: Actual | CV57: 0 | CW57: 0
A58: Pa1504 | B58: adm | C58: Forecast | D58: 1343.6413 | E58: 1288.288 | F58: 1286.8982 | G58: 1274.0604 | H58: 1219.7762 | I58: 1200.2628 | J58: 1085.1478 | K58: 1047.0764 | L58: 994.51515 | M58: 980.02266 | N58: 1004.5794 | O58: 1035.0631 | P58: 1091.6166 | Q58: 1124.9682 | R58: 1147.7303 | S58: 1146.1532 | T58: 1125.3463 | U58: 1099.8413 | V58: 1070.8545 | W58: 1053.0312 | X58: 1044.0779 | Y58: 1045.6417 | Z58: 1054.3871 | AA58: 1065.0497 | AB58: 1076.0965 | AC58: 1083.471 | AD58: 1087.2813 | AE58: 1086.9629 | AF58: 1083.3442 | AG58: 1078.0508 | AH58: 1072.1585 | AI58: 1067.4555 | AJ58: 1064.6604 | AK58: 1064.2894 | AL58: 1066.0891 | AM58: 1069.2311 | AN58: 1072.8216 | AO58: 1075.8488 | AP58: 1077.7699 | AQ58: 1078.3831 | AR58: 1077.912 | AS58: 1076.8517 | AT58: 1075.7272 | AU58: 1075.0122 | AV58: 1074.9526 | AW58: 1075.5987 | AX58: 1076.8197 | AY58: 1078.379 | AZ58: 1080.0282 | BA58: 1081.5516 | BB58: 1082.8229 | BC58: 1083.8049 | BD58: 1084.5438 | BE58: 1085.1419 | BF58: 1085.7212 | BG58: 1086.3945 | BH58: 1087.2363 | BI58: 1088.2739 | BJ58: 1089.4868 | BK58: 1090.8204 | BL58: 1092.206 | BM58: 1093.5799 | BN58: 1094.8995 | BO58: 1096.1491 | BP58: 1097.3393 | BQ58: 1098.4986 | BR58: 1099.6619 | BS58: 1100.8607 | BT58: 1102.1156 | BU58: 1103.4328 | BV58: 1104.8062 | BW58: 1106.2207 | BX58: 1107.658 | BY58: 1109.1015 | BZ58: 1110.5397 | CA58: 1111.968 | CB58: 1113.3883 | CC58: 1114.807 | CD58: 1116.2328 | CE58: 1117.6736 | CF58: 1119.135 | CG58: 1120.6189 | CH58: 1122.1241 | CI58: 1123.6467 | CJ58: 1125.1814 | CK58: 1126.7237 | CL58: 1128.2698 | CM58: 1129.8183 | CN58: 1131.3693 | CO58: 1132.9243 | CP58: 1134.4854 | CQ58: 1136.0546 | CR58: 1137.6335 | CS58: 1139.2223 | CT58: 1140.8207 | CU58: 1142.4274 | CV58: 1 | CW58: 1
C59: Actual | CV59: 0 | CW59: 0
A60: Pa1504 | B60: desl | C60: Forecast | D60: 1942.142 | E60: 1864.6431 | F60: 1977.7478 | G60: 1819.6772 | H60: 1820.7922 | I60: 1721.0736 | J60: 1648.779 | K60: 1620.3921 | L60: 1545.1101 | M60: 1543.6202 | N60: 1510.8764 | O60: 1511.3071 | P60: 1512.1451 | Q60: 1505.8225 | R60: 1507.7656 | S60: 1487.8727 | T60: 1468.9673 | U60: 1438.009 | V60: 1405.8114 | W60: 1377.3834 | X60: 1351.2658 | Y60: 1334.7883 | Z60: 1321.8932 | AA60: 1313.9991 | AB60: 1307.1601 | AC60: 1299.1724 | AD60: 1289.9419 | AE60: 1277.8298 | AF60: 1264.5215 | AG60: 1250.0923 | AH60: 1235.8195 | AI60: 1222.5442 | AJ60: 1210.5418 | AK60: 1200.3379 | AL60: 1191.5609 | AM60: 1184.0578 | AN60: 1177.2878 | AO60: 1170.7591 | AP60: 1164.1477 | AQ60: 1157.1768 | AR60: 1149.9083 | AS60: 1142.4706 | AT60: 1135.143 | AU60: 1128.1949 | AV60: 1121.8079 | AW60: 1116.0801 | AX60: 1110.9635 | AY60: 1106.3489 | AZ60: 1102.0768 | BA60: 1097.9993 | BB60: 1094.0144 | BC60: 1090.0696 | BD60: 1086.1732 | BE60: 1082.3665 | BF60: 1078.7118 | BG60: 1075.2683 | BH60: 1072.0776 | BI60: 1069.1572 | BJ60: 1066.4976 | BK60: 1064.0701 | BL60: 1061.834 | BM60: 1059.7482 | BN60: 1057.7797 | BO60: 1055.9088 | BP60: 1054.1304 | BQ60: 1052.4512 | BR60: 1050.8848 | BS60: 1049.4456 | BT60: 1048.1436 | BU60: 1046.9821 | BV60: 1045.9565 | BW60: 1045.0566 | BX60: 1044.269 | BY60: 1043.5802 | BZ60: 1042.9791 | CA60: 1042.4586 | CB60: 1042.0151 | CC60: 1041.6485 | CD60: 1041.3604 | CE60: 1041.1526 | CF60: 1041.0263 | CG60: 1040.9806 | CH60: 1041.0131 | CI60: 1041.1196 | CJ60: 1041.2953 | CK60: 1041.5353 | CL60: 1041.835 | CM60: 1042.1912 | CN60: 1042.6016 | CO60: 1043.0647 | CP60: 1043.5799 | CQ60: 1044.1464 | CR60: 1044.7636 | CS60: 1045.4303 | CT60: 1046.1447 | CU60: 1046.905 | CV60: -1 | CW60: 1
C61: Actual | CV61: 0 | CW61: 0
A62: Pa1505 | B62: adm | C62: Forecast | D62: 1048.6265 | E62: 1289.7681 | F62: 1491.3011 | G62: 1611.8609 | H62: 1556.6743 | I62: 1492.0546 | J62: 1303.1733 | K62: 1159.7599 | L62: 1034.3973 | M62: 972.14208 | N62: 993.01282 | O62: 1050.8009 | P62: 1154.1466 | Q62: 1246.642 | R62: 1320.128 | S62: 1356.2602 | T62: 1351.0331 | U62: 1321.9128 | V62: 1276.5023 | W62: 1236.4207 | X62: 1209.1003 | Y62: 1200.5597 | Z62: 1210.7716 | AA62: 1233.0745 | AB62: 1262.3461 | AC62: 1290.336 | AD62: 1312.6869 | AE62: 1326.4365 | AF62: 1331.2004 | AG62: 1329.252 | AH62: 1323.3457 | AI62: 1317.3169 | AJ62: 1313.9479 | AK62: 1315.0784 | AL62: 1321.1116 | AM62: 1331.0363 | AN62: 1343.1994 | AO62: 1355.549 | AP62: 1366.4727 | AQ62: 1374.999 | AR62: 1380.9655 | AS62: 1384.9259 | AT62: 1387.7989 | AU62: 1390.6226 | AV62: 1394.2149 | AW62: 1399.0445 | AX62: 1405.181 | AY62: 1412.3563 | AZ62: 1420.1153 | BA62: 1427.9501 | BB62: 1435.4444 | BC62: 1442.3485 | BD62: 1448.6075 | BE62: 1454.3384 | BF62: 1459.7651 | BG62: 1465.1472 | BH62: 1470.7071 | BI62: 1476.5837 | BJ62: 1482.8133 | BK62: 1489.3391 | BL62: 1496.0445 | BM62: 1502.7919 | BN62: 1509.4627 | BO62: 1515.9824 | BP62: 1522.3308 | BQ62: 1528.5365 | BR62: 1534.6594 | BS62: 1540.7697 | BT62: 1546.9282 | BU62: 1553.1733 | BV62: 1559.5156 | BW62: 1565.941 | BX62: 1572.4193 | BY62: 1578.9145 | BZ62: 1585.3948 | CA62: 1591.8397 | CB62: 1598.2426 | CC62: 1604.6096 | CD62: 1610.9556 | CE62: 1617.2988 | CF62: 1623.6555 | CG62: 1630.0367 | CH62: 1636.4458 | CI62: 1642.8798 | CJ62: 1649.3309 | CK62: 1655.7894 | CL62: 1662.2466 | CM62: 1668.6966 | CN62: 1675.1371 | CO62: 1681.5696 | CP62: 1687.9977 | CQ62: 1694.4262 | CR62: 1700.8596 | CS62: 1707.3008 | CT62: 1713.7508 | CU62: 1720.2089 | CV62: 1 | CW62: 1
C63: Actual | CV63: 0 | CW63: 0
A64: Pa1505 | B64: desl | C64: Forecast | D64: 2091.7434 | E64: 2023.5386 | F64: 1991.9221 | G64: 1854.6701 | H64: 1891.0855 | I64: 1821.6621 | J64: 1837.2914 | K64: 1855.2549 | L64: 1840.2364 | M64: 1863.5886 | N64: 1838.0205 | O64: 1838.1275 | P64: 1818.5986 | Q64: 1798.5068 | R64: 1783.8266 | S64: 1760.345 | T64: 1749.3623 | U64: 1735.0352 | V64: 1728.0922 | W64: 1723.8395 | X64: 1720.0271 | Y64: 1718.7536 | Z64: 1714.1298 | AA64: 1709.2649 | AB64: 1701.8721 | AC64: 1693.5518 | AD64: 1685.4744 | AE64: 1677.6469 | AF64: 1671.6649 | AG64: 1666.8319 | AH64: 1663.5094 | AI64: 1661.1072 | AJ64: 1659.1293 | AK64: 1657.4019 | AL64: 1655.4465 | AM64: 1653.3645 | AN64: 1651.068 | AO64: 1648.7292 | AP64: 1646.5348 | AQ64: 1644.6115 | AR64: 1643.1453 | AS64: 1642.157 | AT64: 1641.6655 | AU64: 1641.5878 | AV64: 1641.81 | AW64: 1642.2266 | AX64: 1642.7333 | AY64: 1643.2911 | AZ64: 1643.8901 | BA64: 1644.5654 | BB64: 1645.3693 | BC64: 1646.3503 | BD64: 1647.5471 | BE64: 1648.9704 | BF64: 1650.6126 | BG64: 1652.4476 | BH64: 1654.4417 | BI64: 1656.5631 | BJ64: 1658.7859 | BK64: 1661.0959 | BL64: 1663.489 | BM64: 1665.9702 | BN64: 1668.5489 | BO64: 1671.2352 | BP64: 1674.0364 | BQ64: 1676.9547 | BR64: 1679.9869 | BS64: 1683.1251 | BT64: 1686.359 | BU64: 1689.6776 | BV64: 1693.0719 | BW64: 1696.5357 | BX64: 1700.0659 | BY64: 1703.662 | BZ64: 1707.3252 | CA64: 1711.0568 | CB64: 1714.8574 | CC64: 1718.7265 | CD64: 1722.6616 | CE64: 1726.6596 | CF64: 1730.7164 | CG64: 1734.8278 | CH64: 1738.9905 | CI64: 1743.2015 | CJ64: 1747.4588 | CK64: 1751.7614 | CL64: 1756.1084 | CM64: 1760.4991 | CN64: 1764.933 | CO64: 1769.4088 | CP64: 1773.9252 | CQ64: 1778.4806 | CR64: 1783.073 | CS64: 1787.7006 | CT64: 1792.3617 | CU64: 1797.0549 | CV64: -1 | CW64: 1
C65: Actual | CV65: 0 | CW65: 0
A66: Pa1506 | B66: adm | C66: Forecast | D66: 4573.2645 | E66: 5075.6753 | F66: 5763.5199 | G66: 6388.6029 | H66: 6372.711 | I66: 6493.8133 | J66: 6119.6333 | K66: 5908.7596 | L66: 5666.0559 | M66: 5501.1801 | N66: 5535.502 | O66: 5575.9714 | P66: 5739.9656 | Q66: 5855.7687 | R66: 5955.5784 | S66: 6010.3436 | T66: 5998.5934 | U66: 5971.3848 | V66: 5908.2207 | W66: 5854.5157 | X66: 5808.2514 | Y66: 5779.8843 | Z66: 5777.0441 | AA66: 5788.7021 | AB66: 5817.5993 | AC66: 5849.1026 | AD66: 5878.2624 | AE66: 5898.1172 | AF66: 5904.4985 | AG66: 5900.2272 | AH66: 5887.1247 | AI66: 5871.9743 | AJ66: 5859.1135 | AK66: 5852.1527 | AL66: 5852.5812 | AM66: 5859.0078 | AN66: 5869.5472 | AO66: 5881.0593 | AP66: 5891.2799 | AQ66: 5898.6523 | AR66: 5902.6518 | AS66: 5903.8526 | AT66: 5903.2153 | AU66: 5902.0918 | AV66: 5901.5924 | AW66: 5902.5087 | AX66: 5905.1712 | AY66: 5909.4162 | AZ66: 5914.7871 | BA66: 5920.619 | BB66: 5926.2892 | BC66: 5931.3334 | BD66: 5935.5388 | BE66: 5938.9637 | BF66: 5941.856 | BG66: 5944.5719 | BH66: 5947.4505 | BI66: 5950.7363 | BJ66: 5954.5333 | BK66: 5958.8043 | BL66: 5963.4125 | BM66: 5968.1728 | BN66: 5972.9107 | BO66: 5977.5019 | BP66: 5981.8919 | BQ66: 5986.0955 | BR66: 5990.1774 | BS66: 5994.2267 | BT66: 5998.33 | BU66: 6002.5505 | BV66: 6006.9173 | BW66: 6011.4246 | BX66: 6016.0397 | BY66: 6020.7156 | BZ66: 6025.4056 | CA66: 6030.074 | CB66: 6034.7029 | CC66: 6039.293 | CD66: 6043.8599 | CE66: 6048.4266 | CF66: 6053.0167 | CG66: 6057.6477 | CH66: 6062.3281 | CI66: 6067.0565 | CJ66: 6071.8243 | CK66: 6076.6184 | CL66: 6081.4259 | CM66: 6086.2368 | CN66: 6091.0458 | CO66: 6095.8524 | CP66: 6100.6602 | CQ66: 6105.4749 | CR66: 6110.3024 | CS66: 6115.1472 | CT66: 6120.0117 | CU66: 6124.8953 | CV66: 1 | CW66: 1
C67: Actual | CV67: 0 | CW67: 0
A68: Pa1506 | B68: desl | C68: Forecast | D68: 8697.21 | E68: 8224.772 | F68: 8149.6699 | G68: 7676.5363 | H68: 7571.7694 | I68: 7320.554 | J68: 7140.9862 | K68: 7152.1227 | L68: 7045.8395 | M68: 7099.4221 | N68: 7083.6924 | O68: 7115.1918 | P68: 7137.6326 | Q68: 7105.4928 | R68: 7069.3445 | S68: 6967.0802 | T68: 6864.1079 | U68: 6750.1418 | V68: 6652.6367 | W68: 6589.0456 | X68: 6546.6711 | Y68: 6532.7415 | Z68: 6523.4741 | AA68: 6514.21 | AB68: 6495.5659 | AC68: 6463.7229 | AD68: 6423.6895 | AE68: 6376.3097 | AF68: 6329.0506 | AG68: 6284.3645 | AH68: 6245.2028 | AI68: 6212.8979 | AJ68: 6186.4253 | AK68: 6165.329 | AL68: 6147.196 | AM68: 6130.394 | AN68: 6113.0944 | AO68: 6094.0877 | AP68: 6073.2236 | AQ68: 6050.8023 | AR68: 6028.003 | AS68: 6005.9839 | AT68: 5985.8153 | AU68: 5968.1082 | AV68: 5952.8673 | AW68: 5939.7146 | AX68: 5927.9408 | AY68: 5916.8596 | AZ68: 5905.9229 | BA68: 5894.8424 | BB68: 5883.6069 | BC68: 5872.3875 | BD68: 5861.4745 | BE68: 5851.153 | BF68: 5841.6452 | BG68: 5833.0648 | BH68: 5825.4066 | BI68: 5818.5729 | BJ68: 5812.4031 | BK68: 5806.7233 | BL68: 5801.3825 | BM68: 5796.2822 | BN68: 5791.388 | BO68: 5786.7218 | BP68: 5782.3445 | BQ68: 5778.3282 | BR68: 5774.7335 | BS68: 5771.5918 | BT68: 5768.9 | BU68: 5766.6248 | BV68: 5764.7142 | BW68: 5763.1119 | BX68: 5761.7693 | BY68: 5760.6537 | BZ68: 5759.7503 | CA68: 5759.0599 | CB68: 5758.593 | CC68: 5758.363 | CD68: 5758.3801 | CE68: 5758.6477 | CF68: 5759.1607 | CG68: 5759.9065 | CH68: 5760.8678 | CI68: 5762.0259 | CJ68: 5763.3638 | CK68: 5764.8681 | CL68: 5766.5305 | CM68: 5768.3469 | CN68: 5770.3163 | CO68: 5772.4389 | CP68: 5774.7143 | CQ68: 5777.1407 | CR68: 5779.7138 | CS68: 5782.4275 | CT68: 5785.2744 | CU68: 5788.2468 | CV68: -1 | CW68: 1
C69: Actual | CV69: 0 | CW69: 0
A70: Ap1601 | B70: adm | C70: Forecast | D70: 0 | E70: 0 | F70: 0 | G70: 0 | H70: 0 | I70: 1.8783547 | J70: 1.4855692 | K70: 3.1339865 | L70: 2.3597073 | M70: 1.9106281 | N70: 2.3286608 | O70: 3.0465598 | P70: 5.1954657 | Q70: 7.152807 | R70: 9.5701587 | S70: 11.826624 | T70: 13.91924 | U70: 15.998094 | V70: 17.710079 | W70: 19.292988 | X70: 20.504817 | Y70: 21.480359 | Z70: 22.30771 | AA70: 23.087155 | AB70: 24.01903 | AC70: 25.10242 | AD70: 26.368918 | AE70: 27.714677 | AF70: 29.037824 | AG70: 30.259769 | AH70: 31.317627 | AI70: 32.227486 | AJ70: 33.014714 | AK70: 33.73534 | AL70: 34.434767 | AM70: 35.140758 | AN70: 35.869027 | AO70: 36.613597 | AP70: 37.365643 | AQ70: 38.109133 | AR70: 38.829533 | AS70: 39.515321 | AT70: 40.157763 | AU70: 40.755022 | AV70: 41.309441 | AW70: 41.828862 | AX70: 42.323461 | AY70: 42.803217 | AZ70: 43.275795 | BA70: 43.744301 | BB70: 44.207839 | BC70: 44.662209 | BD70: 45.102072 | BE70: 45.522822 | BF70: 45.921788 | BG70: 46.298826 | BH70: 46.655791 | BI70: 46.995796 | BJ70: 47.322191 | BK70: 47.637788 | BL70: 47.944441 | BM70: 48.24291 | BN70: 48.533069 | BO70: 48.814201 | BP70: 49.085386 | BQ70: 49.345829 | BR70: 49.5951 | BS70: 49.833253 | BT70: 50.060807 | BU70: 50.278629 | BV70: 50.487733 | BW70: 50.689088 | BX70: 50.883449 | BY70: 51.071277 | BZ70: 51.252748 | CA70: 51.427823 | CB70: 51.596371 | CC70: 51.758282 | CD70: 51.913554 | CE70: 52.062325 | CF70: 52.20487 | CG70: 52.341553 | CH70: 52.472769 | CI70: 52.598886 | CJ70: 52.720214 | CK70: 52.836976 | CL70: 52.949324 | CM70: 53.057352 | CN70: 53.161126 | CO70: 53.260713 | CP70: 53.356197 | CQ70: 53.447698 | CR70: 53.535363 | CS70: 53.619364 | CT70: 53.699881 | CU70: 53.777085 | CV70: 1 | CW70: 1
C71: Actual | CV71: 0 | CW71: 0
A72: Ap1601 | B72: desl | C72: Forecast | D72: 54.58443 | E72: 51.228277 | F72: 38.017447 | G72: 28.059069 | H72: 28.722435 | I72: 26.940589 | J72: 34.083053 | K72: 38.317346 | L72: 43.25531 | M72: 46.311317 | N72: 45.525404 | O72: 44.658299 | P72: 41.820139 | Q72: 40.095464 | R72: 38.739763 | S72: 38.242547 | T72: 38.988383 | U72: 40.143485 | V72: 42.131779 | W72: 44.114918 | X72: 46.043841 | Y72: 47.578948 | Z72: 48.46203 | AA72: 48.836591 | AB72: 48.6927 | AC72: 48.398565 | AD72: 48.155994 | AE72: 48.173633 | AF72: 48.551792 | AG72: 49.21676 | AH72: 50.083934 | AI72: 50.976376 | AJ72: 51.778156 | AK72: 52.408167 | AL72: 52.843162 | AM72: 53.121775 | AN72: 53.294348 | AO72: 53.432156 | AP72: 53.587319 | AQ72: 53.79621 | AR72: 54.073147 | AS72: 54.408981 | AT72: 54.783464 | AU72: 55.165721 | AV72: 55.527452 | AW72: 55.846731 | AX72: 56.112959 | AY72: 56.328626 | AZ72: 56.505405 | BA72: 56.661089 | BB72: 56.812984 | BC72: 56.97405 | BD72: 57.150249 | BE72: 57.340231 | BF72: 57.537535 | BG72: 57.733108 | BH72: 57.91849 | BI72: 58.087795 | BJ72: 58.238723 | BK72: 58.37244 | BL72: 58.492525 | BM72: 58.603693 | BN72: 58.710427 | BO72: 58.81603 | BP72: 58.922128 | BQ72: 59.028652 | BR72: 59.134246 | BS72: 59.236867 | BT72: 59.334455 | BU72: 59.425476 | BV72: 59.509239 | BW72: 59.585955 | BX72: 59.656549 | BY72: 59.722336 | BZ72: 59.784648 | CA72: 59.844531 | CB72: 59.902569 | CC72: 59.958858 | CD72: 60.013109 | CE72: 60.06483 | CF72: 60.113515 | CG72: 60.158801 | CH72: 60.200556 | CI72: 60.238889 | CJ72: 60.274094 | CK72: 60.30657 | CL72: 60.336718 | CM72: 60.364866 | CN72: 60.391226 | CO72: 60.415879 | CP72: 60.438805 | CQ72: 60.459924 | CR72: 60.479145 | CS72: 60.496408 | CT72: 60.511708 | CU72: 60.525103 | CV72: -1 | CW72: 1
C73: Actual | CV73: 0 | CW73: 0
A74: Ap1602 | B74: adm | C74: Forecast | D74: 1209.8237 | E74: 1185.8765 | F74: 1184.0265 | G74: 1254.9221 | H74: 1199.6568 | I74: 1208.6239 | J74: 1118.6095 | K74: 1076.4928 | L74: 1021.6694 | M74: 983.02139 | N74: 989.81954 | O74: 997.61914 | P74: 1035.8784 | Q74: 1061.3177 | R74: 1081.5844 | S74: 1088.1708 | T74: 1077.0462 | U74: 1061.8381 | V74: 1039.3948 | W74: 1022.1505 | X74: 1009.4801 | Y74: 1003.1847 | Z74: 1003.5098 | AA74: 1006.5669 | AB74: 1012.3569 | AC74: 1017.3239 | AD74: 1020.851 | AE74: 1021.8963 | AF74: 1020.0576 | AG74: 1016.3069 | AH74: 1011.1217 | AI74: 1006.0232 | AJ74: 1001.8603 | AK74: 999.34452 | AL74: 998.69285 | AM74: 999.47033 | AN74: 1001.1482 | AO74: 1002.9241 | AP74: 1004.2562 | AQ74: 1004.8162 | AR74: 1004.5676 | AS74: 1003.7491 | AT74: 1002.6735 | AU74: 1001.7046 | AV74: 1001.0946 | AW74: 1000.9796 | AX74: 1001.3664 | AY74: 1002.1504 | AZ74: 1003.1817 | BA74: 1004.2905 | BB74: 1005.3429 | BC74: 1006.2566 | BD74: 1007.0116 | BE74: 1007.6457 | BF74: 1008.2306 | BG74: 1008.8524 | BH74: 1009.5842 | BI74: 1010.4713 | BJ74: 1011.5238 | BK74: 1012.7195 | BL74: 1014.0159 | BM74: 1015.364 | BN74: 1016.7221 | BO74: 1018.0645 | BP74: 1019.3844 | BQ74: 1020.6915 | BR74: 1022.0056 | BS74: 1023.3494 | BT74: 1024.7417 | BU74: 1026.1937 | BV74: 1027.707 | BW74: 1029.2756 | BX74: 1030.8879 | BY74: 1032.5309 | BZ74: 1034.1934 | CA74: 1035.8676 | CB74: 1037.5508 | CC74: 1039.2442 | CD74: 1040.9522 | CE74: 1042.6803 | CF74: 1044.433 | CG74: 1046.2133 | CH74: 1048.0216 | CI74: 1049.856 | CJ74: 1051.7132 | CK74: 1053.5893 | CL74: 1055.4807 | CM74: 1057.385 | CN74: 1059.3008 | CO74: 1061.2283 | CP74: 1063.1681 | CQ74: 1065.1214 | CR74: 1067.0893 | CS74: 1069.0721 | CT74: 1071.0698 | CU74: 1073.0816 | CV74: 1 | CW74: 1
C75: Actual | CV75: 0 | CW75: 0
A76: Ap1602 | B76: desl | C76: Forecast | D76: 1844.8357 | E76: 1834.2944 | F76: 1910.7203 | G76: 1757.2163 | H76: 1742.0344 | I76: 1655.2729 | J76: 1573.5944 | K76: 1555.9103 | L76: 1483.9055 | M76: 1482.3976 | N76: 1453.5979 | O76: 1452.351 | P76: 1457.0681 | Q76: 1450.2187 | R76: 1451.4285 | S76: 1429.1769 | T76: 1405.9891 | U76: 1372.3939 | V76: 1337.7306 | W76: 1309.4995 | X76: 1284.8277 | Y76: 1270.5564 | Z76: 1259.936 | AA76: 1253.1833 | AB76: 1246.739 | AC76: 1238.1553 | AD76: 1228.0101 | AE76: 1215.0032 | AF76: 1201.0352 | AG76: 1186.4056 | AH76: 1172.2217 | AI76: 1159.3257 | AJ76: 1147.8264 | AK76: 1138.1777 | AL76: 1129.9543 | AM76: 1122.9207 | AN76: 1116.5267 | AO76: 1110.2397 | AP76: 1103.762 | AQ76: 1096.8577 | AR76: 1089.649 | AS76: 1082.3335 | AT76: 1075.2254 | AU76: 1068.6093 | AV76: 1062.642 | AW76: 1057.3809 | AX76: 1052.7344 | AY76: 1048.5583 | AZ76: 1044.6797 | BA76: 1040.9531 | BB76: 1037.2933 | BC76: 1033.6683 | BD76: 1030.1047 | BE76: 1026.6564 | BF76: 1023.3896 | BG76: 1020.3621 | BH76: 1017.6087 | BI76: 1015.139 | BJ76: 1012.9351 | BK76: 1010.9614 | BL76: 1009.1735 | BM76: 1007.5294 | BN76: 1005.9982 | BO76: 1004.5638 | BP76: 1003.226 | BQ76: 1001.9954 | BR76: 1000.8879 | BS76: 999.91807 | BT76: 999.09452 | BU76: 998.41781 | BV76: 997.8807 | BW76: 997.47061 | BX76: 997.17286 | BY76: 996.97379 | BZ76: 996.863 | CA76: 996.83434 | CB76: 996.88565 | CC76: 997.01764 | CD76: 997.23238 | CE76: 997.53173 | CF76: 997.91623 | CG76: 998.38448 | CH76: 998.93322 | CI76: 999.55779 | CJ76: 1000.2529 | CK76: 1001.0134 | CL76: 1001.8351 | CM76: 1002.7147 | CN76: 1003.6502 | CO76: 1004.6405 | CP76: 1005.6849 | CQ76: 1006.7829 | CR76: 1007.9335 | CS76: 1009.1353 | CT76: 1010.3863 | CU76: 1011.6845 | CV76: -1 | CW76: 1
C77: Actual | CV77: 0 | CW77: 0
A78: To1701 | B78: adm | C78: Forecast | D78: 2371.5975 | E78: 2407.7013 | F78: 2534.0952 | G78: 2577.6648 | H78: 2503.4215 | I78: 2425.2633 | J78: 2284.7817 | K78: 2198.8127 | L78: 2125.1664 | M78: 2104.4725 | N78: 2134.6415 | O78: 2181.7094 | P78: 2248.4593 | Q78: 2294.187 | R78: 2323.09 | S78: 2324.9921 | T78: 2304.5608 | U78: 2274.9171 | V78: 2240.8222 | W78: 2215.5076 | X78: 2200.0045 | Y78: 2196.6183 | Z78: 2203.1868 | AA78: 2215.0252 | AB78: 2229.1369 | AC78: 2240.6237 | AD78: 2247.7418 | AE78: 2249.1629 | AF78: 2245.4151 | AG78: 2238.3684 | AH78: 2229.9649 | AI78: 2222.6474 | AJ78: 2217.8299 | AK78: 2216.2757 | AL78: 2217.73 | AM78: 2221.1805 | AN78: 2225.4056 | AO78: 2229.1343 | AP78: 2231.5749 | AQ78: 2232.3972 | AR78: 2231.7803 | AS78: 2230.2543 | AT78: 2228.4563 | AU78: 2226.9919 | AV78: 2226.2504 | AW78: 2226.3851 | AX78: 2227.3136 | AY78: 2228.7871 | AZ78: 2230.4917 | BA78: 2232.1249 | BB78: 2233.4746 | BC78: 2234.4453 | BD78: 2235.0619 | BE78: 2235.4406 | BF78: 2235.7417 | BG78: 2236.124 | BH78: 2236.7034 | BI78: 2237.5327 | BJ78: 2238.5999 | BK78: 2239.8425 | BL78: 2241.1739 | BM78: 2242.5087 | BN78: 2243.7844 | BO78: 2244.9719 | BP78: 2246.0762 | BQ78: 2247.1276 | BR78: 2248.1692 | BS78: 2249.2431 | BT78: 2250.3801 | BU78: 2251.5944 | BV78: 2252.8831 | BW78: 2254.2301 | BX78: 2255.6128 | BY78: 2257.0086 | BZ78: 2258.4001 | CA78: 2259.7785 | CB78: 2261.1437 | CC78: 2262.5027 | CD78: 2263.8662 | CE78: 2265.2451 | CF78: 2266.6479 | CG78: 2268.0785 | CH78: 2269.5364 | CI78: 2271.0174 | CJ78: 2272.5153 | CK78: 2274.0237 | CL78: 2275.5374 | CM78: 2277.0538 | CN78: 2278.5724 | CO78: 2280.0948 | CP78: 2281.6235 | CQ78: 2283.1613 | CR78: 2284.7102 | CS78: 2286.2714 | CT78: 2287.8445 | CU78: 2289.4283 | CV78: 1 | CW78: 1
C79: Actual | CV79: 0 | CW79: 0
A80: To1701 | B80: desl | C80: Forecast | D80: 2852.1919 | E80: 2709.2487 | F80: 2683.4273 | G80: 2576.6894 | H80: 2582.5722 | I80: 2503.2898 | J80: 2450.1331 | K80: 2426.9292 | L80: 2379.7332 | M80: 2376.4215 | N80: 2366.2344 | O80: 2385.3611 | P80: 2407.1854 | Q80: 2418.7066 | R80: 2422.0195 | S80: 2400.4114 | T80: 2371.4304 | U80: 2334.2603 | V80: 2301.4788 | W80: 2279.0974 | X80: 2266.2398 | Y80: 2264.0195 | Z80: 2265.0978 | AA80: 2267.2304 | AB80: 2266.6486 | AC80: 2262.1767 | AD80: 2254.6331 | AE80: 2244.2684 | AF80: 2233.0405 | AG80: 2221.6548 | AH80: 2211.2276 | AI80: 2202.4037 | AJ80: 2195.383 | AK80: 2190.3421 | AL80: 2186.777 | AM80: 2184.1709 | AN80: 2181.7478 | AO80: 2178.8711 | AP80: 2175.2084 | AQ80: 2170.6996 | AR80: 2165.6619 | AS80: 2160.5205 | AT80: 2155.7359 | AU80: 2151.6266 | AV80: 2148.304 | AW80: 2145.7065 | AX80: 2143.6296 | AY80: 2141.8391 | AZ80: 2140.1225 | BA80: 2138.3426 | BB80: 2136.4496 | BC80: 2134.4645 | BD80: 2132.4615 | BE80: 2130.5327 | BF80: 2128.7669 | BG80: 2127.2286 | BH80: 2125.9471 | BI80: 2124.9163 | BJ80: 2124.0989 | BK80: 2123.4404 | BL80: 2122.8834 | BM80: 2122.3817 | BN80: 2121.9095 | BO80: 2121.4631 | BP80: 2121.0577 | BQ80: 2120.7186 | BR80: 2120.4719 | BS80: 2120.3366 | BT80: 2120.3203 | BU80: 2120.4189 | BV80: 2120.6193 | BW80: 2120.9042 | BX80: 2121.2564 | BY80: 2121.6626 | BZ80: 2122.1151 | CA80: 2122.6119 | CB80: 2123.1554 | CC80: 2123.7505 | CD80: 2124.4024 | CE80: 2125.1146 | CF80: 2125.8884 | CG80: 2126.7219 | CH80: 2127.6111 | CI80: 2128.5507 | CJ80: 2129.5351 | CK80: 2130.5597 | CL80: 2131.6212 | CM80: 2132.7179 | CN80: 2133.8494 | CO80: 2135.0163 | CP80: 2136.2192 | CQ80: 2137.4585 | CR80: 2138.7338 | CS80: 2140.0439 | CT80: 2141.3871 | CU80: 2142.7613 | CV80: -1 | CW80: 1
C81: Actual | CV81: 0 | CW81: 0
A82: To1702 | B82: adm | C82: Forecast | D82: 2111.0938 | E82: 2060.7784 | F82: 2387.2199 | G82: 2479.4197 | H82: 2464.5461 | I82: 2419.8314 | J82: 2243.8523 | K82: 2138.2173 | L82: 2014.5941 | M82: 1959.6027 | N82: 1972.7956 | O82: 2012.0786 | P82: 2098.6526 | Q82: 2165.7066 | R82: 2226.1831 | S82: 2254.0312 | T82: 2251.4966 | U82: 2231.835 | V82: 2196.3981 | W82: 2166.163 | X82: 2142.518 | Y82: 2133.3543 | Z82: 2138.3435 | AA82: 2153.1245 | AB82: 2175.1319 | AC82: 2196.8583 | AD82: 2215.457 | AE82: 2227.4013 | AF82: 2232.1509 | AG82: 2231.2279 | AH82: 2226.5555 | AI82: 2221.5294 | AJ82: 2218.321 | AK82: 2218.7024 | AL82: 2223.0511 | AM82: 2230.6223 | AN82: 2240.1752 | AO82: 2250.0277 | AP82: 2258.9327 | AQ82: 2266.0486 | AR82: 2271.2027 | AS82: 2274.7707 | AT82: 2277.4154 | AU82: 2279.9435 | AV82: 2282.9963 | AW82: 2286.9864 | AX82: 2292.0147 | AY82: 2297.9143 | AZ82: 2304.3564 | BA82: 2310.9418 | BB82: 2317.3298 | BC82: 2323.2954 | BD82: 2328.7689 | BE82: 2333.8221 | BF82: 2338.6212 | BG82: 2343.3715 | BH82: 2348.2551 | BI82: 2353.3921 | BJ82: 2358.821 | BK82: 2364.5053 | BL82: 2370.357 | BM82: 2376.2683 | BN82: 2382.1429 | BO82: 2387.9171 | BP82: 2393.5692 | BQ82: 2399.1164 | BR82: 2404.6021 | BS82: 2410.0802 | BT82: 2415.5993 | BU82: 2421.1918 | BV82: 2426.8689 | BW82: 2432.6222 | BX82: 2438.4293 | BY82: 2444.2619 | BZ82: 2450.0942 | CA82: 2455.908 | CB82: 2461.6964 | CC82: 2467.4624 | CD82: 2473.2166 | CE82: 2478.9731 | CF82: 2484.7447 | CG82: 2490.5405 | CH82: 2496.364 | CI82: 2502.2131 | CJ82: 2508.0819 | CK82: 2513.9628 | CL82: 2519.8487 | CM82: 2525.7341 | CN82: 2531.617 | CO82: 2537.4978 | CP82: 2543.379 | CQ82: 2549.2641 | CR82: 2555.1566 | CS82: 2561.0588 | CT82: 2566.9715 | CU82: 2572.8943 | CV82: 1 | CW82: 1
C83: Actual | CV83: 0 | CW83: 0
A84: To1702 | B84: desl | C84: Forecast | D84: 2623.9427 | E84: 2406.4871 | F84: 2449.5149 | G84: 2336.6753 | H84: 2382.0125 | I84: 2311.2391 | J84: 2304.2896 | K84: 2276.3541 | L84: 2248.8866 | M84: 2239.5087 | N84: 2223.7503 | O84: 2233.6754 | P84: 2241.797 | Q84: 2252.6098 | R84: 2258.6071 | S84: 2251.9758 | T84: 2241.5475 | U84: 2223.1303 | V84: 2206.9295 | W84: 2193.8408 | X84: 2185.9863 | Y84: 2184.0073 | Z84: 2184.2759 | AA84: 2186.4708 | AB84: 2187.7522 | AC84: 2187.9314 | AD84: 2186.7498 | AE84: 2184.1998 | AF84: 2181.1386 | AG84: 2177.6369 | AH84: 2174.4201 | AI84: 2171.7328 | AJ84: 2169.9001 | AK84: 2169.147 | AL84: 2169.3462 | AM84: 2170.3605 | AN84: 2171.7667 | AO84: 2173.2214 | AP84: 2174.4413 | AQ84: 2175.2997 | AR84: 2175.881 | AS84: 2176.3505 | AT84: 2176.9507 | AU84: 2177.8657 | AV84: 2179.2015 | AW84: 2180.9703 | AX84: 2183.0998 | AY84: 2185.4886 | AZ84: 2188.0242 | BA84: 2190.6233 | BB84: 2193.2367 | BC84: 2195.8513 | BD84: 2198.4853 | BE84: 2201.1727 | BF84: 2203.9555 | BG84: 2206.8702 | BH84: 2209.9412 | BI84: 2213.1758 | BJ84: 2216.5642 | BK84: 2220.0836 | BL84: 2223.7047 | BM84: 2227.3999 | BN84: 2231.1489 | BO84: 2234.9423 | BP84: 2238.7811 | BQ84: 2242.6742 | BR84: 2246.6331 | BS84: 2250.6681 | BT84: 2254.7853 | BU84: 2258.9848 | BV84: 2263.2618 | BW84: 2267.6083 | BX84: 2272.015 | BY84: 2276.4737 | BZ84: 2280.9782 | CA84: 2285.525 | CB84: 2290.1135 | CC84: 2294.7444 | CD84: 2299.4194 | CE84: 2304.1402 | CF84: 2308.9074 | CG84: 2313.7204 | CH84: 2318.5774 | CI84: 2323.4755 | CJ84: 2328.4116 | CK84: 2333.3826 | CL84: 2338.3859 | CM84: 2343.4198 | CN84: 2348.4833 | CO84: 2353.5759 | CP84: 2358.6974 | CQ84: 2363.8478 | CR84: 2369.0267 | CS84: 2374.2332 | CT84: 2379.4664 | CU84: 2384.7249 | CV84: -1 | CW84: 1
C85: Actual | CV85: 0 | CW85: 0
A86: Ma2101 | B86: adm | C86: Forecast | D86: 5287.4288 | E86: 4765.8095 | F86: 5076.1069 | G86: 5363.6834 | H86: 5334.5881 | I86: 5412.3557 | J86: 5010.2372 | K86: 4807.1167 | L86: 4449.1108 | M86: 4198.53 | N86: 4094.6135 | O86: 4032.6155 | P86: 4129.3817 | Q86: 4201.9352 | R86: 4300.6248 | S86: 4347.3242 | T86: 4329.7502 | U86: 4275.0506 | V86: 4166.0023 | W86: 4056.7424 | X86: 3946.6805 | Y86: 3860.8505 | Z86: 3805.4993 | AA86: 3774.1881 | AB86: 3767.9422 | AC86: 3769.5943 | AD86: 3773.7206 | AE86: 3769.782 | AF86: 3753.2648 | AG86: 3724.9395 | AH86: 3686.0147 | AI86: 3643.3076 | AJ86: 3601.399 | AK86: 3565.4674 | AL86: 3538.1019 | AM86: 3519.2402 | AN86: 3507.5411 | AO86: 3499.7259 | AP86: 3492.9568 | AQ86: 3484.6634 | AR86: 3473.5126 | AS86: 3459.4542 | AT86: 3443.2542 | AU86: 3426.4077 | AV86: 3410.3461 | AW86: 3396.276 | AX86: 3384.8414 | AY86: 3376.0812 | AZ86: 3369.582 | BA86: 3364.5958 | BB86: 3360.3404 | BC86: 3356.1479 | BD86: 3351.6192 | BE86: 3346.6645 | BF86: 3341.4508 | BG86: 3336.3222 | BH86: 3331.662 | BI86: 3327.7942 | BJ86: 3324.9052 | BK86: 3323.019 | BL86: 3322.0213 | BM86: 3321.7076 | BN86: 3321.8517 | BO86: 3322.2601 | BP86: 3322.8115 | BQ86: 3323.4685 | BR86: 3324.2657 | BS86: 3325.2848 | BT86: 3326.6205 | BU86: 3328.3521 | BV86: 3330.524 | BW86: 3333.1392 | BX86: 3336.1636 | BY86: 3339.5395 | BZ86: 3343.2014 | CA86: 3347.0918 | CB86: 3351.1709 | CC86: 3355.4209 | CD86: 3359.8438 | CE86: 3364.4553 | CF86: 3369.2756 | CG86: 3374.3219 | CH86: 3379.6029 | CI86: 3385.1161 | CJ86: 3390.8492 | CK86: 3396.7832 | CL86: 3402.8968 | CM86: 3409.1707 | CN86: 3415.5902 | CO86: 3422.1468 | CP86: 3428.8372 | CQ86: 3435.6622 | CR86: 3442.6241 | CS86: 3449.7246 | CT86: 3456.9632 | CU86: 3464.337 | CV86: 1 | CW86: 2
C87: Actual | CV87: 0 | CW87: 0
A88: Ma2101 | B88: desl | C88: Forecast | D88: 8341.907 | E88: 8013.1902 | F88: 8376.545 | G88: 8015.7413 | H88: 7901.524 | I88: 7600.5546 | J88: 7234.6139 | K88: 7065.1201 | L88: 6738.5734 | M88: 6617.2827 | N88: 6460.5417 | O88: 6382.8793 | P88: 6350.2666 | Q88: 6283.401 | R88: 6240.2498 | S88: 6126.851 | T88: 5997.7806 | U88: 5834.2497 | V88: 5657.6465 | W88: 5498.0989 | X88: 5349.8855 | Y88: 5236.1251 | Z88: 5141.4335 | AA88: 5064.9535 | AB88: 4996.9768 | AC88: 4927.094 | AD88: 4854.7911 | AE88: 4774.3045 | AF88: 4689.5449 | AG88: 4601.7032 | AH88: 4514.2815 | AI88: 4431.0997 | AJ88: 4353.5742 | AK88: 4283.903 | AL88: 4221.4156 | AM88: 4165.3217 | AN88: 4113.7436 | AO88: 4064.4962 | AP88: 4016.1037 | AQ88: 3967.3555 | AR88: 3918.2435 | AS88: 3869.2511 | AT88: 3821.3587 | AU88: 3775.6283 | AV88: 3732.7833 | AW88: 3693.2237 | AX88: 3656.824 | AY88: 3623.1712 | AZ88: 3591.6661 | BA88: 3561.7067 | BB88: 3532.846 | BC88: 3504.8165 | BD88: 3477.5749 | BE88: 3451.2278 | BF88: 3425.9752 | BG88: 3402.0323 | BH88: 3379.5591 | BI88: 3358.6308 | BJ88: 3339.2167 | BK88: 3321.2025 | BL88: 3304.4201 | BM88: 3288.6895 | BN88: 3273.8576 | BO88: 3259.8202 | BP88: 3246.5325 | BQ88: 3233.9989 | BR88: 3222.2549 | BS88: 3211.3435 | BT88: 3201.295 | BU88: 3192.1148 | BV88: 3183.7797 | BW88: 3176.2424 | BX88: 3169.4425 | BY88: 3163.3168 | BZ88: 3157.8104 | CA88: 3152.8819 | CB88: 3148.5056 | CC88: 3144.6691 | CD88: 3141.3686 | CE88: 3138.603 | CF88: 3136.3689 | CG88: 3134.6573 | CH88: 3133.4524 | CI88: 3132.7323 | CJ88: 3132.4715 | CK88: 3132.6439 | CL88: 3133.2253 | CM88: 3134.1954 | CN88: 3135.5384 | CO88: 3137.2426 | CP88: 3139.2988 | CQ88: 3141.6993 | CR88: 3144.4361 | CS88: 3147.4998 | CT88: 3150.8796 | CU88: 3154.5631 | CV88: -1 | CW88: 2
C89: Actual | CV89: 0 | CW89: 0
A90: Ma2102 | B90: adm | C90: Forecast | D90: 2069.6061 | E90: 2027.8561 | F90: 2209.0123 | G90: 2326.8738 | H90: 2291.3354 | I90: 2333.4177 | J90: 2209.79 | K90: 2188.0398 | L90: 2123.9367 | M90: 2096.904 | N90: 2116.7142 | O90: 2126.1491 | P90: 2173.4974 | Q90: 2191.4715 | R90: 2208.5044 | S90: 2206.0671 | T90: 2185.2312 | U90: 2162.3911 | V90: 2129.7543 | W90: 2105.415 | X90: 2084.4241 | Y90: 2071.3927 | Z90: 2065.8598 | AA90: 2063.3741 | AB90: 2064.7331 | AC90: 2064.6338 | AD90: 2063.0643 | AE90: 2058.2148 | AF90: 2049.9723 | AG90: 2039.7324 | AH90: 2028.0875 | AI90: 2017.1532 | AJ90: 2007.6905 | AK90: 2000.5141 | AL90: 1995.6499 | AM90: 1992.4467 | AN90: 1990.2752 | AO90: 1988.1695 | AP90: 1985.6107 | AQ90: 1982.2614 | AR90: 1978.1424 | AS90: 1973.554 | AT90: 1968.8447 | AU90: 1964.4302 | AV90: 1960.5714 | AW90: 1957.4131 | AX90: 1954.9436 | AY90: 1953.0263 | AZ90: 1951.4768 | BA90: 1950.0866 | BB90: 1948.6997 | BC90: 1947.2227 | BD90: 1945.6414 | BE90: 1944.009 | BF90: 1942.4143 | BG90: 1940.9586 | BH90: 1939.721 | BI90: 1938.7448 | BJ90: 1938.0309 | BK90: 1937.5443 | BL90: 1937.2297 | BM90: 1937.0276 | BN90: 1936.89 | BO90: 1936.7884 | BP90: 1936.7164 | BQ90: 1936.6858 | BR90: 1936.7191 | BS90: 1936.8407 | BT90: 1937.0698 | BU90: 1937.4162 | BV90: 1937.8788 | BW90: 1938.4475 | BX90: 1939.1065 | BY90: 1939.839 | BZ90: 1940.6306 | CA90: 1941.4718 | CB90: 1942.3586 | CC90: 1943.2923 | CD90: 1944.2771 | CE90: 1945.3183 | CF90: 1946.42 | CG90: 1947.5841 | CH90: 1948.8095 | CI90: 1950.0925 | CJ90: 1951.428 | CK90: 1952.8105 | CL90: 1954.2349 | CM90: 1955.6977 | CN90: 1957.1969 | CO90: 1958.7318 | CP90: 1960.3026 | CQ90: 1961.9099 | CR90: 1963.5542 | CS90: 1965.2351 | CT90: 1966.9517 | CU90: 1968.7024 | CV90: 1 | CW90: 2
C91: Actual | CV91: 0 | CW91: 0
A92: Ma2102 | B92: desl | C92: Forecast | D92: 3093.8799 | E92: 2966.1003 | F92: 3159.987 | G92: 3068.2008 | H92: 3070.3702 | I92: 3020.2323 | J92: 2930.8897 | K92: 2911.0166 | L92: 2827.1484 | M92: 2813.6203 | N92: 2782.4809 | O92: 2771.9994 | P92: 2775.6709 | Q92: 2762.7458 | R92: 2757.6822 | S92: 2726.7029 | T92: 2690.2678 | U92: 2642.6479 | V92: 2590.4075 | W92: 2544.6822 | X92: 2502.3452 | Y92: 2471.585 | Z92: 2446.6786 | AA92: 2427.1306 | AB92: 2409.7862 | AC92: 2390.9659 | AD92: 2370.8997 | AE92: 2347.7125 | AF92: 2322.9752 | AG92: 2297.2198 | AH92: 2271.6331 | AI92: 2247.535 | AJ92: 2225.2771 | AK92: 2205.5399 | AL92: 2188.0028 | AM92: 2172.3502 | AN92: 2157.9493 | AO92: 2144.0741 | AP92: 2130.2845 | AQ92: 2116.2187 | AR92: 2101.9261 | AS92: 2087.6042 | AT92: 2073.5965 | AU92: 2060.2619 | AV92: 2047.8266 | AW92: 2036.4065 | AX92: 2025.9391 | AY92: 2016.2725 | AZ92: 2007.2023 | BA92: 1998.5313 | BB92: 1990.1227 | BC92: 1981.9024 | BD92: 1973.8715 | BE92: 1966.0775 | BF92: 1958.594 | BG92: 1951.495 | BH92: 1944.8317 | BI92: 1938.6253 | BJ92: 1932.8616 | BK92: 1927.4998 | BL92: 1922.4839 | BM92: 1917.7561 | BN92: 1913.2693 | BO92: 1908.994 | BP92: 1904.9202 | BQ92: 1901.0537 | BR92: 1897.4093 | BS92: 1894.0029 | BT92: 1890.8453 | BU92: 1887.9381 | BV92: 1885.2734 | BW92: 1882.8355 | BX92: 1880.6049 | BY92: 1878.5619 | BZ92: 1876.6899 | CA92: 1874.9772 | CB92: 1873.4172 | CC92: 1872.0078 | CD92: 1870.749 | CE92: 1869.6416 | CF92: 1868.6852 | CG92: 1867.8774 | CH92: 1867.2134 | CI92: 1866.6864 | CJ92: 1866.2886 | CK92: 1866.0122 | CL92: 1865.8499 | CM92: 1865.7961 | CN92: 1865.8465 | CO92: 1865.9981 | CP92: 1866.2485 | CQ92: 1866.5961 | CR92: 1867.0386 | CS92: 1867.5734 | CT92: 1868.1975 | CU92: 1868.9073 | CV92: -1 | CW92: 2
C93: Actual | CV93: 0 | CW93: 0
A94: Ma2103 | B94: adm | C94: Forecast | D94: 511.06173 | E94: 453.84327 | F94: 481.4899 | G94: 491.13912 | H94: 473.93391 | I94: 474.64636 | J94: 435.51324 | K94: 427.79807 | L94: 406.45906 | M94: 398.8245 | N94: 402.42942 | O94: 405.27512 | P94: 418.45956 | Q94: 422.94896 | R94: 427.00793 | S94: 424.14568 | T94: 416.24153 | U94: 407.47155 | V94: 396.66057 | W94: 389.06029 | X94: 383.08775 | Y94: 380.02908 | Z94: 379.0683 | AA94: 378.84078 | AB94: 379.2909 | AC94: 378.96043 | AD94: 378.00282 | AE94: 376.00097 | AF94: 373.12227 | AG94: 369.78946 | AH94: 366.22085 | AI94: 362.99403 | AJ94: 360.28376 | AK94: 358.29641 | AL94: 356.98453 | AM94: 356.13759 | AN94: 355.54016 | AO94: 354.90193 | AP94: 354.07671 | AQ94: 352.98204 | AR94: 351.65577 | AS94: 350.21166 | AT94: 348.77408 | AU94: 347.47115 | AV94: 346.37225 | AW94: 345.50408 | AX94: 344.84305 | AY94: 344.33371 | AZ94: 343.91281 | BA94: 343.51858 | BB94: 343.11085 | BC94: 342.67069 | BD94: 342.20273 | BE94: 341.72884 | BF94: 341.27848 | BG94: 340.88145 | BH94: 340.55866 | BI94: 340.31927 | BJ94: 340.15954 | BK94: 340.06585 | BL94: 340.01984 | BM94: 340.00328 | BN94: 340.00273 | BO94: 340.01152 | BP94: 340.02985 | BQ94: 340.06311 | BR94: 340.1191 | BS94: 340.20538 | BT94: 340.32712 | BU94: 340.48611 | BV94: 340.68081 | BW94: 340.90712 | BX94: 341.15978 | BY94: 341.4336 | BZ94: 341.72458 | CA94: 342.03038 | CB94: 342.35045 | CC94: 342.68558 | CD94: 343.03733 | CE94: 343.40728 | CF94: 343.79653 | CG94: 344.20531 | CH94: 344.633 | CI94: 345.07823 | CJ94: 345.53929 | CK94: 346.01447 | CL94: 346.50232 | CM94: 347.00189 | CN94: 347.5127 | CO94: 348.0347 | CP94: 348.56801 | CQ94: 349.11284 | CR94: 349.66923 | CS94: 350.23703 | CT94: 350.81587 | CU94: 351.40518 | CV94: 1 | CW94: 2
C95: Actual | CV95: 0 | CW95: 0
A96: Ma2103 | B96: desl | C96: Forecast | D96: 721.8062 | E96: 718.2778 | F96: 747.63073 | G96: 728.20539 | H96: 702.78807 | I96: 681.06675 | J96: 645.68378 | K96: 635.72398 | L96: 617.83266 | M96: 612.90304 | N96: 609.45779 | O96: 605.35525 | P96: 604.48899 | Q96: 597.27074 | R96: 590.1319 | S96: 577.89581 | T96: 563.5692 | U96: 548.47521 | V96: 532.88205 | W96: 520.0109 | X96: 508.91347 | Y96: 500.72055 | Z96: 494.29189 | AA96: 488.69759 | AB96: 483.33695 | AC96: 477.14545 | AD96: 470.25554 | AE96: 462.51783 | AF96: 454.39673 | AG96: 446.32557 | AH96: 438.61784 | AI96: 431.62976 | AJ96: 425.37686 | AK96: 419.87771 | AL96: 414.96166 | AM96: 410.43023 | AN96: 406.10037 | AO96: 401.79103 | AP96: 397.43229 | AQ96: 392.99858 | AR96: 388.55046 | AS96: 384.18407 | AT96: 379.99995 | AU96: 376.08613 | AV96: 372.47997 | AW96: 369.18026 | AX96: 366.14369 | AY96: 363.30734 | AZ96: 360.60767 | BA96: 357.99316 | BB96: 355.43725 | BC96: 352.93531 | BD96: 350.50197 | BE96: 348.1613 | BF96: 345.93775 | BG96: 343.84975 | BH96: 341.90477 | BI96: 340.09963 | BJ96: 338.42199 | BK96: 336.85449 | BL96: 335.37904 | BM96: 333.98037 | BN96: 332.64857 | BO96: 331.37961 | BP96: 330.17462 | BQ96: 329.03783 | BR96: 327.9743 | BS96: 326.98779 | BT96: 326.0794 | BU96: 325.24723 | BV96: 324.48674 | BW96: 323.79193 | BX96: 323.15649 | BY96: 322.57496 | BZ96: 322.04337 | CA96: 321.55944 | CB96: 321.1223 | CC96: 320.73199 | CD96: 320.3888 | CE96: 320.09273 | CF96: 319.84313 | CG96: 319.63861 | CH96: 319.47713 | CI96: 319.35627 | CJ96: 319.27356 | CK96: 319.22672 | CL96: 319.21387 | CM96: 319.23362 | CN96: 319.28496 | CO96: 319.3672 | CP96: 319.47974 | CQ96: 319.62195 | CR96: 319.79306 | CS96: 319.99214 | CT96: 320.21806 | CU96: 320.46964 | CV96: -1 | CW96: 2
C97: Actual | CV97: 0 | CW97: 0
A98: Ma2104 | B98: adm | C98: Forecast | D98: 622.44739 | E98: 661.19521 | F98: 716.78291 | G98: 763.27777 | H98: 761.59659 | I98: 754.57605 | J98: 684.24768 | K98: 651.62877 | L98: 606.69291 | M98: 588.59654 | N98: 595.70091 | O98: 612.77246 | P98: 646.01988 | Q98: 668.02861 | R98: 684.80411 | S98: 687.56337 | T98: 679.41348 | U98: 667.13664 | V98: 651.6702 | W98: 640.93403 | X98: 633.99961 | Y98: 632.57051 | Z98: 635.38077 | AA98: 640.32528 | AB98: 646.6956 | AC98: 652.11052 | AD98: 656.14216 | AE98: 657.86932 | AF98: 657.33961 | AG98: 655.18874 | AH98: 652.05806 | AI98: 649.12332 | AJ98: 647.04908 | AK98: 646.37053 | AL98: 647.09458 | AM98: 648.83208 | AN98: 651.06294 | AO98: 653.1593 | AP98: 654.72814 | AQ98: 655.563 | AR98: 655.71403 | AS98: 655.40529 | AT98: 654.91457 | AU98: 654.52254 | AV98: 654.40956 | AW98: 654.66025 | AX98: 655.25367 | AY98: 656.0944 | AZ98: 657.05514 | BA98: 658.00405 | BB98: 658.84317 | BC98: 659.51877 | BD98: 660.02882 | BE98: 660.41407 | BF98: 660.73973 | BG98: 661.07704 | BH98: 661.48258 | BI98: 661.98767 | BJ98: 662.59418 | BK98: 663.27947 | BL98: 664.0071 | BM98: 664.73841 | BN98: 665.44326 | BO98: 666.10569 | BP98: 666.72513 | BQ98: 667.31326 | BR98: 667.88837 | BS98: 668.46948 | BT98: 669.07139 | BU98: 669.70191 | BV98: 670.36141 | BW98: 671.04416 | BX98: 671.74096 | BY98: 672.44199 | BZ98: 673.13926 | CA98: 673.82816 | CB98: 674.50793 | CC98: 675.18104 | CD98: 675.85197 | CE98: 676.52568 | CF98: 677.20626 | CG98: 677.89605 | CH98: 678.59536 | CI98: 679.30278 | CJ98: 680.0158 | CK98: 680.73168 | CL98: 681.44812 | CM98: 682.16375 | CN98: 682.87825 | CO98: 683.59219 | CP98: 684.30671 | CQ98: 685.0231 | CR98: 685.7424 | CS98: 686.46523 | CT98: 687.19166 | CU98: 687.92131 | CV98: 1 | CW98: 2
C99: Actual | CV99: 0 | CW99: 0
A100: Ma2104 | B100: desl | C100: Forecast | D100: 1006.9611 | E100: 661.36362 | F100: 756.62693 | G100: 596.52538 | H100: 690.94636 | I100: 707.3005 | J100: 757.85062 | K100: 811.21601 | L100: 789.81612 | M100: 810.49229 | N100: 769.03699 | O100: 748.71436 | P100: 725.55053 | Q100: 706.5303 | R100: 711.0341 | S100: 709.868 | T100: 723.6762 | U100: 731.28472 | V100: 737.69088 | W100: 740.8143 | X100: 736.50405 | Y100: 731.9562 | Z100: 723.0944 | AA100: 715.29456 | AB100: 707.97651 | AC100: 702.13106 | AD100: 699.1445 | AE100: 697.50874 | AF100: 697.93056 | AG100: 698.69501 | AH100: 699.35462 | AI100: 699.22983 | AJ100: 697.78058 | AK100: 695.40019 | AL100: 692.18025 | AM100: 688.84954 | AN100: 685.81327 | AO100: 683.40759 | AP100: 681.7979 | AQ100: 680.82167 | AR100: 680.32298 | AS100: 679.98959 | AT100: 679.60849 | AU100: 679.02814 | AV100: 678.18388 | AW100: 677.12745 | AX100: 675.93791 | AY100: 674.74419 | AZ100: 673.65236 | BA100: 672.74107 | BB100: 672.04704 | BC100: 671.55513 | BD100: 671.22241 | BE100: 670.98185 | BF100: 670.77019 | BG100: 670.53915 | BH100: 670.26475 | BI100: 669.9506 | BJ100: 669.61875 | BK100: 669.3026 | BL100: 669.03404 | BM100: 668.83596 | BN100: 668.71791 | BO100: 668.67568 | BP100: 668.69548 | BQ100: 668.75859 | BR100: 668.84714 | BS100: 668.94786 | BT100: 669.05412 | BU100: 669.16601 | BV100: 669.2886 | BW100: 669.42957 | BX100: 669.59654 | BY100: 669.79509 | BZ100: 670.02754 | CA100: 670.29285 | CB100: 670.58729 | CC100: 670.90568 | CD100: 671.2428 | CE100: 671.59446 | CF100: 671.95823 | CG100: 672.33352 | CH100: 672.72119 | CI100: 673.12295 | CJ100: 673.54055 | CK100: 673.97525 | CL100: 674.42744 | CM100: 674.89659 | CN100: 675.38142 | CO100: 675.88029 | CP100: 676.39153 | CQ100: 676.91374 | CR100: 677.44598 | CS100: 677.98784 | CT100: 678.53926 | CU100: 679.10045 | CV100: -1 | CW100: 2
C101: Actual | CV101: 0 | CW101: 0
...

Sheet conditional forecasts_8
A1: GVAR Conditional Forecasts
A2: Last in-sample estimation date: | B2: 2016M12
A3: Last forecast date: | B3: 2024M12
D4: =DATE(LEFT(D5,4),SUBSTITUTE(RIGHT(D5,2),"M",""),1) -> 42736 | E4: =DATE(LEFT(E5,4),SUBSTITUTE(RIGHT(E5,2),"M",""),1) -> 42767 | F4: =DATE(LEFT(F5,4),SUBSTITUTE(RIGHT(F5,2),"M",""),1) -> 42795 | G4: =DATE(LEFT(G5,4),SUBSTITUTE(RIGHT(G5,2),"M",""),1) -> 42826 | H4: =DATE(LEFT(H5,4),SUBSTITUTE(RIGHT(H5,2),"M",""),1) -> 42856 | I4: =DATE(LEFT(I5,4),SUBSTITUTE(RIGHT(I5,2),"M",""),1) -> 42887 | J4: =DATE(LEFT(J5,4),SUBSTITUTE(RIGHT(J5,2),"M",""),1) -> 42917 | K4: =DATE(LEFT(K5,4),SUBSTITUTE(RIGHT(K5,2),"M",""),1) -> 42948 | ... CU4: =DATE(LEFT(CU5,4),SUBSTITUTE(RIGHT(CU5,2),"M",""),1) -> 45627
D5: 2017M1 | E5: 2017M2 | F5: 2017M3 | G5: 2017M4 | H5: 2017M5 | I5: 2017M6 | J5: 2017M7 | K5: 2017M8 | L5: 2017M9 | M5: 2017M10 | N5: 2017M11 | O5: 2017M12 | P5: 2018M1 | Q5: 2018M2 | R5: 2018M3 | S5: 2018M4 | T5: 2018M5 | U5: 2018M6 | V5: 2018M7 | W5: 2018M8 | X5: 2018M9 | Y5: 2018M10 | Z5: 2018M11 | AA5: 2018M12 | AB5: 2019M1 | AC5: 2019M2 | AD5: 2019M3 | AE5: 2019M4 | AF5: 2019M5 | AG5: 2019M6 | AH5: 2019M7 | AI5: 2019M8 | AJ5: 2019M9 | AK5: 2019M10 | AL5: 2019M11 | AM5: 2019M12 | AN5: 2020M1 | AO5: 2020M2 | AP5: 2020M3 | AQ5: 2020M4 | AR5: 2020M5 | AS5: 2020M6 | AT5: 2020M7 | AU5: 2020M8 | AV5: 2020M9 | AW5: 2020M10 | AX5: 2020M11 | AY5: 2020M12 | AZ5: 2021M1 | BA5: 2021M2 | BB5: 2021M3 | BC5: 2021M4 | BD5: 2021M5 | BE5: 2021M6 | BF5: 2021M7 | BG5: 2021M8 | BH5: 2021M9 | BI5: 2021M10 | BJ5: 2021M11 | BK5: 2021M12 | BL5: 2022M1 | BM5: 2022M2 | BN5: 2022M3 | BO5: 2022M4 | BP5: 2022M5 | BQ5: 2022M6 | BR5: 2022M7 | BS5: 2022M8 | BT5: 2022M9 | BU5: 2022M10 | BV5: 2022M11 | BW5: 2022M12 | BX5: 2023M1 | BY5: 2023M2 | BZ5: 2023M3 | CA5: 2023M4 | CB5: 2023M5 | CC5: 2023M6 | CD5: 2023M7 | CE5: 2023M8 | CF5: 2023M9 | CG5: 2023M10 | CH5: 2023M11 | CI5: 2023M12 | CJ5: 2024M1 | CK5: 2024M2 | CL5: 2024M3 | CM5: 2024M4 | CN5: 2024M5 | CO5: 2024M6 | CP5: 2024M7 | CQ5: 2024M8 | CR5: 2024M9 | CS5: 2024M10 | CT5: 2024M11 | CU5: 2024M12 | CV5: Serie | CW5: Regiao
A6: Ro1101 | B6: adm | C6: Forecast | D6: 3115.6169 | E6: 3366.9532 | F6: 3895.1536 | G6: 4031.024 | H6: 4157.4622 | I6: 4381.114 | J6: 4326.4124 | K6: 4376.2513 | L6: 4224.1857 | M6: 3751.245 | N6: 3580.8344 | O6: 3078.0567 | P6: 3906.863 | Q6: 4229.2565 | R6: 4883.0082 | S6: 5027.9508 | T6: 5176.0149 | U6: 5378.6777 | V6: 5292.7516 | W6: 5321.9414 | X6: 5167.1529 | Y6: 4722.4168 | Z6: 4603.9021 | AA6: 4163.5286 | AB6: 5052.5194 | AC6: 5422.0336 | AD6: 6105.4342 | AE6: 6264.675 | AF6: 6417.4864 | AG6: 6621.9488 | AH6: 6540.077 | AI6: 6578.3516 | AJ6: 6438.218 | AK6: 6012.8067 | AL6: 5916.7409 | AM6: 5500.3101 | AN6: 6413.305 | AO6: 6805.736 | AP6: 7510.1488 | AQ6: 7688.081 | AR6: 7857.304 | AS6: 8076.3748 | AT6: 8008.0884 | AU6: 8059.7894 | AV6: 7933.6367 | AW6: 7523.1566 | AX6: 7443.0004 | AY6: 7043.1849 | AZ6: 7973.0683 | BA6: 8382.2238 | BB6: 9102.8713 | BC6: 9296.3858 | BD6: 9480.5287 | BE6: 9713.95 | BF6: 9659.5799 | BG6: 9724.891 | BH6: 9612.1366 | BI6: 9214.9012 | BJ6: 9147.8714 | BK6: 8761.0954 | BL6: 9703.974 | BM6: 10126.138 | BN6: 10859.87 | BO6: 11066.584 | BP6: 11264.035 | BQ6: 11510.785 | BR6: 11469.593 | BS6: 11547.687 | BT6: 11447.056 | BU6: 11061.07 | BV6: 11004.332 | BW6: 10627.001 | BX6: 11578.819 | BY6: 12009.951 | BZ6: 12753.316 | CA6: 12970.923 | CB6: 13180.887 | CC6: 13441.745 | CD6: 13415.716 | CE6: 13508.993 | CF6: 13422.144 | CG6: 13047.061 | CH6: 12997.241 | CI6: 12622.413 | CJ6: 13573.284 | CK6: 14002.38 | CL6: 14744.81 | CM6: 14967.396 | CN6: 15190.192 | CO6: 15469.204 | CP6: 15479.614 | CQ6: 15593.266 | CR6: 15539.161 | CS6: 15256.277 | CT6: 15089.362 | CU6: 14800.144 | CV6: 1 | CW6: 1
C7: Actual | CV7: 0 | CW7: 0
A8: Ro1101 | B8: desl | C8: Forecast | D8: 3253.3177 | E8: 3322.7997 | F8: 3689.5561 | G8: 3784.8754 | H8: 4118.6782 | I8: 4077.4937 | J8: 4281.4478 | K8: 4355.4509 | L8: 4261.6488 | M8: 4504.442 | N8: 4375.9852 | O8: 4250.2461 | P8: 4278.9371 | Q8: 4263.8889 | R8: 4663.4829 | S8: 4710.7249 | T8: 5051.614 | U8: 4991.2221 | V8: 5176.3678 | W8: 5233.3342 | X8: 5134.6359 | Y8: 5391.2624 | Z8: 5296.3924 | AA8: 5218.2797 | AB8: 5299.9512 | AC8: 5334.6652 | AD8: 5775.3243 | AE8: 5853.3125 | AF8: 6216.4852 | AG8: 6173.5599 | AH8: 6375.1032 | AI8: 6450.1278 | AJ8: 6372.4688 | AK8: 6653.2325 | AL8: 6584.9897 | AM8: 6535.0816 | AN8: 6645.5842 | AO8: 6708.898 | AP8: 7177.2252 | AQ8: 7281.464 | AR8: 7669.2557 | AS8: 7649.4052 | AT8: 7872.8332 | AU8: 7969.0675 | AV8: 7912.4723 | AW8: 8214.5567 | AX8: 8168.0824 | AY8: 8140.3599 | AZ8: 8273.2689 | BA8: 8358.9388 | BB8: 8849.3163 | BC8: 8975.1204 | BD8: 9383.9121 | BE8: 9384.5027 | BF8: 9627.8756 | BG8: 9743.6431 | BH8: 9706.2498 | BI8: 10027.268 | BJ8: 9999.5044 | BK8: 9990.3021 | BL8: 10141.569 | BM8: 10245.464 | BN8: 10753.962 | BO8: 10897.801 | BP8: 11324.54 | BQ8: 11342.954 | BR8: 11603.943 | BS8: 11737.002 | BT8: 11716.435 | BU8: 12053.691 | BV8: 12041.507 | BW8: 12047.252 | BX8: 12212.98 | BY8: 12331.105 | BZ8: 12853.935 | CA8: 13012.543 | CB8: 13454.736 | CC8: 13489.352 | CD8: 13767.107 | CE8: 13917.024 | CF8: 13912.714 | CG8: 14264.824 | CH8: 14265.362 | CI8: 14281.373 | CJ8: 14455.085 | CK8: 14579.653 | CL8: 15109.385 | CM8: 15276.252 | CN8: 15730.728 | CO8: 15783.736 | CP8: 16078.434 | CQ8: 16256.336 | CR8: 16281.149 | CS8: 16611.416 | CT8: 16702.961 | CU8: 16661.897 | CV8: -1 | CW8: 1
C9: Actual | CV9: 0 | CW9: 0
A10: Ro1102 | B10: adm | C10: Forecast | D10: 4980.5079 | E10: 5358.7058 | F10: 6017.9881 | G10: 5995.5157 | H10: 5938.4682 | I10: 5977.6758 | J10: 5666.6636 | K10: 5667.5644 | L10: 5460.688 | M10: 5054.6123 | N10: 5240.0048 | O10: 4766.9749 | P10: 5837.8326 | Q10: 6007.6322 | R10: 6596.7262 | S10: 6488.734 | T10: 6381.7847 | U10: 6365.4825 | V10: 6021.1826 | W10: 6013.1366 | X10: 5825.9551 | Y10: 5472.1003 | Z10: 5725.1927 | AA10: 5317.0714 | AB10: 6436.1899 | AC10: 6630.3071 | AD10: 7222.3022 | AE10: 7105.12 | AF10: 6987.5456 | AG10: 6967.2639 | AH10: 6629.2824 | AI10: 6637.3016 | AJ10: 6472.8557 | AK10: 6144.6977 | AL10: 6423.3914 | AM10: 6038.8825 | AN10: 7178.7897 | AO10: 7390.7267 | AP10: 7997.8222 | AQ10: 7893.5353 | AR10: 7787.3874 | AS10: 7777.9558 | AT10: 7451.1471 | AU10: 7471.3652 | AV10: 7320.4785 | AW10: 7007.1438 | AX10: 7301.4754 | AY10: 6932.7963 | AZ10: 8088.1374 | BA10: 8314.7168 | BB10: 8935.5244 | BC10: 8844.1063 | BD10: 8750.2065 | BE10: 8752.6556 | BF10: 8437.5652 | BG10: 8469.4593 | BH10: 8330.2469 | BI10: 8028.5774 | BJ10: 8334.5469 | BK10: 7977.4793 | BL10: 9144.4337 | BM10: 9382.6732 | BN10: 10015.221 | BO10: 9935.6108 | BP10: 9853.4963 | BQ10: 9867.5336 | BR10: 9563.5943 | BS10: 9605.9518 | BT10: 9476.3311 | BU10: 9183.3474 | BV10: 9497.2701 | BW10: 9147.8151 | BX10: 10322.598 | BY10: 10569.49 | BZ10: 11212.015 | CA10: 11143.943 | CB10: 11074.765 | CC10: 11102.521 | CD10: 10812.03 | CE10: 10866.236 | CF10: 10745.49 | CG10: 10457.404 | CH10: 10771.995 | CI10: 10419.808 | CJ10: 11590.723 | CK10: 11836.092 | CL10: 12481.947 | CM10: 12426.972 | CN10: 12379.7 | CO10: 12435.145 | CP10: 12180.291 | CQ10: 12248.762 | CR10: 12135.286 | CS10: 11914.819 | CT10: 12048.529 | CU10: 11840.049 | CV10: 1 | CW10: 1
C11: Actual | CV11: 0 | CW11: 0
A12: Ro1102 | B12: desl | C12: Forecast | D12: 5215.2238 | E12: 5235.7516 | F12: 5791.0833 | G12: 5428.1316 | H12: 5728.3708 | I12: 5271.3767 | J12: 5364.2558 | K12: 5594.3975 | L12: 5112.4405 | M12: 5936.4177 | N12: 5937.62 | O12: 5604.9358 | P12: 5817.9876 | Q12: 5559.5054 | R12: 6148.0127 | S12: 5740.7253 | T12: 6003.3656 | U12: 5552.1936 | V12: 5637.2482 | W12: 5878.0917 | X12: 5425.7438 | Y12: 6289.9413 | Z12: 6336.386 | AA12: 6043.146 | AB12: 6283.3761 | AC12: 6040.0062 | AD12: 6636.0887 | AE12: 6234.8554 | AF12: 6506.9281 | AG12: 6070.8294 | AH12: 6176.2329 | AI12: 6440.7897 | AJ12: 6013.2714 | AK12: 6901.6924 | AL12: 6970.9049 | AM12: 6698.8293 | AN12: 6958.8017 | AO12: 6733.9924 | AP12: 7347.6648 | AQ12: 6963.2689 | AR12: 7251.7118 | AS12: 6831.8668 | AT12: 6953.7459 | AU12: 7235.22 | AV12: 6825.0899 | AW12: 7731.2071 | AX12: 7818.1396 | AY12: 7563.5096 | AZ12: 7840.4338 | BA12: 7631.9901 | BB12: 8261.4705 | BC12: 7892.4304 | BD12: 8195.9044 | BE12: 7790.8719 | BF12: 7927.411 | BG12: 8223.4218 | BH12: 7827.7138 | BI12: 8748.1441 | BJ12: 8849.2937 | BK12: 8608.8041 | BL12: 8899.8078 | BM12: 8705.3794 | BN12: 9348.774 | BO12: 8993.469 | BP12: 9310.3853 | BQ12: 8918.3728 | BR12: 9067.3999 | BS12: 9375.3189 | BT12: 8990.9903 | BU12: 9922.438 | BV12: 10034.511 | BW12: 9805.1669 | BX12: 10107.824 | BY12: 9925.7192 | BZ12: 10582.078 | CA12: 10240.119 | CB12: 10570.294 | CC12: 10190.842 | CD12: 10351.105 | CE12: 10668.414 | CF12: 10291.415 | CG12: 11228.328 | CH12: 11344.678 | CI12: 11119.768 | CJ12: 11428.789 | CK12: 11255.867 | CL12: 11927.053 | CM12: 11603.231 | CN12: 11954.281 | CO12: 11600.711 | CP12: 11766.283 | CQ12: 12092.494 | CR12: 11749.491 | CS12: 12510.017 | CT12: 12847.979 | CU12: 12472.469 | CV12: -1 | CW12: 1
C13: Actual | CV13: 0 | CW13: 0
A14: Ac1201 | B14: adm | C14: Forecast | D14: 129.28288 | E14: 127.28931 | F14: 177.02006 | G14: 209.95592 | H14: 230.05114 | I14: 246.67733 | J14: 231.02716 | K14: 222.21148 | L14: 205.02928 | M14: 174.22828 | N14: 169.41673 | O14: 143.90467 | P14: 173.11489 | Q14: 176.16274 | R14: 212.17861 | S14: 239.62245 | T14: 256.20238 | U14: 267.27595 | V14: 245.98566 | W14: 231.49701 | X14: 210.24501 | Y14: 178.56907 | Z14: 176.31746 | AA14: 156.24246 | AB14: 192.20924 | AC14: 201.55697 | AD14: 242.12817 | AE14: 271.84451 | AF14: 288.65425 | AG14: 298.68633 | AH14: 275.99584 | AI14: 260.48649 | AJ14: 239.00119 | AK14: 207.95519 | AL14: 207.04004 | AM14: 188.74538 | AN14: 226.66608 | AO14: 237.9181 | AP14: 280.18806 | AQ14: 311.31048 | AR14: 329.21095 | AS14: 340.05389 | AT14: 317.97641 | AU14: 302.9912 | AV14: 282.05105 | AW14: 251.65618 | AX14: 251.54049 | AY14: 234.18924 | AZ14: 273.15574 | BA14: 285.49551 | BB14: 328.83575 | BC14: 360.96781 | BD14: 379.79701 | BE14: 391.48907 | BF14: 370.19691 | BG14: 355.9549 | BH14: 335.73599 | BI14: 306.05501 | BJ14: 306.65416 | BK14: 290.02248 | BL14: 329.71523 | BM14: 342.79039 | BN14: 386.87899 | BO14: 419.77654 | BP14: 439.39036 | BQ14: 451.88263 | BR14: 431.39462 | BS14: 417.94023 | BT14: 398.46568 | BU14: 369.4584 | BV14: 370.64078 | BW14: 354.4981 | BX14: 394.60435 | BY14: 408.06034 | BZ14: 452.55903 | CA14: 485.96514 | CB14: 506.2451 | CC14: 519.59094 | CD14: 500.12696 | CE14: 487.7946 | CF14: 469.41389 | CG14: 441.31501 | CH14: 443.06247 | CI14: 427.03594 | CJ14: 466.79894 | CK14: 479.59078 | CL14: 523.31672 | CM14: 556.28016 | CN14: 576.70634 | CO14: 591.14029 | CP14: 573.77022 | CQ14: 564.07651 | CR14: 548.15813 | CS14: 526.73694 | CT14: 523.85305 | CU14: 517.82064 | CV14: 1 | CW14: 1
C15: Actual | CV15: 0 | CW15: 0
A16: Ac1201 | B16: desl | C16: Forecast | D16: 194.57113 | E16: 160.17272 | F16: 162.62916 | G16: 155.30179 | H16: 173.75641 | I16: 171.52241 | J16: 190.16659 | K16: 202.07626 | L16: 195.6393 | M16: 233.98995 | N16: 232.97433 | O16: 227.65978 | P16: 221.46624 | Q16: 194.35189 | R16: 193.15444 | S16: 179.65028 | T16: 197.97286 | U16: 196.28604 | V16: 215.82088 | W16: 228.87548 | X16: 222.33679 | Y16: 259.67196 | Z16: 257.45519 | AA16: 251.47417 | AB16: 245.5843 | AC16: 219.74563 | AD16: 220.4966 | AE16: 209.1856 | AF16: 229.57871 | AG16: 229.64308 | AH16: 250.58524 | AI16: 264.79024 | AJ16: 259.26412 | AK16: 297.5695 | AL16: 296.3351 | AM16: 291.3719 | AN16: 286.54507 | AO16: 261.82168 | AP16: 263.74399 | AQ16: 253.65492 | AR16: 275.30141 | AS16: 276.62011 | AT16: 298.78437 | AU16: 314.15408 | AV16: 309.72569 | AW16: 349.06899 | AX16: 348.83162 | AY16: 344.84707 | AZ16: 340.99891 | BA16: 317.264 | BB16: 320.18526 | BC16: 311.09975 | BD16: 333.7458 | BE16: 336.05224 | BF16: 359.1874 | BG16: 375.50944 | BH16: 372.0156 | BI16: 412.27781 | BJ16: 412.94579 | BK16: 409.85413 | BL16: 406.88601 | BM16: 384.01653 | BN16: 387.78611 | BO16: 379.52966 | BP16: 402.98504 | BQ16: 406.08325 | BR16: 429.99787 | BS16: 447.09475 | BT16: 444.37956 | BU16: 485.43086 | BV16: 486.9006 | BW16: 484.61909 | BX16: 482.45809 | BY16: 460.3755 | BZ16: 464.89211 | CA16: 457.32569 | CB16: 481.40502 | CC16: 485.0649 | CD16: 509.49863 | CE16: 527.10647 | CF16: 524.93997 | CG16: 566.62248 | CH16: 568.83549 | CI16: 567.42169 | CJ16: 566.21106 | CK16: 545.07166 | CL16: 550.48886 | CM16: 543.54084 | CN16: 567.98377 | CO16: 571.90381 | CP16: 595.55716 | CQ16: 613.87422 | CR16: 611.59118 | CS16: 648.40546 | CT16: 659.83404 | CU16: 652.5949 | CV16: -1 | CW16: 1
C17: Actual | CV17: 0 | CW17: 0
A18: Ac1202 | B18: adm | C18: Forecast | D18: 1631.3306 | E18: 1721.5021 | F18: 1893.8196 | G18: 1956.8734 | H18: 1949.5672 | I18: 1978.9168 | J18: 1924.7042 | K18: 1923.8549 | L18: 1858.2958 | M18: 1728.1868 | N18: 1753.4649 | O18: 1541.7077 | P18: 1853.6069 | Q18: 1945.144 | R18: 2147.9136 | S18: 2157.4975 | T18: 2143.2747 | U18: 2154.9152 | V18: 2088.076 | W18: 2084.4676 | X18: 2020.9065 | Y18: 1902.5902 | Z18: 1945.291 | AA18: 1752.7924 | AB18: 2082.6978 | AC18: 2187.6506 | AD18: 2398.0857 | AE18: 2410.4631 | AF18: 2396.1687 | AG18: 2407.235 | AH18: 2341.2253 | AI18: 2340.8258 | AJ18: 2282.8983 | AK18: 2172.0426 | AL18: 2223.1586 | AM18: 2039.2003 | AN18: 2377.165 | AO18: 2489.3557 | AP18: 2706.1012 | AQ18: 2723.9339 | AR18: 2714.4326 | AS18: 2729.8919 | AT18: 2668.1551 | AU18: 2672.1552 | AV18: 2618.9207 | AW18: 2513.1117 | AX18: 2569.5809 | AY18: 2391.156 | AZ18: 2734.674 | BA18: 2852.2912 | BB18: 3074.2372 | BC18: 3097.0069 | BD18: 3092.1965 | BE18: 3112.1533 | BF18: 3054.7849 | BG18: 3063.0817 | BH18: 3014.1125 | BI18: 2912.5594 | BJ18: 2973.2846 | BK18: 2799.1188 | BL18: 3146.9012 | BM18: 3268.7905 | BN18: 3495.016 | BO18: 3522.0628 | BP18: 3521.5023 | BQ18: 3545.6388 | BR18: 3492.3228 | BS18: 3504.4838 | BT18: 3459.1441 | BU18: 3360.9729 | BV18: 3424.8689 | BW18: 3253.7543 | BX18: 3604.6045 | BY18: 3729.7325 | BZ18: 3959.5011 | CA18: 3990.4662 | CB18: 3994.1707 | CC18: 4022.7757 | CD18: 3973.8766 | CE18: 3990.078 | CF18: 3948.0641 | CG18: 3852.2573 | CH18: 3917.464 | CI18: 3746.7913 | CJ18: 4097.6611 | CK18: 4223.2543 | CL18: 4454.417 | CM18: 4488.991 | CN18: 4498.4223 | CO18: 4534.6024 | CP18: 4494.0916 | CQ18: 4518.481 | CR18: 4473.9175 | CS18: 4403.3006 | CT18: 4419.4225 | CU18: 4289.4679 | CV18: 1 | CW18: 1
C19: Actual | CV19: 0 | CW19: 0
A20: Ac1202 | B20: desl | C20: Forecast | D20: 1769.317 | E20: 1703.0219 | F20: 1883.9633 | G20: 1719.809 | H20: 1905.4268 | I20: 1735.212 | J20: 1784.0269 | K20: 1872.1527 | L20: 1717.7498 | M20: 2080.3847 | N20: 2074.9243 | O20: 2069.6951 | P20: 2067.5215 | Q20: 1865.3161 | R20: 2032.2053 | S20: 1864.5393 | T20: 2029.3143 | U20: 1861.5335 | V20: 1908.306 | W20: 1999.8855 | X20: 1855.9582 | Y20: 2231.5647 | Z20: 2241.341 | AA20: 2250.2938 | AB20: 2258.9645 | AC20: 2064.2612 | AD20: 2236.2889 | AE20: 2072.8927 | AF20: 2242.4382 | AG20: 2080.6485 | AH20: 2134.6868 | AI20: 2234.4587 | AJ20: 2099.1693 | AK20: 2483.4469 | AL20: 2501.6819 | AM20: 2518.7766 | AN20: 2535.2372 | AO20: 2347.96 | AP20: 2527.054 | AQ20: 2370.3996 | AR20: 2546.4433 | AS20: 2391.0253 | AT20: 2451.4314 | AU20: 2557.6583 | AV20: 2428.9445 | AW20: 2819.8911 | AX20: 2844.818 | AY20: 2868.5444 | AZ20: 2891.5067 | BA20: 2710.5624 | BB20: 2895.8133 | BC20: 2745.1557 | BD20: 2927.0623 | BE20: 2777.399 | BF20: 2843.4713 | BG20: 2955.2898 | BH20: 2832.1046 | BI20: 3228.5287 | BJ20: 3258.8964 | BK20: 3288.0415 | BL20: 3316.4111 | BM20: 3140.8633 | BN20: 3331.4857 | BO20: 3186.1421 | BP20: 3373.2572 | BQ20: 3228.6414 | BR20: 3299.5519 | BS20: 3415.9742 | BT20: 3297.1733 | BU20: 3697.8238 | BV20: 3732.3645 | BW20: 3765.7565 | BX20: 3798.5672 | BY20: 3627.7307 | BZ20: 3823.3359 | CA20: 3683.1563 | CB20: 3875.4378 | CC20: 3735.7469 | CD20: 3811.0813 | CE20: 3931.2 | CF20: 3815.2578 | CG20: 4217.9873 | CH20: 4254.0822 | CI20: 4289.0144 | CJ20: 4324.1091 | CK20: 4156.6205 | CL20: 4357.8226 | CM20: 4224.7204 | CN20: 4424.8978 | CO20: 4295.6812 | CP20: 4374.337 | CQ20: 4494.8381 | CR20: 4400.0035 | CS20: 4726.7486 | CT20: 4858.0776 | CU20: 4823.9144 | CV20: -1 | CW20: 1
C21: Actual | CV21: 0 | CW21: 0
A22: Am1301 | B22: adm | C22: Forecast | D22: 26.557922 | E22: 16.017332 | F22: 24.009068 | G22: 18.191291 | H22: 15.401722 | I22: 22.969178 | J22: 11.282975 | K22: 14.762628 | L22: 18.243871 | M22: 4.3148319 | N22: 20.26132 | O22: 15.869947 | P22: 34.143157 | Q22: 19.313991 | R22: 20.304048 | S22: 15.913067 | T22: 12.206519 | U22: 19.195481 | V22: 8.0817066 | W22: 11.230621 | X22: 14.695638 | Y22: 0.81246232 | Z22: 16.772126 | AA22: 12.513428 | AB22: 30.947386 | AC22: 16.243552 | AD22: 17.310297 | AE22: 12.94412 | AF22: 9.2252023 | AG22: 16.190091 | AH22: 5.0623475 | AI22: 8.2177824 | AJ22: 11.710824 | AK22: -2.1287125 | AL22: 13.881428 | AM22: 9.6733015 | AN22: 28.154473 | AO22: 13.493304 | AP22: 14.598139 | AQ22: 10.265725 | AR22: 6.5764785 | AS22: 13.567491 | AT22: 2.4634395 | AU22: 5.6417466 | AV22: 9.158562 | AW22: -4.6549959 | AX22: 11.383802 | AY22: 7.2065777 | AZ22: 25.719831 | BA22: 11.090669 | BB22: 12.22642 | BC22: 7.9232818 | BD22: 4.2616081 | BE22: 11.278745 | BF22: 0.19973634 | BG22: 3.4023137 | BH22: 6.9428179 | BI22: -6.8475214 | BJ22: 9.2141484 | BK22: 5.0596703 | BL22: 23.595885 | BM22: 8.9903058 | BN22: 10.150597 | BO22: 5.8730712 | BP22: 2.2378412 | BQ22: 9.2816165 | BR22: -1.7715173 | BS22: 1.4550845 | BT22: 5.0168138 | BU22: -8.7556336 | BV22: 7.3206911 | BW22: 3.1784739 | BX22: 21.726126 | BY22: 7.133321 | BZ22: 8.3101455 | CA22: 4.0550916 | CB22: 0.44948358 | CC22: 7.5295819 | CD22: -3.4835413 | CE22: -0.21854567 | CF22: 3.3722942 | CG22: -10.386809 | CH22: 5.6835486 | CI22: 1.5142307 | CJ22: 20.025969 | CK22: 5.4103014 | CL22: 6.5577472 | CM22: 2.350612 | CN22: -1.2297676 | CO22: 5.8354092 | CP22: -4.8380552 | CQ22: -2.1029098 | CR22: 1.437249 | CS22: -9.2037732 | CT22: -0.40192512 | CU22: 4.7806808 | CV22: 1 | CW22: 1
C23: Actual | CV23: 0 | CW23: 0
A24: Am1301 | B24: desl | C24: Forecast | D24: 17.838627 | E24: 25.415515 | F24: 17.811334 | G24: 17.782937 | H24: 19.896878 | I24: 10.996796 | J24: 14.936565 | K24: 14.581896 | L24: 10.59873 | M24: 26.734261 | N24: 22.242291 | O24: 35.006846 | P24: 15.667755 | Q24: 19.288042 | R24: 12.630537 | S24: 12.383325 | T24: 14.000385 | U24: 5.6660048 | V24: 9.3956107 | W24: 9.2688327 | X24: 5.5023533 | Y24: 21.658929 | Z24: 17.15363 | AA24: 29.828493 | AB24: 10.363303 | AC24: 13.900769 | AD24: 7.226674 | AE24: 7.0204382 | AF24: 8.7102389 | AG24: 0.44916847 | AH24: 4.2307807 | AI24: 4.1294712 | AJ24: 0.36822729 | AK24: 16.520415 | AL24: 12.010513 | AM24: 24.685163 | AN24: 5.2241736 | AO24: 8.7684514 | AP24: 2.1023762 | AQ24: 1.9052396 | AR24: 3.6060002 | AS24: -4.6416274 | AT24: -0.84445625 | AU24: -0.92948028 | AV24: -4.6755154 | AW24: 11.489401 | AX24: 6.9893114 | AY24: 19.671448 | AZ24: 0.21684984 | BA24: 3.767698 | BB24: -2.8907837 | BC24: -3.0790976 | BD24: -1.3686222 | BE24: -9.6062472 | BF24: -5.7993512 | BG24: -5.8752426 | BH24: -9.6127298 | BI24: 6.5604217 | BJ24: 2.0686585 | BK24: 14.759586 | BL24: -4.6855564 | BM24: -1.1246536 | BN24: -7.7728521 | BO24: -7.9512758 | BP24: -6.2320374 | BQ24: -14.462663 | BR24: -10.650832 | BS24: -10.723631 | BT24: -14.459051 | BU24: 1.7164615 | BV24: -2.7710997 | BW24: 9.9272585 | BX24: -9.5064111 | BY24: -5.9301132 | BZ24: -12.560202 | CA24: -12.720087 | CB24: -10.984936 | CC24: -19.205731 | CD24: -15.392875 | CE24: -15.475171 | CF24: -19.229037 | CG24: -3.076825 | CH24: -7.5862287 | CI24: 5.1020318 | CJ24: -14.315669 | CK24: -10.711594 | CL24: -17.257678 | CM24: -17.364756 | CN24: -15.571585 | CO24: -23.66411 | CP24: -20.086945 | CQ24: -20.252557 | CR24: -22.847778 | CS24: -11.064691 | CT24: -8.449302 | CU24: -2.5193421 | CV24: -1 | CW24: 1
C25: Actual | CV25: 0 | CW25: 0
A26: Am1302 | B26: adm | C26: Forecast | D26: 27.941897 | E26: 25.585754 | F26: 30.092035 | G26: 29.908072 | H26: 29.558493 | I26: 32.122741 | J26: 28.836753 | K26: 30.206445 | L26: 30.539159 | M26: 25.043933 | N26: 29.069202 | O26: 25.187936 | P26: 31.99874 | Q26: 30.596576 | R26: 34.081346 | S26: 34.119022 | T26: 33.558415 | U26: 35.850439 | V26: 32.502759 | W26: 33.699988 | X26: 34.058854 | Y26: 28.802813 | Z26: 33.203998 | AA26: 29.759441 | AB26: 36.949639 | AC26: 35.789621 | AD26: 39.369643 | AE26: 39.39885 | AF26: 38.793268 | AG26: 41.064386 | AH26: 37.753589 | AI26: 39.048925 | AJ26: 39.550404 | AK26: 34.458025 | AL26: 39.024052 | AM26: 35.733905 | AN26: 43.06391 | AO26: 42.029053 | AP26: 45.720911 | AQ26: 45.850228 | AR26: 45.335202 | AS26: 47.690658 | AT26: 44.462406 | AU26: 45.843045 | AV26: 46.4359 | AW26: 41.442032 | AX26: 46.112331 | AY26: 42.929128 | AZ26: 50.365165 | BA26: 49.432531 | BB26: 53.2213 | BC26: 53.442193 | BD26: 53.014441 | BE26: 55.454335 | BF26: 52.309025 | BG26: 53.772002 | BH26: 54.446988 | BI26: 49.535082 | BJ26: 54.287062 | BK26: 51.185172 | BL26: 58.70218 | BM26: 57.850297 | BN26: 61.71972 | BO26: 62.021149 | BP26: 61.673511 | BQ26: 64.192437 | BR26: 61.12409 | BS26: 62.660833 | BT26: 63.405433 | BU26: 58.558597 | BV26: 63.371604 | BW26: 60.328235 | BX26: 67.903686 | BY26: 67.112998 | BZ26: 71.048874 | CA26: 71.423398 | CB26: 71.155128 | CC26: 73.757291 | CD26: 70.771727 | CE26: 72.385315 | CF26: 73.194878 | CG26: 68.396513 | CH26: 73.239832 | CI26: 70.208419 | CJ26: 77.786613 | CK26: 77.003709 | CL26: 80.954378 | CM26: 81.396156 | CN26: 81.231749 | CO26: 83.937065 | CP26: 81.272423 | CQ26: 82.751758 | CR26: 83.744769 | CS26: 79.82204 | CT26: 82.312321 | CU26: 81.926074 | CV26: 1 | CW26: 1
C27: Actual | CV27: 0 | CW27: 0
A28: Am1302 | B28: desl | C28: Forecast | D28: 31.380551 | E28: 26.150817 | F28: 29.742052 | G28: 26.680523 | H28: 28.356021 | I28: 28.988406 | J28: 29.087755 | K28: 31.077767 | L28: 33.000939 | M28: 31.141555 | N28: 31.58534 | O28: 27.995519 | P28: 30.375136 | Q28: 26.360933 | R28: 29.950733 | S28: 27.318496 | T28: 29.099974 | U28: 30.059511 | V28: 30.201876 | W28: 32.09975 | X28: 33.971593 | Y28: 32.031355 | Z28: 32.42099 | AA28: 28.840478 | AB28: 31.276566 | AC28: 27.354418 | AD28: 31.058484 | AE28: 28.545484 | AF28: 30.439393 | AG28: 31.498711 | AH28: 31.725468 | AI28: 33.691849 | AJ28: 35.617981 | AK28: 33.721557 | AL28: 34.150102 | AM28: 30.609612 | AN28: 33.091556 | AO28: 29.22354 | AP28: 32.989867 | AQ28: 30.544864 | AR28: 32.508882 | AS28: 33.636811 | AT28: 33.928092 | AU28: 35.953799 | AV28: 37.934347 | AW28: 36.088651 | AX28: 36.565826 | AY28: 33.07333 | AZ28: 35.603656 | BA28: 31.784898 | BB28: 35.601374 | BC28: 33.207104 | BD28: 35.221985 | BE28: 36.400455 | BF28: 36.741605 | BG28: 38.816305 | BH28: 40.844898 | BI28: 39.046307 | BJ28: 39.569654 | BK28: 36.12234 | BL28: 38.696725 | BM28: 34.920728 | BN28: 38.778554 | BO28: 36.424286 | BP28: 38.478141 | BQ28: 39.695158 | BR28: 40.075199 | BS28: 42.189895 | BT28: 44.260101 | BU28: 42.504785 | BV28: 43.072519 | BW28: 39.669564 | BX28: 42.28669 | BY28: 38.550056 | BZ28: 42.442338 | CA28: 40.116733 | CB28: 42.193743 | CC28: 43.430181 | CD28: 43.829442 | CE28: 45.967716 | CF28: 48.071101 | CG28: 46.361878 | CH28: 46.990006 | CI28: 43.654737 | CJ28: 46.343703 | CK28: 42.667027 | CL28: 46.597281 | CM28: 44.276006 | CN28: 46.359173 | CO28: 47.508244 | CP28: 48.01672 | CQ28: 49.850785 | CR28: 52.052361 | CS28: 51.110862 | CT28: 50.705921 | CU28: 49.656763 | CV28: -1 | CW28: 1
C29: Actual | CV29: 0 | CW29: 0
A30: Am1303 | B30: adm | C30: Forecast | D30: 11388.339 | E30: 11972.454 | F30: 13808.242 | G30: 13892.995 | H30: 13895.892 | I30: 14560.565 | J30: 14034.345 | K30: 14641.946 | L30: 14510.623 | M30: 13109.052 | N30: 13298.686 | O30: 10839.834 | P30: 13609.005 | Q30: 14194.683 | R30: 16325.923 | S30: 16431.731 | T30: 16361.834 | U30: 16929.126 | V30: 16341.894 | W30: 16977.127 | X30: 16966.719 | Y30: 15760.366 | Z30: 16147.305 | AA30: 13825.841 | AB30: 16646.42 | AC30: 17202.147 | AD30: 19253.665 | AE30: 19272.151 | AF30: 19140.185 | AG30: 19685.372 | AH30: 19113.577 | AI30: 19788.918 | AJ30: 19828.207 | AK30: 18669.574 | AL30: 19096.004 | AM30: 16803.961 | AN30: 19644.528 | AO30: 20212.317 | AP30: 22269.72 | AQ30: 22289.982 | AR30: 22158.219 | AS30: 22704.814 | AT30: 22138.034 | AU30: 22823.334 | AV30: 22877.414 | AW30: 21736.976 | AX30: 22182.847 | AY30: 19909.363 | AZ30: 22766.136 | BA30: 23347.26 | BB30: 25415.466 | BC30: 25444.865 | BD30: 25321.548 | BE30: 25876.665 | BF30: 25318.89 | BG30: 26013.745 | BH30: 26077.78 | BI30: 24947.492 | BJ30: 25403.58 | BK30: 23140.388 | BL30: 26007.668 | BM30: 26599.705 | BN30: 28679.365 | BO30: 28720.711 | BP30: 28609.519 | BQ30: 29176.346 | BR30: 28629.09 | BS30: 29332.518 | BT30: 29402.704 | BU30: 28276.216 | BV30: 28734.511 | BW30: 26473.352 | BX30: 29344.327 | BY30: 29943.541 | BZ30: 32035.147 | CA30: 32093.477 | CB30: 32003.254 | CC30: 32592.61 | CD30: 32065.9 | CE30: 32783.812 | CF30: 32858.614 | CG30: 31724.574 | CH30: 32163.472 | CI30: 29874.506 | CJ30: 32717.606 | CK30: 33300.115 | CL30: 35392.841 | CM30: 35486.062 | CN30: 35459.245 | CO30: 36122.345 | CP30: 35709.908 | CQ30: 36426.657 | CR30: 36508.109 | CS30: 35609.133 | CT30: 35395.928 | CU30: 33549.447 | CV30: 1 | CW30: 1
C31: Actual | CV31: 0 | CW31: 0
A32: Am1303 | B32: desl | C32: Forecast | D32: 12403.217 | E32: 12754.232 | F32: 13999.875 | G32: 13473.188 | H32: 14433.634 | I32: 12993.679 | J32: 13352.826 | K32: 13998.239 | L32: 12802.86 | M32: 15580.094 | N32: 15836.438 | O32: 15393.752 | P32: 15012.756 | Q32: 14229.462 | R32: 15518.562 | S32: 14728.403 | T32: 15587.193 | U32: 14157.315 | V32: 14460.065 | W32: 15129.351 | X32: 14032.805 | Y32: 16962.618 | Z32: 17395.793 | AA32: 17103.428 | AB32: 16814.244 | AC32: 16060.788 | AD32: 17336.654 | AE32: 16518.82 | AF32: 17361.138 | AG32: 15940.346 | AH32: 16279.235 | AI32: 17004.421 | AJ32: 15973.055 | AK32: 18968.238 | AL32: 19461.589 | AM32: 19222.304 | AN32: 18979.252 | AO32: 18265.895 | AP32: 19576.912 | AQ32: 18790.533 | AR32: 19662.193 | AS32: 18270.504 | AT32: 18640.07 | AU32: 19398.746 | AV32: 18403.985 | AW32: 21438.206 | AX32: 21971.667 | AY32: 21772.037 | AZ32: 21566.978 | BA32: 20889.345 | BB32: 22233.844 | BC32: 21479.169 | BD32: 22381.398 | BE32: 21019.724 | BF32: 21419.134 | BG32: 22207.655 | BH32: 21242.765 | BI32: 24306.849 | BJ32: 24870.148 | BK32: 24700.368 | BL32: 24525.228 | BM32: 23877.62 | BN32: 25252.187 | BO32: 24527.408 | BP32: 25458.971 | BQ32: 24125.556 | BR32: 24551.623 | BS32: 25364.831 | BT32: 24422.619 | BU32: 27507.797 | BV32: 28091.501 | BW32: 27942.668 | BX32: 27790.323 | BY32: 27168.373 | BZ32: 28571.842 | CA32: 27878.716 | CB32: 28843.244 | CC32: 27541.851 | CD32: 27996.297 | CE32: 28831.54 | CF32: 27903.153 | CG32: 30993.507 | CH32: 31575.221 | CI32: 31421.906 | CJ32: 31269.563 | CK32: 30657.035 | CL32: 32091.576 | CM32: 31446.866 | CN32: 32476.197 | CO32: 31266.819 | CP32: 31740.782 | CQ32: 32625.689 | CR32: 31814.241 | CS32: 34296.093 | CT32: 35633.204 | CU32: 34898.813 | CV32: -1 | CW32: 1
C33: Actual | CV33: 0 | CW33: 0
A34: Am1304 | B34: adm | C34: Forecast | D34: 96.04359 | E34: 91.572248 | F34: 101.59855 | G34: 93.177487 | H34: 90.774641 | I34: 90.951577 | J34: 85.081269 | K34: 86.726904 | L34: 82.510594 | M34: 76.470534 | N34: 82.333365 | O34: 69.885936 | P34: 99.147147 | Q34: 96.766372 | R34: 108.93567 | S34: 100.3346 | T34: 97.433607 | U34: 96.74383 | V34: 90.556328 | W34: 92.207951 | X34: 88.368198 | Y34: 83.092935 | Z34: 89.791597 | AA34: 78.066273 | AB34: 107.84427 | AC34: 105.74271 | AD34: 118.02537 | AE34: 109.49161 | AF34: 106.7121 | AG34: 106.2523 | AH34: 100.40939 | AI34: 102.49186 | AJ34: 99.12884 | AK34: 94.340436 | AL34: 101.51172 | AM34: 90.232114 | AN34: 120.4246 | AO34: 118.70642 | AP34: 131.34434 | AQ34: 123.14357 | AR34: 120.68334 | AS34: 120.53914 | AT34: 115.0173 | AU34: 117.43223 | AV34: 114.41419 | AW34: 109.97992 | AX34: 117.50822 | AY34: 106.5817 | AZ34: 137.11801 | BA34: 135.73173 | BB34: 148.68963 | BC34: 140.79879 | BD34: 138.64102 | BE34: 138.79418 | BF34: 133.56617 | BG34: 136.27212 | BH34: 133.54246 | BI34: 129.39397 | BJ34: 137.20567 | BK34: 126.5607 | BL34: 157.37745 | BM34: 156.27113 | BN34: 169.50854 | BO34: 161.89586 | BP34: 160.01285 | BQ34: 160.43434 | BR34: 155.46487 | BS34: 158.41681 | BT34: 155.91951 | BU34: 151.99121 | BV34: 160.01524 | BW34: 149.58143 | BX34: 180.61598 | BY34: 179.74116 | BZ34: 193.22804 | CA34: 185.8825 | CB34: 184.27821 | CC34: 184.97824 | CD34: 180.27063 | CE34: 183.44967 | CF34: 181.12864 | CG34: 177.31884 | CH34: 185.40945 | CI34: 175.01414 | CJ34: 206.09664 | CK34: 205.33835 | CL34: 219.02296 | CM34: 212.01874 | CN34: 210.85865 | CO34: 211.99954 | CP34: 207.72704 | CQ34: 211.11403 | CR34: 208.30027 | CS34: 206.29975 | CT34: 210.03714 | CU34: 203.9606 | CV34: 1 | CW34: 1
C35: Actual | CV35: 0 | CW35: 0
A36: Am1304 | B36: desl | C36: Forecast | D36: 84.798367 | E36: 78.580887 | F36: 80.596767 | G36: 78.528469 | H36: 79.393456 | I36: 73.919093 | J36: 73.941072 | K36: 75.499869 | L36: 74.408127 | M36: 84.849754 | N36: 86.697735 | O36: 88.505448 | P36: 83.594244 | Q36: 83.374288 | R36: 85.327886 | S36: 83.42983 | T36: 83.000745 | U36: 77.345456 | V36: 77.1253 | W36: 78.744205 | X36: 78.099974 | Y36: 89.125784 | Z36: 91.654865 | AA36: 94.112412 | AB36: 89.709861 | AC36: 89.848112 | AD36: 92.047133 | AE36: 90.348134 | AF36: 90.138409 | AG36: 84.765671 | AH36: 84.90412 | AI36: 86.947388 | AJ36: 86.770091 | AK36: 98.279626 | AL36: 101.28818 | AM36: 104.20715 | AN36: 100.24071 | AO36: 100.78775 | AP36: 103.37032 | AQ36: 102.03487 | AR36: 102.17607 | AS36: 97.149762 | AT36: 97.637204 | AU36: 100.03646 | AV36: 100.22315 | AW36: 112.10241 | AX36: 115.48208 | AY36: 118.76858 | AZ36: 115.16201 | BA36: 116.05889 | BB36: 118.98082 | BC36: 117.9753 | BD36: 118.43888 | BE36: 113.72939 | BF36: 114.52971 | BG36: 117.23894 | BH36: 117.7332 | BI36: 129.91775 | BJ36: 133.60036 | BK36: 137.18735 | BL36: 133.87867 | BM36: 135.07062 | BN36: 138.28436 | BO36: 137.56663 | BP36: 138.3129 | BQ36: 133.87974 | BR36: 134.94887 | BS36: 137.91881 | BT36: 138.66601 | BU36: 151.09725 | BV36: 155.02287 | BW36: 158.85242 | BX36: 155.789 | BY36: 157.23111 | BZ36: 160.7004 | CA36: 160.24191 | CB36: 161.24709 | CC36: 157.06649 | CD36: 158.3748 | CE36: 161.56339 | CF36: 162.50408 | CG36: 175.10288 | CH36: 179.17527 | CI36: 183.14507 | CJ36: 180.23544 | CK36: 181.85667 | CL36: 185.57212 | CM36: 185.3877 | CN36: 186.71728 | CO36: 182.91267 | CP36: 184.33415 | CQ36: 187.71021 | CR36: 188.93905 | CS36: 199.96928 | CT36: 206.95744 | CU36: 209.60235 | CV36: -1 | CW36: 1
C37: Actual | CV37: 0 | CW37: 0
A38: Rr1401 | B38: adm | C38: Forecast | D38: 1628.9781 | E38: 1629.7498 | F38: 1749.1998 | G38: 1752.899 | H38: 1742.2199 | I38: 1814.7726 | J38: 1756.9953 | K38: 1783.2222 | L38: 1798.0092 | M38: 1659.7158 | N38: 1728.4397 | O38: 1605.0541 | P38: 1824.3101 | Q38: 1834.652 | R38: 1940.3038 | S38: 1944.2278 | T38: 1923.7768 | U38: 1988.1201 | V38: 1927.7146 | W38: 1955.5072 | X38: 1976.0121 | Y38: 1847.5638 | Z38: 1926.0461 | AA38: 1810.0284 | AB38: 2032.9893 | AC38: 2043.3214 | AD38: 2146.4753 | AE38: 2147.2673 | AF38: 2124.5517 | AG38: 2188.2766 | AH38: 2128.9367 | AI38: 2159.0166 | AJ38: 2182.408 | AK38: 2056.9178 | AL38: 2138.0897 | AM38: 2024.3374 | AN38: 2249.1099 | AO38: 2260.8351 | AP38: 2365.0341 | AQ38: 2366.6252 | AR38: 2344.5935 | AS38: 2409.0296 | AT38: 2350.5522 | AU38: 2381.7181 | AV38: 2406.4223 | AW38: 2282.4118 | AX38: 2365.1335 | AY38: 2252.901 | AZ38: 2479.0896 | BA38: 2492.0952 | BB38: 2597.4465 | BC38: 2600.0958 | BD38: 2579.0716 | BE38: 2644.5012 | BF38: 2587.0259 | BG38: 2619.2103 | BH38: 2644.9466 | BI38: 2521.9751 | BJ38: 2605.7376 | BK38: 2494.5475 | BL38: 2721.7853 | BM38: 2735.8541 | BN38: 2842.2875 | BO38: 2846.0348 | BP38: 2826.1093 | BQ38: 2892.611 | BR38: 2836.145 | BS38: 2869.2403 | BT38: 2895.7669 | BU38: 2773.4682 | BV38: 2857.8221 | BW38: 2747.2101 | BX38: 2975.1008 | BY38: 2989.9845 | BZ38: 3097.455 | CA38: 3102.4729 | CB38: 3083.9977 | CC38: 3152.0128 | CD38: 3096.9557 | CE38: 3131.1704 | CF38: 3158.354 | CG38: 3036.1531 | CH38: 3120.0654 | CI38: 3008.6138 | CJ38: 3235.6379 | CK38: 3250.2402 | CL38: 3358.0804 | CM38: 3365.1954 | CN38: 3350.226 | CO38: 3421.7341 | CP38: 3374.0611 | CQ38: 3408.1858 | CR38: 3432.3907 | CS38: 3338.7577 | CT38: 3356.6747 | CU38: 3300.3564 | CV38: 1 | CW38: 1
C39: Actual | CV39: 0 | CW39: 0
A40: Rr1401 | B40: desl | C40: Forecast | D40: 1830.653 | E40: 1650.3935 | F40: 1864.9591 | G40: 1717.2252 | H40: 1822.2261 | I40: 1742.3945 | J40: 1738.7411 | K40: 1800.4879 | L40: 1686.9631 | M40: 1800.8774 | N40: 1813.804 | O40: 1711.8609 | P40: 1927.5504 | Q40: 1791.2198 | R40: 1998.4343 | S40: 1847.2047 | T40: 1944.7079 | U40: 1865.9235 | V40: 1856.9972 | W40: 1921.7626 | X40: 1814.8411 | Y40: 1939.2015 | Z40: 1962.3986 | AA40: 1868.3356 | AB40: 2087.8458 | AC40: 1951.6262 | AD40: 2156.7134 | AE40: 2002.9872 | AF40: 2099.0205 | AG40: 2020.4641 | AH40: 2013.377 | AI40: 2081.0711 | AJ40: 1977.5414 | AK40: 2105.2614 | AL40: 2131.5038 | AM40: 2040.0698 | AN40: 2261.7887 | AO40: 2127.3949 | AP40: 2333.9858 | AQ40: 2181.5314 | AR40: 2278.7258 | AS40: 2201.3564 | AT40: 2195.6012 | AU40: 2264.8405 | AV40: 2163.0689 | AW40: 2292.6975 | AX40: 2320.9016 | AY40: 2231.3849 | AZ40: 2454.9075 | BA40: 2322.1766 | BB40: 2530.3009 | BC40: 2379.2858 | BD40: 2477.8678 | BE40: 2401.8694 | BF40: 2397.4899 | BG40: 2468.1168 | BH40: 2367.743 | BI40: 2498.7747 | BJ40: 2528.3835 | BK40: 2440.2733 | BL40: 2665.2069 | BM40: 2533.8945 | BN40: 2743.4434 | BO40: 2593.8499 | BP40: 2693.8316 | BQ40: 2619.1843 | BR40: 2616.0781 | BS40: 2687.8779 | BT40: 2588.5698 | BU40: 2720.5774 | BV40: 2751.1165 | BW40: 2663.9561 | BX40: 2889.933 | BY40: 2759.8211 | BZ40: 2970.7613 | CA40: 2822.7368 | CB40: 2924.3963 | CC40: 2851.4131 | CD40: 2849.8006 | CE40: 2922.7586 | CF40: 2824.1489 | CG40: 2956.3572 | CH40: 2986.6872 | CI40: 2899.1324 | CJ40: 3124.975 | CK40: 2995.25 | CL40: 3207.668 | CM40: 3062.3852 | CN40: 3167.7007 | CO40: 3099.6279 | CP40: 3102.501 | CQ40: 3173.9936 | CR40: 3087.1105 | CS40: 3195.723 | CT40: 3240.3753 | CU40: 3152.8794 | CV40: -1 | CW40: 1
C41: Actual | CV41: 0 | CW41: 0
A42: Rr1402 | B42: adm | C42: Forecast | D42: 85.08853 | E42: 75.347942 | F42: 82.171626 | G42: 79.157025 | H42: 76.611669 | I42: 77.716972 | J42: 71.697849 | K42: 69.952822 | L42: 67.364954 | M42: 59.046031 | N42: 61.404469 | O42: 57.596517 | P42: 69.749626 | Q42: 73.457121 | R42: 80.4498 | S42: 81.174245 | T42: 79.230133 | U42: 80.990815 | V42: 75.302864 | W42: 73.627197 | X42: 71.41723 | Y42: 63.783547 | Z42: 67.116689 | AA42: 64.403901 | AB42: 77.540935 | AC42: 81.961689 | AD42: 89.348539 | AE42: 90.211388 | AF42: 88.275547 | AG42: 90.041114 | AH42: 84.440576 | AI42: 82.965548 | AJ42: 81.056027 | AK42: 73.786815 | AL42: 77.510173 | AM42: 75.184213 | AN42: 88.68718 | AO42: 93.444308 | AP42: 101.1347 | AQ42: 102.26868 | AR42: 100.57574 | AS42: 102.5641 | AT42: 97.177291 | AU42: 95.918455 | AV42: 94.236494 | AW42: 87.21022 | AX42: 91.190428 | AY42: 89.129554 | AZ42: 102.89839 | BA42: 107.91548 | BB42: 115.85568 | BC42: 117.22809 | BD42: 115.76335 | BE42: 117.97212 | BF42: 112.80051 | BG42: 111.75356 | BH42: 110.28117 | BI42: 103.46249 | BJ42: 107.64835 | BK42: 105.7914 | BL42: 119.76311 | BM42: 124.98306 | BN42: 133.1273 | BO42: 134.70571 | BP42: 133.4487 | BQ42: 135.86528 | BR42: 130.89834 | BS42: 130.04864 | BT42: 128.76166 | BU42: 122.11335 | BV42: 126.45401 | BW42: 124.73937 | BX42: 138.84764 | BY42: 144.2079 | BZ42: 152.50643 | CA42: 154.26143 | CB42: 153.20708 | CC42: 155.8494 | CD42: 151.12062 | CE42: 150.50369 | CF42: 149.42138 | CG42: 142.92645 | CH42: 147.35342 | CI42: 145.65138 | CJ42: 159.71634 | CK42: 165.01697 | CL42: 173.27826 | CM42: 175.10065 | CN42: 174.26256 | CO42: 177.16936 | CP42: 173.12291 | CQ42: 172.70049 | CR42: 171.87695 | CS42: 166.84262 | CT42: 168.36212 | CU42: 169.03319 | CV42: 1 | CW42: 1
C43: Actual | CV43: 0 | CW43: 0
A44: Rr1402 | B44: desl | C44: Forecast | D44: 76.995513 | E44: 78.36382 | F44: 83.978285 | G44: 74.826367 | H44: 78.359795 | I44: 70.019523 | J44: 70.577064 | K44: 70.509427 | L44: 60.065785 | M44: 68.822791 | N44: 62.317684 | O44: 59.269567 | P44: 69.028332 | Q44: 66.942637 | R44: 78.641339 | S44: 70.650796 | T44: 76.233585 | U44: 69.051631 | V44: 70.148492 | W44: 70.435581 | X44: 60.267876 | Y44: 69.462249 | Z44: 63.6426 | AA44: 61.488702 | AB44: 72.200552 | AC44: 70.96808 | AD44: 83.315208 | AE44: 75.741116 | AF44: 81.557873 | AG44: 74.518691 | AH44: 75.756411 | AI44: 76.241988 | AJ44: 66.351074 | AK44: 75.890429 | AL44: 70.4591 | AM44: 68.710738 | AN44: 79.825105 | AO44: 78.979393 | AP44: 91.690679 | AQ44: 84.45514 | AR44: 90.584832 | AS44: 83.83607 | AT44: 85.347928 | AU44: 86.099778 | AV44: 76.475884 | AW44: 86.289519 | AX44: 81.142519 | AY44: 79.68729 | AZ44: 91.099326 | BA44: 90.550323 | BB44: 103.55245 | BC44: 96.598791 | BD44: 103.00047 | BE44: 96.514623 | BF44: 98.282152 | BG44: 99.284408 | BH44: 89.907269 | BI44: 99.965044 | BJ44: 95.060106 | BK44: 93.845113 | BL44: 105.49575 | BM44: 105.18395 | BN44: 118.42216 | BO44: 111.70362 | BP44: 118.33928 | BQ44: 112.08557 | BR44: 114.08206 | BS44: 115.30825 | BT44: 106.148 | BU44: 116.41388 | BV44: 111.70752 | BW44: 110.68236 | BX44: 122.51667 | BY44: 122.38663 | BZ44: 135.80992 | CA44: 129.28474 | CB44: 136.12533 | CC44: 130.08815 | CD44: 132.3087 | CE44: 133.75779 | CF44: 124.80797 | CG44: 135.25906 | CH44: 130.70258 | CI44: 129.78898 | CJ44: 141.70526 | CK44: 141.62741 | CL44: 155.1245 | CM44: 148.68814 | CN44: 155.66483 | CO44: 149.87921 | CP44: 152.30025 | CQ44: 153.93976 | CR44: 146.00967 | CS44: 154.56542 | CT44: 153.63792 | CU44: 150.03489 | CV44: -1 | CW44: 1
C45: Actual | CV45: 0 | CW45: 0
A46: Pa1501 | B46: adm | C46: Forecast | D46: 1146.2576 | E46: 1234.9614 | F46: 1337.4403 | G46: 1337.0007 | H46: 1275.0842 | I46: 1326.2509 | J46: 1248.114 | K46: 1298.2685 | L46: 1306.9589 | M46: 1193.2647 | N46: 1295.2311 | O46: 1115.1499 | P46: 1326.7988 | Q46: 1370.7497 | R46: 1472.9487 | S46: 1477.3238 | T46: 1405.3943 | U46: 1450.6251 | V46: 1377.1945 | W46: 1435.7029 | X46: 1459.6444 | Y46: 1364.7731 | Z46: 1482.9093 | AA46: 1312.1476 | AB46: 1525.0274 | AC46: 1563.7098 | AD46: 1657.7695 | AE46: 1655.1705 | AF46: 1580.1172 | AG46: 1626.7668 | AH46: 1558.3604 | AI46: 1623.7458 | AJ46: 1654.7122 | AK46: 1565.8842 | AL46: 1688.6338 | AM46: 1521.1242 | AN46: 1736.2215 | AO46: 1776.4581 | AP46: 1871.7286 | AQ46: 1870.2616 | AR46: 1796.489 | AS46: 1844.7553 | AT46: 1778.4176 | AU46: 1846.3333 | AV46: 1880.1852 | AW46: 1794.4065 | AX46: 1920.153 | AY46: 1755.4129 | AZ46: 1972.963 | BA46: 2015.3425 | BB46: 2112.5256 | BC46: 2112.8524 | BD46: 2040.8572 | BE46: 2090.9512 | BF46: 2026.5149 | BG46: 2096.3945 | BH46: 2132.2441 | BI46: 2048.4679 | BJ46: 2176.2039 | BK46: 2013.4372 | BL46: 2232.9525 | BM46: 2277.2992 | BN46: 2376.4544 | BO46: 2378.7446 | BP46: 2308.6712 | BQ46: 2360.597 | BR46: 2297.8507 | BS46: 2369.2412 | BT46: 2406.4195 | BU46: 2323.8352 | BV46: 2452.721 | BW46: 2291.1922 | BX46: 2512.1687 | BY46: 2558.3003 | BZ46: 2659.5915 | CA46: 2664.2986 | CB46: 2596.7515 | CC46: 2651.0636 | CD46: 2590.2793 | CE46: 2662.9528 | CF46: 2700.5717 | CG46: 2617.5998 | CH46: 2745.5007 | CI46: 2582.8461 | CJ46: 2803.253 | CK46: 2850.2467 | CL46: 2954.071 | CM46: 2963.7579 | CN46: 2902.9007 | CO46: 2963.8428 | CP46: 2910.3665 | CQ46: 2983.4548 | CR46: 3015.0066 | CS46: 2951.4073 | CT46: 3016.1355 | CU46: 2904.4602 | CV46: 1 | CW46: 1
C47: Actual | CV47: 0 | CW47: 0
A48: Pa1501 | B48: desl | C48: Forecast | D48: 1412.8857 | E48: 1321.8601 | F48: 1453.3331 | G48: 1300.2864 | H48: 1344.8923 | I48: 1197.667 | J48: 1150.3911 | K48: 1220.8265 | L48: 1114.3414 | M48: 1356.6453 | N48: 1471.3294 | O48: 1442.7716 | P48: 1534.3017 | Q48: 1375.091 | R48: 1480.8343 | S48: 1323.6915 | T48: 1349.3727 | U48: 1207.2919 | V48: 1164.5196 | W48: 1244.1994 | X48: 1157.4979 | Y48: 1422.7822 | Z48: 1559.7035 | AA48: 1546.8984 | AB48: 1644.4756 | AC48: 1482.5957 | AD48: 1580.6985 | AE48: 1415.637 | AF48: 1436.8567 | AG48: 1295.4515 | AH48: 1258.1045 | AI48: 1346.2597 | AJ48: 1269.0475 | AK48: 1543.2037 | AL48: 1687.4919 | AM48: 1680.3538 | AN48: 1782.1347 | AO48: 1623.4022 | AP48: 1724.0151 | AQ48: 1561.2016 | AR48: 1584.7341 | AS48: 1445.9765 | AT48: 1411.7943 | AU48: 1503.6874 | AV48: 1430.6991 | AW48: 1709.3606 | AX48: 1858.1766 | AY48: 1855.3536 | AZ48: 1961.0878 | BA48: 1805.91 | BB48: 1909.7406 | BC48: 1749.9272 | BD48: 1776.3702 | BE48: 1640.5334 | BF48: 1609.3361 | BG48: 1704.2883 | BH48: 1634.4157 | BI48: 1916.2219 | BJ48: 2068.1891 | BK48: 2068.5124 | BL48: 2177.3854 | BM48: 2025.3371 | BN48: 2132.2768 | BO48: 1975.5241 | BP48: 2004.9333 | BQ48: 1871.9111 | BR48: 1843.3244 | BS48: 1940.6569 | BT48: 1872.9541 | BU48: 2156.7971 | BV48: 2310.7982 | BW48: 2313.3114 | BX48: 2424.6783 | BY48: 2275.5181 | BZ48: 2385.733 | CA48: 2232.5172 | CB48: 2265.4879 | CC48: 2135.7372 | CD48: 2109.8028 | CE48: 2208.8935 | CF48: 2141.927 | CG48: 2425.5775 | CH48: 2578.8031 | CI48: 2580.6233 | CJ48: 2692.2927 | CK48: 2545.0861 | CL48: 2659.8851 | CM48: 2513.5462 | CN48: 2554.7385 | CO48: 2435.0042 | CP48: 2412.6053 | CQ48: 2512.4056 | CR48: 2454.3364 | CS48: 2689.0101 | CT48: 2882.5772 | CU48: 2866.6802 | CV48: -1 | CW48: 1
C49: Actual | CV49: 0 | CW49: 0
A50: Pa1502 | B50: adm | C50: Forecast | D50: 132.08307 | E50: 145.11543 | F50: 147.37664 | G50: 150.37329 | H50: 140.02493 | I50: 158.61467 | J50: 146.13007 | K50: 150.69347 | L50: 158.23882 | M50: 117.34352 | N50: 120.75994 | O50: 103.72448 | P50: 137.50447 | Q50: 148.42498 | R50: 153.12103 | S50: 155.76125 | T50: 145.73071 | U50: 163.46895 | V50: 150.56499 | W50: 155.09903 | X50: 162.65801 | Y50: 122.00397 | Z50: 125.42344 | AA50: 108.01804 | AB50: 141.15771 | AC50: 151.26853 | AD50: 155.13804 | AE50: 157.07761 | AF50: 146.52636 | AG50: 163.90091 | AH50: 150.72536 | AI50: 155.00713 | AJ50: 162.28257 | AK50: 121.29562 | AL50: 124.33757 | AM50: 106.52465 | AN50: 139.24184 | AO50: 148.92585 | AP50: 152.3708 | AQ50: 153.89337 | AR50: 142.93811 | AS50: 159.92661 | AT50: 146.38568 | AU50: 150.32148 | AV50: 157.26507 | AW50: 115.95288 | AX50: 118.66905 | AY50: 100.52526 | AZ50: 132.90564 | BA50: 142.24926 | BB50: 145.35438 | BC50: 146.54183 | BD50: 135.259 | BE50: 151.92848 | BF50: 138.07639 | BG50: 141.70725 | BH50: 148.35029 | BI50: 106.7406 | BJ50: 109.1618 | BK50: 90.725988 | BL50: 122.81835 | BM50: 131.87929 | BN50: 134.70817 | BO50: 135.62617 | BP50: 124.08001 | BQ50: 140.49054 | BR50: 126.38133 | BS50: 129.75417 | BT50: 136.13622 | BU50: 94.26195 | BV50: 96.416385 | BW50: 77.715187 | BX50: 109.54887 | BY50: 118.36396 | BZ50: 120.96513 | CA50: 121.67648 | CB50: 109.94349 | CC50: 126.18069 | CD50: 111.90028 | CE50: 115.08947 | CF50: 121.25965 | CG50: 79.137059 | CH50: 81.010953 | CI50: 61.998292 | CJ50: 93.53448 | CK50: 102.10958 | CL50: 104.4832 | CM50: 105.17932 | CN50: 93.419594 | CO50: 109.59079 | CP50: 96.330466 | CQ50: 97.826765 | CR50: 104.98178 | CS50: 68.719032 | CT50: 58.118528 | CU50: 49.642376 | CV50: 1 | CW50: 1
C51: Actual | CV51: 0 | CW51: 0
A52: Pa1502 | B52: desl | C52: Forecast | D52: 151.48156 | E52: 147.01862 | F52: 160.08854 | G52: 149.53276 | H52: 158.25853 | I52: 145.96313 | J52: 157.01457 | K52: 165.59106 | L52: 149.85492 | M52: 183.97319 | N52: 183.87714 | O52: 167.37527 | P52: 163.58164 | Q52: 143.75855 | R52: 150.49888 | S52: 136.1696 | T52: 144.32763 | U52: 133.38273 | V52: 145.78148 | W52: 155.13187 | X52: 139.16576 | Y52: 171.92665 | Z52: 169.80991 | AA52: 151.3112 | AB52: 146.09114 | AC52: 125.69438 | AD52: 132.67403 | AE52: 119.08428 | AF52: 128.07937 | AG52: 117.75043 | AH52: 130.39202 | AI52: 139.62333 | AJ52: 123.28761 | AK52: 155.5644 | AL52: 152.95963 | AM52: 134.03595 | AN52: 128.48191 | AO52: 107.84571 | AP52: 114.67228 | AQ52: 101.0009 | AR52: 109.9641 | AS52: 99.624796 | AT52: 112.24665 | AU52: 121.4224 | AV52: 104.98055 | AW52: 137.10103 | AX52: 134.30373 | AY52: 115.17272 | AZ52: 109.41794 | BA52: 88.602756 | BB52: 95.27814 | BC52: 81.481041 | BD52: 90.336457 | BE52: 79.898389 | BF52: 92.423259 | BG52: 101.49967 | BH52: 84.95492 | BI52: 116.96953 | BJ52: 114.06429 | BK52: 94.823383 | BL52: 88.955569 | BM52: 68.022072 | BN52: 74.571739 | BO52: 60.64074 | BP52: 69.355959 | BQ52: 58.776743 | BR52: 71.168098 | BS52: 80.128912 | BT52: 63.495699 | BU52: 95.453649 | BV52: 92.520579 | BW52: 73.268548 | BX52: 67.386041 | BY52: 46.409746 | BZ52: 52.865897 | CA52: 38.777087 | CB52: 47.271451 | CC52: 36.427415 | CD52: 48.545826 | CE52: 57.272778 | CF52: 40.495689 | CG52: 72.441464 | CH52: 69.644332 | CI52: 50.67499 | CJ52: 45.144166 | CK52: 24.478513 | CL52: 31.1363 | CM52: 16.859996 | CN52: 24.857119 | CO52: 13.369875 | CP52: 23.402878 | CQ52: 32.777038 | CR52: 14.383369 | CS52: 41.081649 | CT52: 47.625238 | CU52: 24.052643 | CV52: -1 | CW52: 1
C53: Actual | CV53: 0 | CW53: 0
A54: Pa1503 | B54: adm | C54: Forecast | D54: 10262.679 | E54: 10602.045 | F54: 11119.471 | G54: 11562.143 | H54: 11353.419 | I54: 11770.91 | J54: 11332.243 | K54: 11610.403 | L54: 11786.52 | M54: 10917.098 | N54: 11487.455 | O54: 10602.643 | P54: 11391.09 | Q54: 11818.284 | R54: 12434.058 | S54: 12867.511 | T54: 12592.176 | U54: 12965.857 | V54: 12499.62 | W54: 12793.489 | X54: 13032.388 | Y54: 12266.83 | Z54: 12949.269 | AA54: 12155.263 | AB54: 12997.316 | AC54: 13438.269 | AD54: 14039.318 | AE54: 14448.375 | AF54: 14155.483 | AG54: 14527.842 | AH54: 14078.035 | AI54: 14401.88 | AJ54: 14677.864 | AK54: 13950.694 | AL54: 14668.958 | AM54: 13906.366 | AN54: 14775.005 | AO54: 15238.038 | AP54: 15857.36 | AQ54: 16281.894 | AR54: 16002.988 | AS54: 16389.299 | AT54: 15954.731 | AU54: 16295.943 | AV54: 16591.574 | AW54: 15885.811 | AX54: 16626.286 | AY54: 15885.666 | AZ54: 16775.221 | BA54: 17257.708 | BB54: 17895.038 | BC54: 18336.443 | BD54: 18073.703 | BE54: 18475.861 | BF54: 18057.076 | BG54: 18414.114 | BH54: 18725.613 | BI54: 18035.718 | BJ54: 18792.036 | BK54: 18067.259 | BL54: 18972.725 | BM54: 19471.267 | BN54: 20124.826 | BO54: 20582.56 | BP54: 20336.036 | BQ54: 20753.951 | BR54: 20350.044 | BS54: 20720.699 | BT54: 21044.353 | BU54: 20365.254 | BV54: 21131.482 | BW54: 20416.542 | BX54: 21332.772 | BY54: 21843.959 | BZ54: 22512.67 | CA54: 22988.113 | CB54: 22761.167 | CC54: 23199.116 | CD54: 22813.708 | CE54: 23199.121 | CF54: 23531.824 | CG54: 22855.039 | CH54: 23617.328 | CI54: 22894.436 | CJ54: 23803.434 | CK54: 24314.26 | CL54: 24992.889 | CM54: 25495.983 | CN54: 25310.646 | CO54: 25793.771 | CP54: 25470.775 | CQ54: 25862.016 | CR54: 26202.129 | CS54: 25650.764 | CT54: 26046.886 | CU54: 25632.738 | CV54: 1 | CW54: 1
C55: Actual | CV55: 0 | CW55: 0
A56: Pa1503 | B56: desl | C56: Forecast | D56: 11429.285 | E56: 11170.726 | F56: 11857.989 | G56: 11346.823 | H56: 11725.022 | I56: 10868.951 | J56: 10890.742 | K56: 11398.617 | L56: 10685.043 | M56: 12234.547 | N56: 12585.575 | O56: 12184.222 | P56: 12124.082 | Q56: 11636.228 | R56: 12404.313 | S56: 11826.123 | T56: 12132.02 | U56: 11315.501 | V56: 11334.765 | W56: 11883.808 | X56: 11249.178 | Y56: 12893.737 | Z56: 13344.237 | AA56: 13025.953 | AB56: 13020.864 | AC56: 12561.67 | AD56: 13342.227 | AE56: 12773.357 | AF56: 13095.689 | AG56: 12307.571 | AH56: 12366.726 | AI56: 12963.457 | AJ56: 12379.737 | AK56: 14074.659 | AL56: 14572.776 | AM56: 14298.57 | AN56: 14334.043 | AO56: 13912.271 | AP56: 14727.657 | AQ56: 14191.737 | AR56: 14546.025 | AS56: 13789.819 | AT56: 13881.655 | AU56: 14512.291 | AV56: 13963.681 | AW56: 15694.48 | AX56: 16228.558 | AY56: 15989.714 | AZ56: 16059.46 | BA56: 15670.671 | BB56: 16517.817 | BC56: 16012.667 | BD56: 16397.021 | BE56: 15670.422 | BF56: 15791.56 | BG56: 16451.265 | BH56: 15931.519 | BI56: 17690.988 | BJ56: 18253.575 | BK56: 18043.125 | BL56: 18141.193 | BM56: 17780.655 | BN56: 18655.906 | BO56: 18178.542 | BP56: 18590.093 | BQ56: 17889.783 | BR56: 18036.021 | BS56: 18719.493 | BT56: 18222.269 | BU56: 20003.389 | BV56: 20587.38 | BW56: 20398.846 | BX56: 20520.051 | BY56: 20184.318 | BZ56: 21086.041 | CA56: 20636.277 | CB56: 21075.497 | CC56: 20401.486 | CD56: 20571.099 | CE56: 21273.639 | CF56: 20790.457 | CG56: 22580.848 | CH56: 23170.821 | CI56: 22988.196 | CJ56: 23119.754 | CK56: 22801.215 | CL56: 23733.44 | CM56: 23323.997 | CN56: 23809.84 | CO56: 23192.95 | CP56: 23378.402 | CQ56: 24093.901 | CR56: 23692.722 | CS56: 25138.211 | CT56: 26147.369 | CU56: 25745.56 | CV56: -1 | CW56: 1
C57: Actual | CV57: 0 | CW57: 0
A58: Pa1504 | B58: adm | C58: Forecast | D58: 1705.7568 | E58: 1744.0076 | F58: 1934.0426 | G58: 1919.1726 | H58: 1856.4918 | I58: 1904.0561 | J58: 1749.5847 | K58: 1857.4758 | L58: 1890.6858 | M58: 1672.9436 | N58: 1874.0967 | O58: 1574.3059 | P58: 1833.9716 | Q58: 1859.3945 | R58: 2116.0283 | S58: 2145.8604 | T58: 2074.9415 | U58: 2122.7649 | V58: 1975.0901 | W58: 2092.2625 | X58: 2149.4393 | Y58: 1964.4324 | Z58: 2197.4357 | AA58: 1920.6664 | AB58: 2190.4176 | AC58: 2213.9911 | AD58: 2461.8921 | AE58: 2482.501 | AF58: 2406.6775 | AG58: 2455.8543 | AH58: 2315.1034 | AI58: 2442.5601 | AJ58: 2510.9614 | AK58: 2336.3623 | AL58: 2578.1211 | AM58: 2308.3605 | AN58: 2583.659 | AO58: 2611.6867 | AP58: 2863.2825 | AQ58: 2887.1397 | AR58: 2814.4515 | AS58: 2866.9962 | AT58: 2730.1346 | AU58: 2862.1462 | AV58: 2935.7178 | AW58: 2766.681 | AX58: 3014.0799 | AY58: 2749.7405 | AZ58: 3030.049 | BA58: 3062.6231 | BB58: 3318.3716 | BC58: 3346.1262 | BD58: 3277.2258 | BE58: 3333.5561 | BF58: 3200.5292 | BG58: 3336.4265 | BH58: 3413.909 | BI58: 3248.7796 | BJ58: 3500.068 | BK58: 3239.6067 | BL58: 3523.8038 | BM58: 3560.301 | BN58: 3820.0147 | BO58: 3851.7527 | BP58: 3786.7897 | BQ58: 3846.9122 | BR58: 3717.4191 | BS58: 3856.4986 | BT58: 3936.7782 | BU58: 3774.1184 | BV58: 4027.7084 | BW58: 3769.6216 | BX58: 4056.5377 | BY58: 4096.3286 | BZ58: 4360.0258 | CA58: 4396.3799 | CB58: 4336.4139 | CC58: 4401.4889 | CD58: 4276.3619 | CE58: 4418.663 | CF58: 4500.5646 | CG58: 4337.7558 | CH58: 4589.6642 | CI58: 4329.0883 | CJ58: 4614.1191 | CK58: 4654.3063 | CL58: 4921.5365 | CM58: 4966.467 | CN58: 4918.4345 | CO58: 4996.2005 | CP58: 4886.6349 | CQ58: 5026.5962 | CR58: 5109.5992 | CS58: 4976.86 | CT58: 5121.9135 | CU58: 4974.5326 | CV58: 1 | CW58: 1
C59: Actual | CV59: 0 | CW59: 0
A60: Pa1504 | B60: desl | C60: Forecast | D60: 1975.2874 | E60: 1826.2788 | F60: 2058.2286 | G60: 1851.8993 | H60: 1966.7951 | I60: 1812.9763 | J60: 1789.5453 | K60: 1807.1921 | L60: 1672.6921 | M60: 1880.9546 | N60: 1908.2967 | O60: 1858.7174 | P60: 2074.7568 | Q60: 1858.641 | R60: 2066.8178 | S60: 1865.3386 | T60: 1982.3275 | U60: 1842.3512 | V60: 1828.2415 | W60: 1857.7863 | X60: 1739.8828 | Y60: 1967.9008 | Z60: 2017.6177 | AA60: 1989.5396 | AB60: 2222.7052 | AC60: 2017.7186 | AD60: 2231.5285 | AE60: 2032.3598 | AF60: 2151.0797 | AG60: 2014.4838 | AH60: 2006.485 | AI60: 2044.7879 | AJ60: 1937.4324 | AK60: 2176.6791 | AL60: 2237.3726 | AM60: 2219.4643 | AN60: 2461.8048 | AO60: 2265.0586 | AP60: 2486.3571 | AQ60: 2294.1471 | AR60: 2419.5222 | AS60: 2289.4944 | AT60: 2288.1657 | AU60: 2333.3747 | AV60: 2233.2133 | AW60: 2479.9011 | AX60: 2548.1655 | AY60: 2537.8039 | AZ60: 2787.5225 | BA60: 2597.8903 | BB60: 2826.0078 | BC60: 2640.3498 | BD60: 2772.0734 | BE60: 2648.2633 | BF60: 2653.0808 | BG60: 2704.4001 | BH60: 2610.3256 | BI60: 2863.0737 | BJ60: 2937.3632 | BK60: 2932.9845 | BL60: 3188.6423 | BM60: 3004.9063 | BN60: 3238.875 | BO60: 3059.0117 | BP60: 3196.4481 | BQ60: 3078.2297 | BR60: 3088.4715 | BS60: 3145.0076 | BT60: 3055.9243 | BU60: 3313.457 | BV60: 3392.3873 | BW60: 3392.6071 | BX60: 3652.9411 | BY60: 3474.0682 | BZ60: 3713.1507 | CA60: 3538.6424 | CB60: 3681.5795 | CC60: 3568.8301 | CD60: 3584.2767 | CE60: 3645.5033 | CF60: 3560.3894 | CG60: 3821.0646 | CH60: 3902.3586 | CI60: 3904.4619 | CJ60: 4166.703 | CK60: 3990.3037 | CL60: 4233.3496 | CM60: 4064.4793 | CN60: 4214.7678 | CO60: 4111.4748 | CP60: 4132.8198 | CQ60: 4200.5934 | CR60: 4121.8677 | CS60: 4357.2441 | CT60: 4467.1654 | CU60: 4462.3193 | CV60: -1 | CW60: 1
C61: Actual | CV61: 0 | CW61: 0
A62: Pa1505 | B62: adm | C62: Forecast | D62: 1493.4897 | E62: 1939.9273 | F62: 2250.7789 | G62: 2351.5955 | H62: 2293.3181 | I62: 2338.394 | J62: 2124.24 | K62: 2095.7007 | L62: 2045.2723 | M62: 1738.1281 | N62: 1829.1099 | O62: 1677.4108 | P62: 2168.5399 | Q62: 2451.6271 | R62: 2749.4406 | S62: 2813.7016 | T62: 2708.7557 | U62: 2707.7587 | V62: 2462.7256 | W62: 2429.0843 | X62: 2397.9341 | Y62: 2133.1818 | Z62: 2277.2222 | AA62: 2173.3729 | AB62: 2695.3681 | AC62: 2987.8408 | AD62: 3277.4248 | AE62: 3324.8482 | AF62: 3203.5232 | AG62: 3192.7154 | AH62: 2946.7354 | AI62: 2920.0737 | AJ62: 2901.0716 | AK62: 2650.569 | AL62: 2808.5711 | AM62: 2716.9941 | AN62: 3248.9818 | AO62: 3549.0687 | AP62: 3844.0797 | AQ62: 3895.1705 | AR62: 3776.4008 | AS62: 3767.8273 | AT62: 3524.5389 | AU62: 3501.6042 | AV62: 3487.6004 | AW62: 3243.2279 | AX62: 3408.0664 | AY62: 3323.4885 | AZ62: 3862.1555 | BA62: 4168.3032 | BB62: 4468.6794 | BC62: 4524.5423 | BD62: 4410.1492 | BE62: 4405.7606 | BF62: 4166.6146 | BG62: 4147.8523 | BH62: 4138.0598 | BI62: 3897.9167 | BJ62: 4066.9881 | BK62: 3986.6642 | BL62: 4529.6611 | BM62: 4840.2906 | BN62: 5145.3644 | BO62: 5206.1507 | BP62: 5096.8274 | BQ62: 5097.4737 | BR62: 4863.0639 | BS62: 4848.4508 | BT62: 4841.9934 | BU62: 4604.2954 | BV62: 4775.065 | BW62: 4696.0726 | BX62: 5240.6047 | BY62: 5553.6234 | BZ62: 5862.5155 | CA62: 5928.8816 | CB62: 5826.8406 | CC62: 5835.9284 | CD62: 5610.0824 | CE62: 5602.7351 | CF62: 5600.676 | CG62: 5363.2344 | CH62: 5529.6244 | CI62: 5442.3031 | CJ62: 5976.9784 | CK62: 6282.2936 | CL62: 6589.0496 | CM62: 6663.7175 | CN62: 6579.8711 | CO62: 6614.339 | CP62: 6422.5833 | CQ62: 6425.8617 | CR62: 6445.2614 | CS62: 6247.7712 | CT62: 6305.2803 | CU62: 6275.1334 | CV62: 1 | CW62: 1
C63: Actual | CV63: 0 | CW63: 0
A64: Pa1505 | B64: desl | C64: Forecast | D64: 2022.7546 | E64: 1977.2785 | F64: 2084.0215 | G64: 1941.9766 | H64: 2071.8723 | I64: 1909.2651 | J64: 2026.6496 | K64: 2066.2343 | L64: 2014.9354 | M64: 2356.789 | N64: 2302.3859 | O64: 2229.425 | P64: 2203.8772 | Q64: 2034.8805 | R64: 2202.4611 | S64: 2042.8846 | T64: 2186.8509 | U64: 2042.1226 | V64: 2168.7529 | W64: 2218.3896 | X64: 2177.129 | Y64: 2527.1015 | Z64: 2478.4729 | AA64: 2409.282 | AB64: 2386.6497 | AC64: 2221.1802 | AD64: 2393.5086 | AE64: 2240.0317 | AF64: 2391.3161 | AG64: 2254.7565 | AH64: 2389.8238 | AI64: 2447.6347 | AJ64: 2413.973 | AK64: 2770.8951 | AL64: 2728.6553 | AM64: 2665.4498 | AN64: 2648.5692 | AO64: 2488.7754 | AP64: 2666.8265 | AQ64: 2519.1913 | AR64: 2676.456 | AS64: 2545.9901 | AT64: 2687.207 | AU64: 2751.1478 | AV64: 2723.5206 | AW64: 3086.3241 | AX64: 3049.7837 | AY64: 2992.0991 | AZ64: 2980.5885 | BA64: 2826.0534 | BB64: 3009.2908 | BC64: 2866.7983 | BD64: 3029.1762 | BE64: 2903.7947 | BF64: 3050.0592 | BG64: 3118.9996 | BH64: 3096.3143 | BI64: 3463.9955 | BJ64: 3432.2659 | BK64: 3379.3232 | BL64: 3372.4838 | BM64: 3222.5443 | BN64: 3410.2949 | BO64: 3272.2241 | BP64: 3438.925 | BQ64: 3317.7653 | BR64: 3468.1565 | BS64: 3541.1462 | BT64: 3522.4621 | BU64: 3894.133 | BV64: 3866.4175 | BW64: 3817.536 | BX64: 3814.8007 | BY64: 3668.9693 | BZ64: 3860.7587 | CA64: 3726.5644 | CB64: 3896.8916 | CC64: 3779.0566 | CD64: 3932.4825 | CE64: 4008.2995 | CF64: 3992.3849 | CG64: 4366.9236 | CH64: 4342.2823 | CI64: 4296.8103 | CJ64: 4297.75 | CK64: 4155.6792 | CL64: 4351.5219 | CM64: 4220.8029 | CN64: 4394.9077 | CO64: 4280.9767 | CP64: 4432.23 | CQ64: 4513.7899 | CR64: 4490.3161 | CS64: 4829.5375 | CT64: 4878.278 | CU64: 4788.0517 | CV64: -1 | CW64: 1
C65: Actual | CV65: 0 | CW65: 0
A66: Pa1506 | B66: adm | C66: Forecast | D66: 6079.3273 | E66: 7007.2351 | F66: 7946.9726 | G66: 8469.9509 | H66: 8249.5752 | I66: 8715.4152 | J66: 8250.1338 | K66: 8393.7628 | L66: 8465.8878 | M66: 7304.8778 | N66: 7616.4846 | O66: 6560.938 | P66: 7771.6549 | Q66: 8305.8569 | R66: 9057.6033 | S66: 9405.2798 | T66: 9102.2569 | U66: 9508.2733 | V66: 9023.809 | W66: 9178.3786 | X66: 9285.1864 | Y66: 8186.1155 | Z66: 8564.5358 | AA66: 7565.7184 | AB66: 8816.1436 | AC66: 9369.1696 | AD66: 10122.279 | AE66: 10462.22 | AF66: 10150.638 | AG66: 10553.332 | AH66: 10073.774 | AI66: 10241.5 | AJ66: 10367.812 | AK66: 9291.9122 | AL66: 9694.4861 | AM66: 8718.642 | AN66: 9989.4569 | AO66: 10559.643 | AP66: 11326.718 | AQ66: 11678.039 | AR66: 11376.244 | AS66: 11788.263 | AT66: 11318.582 | AU66: 11497.407 | AV66: 11636.262 | AW66: 10574.144 | AX66: 10991.237 | AY66: 10030.043 | AZ66: 11315.106 | BA66: 11898.793 | BB66: 12678.505 | BC66: 13041.673 | BD66: 12751.124 | BE66: 13174.01 | BF66: 12715.003 | BG66: 12904.432 | BH66: 13053.879 | BI66: 12002.356 | BJ66: 12430.051 | BK66: 11479.482 | BL66: 12775.229 | BM66: 13369.703 | BN66: 14160.329 | BO66: 14534.505 | BP66: 14254.941 | BQ66: 14688.578 | BR66: 14239.818 | BS66: 14438.724 | BT66: 14596.704 | BU66: 13552.771 | BV66: 13987.348 | BW66: 13043.414 | BX66: 14346.163 | BY66: 14948.651 | BZ66: 15748.804 | CA66: 16134.216 | CB66: 15867.354 | CC66: 16314.434 | CD66: 15878.666 | CE66: 16088.644 | CF66: 16254.266 | CG66: 15213.524 | CH66: 15646.757 | CI66: 14697.988 | CJ66: 15995.291 | CK66: 16596.133 | CL66: 17399.694 | CM66: 17800.952 | CN66: 17559.499 | CO66: 18031.543 | CP66: 17643.959 | CQ66: 17852.544 | CR66: 18008.914 | CS66: 17158.683 | CT66: 17181.211 | CU66: 16586.663 | CV66: 1 | CW66: 1
C67: Actual | CV67: 0 | CW67: 0
A68: Pa1506 | B68: desl | C68: Forecast | D68: 8398.0762 | E68: 8049.4852 | F68: 8489.8003 | G68: 8056.1313 | H68: 8235.982 | I68: 7649.5823 | J68: 7655.3398 | K68: 8120.1989 | L68: 7619.0794 | M68: 8919.2125 | N68: 9316.1951 | O68: 8876.968 | P68: 8833.6627 | Q68: 8341.734 | R68: 8790.2878 | S68: 8329.3735 | T68: 8451.206 | U68: 7902.3985 | V68: 7921.8705 | W68: 8432.1683 | X68: 8000.756 | Y68: 9376.5749 | Z68: 9843.0222 | AA68: 9453.0408 | AB68: 9432.3502 | AC68: 8942.0773 | AD68: 9383.3402 | AE68: 8918.6551 | AF68: 9048.4781 | AG68: 8521.6899 | AH68: 8574.3362 | AI68: 9123.6171 | AJ68: 8731.7153 | AK68: 10143.936 | AL68: 10642.163 | AM68: 10279.477 | AN68: 10282.547 | AO68: 9813.6224 | AP68: 10274.835 | AQ68: 9829.5761 | AR68: 9979.0666 | AS68: 9472.8183 | AT68: 9547.2653 | AU68: 10119.647 | AV68: 9751.8117 | AW68: 11188.46 | AX68: 11710.787 | AY68: 11371.314 | AZ68: 11396.41 | BA68: 10948.328 | BB68: 11429.429 | BC68: 11003.442 | BD68: 11171.907 | BE68: 10684.558 | BF68: 10777.93 | BG68: 11369.268 | BH68: 11020.375 | BI68: 12475.899 | BJ68: 13017.004 | BK68: 12696.196 | BL68: 12739.837 | BM68: 12310.145 | BN68: 12809.405 | BO68: 12401.211 | BP68: 12586.932 | BQ68: 12116.132 | BR68: 12225.233 | BS68: 12831.49 | BT68: 12496.89 | BU68: 13966.434 | BV68: 14521.761 | BW68: 14215.864 | BX68: 14275.46 | BY68: 13862.848 | BZ68: 14380.033 | CA68: 13989.961 | CB68: 14193.081 | CC68: 13737.938 | CD68: 13860.093 | CE68: 14476.295 | CF68: 14148.673 | CG68: 15623.09 | CH68: 16182.72 | CI68: 15882.98 | CJ68: 15953.272 | CK68: 15556.667 | CL68: 16098.606 | CM68: 15737.367 | CN68: 15971.533 | CO68: 15552.526 | CP68: 15673.595 | CQ68: 16297.35 | CR68: 16002.151 | CS68: 17215.023 | CT68: 18083.109 | CU68: 17643.141 | CV68: -1 | CW68: 1
C69: Actual | CV69: 0 | CW69: 0
A70: Ap1601 | B70: adm | C70: Forecast | D70: 17.88702 | E70: 24.619555 | F70: 39.761318 | G70: 44.184316 | H70: 47.709122 | I70: 56.630877 | J70: 57.778821 | K70: 65.637702 | L70: 64.166663 | M70: 47.511072 | N70: 37.354362 | O70: 6.8058064 | P70: 19.277684 | Q70: 27.114954 | R70: 50.822633 | S70: 59.73637 | T70: 66.548623 | U70: 76.405983 | V70: 77.404949 | W70: 84.790657 | X70: 82.723502 | Y70: 65.592938 | Z70: 55.023589 | AA70: 24.077544 | AB70: 36.20553 | AC70: 43.760111 | AD70: 67.256088 | AE70: 76.020322 | AF70: 82.712951 | AG70: 92.440433 | AH70: 93.267291 | AI70: 100.42327 | AJ70: 98.073373 | AK70: 80.627118 | AL70: 69.734819 | AM70: 38.480436 | AN70: 50.327335 | AO70: 57.63054 | AP70: 80.899729 | AQ70: 89.452989 | AR70: 95.941446 | AS70: 105.46445 | AT70: 106.08216 | AU70: 113.0226 | AV70: 110.45117 | AW70: 92.779256 | AX70: 81.660022 | AY70: 50.180579 | AZ70: 61.807144 | BA70: 68.896719 | BB70: 91.959716 | BC70: 100.31368 | BD70: 106.60825 | BE70: 115.9408 | BF70: 116.36973 | BG70: 123.12186 | BH70: 120.36221 | BI70: 102.50259 | BJ70: 91.197099 | BK70: 59.533972 | BL70: 70.980432 | BM70: 77.894091 | BN70: 100.78543 | BO70: 108.97149 | BP70: 115.1009 | BQ70: 124.26979 | BR70: 124.53536 | BS70: 131.12376 | BT70: 128.20016 | BU70: 110.17754 | BV70: 98.711979 | BW70: 66.893979 | BX70: 78.192539 | BY70: 84.965815 | BZ70: 107.72323 | CA70: 115.7793 | CB70: 121.77948 | CC70: 130.81699 | CD70: 130.9471 | CE70: 137.3952 | CF70: 134.32632 | CG70: 116.15441 | CH70: 104.53862 | CI70: 72.566488 | CJ70: 83.723264 | CK70: 90.381926 | CL70: 113.03325 | CM70: 121.05974 | CN70: 127.03584 | CO70: 135.97131 | CP70: 136.47354 | CQ70: 142.05722 | CR70: 139.24021 | CS70: 122.5189 | CT70: 106.64437 | CU70: 77.26088 | CV70: 1 | CW70: 1
C71: Actual | CV71: 0 | CW71: 0
A72: Ap1601 | B72: desl | C72: Forecast | D72: 22.775648 | E72: 22.749768 | F72: 15.976647 | G72: 20.299059 | H72: 34.619678 | I72: 23.945202 | J72: 34.077946 | K72: 44.23793 | L72: 35.849377 | M72: 75.509101 | N72: 78.342268 | O72: 91.062919 | P72: 46.474802 | Q72: 27.02864 | R72: 14.784301 | S72: 16.956828 | T72: 32.654925 | U72: 24.996228 | V72: 37.113503 | W72: 48.665881 | X72: 40.67671 | Y72: 79.888223 | Z72: 81.818561 | AA72: 93.498284 | AB72: 47.966924 | AC72: 27.902003 | AD72: 15.431765 | AE72: 17.703918 | AF72: 33.67683 | AG72: 26.30337 | AH72: 38.590244 | AI72: 50.140729 | AJ72: 41.984878 | AK72: 80.909869 | AL72: 82.49244 | AM72: 93.816351 | AN72: 47.9587 | AO72: 27.6176 | AP72: 14.927706 | AQ72: 17.032532 | AR72: 32.878714 | AS72: 25.402499 | AT72: 37.592094 | AU72: 49.034116 | AV72: 40.747333 | AW72: 79.515148 | AX72: 80.918028 | AY72: 92.048855 | AZ72: 45.995866 | BA72: 25.466908 | BB72: 12.6026 | BC72: 14.547884 | BD72: 30.247048 | BE72: 22.631903 | BF72: 34.686028 | BG72: 45.992678 | BH72: 37.569211 | BI72: 76.199472 | BJ72: 77.465519 | BK72: 88.461991 | BL72: 42.278101 | BM72: 21.62128 | BN72: 8.6302264 | BO72: 10.446938 | BP72: 26.012721 | BQ72: 18.257621 | BR72: 30.165813 | BS72: 41.324127 | BT72: 32.756225 | BU72: 71.253725 | BV72: 72.405862 | BW72: 83.311419 | BX72: 37.058647 | BY72: 16.347812 | BZ72: 3.3047677 | CA72: 5.0550176 | CB72: 20.523444 | CC72: 12.627706 | CD72: 24.348854 | CE72: 35.282107 | CF72: 26.475275 | CG72: 64.755102 | CH72: 65.750266 | CI72: 76.600364 | CJ72: 30.422328 | CK72: 9.8567835 | CL72: -2.9102344 | CM72: -0.96789437 | CN72: 14.535893 | CO72: 6.8010978 | CP72: 17.701701 | CQ72: 28.244451 | CR72: 21.587857 | CS72: 49.312075 | CT72: 63.708167 | CU72: 63.291804 | CV72: -1 | CW72: 1
C73: Actual | CV73: 0 | CW73: 0
A74: Ap1602 | B74: adm | C74: Forecast | D74: 1467.6241 | E74: 1649.4778 | F74: 1794.4517 | G74: 1927.4511 | H74: 1884.1933 | I74: 1958.4855 | J74: 1906.8131 | K74: 2012.8896 | L74: 1973.6103 | M74: 1932.2549 | N74: 2000.1013 | O74: 1708.3012 | P74: 1886.8091 | Q74: 2011.928 | R74: 2177.5811 | S74: 2270.5435 | T74: 2218.8278 | U74: 2280.3541 | V74: 2220.4502 | W74: 2334.038 | X74: 2309.2056 | Y74: 2292.1333 | Z74: 2385.2615 | AA74: 2114.5213 | AB74: 2306.7513 | AC74: 2437.5919 | AD74: 2603.3204 | AE74: 2694.3812 | AF74: 2641.992 | AG74: 2705.967 | AH74: 2652.0065 | AI74: 2774.296 | AJ74: 2759.7131 | AK74: 2753.2922 | AL74: 2856.6579 | AM74: 2595.2967 | AN74: 2795.8858 | AO74: 2934.0793 | AP74: 3106.28 | AQ74: 3203.1506 | AR74: 3156.2017 | AS74: 3225.5708 | AT74: 3177.2445 | AU74: 3305.5869 | AV74: 3297.5067 | AW74: 3297.9303 | AX74: 3408.2849 | AY74: 3153.8417 | AZ74: 3361.1087 | BA74: 3505.6523 | BB74: 3683.8732 | BC74: 3786.4925 | BD74: 3745.1056 | BE74: 3819.9296 | BF74: 3777.0068 | BG74: 3910.7286 | BH74: 3908.0101 | BI74: 3913.7748 | BJ74: 4029.4485 | BK74: 3780.3082 | BL74: 3992.874 | BM74: 4142.7237 | BN74: 4326.2575 | BO74: 4434.1739 | BP74: 4398.0174 | BQ74: 4477.9298 | BR74: 4439.8674 | BS74: 4578.15 | BT74: 4579.6636 | BU74: 4589.3688 | BV74: 4708.805 | BW74: 4463.4267 | BX74: 4679.9614 | BY74: 4834.1731 | BZ74: 5022.5696 | CA74: 5135.832 | CB74: 5105.3357 | CC74: 5190.9079 | CD74: 5158.0852 | CE74: 5300.7361 | CF74: 5305.3708 | CG74: 5316.7842 | CH74: 5436.6671 | CI74: 5191.0309 | CJ74: 5407.6309 | CK74: 5563.3988 | CL74: 5755.827 | CM74: 5876.631 | CN74: 5856.6177 | CO74: 5954.0672 | CP74: 5933.0586 | CQ74: 6079.1937 | CR74: 6088.9275 | CS74: 6098.7524 | CT74: 6194.5088 | CU74: 5970.1166 | CV74: 1 | CW74: 1
C75: Actual | CV75: 0 | CW75: 0
A76: Ap1602 | B76: desl | C76: Forecast | D76: 1846.5759 | E76: 1805.9442 | F76: 2029.5402 | G76: 1867.8526 | H76: 1988.1471 | I76: 1849.128 | J76: 1827.1438 | K76: 1930.127 | L76: 1771.063 | M76: 2079.4403 | N76: 2157.9692 | O76: 2087.7147 | P76: 2255.3797 | Q76: 2043.9978 | R76: 2249.423 | S76: 2063.7314 | T76: 2159.7762 | U76: 2009.1656 | V76: 1983.464 | W76: 2087.7477 | X76: 1941.3272 | Y76: 2270.6416 | Z76: 2373.7827 | AA76: 2326.9721 | AB76: 2511.8419 | AC76: 2310.3513 | AD76: 2519.981 | AE76: 2335.9926 | AF76: 2434.4907 | AG76: 2289.1669 | AH76: 2272.1183 | AI76: 2387.7585 | AJ76: 2254.1733 | AK76: 2596.6069 | AL76: 2712.3384 | AM76: 2677.2177 | AN76: 2872.8143 | AO76: 2681.1745 | AP76: 2899.9202 | AQ76: 2724.4829 | AR76: 2831.1743 | AS76: 2693.9244 | AT76: 2685.0622 | AU76: 2809.1696 | AV76: 2684.3896 | AW76: 3035.9015 | AX76: 3160.8283 | AY76: 3134.8309 | AZ76: 3339.3181 | BA76: 3156.244 | BB76: 3383.2165 | BC76: 3215.7141 | BD76: 3330.1249 | BE76: 3200.4546 | BF76: 3199.0872 | BG76: 3330.6338 | BH76: 3213.2467 | BI76: 3572.1047 | BJ76: 3704.3307 | BK76: 3685.5902 | BL76: 3897.2998 | BM76: 3721.4183 | BN76: 3955.5462 | BO76: 3795.1349 | BP76: 3916.5232 | BQ76: 3793.6503 | BR76: 3798.8311 | BS76: 3936.6264 | BT76: 3825.1798 | BU76: 4189.7204 | BV76: 4327.4834 | BW76: 4314.2934 | BX76: 4531.7388 | BY76: 4361.9172 | BZ76: 4602.4896 | CA76: 4448.855 | CB76: 4577.1751 | CC76: 4461.1006 | CD76: 4472.5932 | CE76: 4615.8546 | CF76: 4508.7668 | CG76: 4876.4848 | CH76: 5016.4274 | CI76: 5004.9859 | CJ76: 5224.6557 | CK76: 5058.23 | CL76: 5304.7678 | CM76: 5159.5844 | CN76: 5298.1716 | CO76: 5195.71 | CP76: 5213.9217 | CQ76: 5361.9652 | CR76: 5271.4654 | CS76: 5583.29 | CT76: 5783.4977 | CU76: 5745.1346 | CV76: -1 | CW76: 1
C77: Actual | CV77: 0 | CW77: 0
A78: To1701 | B78: adm | C78: Forecast | D78: 2791.6738 | E78: 2938.863 | F78: 3062.2266 | G78: 3021.9983 | H78: 2940.2186 | I78: 2931.9736 | J78: 2823.4416 | K78: 2828.8359 | L78: 2753.6169 | M78: 2570.4015 | N78: 2626.5763 | O78: 2440.9271 | P78: 2934.3387 | Q78: 3098.7384 | R78: 3310.004 | S78: 3235.9682 | T78: 3146.8971 | U78: 3125.0976 | V78: 2999.2716 | W78: 3012.2524 | X78: 2955.8875 | Y78: 2805.3089 | Z78: 2894.9324 | AA78: 2733.6295 | AB78: 3238.641 | AC78: 3402.2443 | AD78: 3604.7318 | AE78: 3520.217 | AF78: 3423.8399 | AG78: 3400.2933 | AH78: 3278.2346 | AI78: 3298.898 | AJ78: 3252.0757 | AK78: 3111.2078 | AL78: 3209.6664 | AM78: 3055.8554 | AN78: 3566.9137 | AO78: 3735.2023 | AP78: 3941.2124 | AQ78: 3859.378 | AR78: 3765.275 | AS78: 3744.0826 | AT78: 3624.8812 | AU78: 3649.1503 | AV78: 3606.6899 | AW78: 3470.734 | AX78: 3574.3257 | AY78: 3425.5354 | AZ78: 3941.2618 | BA78: 4113.7665 | BB78: 4323.573 | BC78: 4245.2321 | BD78: 4154.4605 | BE78: 4136.554 | BF78: 4020.6602 | BG78: 4048.276 | BH78: 4009.1866 | BI78: 3876.6015 | BJ78: 3983.5506 | BK78: 3838.113 | BL78: 4357.2171 | BM78: 4533.163 | BN78: 4746.5014 | BO78: 4671.7773 | BP78: 4584.6523 | BQ78: 4570.3152 | BR78: 4457.772 | BS78: 4488.3779 | BT78: 4451.8232 | BU78: 4321.315 | BV78: 4430.001 | BW78: 4286.1973 | BX78: 4807.1518 | BY78: 4985.4987 | BZ78: 5202.0507 | CA78: 5131.4547 | CB78: 5049.2455 | CC78: 5040.2253 | CD78: 4932.7736 | CE78: 4967.4665 | CF78: 4933.2205 | CG78: 4802.7157 | CH78: 4909.0647 | CI78: 4761.2292 | CJ78: 5277.9857 | CK78: 5453.9269 | CL78: 5671.4562 | CM78: 5607.48 | CN78: 5536.9403 | CO78: 5541.7669 | CP78: 5451.1944 | CQ78: 5490.5764 | CR78: 5462.8018 | CS78: 5355.7867 | CT78: 5387.0732 | CU78: 5277.4556 | CV78: 1 | CW78: 1
C79: Actual | CV79: 0 | CW79: 0
A80: To1701 | B80: desl | C80: Forecast | D80: 2740.5469 | E80: 2767.432 | F80: 2982.6514 | G80: 2912.0599 | H80: 2970.8667 | I80: 2709.7134 | J80: 2719.407 | K80: 2875.5895 | L80: 2667.9421 | M80: 3129.8787 | N80: 3217.1779 | O80: 3012.6096 | P80: 2868.6725 | Q80: 2823.5771 | R80: 3059.0237 | S80: 2996.7028 | T80: 3051.2683 | U80: 2813.2124 | V80: 2828.7191 | W80: 3000.5547 | X80: 2818.7183 | Y80: 3311.2869 | Z80: 3428.3338 | AA80: 3245.4858 | AB80: 3111.1858 | AC80: 3065.4172 | AD80: 3294.9035 | AE80: 3227.0008 | AF80: 3280.4093 | AG80: 3047.0575 | AH80: 3072.1772 | AI80: 3256.3555 | AJ80: 3087.344 | AK80: 3591.6566 | AL80: 3718.7201 | AM80: 3544.2104 | AN80: 3416.9304 | AO80: 3377.2578 | AP80: 3612.2442 | AQ80: 3549.5272 | AR80: 3608.087 | AS80: 3380.1312 | AT80: 3411.1138 | AU80: 3601.7162 | AV80: 3439.6182 | AW80: 3951.1179 | AX80: 4085.3587 | AY80: 3917.76 | AZ80: 3796.9683 | BA80: 3763.332 | BB80: 4003.9793 | BC80: 3946.6801 | BD80: 4010.5478 | BE80: 3787.8862 | BF80: 3824.1947 | BG80: 4020.1577 | BH80: 3863.4347 | BI80: 4380.3007 | BJ80: 4519.8858 | BK80: 4357.6086 | BL80: 4242.1217 | BM80: 4213.7749 | BN80: 4459.681 | BO80: 4407.5694 | BP80: 4476.4888 | BQ80: 4258.665 | BR80: 4299.5287 | BS80: 4499.7325 | BT80: 4346.9671 | BU80: 4867.6128 | BV80: 5010.9703 | BW80: 4852.6591 | BX80: 4741.5103 | BY80: 4717.9724 | BZ80: 4969.1329 | CA80: 4922.5541 | CB80: 4996.991 | CC80: 4784.2916 | CD80: 4829.498 | CE80: 5032.9301 | CF80: 4882.1245 | CG80: 5403.5519 | CH80: 5546.897 | CI80: 5388.6538 | CJ80: 5278.8376 | CK80: 5258.5448 | CL80: 5516.7214 | CM80: 5479.4989 | CN80: 5565.1809 | CO80: 5366.8291 | CP80: 5411.4932 | CQ80: 5619.4512 | CR80: 5484.9922 | CS80: 5895.808 | CT80: 6175.8701 | CU80: 5936.0622 | CV80: -1 | CW80: 1
C81: Actual | CV81: 0 | CW81: 0
A82: To1702 | B82: adm | C82: Forecast | D82: 2667.7431 | E82: 2758.2276 | F82: 3180.0702 | G82: 3193.3352 | H82: 3168.1139 | I82: 3218.1295 | J82: 3069.2699 | K82: 3078.6536 | L82: 2946.2657 | M82: 2692.2391 | N82: 2742.1248 | O82: 2406.2201 | P82: 3044.3107 | Q82: 3237.6894 | R82: 3619.1243 | S82: 3614.2947 | T82: 3558.9549 | U82: 3584.7868 | V82: 3409.6543 | W82: 3417.1945 | X82: 3297.4208 | Y82: 3077.5278 | Z82: 3168.0019 | AA82: 2868.9669 | AB82: 3531.8621 | AC82: 3734.9346 | AD82: 4113.2688 | AE82: 4098.7559 | AF82: 4033.4902 | AG82: 4053.7552 | AH82: 3879.274 | AI82: 3893.1814 | AJ82: 3783.6402 | AK82: 3575.7342 | AL82: 3678.2301 | AM82: 3390.1564 | AN82: 4062.4088 | AO82: 4273.0671 | AP82: 4657.3025 | AQ82: 4647.3023 | AR82: 4585.6398 | AS82: 4609.1946 | AT82: 4438.2819 | AU82: 4456.4813 | AV82: 4352.1468 | AW82: 4150.2746 | AX82: 4259.3299 | AY82: 3977.9474 | AZ82: 4656.6654 | BA82: 4873.3347 | BB82: 5263.0553 | BC82: 5258.0764 | BD82: 5201.1077 | BE82: 5229.1771 | BF82: 5062.715 | BG82: 5085.3649 | BH82: 4985.4991 | BI82: 4788.1078 | BJ82: 4901.6489 | BK82: 4624.766 | BL82: 5308.0279 | BM82: 5529.3273 | BN82: 5923.798 | BO82: 5923.6882 | BP82: 5871.6496 | BQ82: 5904.5867 | BR82: 5742.7543 | BS82: 5769.6062 | BT82: 5673.3682 | BU82: 5478.9881 | BV82: 5595.0323 | BW82: 5320.4147 | BX82: 6006.101 | BY82: 6230.4271 | BZ82: 6628.904 | CA82: 6633.9742 | CB82: 6588.2032 | CC82: 6628.0817 | CD82: 6473.1372 | CE82: 6505.8792 | CF82: 6413.5394 | CG82: 6220.2991 | CH82: 6334.4668 | CI82: 6055.4417 | CJ82: 6735.7665 | CK82: 6956.1999 | CL82: 7354.2727 | CM82: 7365.7966 | CN82: 7333.4506 | CO82: 7391.001 | CP82: 7260.7583 | CQ82: 7303.4871 | CR82: 7218.8749 | CS82: 7062.0554 | CT82: 7074.7372 | CU82: 6852.9279 | CV82: 1 | CW82: 1
C83: Actual | CV83: 0 | CW83: 0
A84: To1702 | B84: desl | C84: Forecast | D84: 2602.9014 | E84: 2609.5314 | F84: 2824.1734 | G84: 2783.1369 | H84: 2921.4429 | I84: 2762.9229 | J84: 2871.0036 | K84: 2964.8406 | L84: 2827.6524 | M84: 3177.3557 | N84: 3129.9098 | O84: 3039.2504 | P84: 2912.5475 | Q84: 2942.6346 | R84: 3107.9105 | S84: 3087.3015 | T84: 3195.6672 | U84: 3050.3322 | V84: 3154.043 | W84: 3258.4878 | X84: 3134.984 | Y84: 3504.4969 | Z84: 3477.8115 | AA84: 3405.2408 | AB84: 3290.2448 | AC84: 3326.149 | AD84: 3493.1341 | AE84: 3473.2918 | AF84: 3584.0761 | AG84: 3444.1795 | AH84: 3556.2796 | AI84: 3671.1182 | AJ84: 3558.7642 | AK84: 3939.1587 | AL84: 3922.519 | AM84: 3859.0141 | AN84: 3752.2088 | AO84: 3795.6207 | AP84: 3969.6203 | AQ84: 3956.4728 | AR84: 4073.8057 | AS84: 3940.4871 | AT84: 4059.3464 | AU84: 4181.2133 | AV84: 4076.1523 | AW84: 4464.0101 | AX84: 4454.8533 | AY84: 4398.6957 | AZ84: 4298.9896 | BA84: 4349.2066 | BB84: 4529.7362 | BC84: 4522.9043 | BD84: 4646.4119 | BE84: 4519.188 | BF84: 4644.099 | BG84: 4771.9878 | BH84: 4672.917 | BI84: 5066.7273 | BJ84: 5063.4833 | BK84: 5013.2029 | BL84: 4919.3446 | BM84: 4975.3821 | BN84: 5161.6942 | BO84: 5160.5784 | BP84: 5289.689 | BQ84: 5167.898 | BR84: 5298.0183 | BS84: 5430.8624 | BT84: 5336.5037 | BU84: 5734.8464 | BV84: 5736.0679 | BW84: 5690.3296 | BX84: 5601.2295 | BY84: 5662.3353 | BZ84: 5854.0376 | CA84: 5858.5404 | CB84: 5993.3014 | CC84: 5876.916 | CD84: 6011.8981 | CE84: 6148.7925 | CF84: 6057.5386 | CG84: 6458.0853 | CH84: 6460.8822 | CI84: 6416.6837 | CJ84: 6329.8926 | CK84: 6394.525 | CL84: 6592.4681 | CM84: 6604.5693 | CN84: 6748.7508 | CO84: 6644.5782 | CP84: 6781.8818 | CQ84: 6926.6247 | CR84: 6851.4813 | CS84: 7170.128 | CT84: 7288.8119 | CU84: 7137.0351 | CV84: -1 | CW84: 1
C85: Actual | CV85: 0 | CW85: 0
A86: Ma2101 | B86: adm | C86: Forecast | D86: 6418.4866 | E86: 6310.7544 | F86: 7280.1451 | G86: 7677.6937 | H86: 7740.8862 | I86: 8022.1863 | J86: 7633.6855 | K86: 7993.1923 | L86: 7638.2996 | M86: 7209.8618 | N86: 7718.9316 | O86: 6481.3499 | P86: 7484.6537 | Q86: 7678.1258 | R86: 8667.7283 | S86: 8961.2447 | T86: 8953.8625 | U86: 9177.3819 | V86: 8750.0946 | W86: 9099.6455 | X86: 8775.1131 | Y86: 8419.9487 | Z86: 9027.0371 | AA86: 7893.7019 | AB86: 8988.8652 | AC86: 9248.0398 | AD86: 10275.103 | AE86: 10584.944 | AF86: 10583.922 | AG86: 10814.949 | AH86: 10403.992 | AI86: 10781.64 | AJ86: 10495.947 | AK86: 10186.993 | AL86: 10843.608 | AM86: 9759.6032 | AN86: 10901.457 | AO86: 11203.335 | AP86: 12268.711 | AQ86: 12612.829 | AR86: 12642.977 | AS86: 12903.354 | AT86: 12521.303 | AU86: 12928.597 | AV86: 12674.025 | AW86: 12397.841 | AX86: 13088.526 | AY86: 12039.198 | AZ86: 13215.541 | BA86: 13551.051 | BB86: 14648.802 | BC86: 15023.932 | BD86: 15083.863 | BE86: 15373.062 | BF86: 15019.166 | BG86: 15454.194 | BH86: 15227.103 | BI86: 14978.246 | BJ86: 15696.161 | BK86: 14674.009 | BL86: 15877.517 | BM86: 16240.218 | BN86: 17365.18 | BO86: 17767.468 | BP86: 17854.325 | BQ86: 18169.931 | BR86: 17841.567 | BS86: 18300.91 | BT86: 18096.699 | BU86: 17869.299 | BV86: 18607.571 | BW86: 17605.302 | BX86: 18829.051 | BY86: 19213.205 | BZ86: 20361.481 | CA86: 20789.154 | CB86: 20903.087 | CC86: 21246.448 | CD86: 20944.964 | CE86: 21428.46 | CF86: 21243.893 | CG86: 21030.451 | CH86: 21776.862 | CI86: 20778.266 | CJ86: 22004.643 | CK86: 22394.928 | CL86: 23556.845 | CM86: 24011.947 | CN86: 24165.817 | CO86: 24558.938 | CP86: 24315.816 | CQ86: 24825.801 | CR86: 24679.597 | CS86: 24496.434 | CT86: 25058.897 | CU86: 24301.739 | CV86: 1 | CW86: 2
C87: Actual | CV87: 0 | CW87: 0
A88: Ma2101 | B88: desl | C88: Forecast | D88: 8137.7603 | E88: 7730.2237 | F88: 8419.7932 | G88: 7988.8176 | H88: 8174.7009 | I88: 7653.8204 | J88: 7384.942 | K88: 7657.1232 | L88: 6934.7502 | M88: 7918.5273 | N88: 8343.3829 | O88: 8189.629 | P88: 8720.2212 | Q88: 8326.6454 | R88: 8869.8054 | S88: 8418.5224 | T88: 8515.2489 | U88: 7983.4932 | V88: 7675.0895 | W88: 7962.3993 | X88: 7287.1134 | Y88: 8351.7108 | Z88: 8874.2045 | AA88: 8818.4078 | AB88: 9430.1338 | AC88: 9095.4377 | AD88: 9677.8051 | AE88: 9254.5789 | AF88: 9377.7055 | AG88: 8878.0669 | AH88: 8610.7439 | AI88: 8947.8398 | AJ88: 8328.5869 | AK88: 9452.3344 | AL88: 10034.383 | AM88: 10036.677 | AN88: 10703.926 | AO88: 10421.658 | AP88: 11053.282 | AQ88: 10676.467 | AR88: 10843.851 | AS88: 10387.266 | AT88: 10162.786 | AU88: 10543.304 | AV88: 9968.454 | AW88: 11137.531 | AX88: 11765.415 | AY88: 11813.447 | AZ88: 12525.753 | BA88: 12287.452 | BB88: 12961.777 | BC88: 12626.436 | BD88: 12834.24 | BE88: 12417.238 | BF88: 12231.699 | BG88: 12650.66 | BH88: 12113.84 | BI88: 13320.594 | BJ88: 13985.849 | BK88: 14070.999 | BL88: 14820.222 | BM88: 14618.672 | BN88: 15329.563 | BO88: 15030.501 | BP88: 15274.105 | BQ88: 14892.148 | BR88: 14740.594 | BS88: 15192.23 | BT88: 14686.68 | BU88: 15923.43 | BV88: 16617.81 | BW88: 16731.835 | BX88: 17510.409 | BY88: 17339.334 | BZ88: 18082.2 | CA88: 17816.557 | CB88: 18094.441 | CC88: 17746.545 | CD88: 17627.408 | CE88: 18108.261 | CF88: 17627.472 | CG88: 18883.937 | CH88: 19593.399 | CI88: 19719.819 | CJ88: 20511.724 | CK88: 20357.664 | CL88: 21127.404 | CM88: 20898.476 | CN88: 21222.143 | CO88: 20933.934 | CP88: 20853.803 | CQ88: 21363.488 | CR88: 20969.911 | CS88: 22008.777 | CT88: 22965.949 | CU88: 22992.635 | CV88: -1 | CW88: 2
C89: Actual | CV89: 0 | CW89: 0
A90: Ma2102 | B90: adm | C90: Forecast | D90: 2552.9911 | E90: 2561.8429 | F90: 2871.5923 | G90: 2956.0248 | H90: 2912.9284 | I90: 3072.3859 | J90: 2929.6289 | K90: 3049.0829 | L90: 3008.5103 | M90: 2729.8492 | N90: 2941.4588 | O90: 2529.4963 | P90: 3018.3678 | Q90: 3061.8444 | R90: 3328.3426 | S90: 3353.3831 | T90: 3274.7089 | U90: 3401.944 | V90: 3243.5167 | W90: 3358.0393 | X90: 3325.168 | Y90: 3064.9824 | Z90: 3297.0146 | AA90: 2902.2399 | AB90: 3402.1548 | AC90: 3449.5802 | AD90: 3715.2556 | AE90: 3738.352 | AF90: 3659.6822 | AG90: 3790.5776 | AH90: 3639.655 | AI90: 3764.5832 | AJ90: 3743.6542 | AK90: 3495.714 | AL90: 3739.4504 | AM90: 3355.4221 | AN90: 3865.0273 | AO90: 3921.1648 | AP90: 4194.7472 | AQ90: 4225.184 | AR90: 4153.574 | AS90: 4291.5461 | AT90: 4147.9683 | AU90: 4280.6537 | AV90: 4267.8981 | AW90: 4028.4225 | AX90: 4280.7116 | AY90: 3905.1127 | AZ90: 4422.8651 | BA90: 4486.7949 | BB90: 4767.8268 | BC90: 4805.4408 | BD90: 4740.8276 | BE90: 4885.6967 | BF90: 4748.9672 | BG90: 4888.4705 | BH90: 4882.497 | BI90: 4649.7531 | BJ90: 4908.7126 | BK90: 4539.7235 | BL90: 5064.0381 | BM90: 5134.5013 | BN90: 5422.0507 | BO90: 5466.1614 | BP90: 5407.9911 | BQ90: 5559.1875 | BR90: 5428.5883 | BS90: 5573.9446 | BT90: 5573.496 | BU90: 5345.9545 | BV90: 5609.872 | BW90: 5245.7455 | BX90: 5775.0217 | BY90: 5850.7404 | BZ90: 6143.9807 | CA90: 6194.2539 | CB90: 6142.6141 | CC90: 6300.4605 | CD90: 6176.2584 | CE90: 6327.3279 | CF90: 6331.4972 | CG90: 6107.2294 | CH90: 6373.091 | CI90: 6009.935 | CJ90: 6540.0634 | CK90: 6617.7518 | CL90: 6914.5948 | CM90: 6972.1065 | CN90: 6930.6892 | CO90: 7099.7009 | CP90: 6991.1116 | CQ90: 7146.4915 | CR90: 7149.9117 | CS90: 6972.4793 | CT90: 7114.5686 | CU90: 6881.4205 | CV90: 1 | CW90: 2
C91: Actual | CV91: 0 | CW91: 0
A92: Ma2102 | B92: desl | C92: Forecast | D92: 3001.1267 | E92: 2789.0957 | F92: 3083.4695 | G92: 2986.7954 | H92: 3084.4726 | I92: 2945.876 | J92: 2851.9024 | K92: 2929.104 | L92: 2714.7349 | M92: 3039.7211 | N92: 3200.5648 | O92: 3190.5344 | P92: 3376.4693 | Q92: 3172.1724 | R92: 3324.5732 | S92: 3187.4698 | T92: 3224.88 | U92: 3056.565 | V92: 2931.7583 | W92: 3001.1371 | X92: 2790.6686 | Y92: 3132.2822 | Z92: 3315.1007 | AA92: 3327.6516 | AB92: 3531.2667 | AC92: 3338.376 | AD92: 3496.9061 | AE92: 3363.2882 | AF92: 3404.3787 | AG92: 3242.1355 | AH92: 3126.6963 | AI92: 3208.568 | AJ92: 3012.8517 | AK92: 3370.3798 | AL92: 3569.3005 | AM92: 3597.4519 | AN92: 3815.7624 | AO92: 3636.4983 | AP92: 3807.6126 | AQ92: 3685.7128 | AR92: 3737.9412 | AS92: 3586.5941 | AT92: 3482.1268 | AU92: 3575.2713 | AV92: 3391.2161 | AW92: 3760.739 | AX92: 3971.8271 | AY92: 4012.1138 | AZ92: 4242.3412 | BA92: 4074.6526 | BB92: 4256.9561 | BC92: 4145.8816 | BD92: 4208.6351 | BE92: 4067.588 | BF92: 3973.2605 | BG92: 4076.4297 | BH92: 3902.3098 | BI92: 4281.6925 | BJ92: 4502.5757 | BK92: 4552.6057 | BL92: 4792.5394 | BM92: 4634.5295 | BN92: 4826.4783 | BO92: 4724.9839 | BP92: 4797.1897 | BQ92: 4665.3777 | BR92: 4579.9697 | BS92: 4691.6627 | BT92: 4525.6414 | BU92: 4912.7447 | BV92: 5141.1043 | BW92: 5198.571 | BX92: 5446.1368 | BY92: 5296.1612 | BZ92: 5496.6614 | CA92: 5404.2084 | CB92: 5485.75 | CC92: 5363.2145 | CD92: 5286.559 | CE92: 5405.9806 | CF92: 5246.2558 | CG92: 5638.0407 | CH92: 5869.5996 | CI92: 5929.4595 | CJ92: 6179.7465 | CK92: 6033.871 | CL92: 6241.636 | CM92: 6159.9527 | CN92: 6254.9865 | CO92: 6150.6811 | CP92: 6083.8661 | CQ92: 6214.1029 | CR92: 6073.9036 | CS92: 6401.4905 | CT92: 6697.0546 | CU92: 6730.1323 | CV92: -1 | CW92: 2
C93: Actual | CV93: 0 | CW93: 0
A94: Ma2103 | B94: adm | C94: Forecast | D94: 632.98406 | E94: 604.15444 | F94: 684.25257 | G94: 688.76327 | H94: 677.39149 | I94: 699.03062 | J94: 661.41248 | K94: 713.17748 | L94: 683.92021 | M94: 645.19537 | N94: 705.97973 | O94: 578.51635 | P94: 697.5925 | Q94: 701.27984 | R94: 787.43697 | S94: 786.59793 | T94: 771.0836 | U94: 790.86471 | V94: 751.33319 | W94: 805.16291 | X94: 781.26036 | Y94: 751.04246 | Z94: 820.48489 | AA94: 699.98388 | AB94: 823.21645 | AC94: 828.23425 | AD94: 913.96362 | AE94: 912.43329 | AF94: 897.12272 | AG94: 918.56101 | AH94: 882.07224 | AI94: 939.86384 | AJ94: 920.27533 | AK94: 894.27432 | AL94: 967.58645 | AM94: 850.53682 | AN94: 976.83643 | AO94: 984.60864 | AP94: 1072.8576 | AQ94: 1073.6933 | AR94: 1060.6839 | AS94: 1084.4504 | AT94: 1050.3941 | AU94: 1110.7646 | AV94: 1093.895 | AW94: 1070.7029 | AX94: 1146.8384 | AY94: 1032.5523 | AZ94: 1161.5036 | BA94: 1171.7972 | BB94: 1262.4491 | BC94: 1265.6005 | BD94: 1254.8549 | BE94: 1280.8616 | BF94: 1249.0377 | BG94: 1311.6357 | BH94: 1296.9845 | BI94: 1275.9947 | BJ94: 1354.3127 | BK94: 1242.1894 | BL94: 1373.2886 | BM94: 1385.7204 | BN94: 1478.5035 | BO94: 1483.7741 | BP94: 1475.122 | BQ94: 1503.1742 | BR94: 1473.3216 | BS94: 1537.7945 | BT94: 1524.9123 | BU94: 1505.5963 | BV94: 1585.5265 | BW94: 1475.0072 | BX94: 1607.7642 | BY94: 1621.9641 | BZ94: 1716.6592 | CA94: 1723.983 | CB94: 1717.4777 | CC94: 1747.6779 | CD94: 1719.8477 | CE94: 1786.0766 | CF94: 1774.5612 | CG94: 1756.1653 | CH94: 1836.6141 | CI94: 1726.3834 | CJ94: 1859.5426 | CK94: 1874.6178 | CL94: 1970.96 | CM94: 1981.0663 | CN94: 1978.1807 | CO94: 2012.4384 | CP94: 1988.8512 | CQ94: 2055.9565 | CR94: 2047.6569 | CS94: 2032.2069 | CT94: 2092.3521 | CU94: 2010.6513 | CV94: 1 | CW94: 2
C95: Actual | CV95: 0 | CW95: 0
A96: Ma2103 | B96: desl | C96: Forecast | D96: 750.78954 | E96: 716.93487 | F96: 757.67263 | G96: 725.05332 | H96: 714.46029 | I96: 691.34864 | J96: 653.16817 | K96: 672.17442 | L96: 635.15819 | M96: 666.86945 | N96: 739.56858 | O96: 709.09911 | P96: 790.90291 | Q96: 757.73596 | R96: 789.88656 | S96: 749.70037 | T96: 735.57017 | U96: 710.81281 | V96: 673.00156 | W96: 693.66995 | X96: 660.83088 | Y96: 698.73701 | Z96: 778.39075 | AA96: 754.43244 | AB96: 841.29478 | AC96: 811.37692 | AD96: 845.47935 | AE96: 806.85702 | AF96: 794.755 | AG96: 772.99759 | AH96: 739.221 | AI96: 764.67895 | AJ96: 736.96703 | AK96: 779.96104 | AL96: 864.42815 | AM96: 844.92925 | AN96: 935.92473 | AO96: 909.88671 | AP96: 947.69291 | AQ96: 912.66527 | AR96: 904.10669 | AS96: 885.89333 | AT96: 855.7041 | AU96: 884.81722 | AV96: 860.82684 | AW96: 907.58077 | AX96: 995.80029 | AY96: 979.99736 | AZ96: 1074.5951 | BA96: 1052.0488 | BB96: 1093.2403 | BC96: 1061.5105 | BD96: 1056.1863 | BE96: 1041.1646 | BF96: 1014.1371 | BG96: 1046.3862 | BH96: 1025.5047 | BI96: 1075.3373 | BJ96: 1166.6037 | BK96: 1153.8175 | BL96: 1251.4053 | BM96: 1231.826 | BN96: 1275.9616 | BO96: 1247.1467 | BP96: 1244.695 | BQ96: 1232.4838 | BR96: 1208.1836 | BS96: 1243.0611 | BT96: 1224.7055 | BU96: 1276.9762 | BV96: 1370.6268 | BW96: 1360.219 | BX96: 1460.2311 | BY96: 1443.1626 | BZ96: 1489.9115 | CA96: 1463.7938 | CB96: 1464.0685 | CC96: 1454.5283 | CD96: 1432.7435 | CE96: 1469.8826 | CF96: 1453.4638 | CG96: 1507.3273 | CH96: 1602.2772 | CI96: 1593.0258 | CJ96: 1694.3073 | CK96: 1678.8621 | CL96: 1727.8876 | CM96: 1704.8756 | CN96: 1708.9457 | CO96: 1703.7916 | CP96: 1685.4751 | CQ96: 1724.5899 | CR96: 1711.28 | CS96: 1758.1706 | CT96: 1851.575 | CU96: 1855.2155 | CV96: -1 | CW96: 2
C97: Actual | CV97: 0 | CW97: 0
A98: Ma2104 | B98: adm | C98: Forecast | D98: 929.67812 | E98: 1005.6389 | F98: 1147.318 | G98: 1108.6595 | H98: 1080.3952 | I98: 1070.6003 | J98: 1008.366 | K98: 1058.8073 | L98: 1005.241 | M98: 888.93576 | N98: 981.49876 | O98: 693.87759 | P98: 962.777 | Q98: 1004.84 | R98: 1256.503 | S98: 1208.9029 | T98: 1195.5081 | U98: 1170.6629 | V98: 1111.1403 | W98: 1160.8573 | X98: 1117.7938 | Y98: 1016.9041 | Z98: 1126.407 | AA98: 851.40574 | AB98: 1126.864 | AC98: 1169.012 | AD98: 1416.8943 | AE98: 1364.7048 | AF98: 1348.4223 | AG98: 1323.4547 | AH98: 1266.4043 | AI98: 1320.235 | AJ98: 1281.8656 | AK98: 1185.4656 | AL98: 1298.8712 | AM98: 1027.112 | AN98: 1305.2222 | AO98: 1349.5214 | AP98: 1599.1336 | AQ98: 1548.3506 | AR98: 1533.2977 | AS98: 1509.5701 | AT98: 1453.9522 | AU98: 1509.5259 | AV98: 1473.2257 | AW98: 1379.137 | AX98: 1494.9498 | AY98: 1225.5418 | AZ98: 1505.8371 | BA98: 1552.1105 | BB98: 1803.5025 | BC98: 1754.3599 | BD98: 1740.8731 | BE98: 1718.6906 | BF98: 1664.6277 | BG98: 1721.7769 | BH98: 1687.0705 | BI98: 1594.5881 | BJ98: 1712.0179 | BK98: 1444.2404 | BL98: 1726.1858 | BM98: 1774.1325 | BN98: 2027.2154 | BO98: 1979.7616 | BP98: 1967.9257 | BQ98: 1947.3082 | BR98: 1894.6758 | BS98: 1953.0862 | BT98: 1919.4687 | BU98: 1827.9438 | BV98: 1946.2855 | BW98: 1679.4923 | BX98: 1962.6172 | BY98: 2012.0317 | BZ98: 2266.9007 | CA98: 2221.4966 | CB98: 2211.8307 | CC98: 2193.2905 | CD98: 2142.3922 | CE98: 2201.9596 | CF98: 2168.7539 | CG98: 2076.8793 | CH98: 2194.2689 | CI98: 1926.3116 | CJ98: 2208.6901 | CK98: 2258.5732 | CL98: 2515.4203 | CM98: 2474.4008 | CN98: 2470.3046 | CO98: 2458.4976 | CP98: 2414.0204 | CQ98: 2473.9755 | CR98: 2438.6831 | CS98: 2358.5685 | CT98: 2422.8814 | CU98: 2216.4848 | CV98: 1 | CW98: 2
C99: Actual | CV99: 0 | CW99: 0
A100: Ma2104 | B100: desl | C100: Forecast | D100: 938.96277 | E100: 521.19559 | F100: 756.37785 | G100: 677.52067 | H100: 907.41733 | I100: 916.37844 | J100: 983.40889 | K100: 1019.7043 | L100: 994.52685 | M100: 1139.8451 | N100: 1021.9094 | O100: 1086.3164 | P100: 1087.7997 | Q100: 771.91746 | R100: 873.2343 | S100: 822.34899 | T100: 1030.3957 | U100: 1050.9656 | V100: 1103.2057 | W100: 1139.1618 | X100: 1104.4456 | Y100: 1243.3135 | Z100: 1119.4326 | AA100: 1183.1914 | AB100: 1187.8918 | AC100: 878.60116 | AD100: 987.45178 | AE100: 943.22722 | AF100: 1155.8687 | AG100: 1179.0091 | AH100: 1232.4147 | AI100: 1269.0382 | AJ100: 1235.2098 | AK100: 1375.5788 | AL100: 1253.883 | AM100: 1320.3874 | AN100: 1328.2031 | AO100: 1022.2311 | AP100: 1134.4776 | AQ100: 1093.6216 | AR100: 1309.5071 | AS100: 1335.6829 | AT100: 1391.8663 | AU100: 1431.0151 | AV100: 1399.5208 | AW100: 1542.1302 | AX100: 1422.6826 | AY100: 1491.5172 | AZ100: 1501.774 | BA100: 1198.3382 | BB100: 1313.1702 | BC100: 1274.8951 | BD100: 1493.3125 | BE100: 1521.9461 | BF100: 1580.5083 | BG100: 1621.9653 | BH100: 1592.7222 | BI100: 1737.538 | BJ100: 1620.2584 | BK100: 1691.2236 | BL100: 1703.5719 | BM100: 1402.1875 | BN100: 1519.0351 | BO100: 1482.7516 | BP100: 1703.1553 | BQ100: 1733.7926 | BR100: 1794.3946 | BS100: 1837.9344 | BT100: 1810.8044 | BU100: 1957.7275 | BV100: 1842.4954 | BW100: 1915.3876 | BX100: 1929.4925 | BY100: 1629.6744 | BZ100: 1747.92 | CA100: 1712.9325 | CB100: 1934.6315 | CC100: 1966.6791 | CD100: 2028.9156 | CE100: 2074.389 | CF100: 2049.5141 | CG100: 2198.9526 | CH100: 2086.3601 | CI100: 2161.7516 | CJ100: 2177.9037 | CK100: 1879.3178 | CL100: 1997.9532 | CM100: 1962.2288 | CN100: 2182.8437 | CO100: 2213.4599 | CP100: 2276.8564 | CQ100: 2322.9553 | CR100: 2304.7745 | CS100: 2450.4827 | CT100: 2358.5119 | CU100: 2415.294 | CV100: -1 | CW100: 2
...

Sheet conditional forecasts_6
A1: GVAR Conditional Forecasts
A2: Last in-sample estimation date: | B2: 2016M12
A3: Last forecast date: | B3: 2024M12
D4: =DATE(LEFT(D5,4),SUBSTITUTE(RIGHT(D5,2),"M",""),1) -> 42736 | E4: =DATE(LEFT(E5,4),SUBSTITUTE(RIGHT(E5,2),"M",""),1) -> 42767 | F4: =DATE(LEFT(F5,4),SUBSTITUTE(RIGHT(F5,2),"M",""),1) -> 42795 | G4: =DATE(LEFT(G5,4),SUBSTITUTE(RIGHT(G5,2),"M",""),1) -> 42826 | H4: =DATE(LEFT(H5,4),SUBSTITUTE(RIGHT(H5,2),"M",""),1) -> 42856 | I4: =DATE(LEFT(I5,4),SUBSTITUTE(RIGHT(I5,2),"M",""),1) -> 42887 | J4: =DATE(LEFT(J5,4),SUBSTITUTE(RIGHT(J5,2),"M",""),1) -> 42917 | K4: =DATE(LEFT(K5,4),SUBSTITUTE(RIGHT(K5,2),"M",""),1) -> 42948 | ... CU4: =DATE(LEFT(CU5,4),SUBSTITUTE(RIGHT(CU5,2),"M",""),1) -> 45627
D5: 2017M1 | E5: 2017M2 | F5: 2017M3 | G5: 2017M4 | H5: 2017M5 | I5: 2017M6 | J5: 2017M7 | K5: 2017M8 | L5: 2017M9 | M5: 2017M10 | N5: 2017M11 | O5: 2017M12 | P5: 2018M1 | Q5: 2018M2 | R5: 2018M3 | S5: 2018M4 | T5: 2018M5 | U5: 2018M6 | V5: 2018M7 | W5: 2018M8 | X5: 2018M9 | Y5: 2018M10 | Z5: 2018M11 | AA5: 2018M12 | AB5: 2019M1 | AC5: 2019M2 | AD5: 2019M3 | AE5: 2019M4 | AF5: 2019M5 | AG5: 2019M6 | AH5: 2019M7 | AI5: 2019M8 | AJ5: 2019M9 | AK5: 2019M10 | AL5: 2019M11 | AM5: 2019M12 | AN5: 2020M1 | AO5: 2020M2 | AP5: 2020M3 | AQ5: 2020M4 | AR5: 2020M5 | AS5: 2020M6 | AT5: 2020M7 | AU5: 2020M8 | AV5: 2020M9 | AW5: 2020M10 | AX5: 2020M11 | AY5: 2020M12 | AZ5: 2021M1 | BA5: 2021M2 | BB5: 2021M3 | BC5: 2021M4 | BD5: 2021M5 | BE5: 2021M6 | BF5: 2021M7 | BG5: 2021M8 | BH5: 2021M9 | BI5: 2021M10 | BJ5: 2021M11 | BK5: 2021M12 | BL5: 2022M1 | BM5: 2022M2 | BN5: 2022M3 | BO5: 2022M4 | BP5: 2022M5 | BQ5: 2022M6 | BR5: 2022M7 | BS5: 2022M8 | BT5: 2022M9 | BU5: 2022M10 | BV5: 2022M11 | BW5: 2022M12 | BX5: 2023M1 | BY5: 2023M2 | BZ5: 2023M3 | CA5: 2023M4 | CB5: 2023M5 | CC5: 2023M6 | CD5: 2023M7 | CE5: 2023M8 | CF5: 2023M9 | CG5: 2023M10 | CH5: 2023M11 | CI5: 2023M12 | CJ5: 2024M1 | CK5: 2024M2 | CL5: 2024M3 | CM5: 2024M4 | CN5: 2024M5 | CO5: 2024M6 | CP5: 2024M7 | CQ5: 2024M8 | CR5: 2024M9 | CS5: 2024M10 | CT5: 2024M11 | CU5: 2024M12 | CV5: Serie | CW5: Regiao
A6: Ro1101 | B6: adm | C6: Forecast | D6: 2971.9712 | E6: 3235.3591 | F6: 3789.7455 | G6: 3905.7828 | H6: 4027.6398 | I6: 4239.4372 | J6: 4167.6035 | K6: 4195.5061 | L6: 4015.1358 | M6: 3552.2437 | N6: 3320.0997 | O6: 2765.7109 | P6: 3490.422 | Q6: 3815.1162 | R6: 4479.8551 | S6: 4616.0834 | T6: 4760.9932 | U6: 4951.8967 | V6: 4846.4715 | W6: 4846.2891 | X6: 4652.9903 | Y6: 4206.2382 | Z6: 4014.1244 | AA6: 3512.0586 | AB6: 4289.2772 | AC6: 4655.8892 | AD6: 5346.9741 | AE6: 5495.1962 | AF6: 5642.6933 | AG6: 5832.7547 | AH6: 5727.9427 | AI6: 5732.5766 | AJ6: 5549.0162 | AK6: 5116.3102 | AL6: 4941.3122 | AM6: 4458.0667 | AN6: 5254.5596 | AO6: 5639.8337 | AP6: 6348.1358 | AQ6: 6511.6199 | AR6: 6672.3245 | AS6: 6873.8669 | AT6: 6779.4674 | AU6: 6794.2364 | AV6: 6621.2305 | AW6: 6199.9259 | AX6: 6037.2658 | AY6: 5567.0906 | AZ6: 6377.0122 | BA6: 6775.673 | BB6: 7497.0065 | BC6: 7672.9968 | BD6: 7845.6524 | BE6: 8058.6588 | BF6: 7975.3479 | BG6: 8000.9386 | BH6: 7838.5673 | BI6: 7427.7571 | BJ6: 7275.4773 | BK6: 6815.5924 | BL6: 7635.7526 | BM6: 8044.6588 | BN6: 8776.3167 | BO6: 8962.774 | BP6: 9146.0645 | BQ6: 9369.8291 | BR6: 9297.2662 | BS6: 9333.375 | BT6: 9181.0205 | BU6: 8779.4664 | BV6: 8635.5171 | BW6: 8183.0494 | BX6: 9009.9562 | BY6: 9425.4113 | BZ6: 10164.055 | CA6: 10358.596 | CB6: 10551.565 | CC6: 10786.752 | CD6: 10727.007 | CE6: 10776.452 | CF6: 10636.631 | CG6: 10245.324 | CH6: 10108.039 | CI6: 9657.9205 | CJ6: 10483.309 | CK6: 10894.953 | CL6: 11629.669 | CM6: 11824.675 | CN6: 12024.394 | CO6: 12273.43 | CP6: 12242.867 | CQ6: 12313.065 | CR6: 12212.742 | CS6: 11876.903 | CT6: 11669.003 | CU6: 11348.252 | CV6: 1 | CW6: 1
C7: Actual | CV7: 0 | CW7: 0
A8: Ro1101 | B8: desl | C8: Forecast | D8: 3215.2547 | E8: 3259.8696 | F8: 3597.8894 | G8: 3676.9513 | H8: 3990.5602 | I8: 3934.672 | J8: 4116.0651 | K8: 4169.8579 | L8: 4058.2588 | M8: 4259.9603 | N8: 4129.0323 | O8: 3993.6849 | P8: 3960.4714 | Q8: 3922.5585 | R8: 4282.2772 | S8: 4316.5015 | T8: 4633.4332 | U8: 4557.3443 | V8: 4716.5201 | W8: 4747.2084 | X8: 4622.2009 | Y8: 4827.4226 | Z8: 4719.0212 | AA8: 4620.6773 | AB8: 4631.0492 | AC8: 4635.1065 | AD8: 5029.5937 | AE8: 5089.3528 | AF8: 5423.8998 | AG8: 5360.6578 | AH8: 5531.3184 | AI8: 5574.7037 | AJ8: 5464.9346 | AK8: 5688.1755 | AL8: 5600.1427 | AM8: 5523.788 | AN8: 5556.9724 | AO8: 5583.9082 | AP8: 6000.6782 | AQ8: 6081.6172 | AR8: 6435.9609 | AS8: 6391.1293 | AT8: 6579.0773 | AU8: 6639.0722 | AV8: 6545.7257 | AW8: 6785.6016 | AX8: 6714.6311 | AY8: 6655.7748 | AZ8: 6706.7387 | BA8: 6751.4974 | BB8: 7185.8975 | BC8: 7284.0999 | BD8: 7655.2528 | BE8: 7626.7686 | BF8: 7830.6483 | BG8: 7906.2277 | BH8: 7828.1858 | BI8: 8083.1394 | BJ8: 8027.0575 | BK8: 7982.9285 | BL8: 8048.4842 | BM8: 8107.7292 | BN8: 8556.5433 | BO8: 8669.1174 | BP8: 9054.6145 | BQ8: 9040.4306 | BR8: 9258.508 | BS8: 9348.0785 | BT8: 9283.6845 | BU8: 9551.8006 | BV8: 9508.2892 | BW8: 9476.1119 | BX8: 9553.089 | BY8: 9623.4399 | BZ8: 10083.363 | CA8: 10207.409 | CB8: 10605.051 | CC8: 10603.842 | CD8: 10835.636 | CE8: 10939.289 | CF8: 10888.708 | CG8: 11169.576 | CH8: 11136.987 | CI8: 11113.426 | CJ8: 11196.639 | CK8: 11271.381 | CL8: 11735.367 | CM8: 11864.141 | CN8: 12269.943 | CO8: 12281.653 | CP8: 12527.854 | CQ8: 12656.665 | CR8: 12627.947 | CS8: 12907.852 | CT8: 12945.375 | CU8: 12851.316 | CV8: -1 | CW8: 1
C9: Actual | CV9: 0 | CW9: 0
A10: Ro1102 | B10: adm | C10: Forecast | D10: 4805.1099 | E10: 5226.4448 | F10: 5926.0425 | G10: 5890.6612 | H10: 5836.4349 | I10: 5866.0396 | J10: 5539.6805 | K10: 5519.2345 | L10: 5284.6769 | M10: 4895.1884 | N10: 5017.3536 | O10: 4537.0284 | P10: 5521.8318 | Q10: 5723.1581 | R10: 6346.2211 | S10: 6239.7884 | T10: 6136.2739 | U10: 6106.8973 | V10: 5740.0336 | W10: 5699.7651 | X10: 5472.9904 | Y10: 5124.2777 | Z10: 5305.2913 | AA10: 4884.4028 | AB10: 5915.0157 | AC10: 6140.313 | AD10: 6766.7024 | AE10: 6651.0407 | AF10: 6535.6384 | AG10: 6499.564 | AH10: 6135.0453 | AI10: 6106.0689 | AJ10: 5896.974 | AK10: 5569.0608 | AL10: 5771.2311 | AM10: 5370.098 | AN10: 6418.2252 | AO10: 6658.5447 | AP10: 7297.5455 | AQ10: 7192.4112 | AR10: 7086.0193 | AS10: 7058.2103 | AT10: 6702.0591 | AU10: 6682.2711 | AV10: 6483.5886 | AW10: 6167.3107 | AX10: 6381.9834 | AY10: 5993.6669 | AZ10: 7054.3712 | BA10: 7306.6327 | BB10: 7956.776 | BC10: 7862.0341 | BD10: 7765.4689 | BE10: 7747.1444 | BF10: 7400.3203 | BG10: 7389.8127 | BH10: 7200.4013 | BI10: 6893.3785 | BJ10: 7117.2743 | BK10: 6738.1523 | BL10: 7808.0557 | BM10: 8069.5754 | BN10: 8729.088 | BO10: 8643.8422 | BP10: 8556.8484 | BQ10: 8548.0338 | BR10: 8210.4434 | BS10: 8208.6361 | BT10: 8027.1585 | BU10: 7727.1755 | BV10: 7957.2733 | BW10: 7583.8016 | BX10: 8659.3079 | BY10: 8927.0225 | BZ10: 9593.946 | CA10: 9517.747 | CB10: 9441.4663 | CC10: 9444.5551 | CD10: 9119.0698 | CE10: 9128.2225 | CF10: 8955.1219 | CG10: 8659.8139 | CH10: 8890.4278 | CI10: 8513.8551 | CJ10: 9584.4154 | CK10: 9848.0906 | CL10: 10514.539 | CM10: 10445.906 | CN10: 10384.904 | CO10: 10411.366 | CP10: 10118.325 | CQ10: 10148.966 | CR10: 9999.0898 | CS10: 9739.1502 | CT10: 9849.7217 | CU10: 9621.6472 | CV10: 1 | CW10: 1
C11: Actual | CV11: 0 | CW11: 0
A12: Ro1102 | B12: desl | C12: Forecast | D12: 5153.9883 | E12: 5161.9421 | F12: 5710.6596 | G12: 5353.6937 | H12: 5632.6775 | I12: 5169.5156 | J12: 5243.7174 | K12: 5452.2012 | L12: 4976.2455 | M12: 5726.3922 | N12: 5768.5325 | O12: 5503.6416 | P12: 5610.1213 | Q12: 5361.3351 | R12: 5937.2812 | S12: 5532.6326 | T12: 5772.6057 | U12: 5306.6065 | V12: 5366.2506 | W12: 5577.277 | X12: 5122.3419 | Y12: 5905.541 | Z12: 5987.1629 | AA12: 5757.5482 | AB12: 5888.2536 | AC12: 5652.1109 | AD12: 6233.012 | AE12: 5831.2264 | AF12: 6076.7376 | AG12: 5621.3266 | AH12: 5696.4875 | AI12: 5926.3123 | AJ12: 5491.4214 | AK12: 6294.3165 | AL12: 6394.4835 | AM12: 6182.1018 | AN12: 6328.8583 | AO12: 6107.7539 | AP12: 6702.8128 | AQ12: 6314.4496 | AR12: 6572.8778 | AS12: 6130.2002 | AT12: 6218.2505 | AU12: 6461.3679 | AV12: 6040.244 | AW12: 6857.2622 | AX12: 6971.6598 | AY12: 6773.3365 | AZ12: 6933.7622 | BA12: 6725.8344 | BB12: 7333.5879 | BC12: 6957.5238 | BD12: 7227.9664 | BE12: 6797.1129 | BF12: 6896.8552 | BG12: 7151.5577 | BH12: 6741.9199 | BI12: 7570.3327 | BJ12: 7696.0505 | BK12: 7508.9997 | BL12: 7680.6755 | BM12: 7483.9846 | BN12: 8102.9399 | BO12: 7737.981 | BP12: 8019.332 | BQ12: 7599.066 | BR12: 7708.9543 | BS12: 7973.281 | BT12: 7572.7431 | BU12: 8409.8357 | BV12: 8544.0289 | BW12: 8365.5499 | BX12: 8546.2178 | BY12: 8359.1972 | BZ12: 8988.597 | CA12: 8634.7131 | CB12: 8927.362 | CC12: 8517.9882 | CD12: 8637.646 | CE12: 8909.9779 | CF12: 8515.3499 | CG12: 9356.362 | CH12: 9493.1256 | CI12: 9317.0958 | CJ12: 9501.5759 | CK12: 9320.8394 | CL12: 9961.2821 | CM12: 9621.4676 | CN12: 9932.1616 | CO12: 9544.6145 | CP12: 9674.271 | CQ12: 9964.4908 | CR12: 9584.0866 | CS12: 10321.215 | CT12: 10626.735 | CU12: 10208.612 | CV12: -1 | CW12: 1
C13: Actual | CV13: 0 | CW13: 0
A14: Ac1201 | B14: adm | C14: Forecast | D14: 126.35637 | E14: 126.8376 | F14: 174.4873 | G14: 206.26166 | H14: 227.6565 | I14: 244.19842 | J14: 228.24291 | K14: 218.46386 | L14: 199.47221 | M14: 168.6912 | N14: 160.43161 | O14: 133.97148 | P14: 160.55887 | Q14: 163.79856 | R14: 199.35335 | S14: 226.80552 | T14: 245.67973 | U14: 257.88541 | V14: 236.94444 | W14: 221.54728 | X14: 198.01528 | Y14: 165.44346 | Z14: 158.64175 | AA14: 136.55949 | AB14: 169.07561 | AC14: 178.11491 | AD14: 218.03992 | AE14: 247.8088 | AF14: 267.06434 | AG14: 278.3689 | AH14: 256.07273 | AI14: 239.56592 | AJ14: 215.58084 | AK14: 183.32062 | AL14: 177.48435 | AM14: 156.80461 | AN14: 190.9267 | AO14: 201.57486 | AP14: 242.96316 | AQ14: 273.95672 | AR14: 294.16028 | AS14: 306.15166 | AT14: 284.3436 | AU14: 268.22018 | AV14: 244.61581 | AW14: 212.81825 | AX14: 207.57471 | AY14: 187.62266 | AZ14: 222.57563 | BA14: 234.10529 | BB14: 276.37101 | BC14: 308.19593 | BD14: 329.163 | BE14: 341.84806 | BF14: 320.67595 | BG14: 305.14904 | BH14: 282.1194 | BI14: 250.88774 | BJ14: 246.20864 | BK14: 226.82287 | BL14: 262.34571 | BM14: 274.45142 | BN14: 317.30386 | BO14: 349.73194 | BP14: 371.32335 | BQ14: 384.65432 | BR14: 364.14255 | BS14: 349.27388 | BT14: 326.87542 | BU14: 296.21878 | BV14: 292.03274 | BW14: 273.04463 | BX14: 308.87708 | BY14: 321.23725 | BZ14: 364.3458 | CA14: 397.10299 | CB14: 419.16568 | CC14: 433.15646 | CD14: 413.49596 | CE14: 399.61704 | CF14: 378.23619 | CG14: 348.47422 | CH14: 344.89658 | CI14: 326.10388 | CJ14: 361.6695 | CK14: 373.37667 | CL14: 415.61836 | CM14: 447.66737 | CN14: 469.44476 | CO14: 483.99429 | CP14: 465.87953 | CQ14: 454.34912 | CR14: 435.76564 | CS14: 410.94035 | CT14: 405.02428 | CU14: 396.1282 | CV14: 1 | CW14: 1
C15: Actual | CV15: 0 | CW15: 0
A16: Ac1201 | B16: desl | C16: Forecast | D16: 194.03054 | E16: 159.49159 | F16: 159.89575 | G16: 150.59441 | H16: 167.71427 | I16: 164.89237 | J16: 182.71523 | K16: 194.46726 | L16: 188.17507 | M16: 223.65862 | N16: 224.61693 | O16: 220.86935 | P16: 211.90235 | Q16: 185.37527 | R16: 181.7285 | S16: 165.73266 | T16: 182.17851 | U16: 179.61644 | V16: 198.22178 | W16: 211.02415 | X16: 204.62754 | Y16: 239.05045 | Z16: 238.65345 | AA16: 233.97383 | AB16: 224.95317 | AC16: 199.29642 | AD16: 197.19059 | AE16: 183.01269 | AF16: 201.20278 | AG16: 200.1141 | AH16: 219.88655 | AI16: 233.62179 | AJ16: 228.02875 | AK16: 263.21067 | AL16: 263.57587 | AM16: 259.68183 | AN16: 251.48006 | AO16: 226.68531 | AP16: 225.49321 | AQ16: 212.28088 | AR16: 231.47444 | AS16: 231.4002 | AT16: 252.16623 | AU16: 266.84809 | AV16: 262.14254 | AW16: 298.15674 | AX16: 299.31502 | AY16: 296.1955 | AZ16: 288.76742 | BA16: 264.75574 | BB16: 264.35777 | BC16: 251.94597 | BD16: 271.93886 | BE16: 272.65558 | BF16: 294.19936 | BG16: 309.64395 | BH16: 305.68674 | BI16: 342.43685 | BJ16: 344.32068 | BK16: 341.91755 | BL16: 335.19653 | BM16: 311.88089 | BN16: 312.16528 | BO16: 300.41947 | BP16: 321.06046 | BQ16: 322.40825 | BR16: 344.57012 | BS16: 360.6268 | BT16: 357.2844 | BU16: 394.66025 | BV16: 397.18559 | BW16: 395.4386 | BX16: 389.37973 | BY16: 366.71654 | BZ16: 367.62352 | CA16: 356.45051 | CB16: 377.6009 | CC16: 379.39316 | CD16: 401.949 | CE16: 418.37943 | CF16: 415.43348 | CG16: 453.27367 | CH16: 456.36804 | CI16: 455.31517 | CJ16: 450.04967 | CK16: 428.22198 | CL16: 429.95481 | CM16: 419.39457 | CN16: 440.97309 | CO16: 442.96115 | CP16: 464.95635 | CQ16: 481.76347 | CR16: 477.88741 | CS16: 513.47558 | CT16: 522.97315 | CU16: 513.29507 | CV16: -1 | CW16: 1
C17: Actual | CV17: 0 | CW17: 0
A18: Ac1202 | B18: adm | C18: Forecast | D18: 1566.222 | E18: 1669.4399 | F18: 1861.3321 | G18: 1913.4152 | H18: 1907.3729 | I18: 1934.5405 | J18: 1872.7611 | K18: 1866.7247 | L18: 1791.1189 | M18: 1663.5907 | N18: 1672.1623 | O18: 1456.6262 | P18: 1732.4047 | Q18: 1828.2496 | R18: 2043.712 | S18: 2052.3821 | T18: 2038.8781 | U18: 2048.0319 | V18: 1972.9779 | W18: 1961.2568 | X18: 1884.3659 | Y18: 1764.9583 | Z18: 1787.6017 | AA18: 1588.7409 | AB18: 1880.76 | AC18: 1989.0463 | AD18: 2211.7292 | AE18: 2222.9307 | AF18: 2208.9843 | AG18: 2216.8891 | AH18: 2141.6155 | AI18: 2131.7225 | AJ18: 2058.8655 | AK18: 1945.2369 | AL18: 1974.6553 | AM18: 1782.8227 | AN18: 2081.5579 | AO18: 2195.9077 | AP18: 2423.8637 | AQ18: 2439.5701 | AR18: 2429.4989 | AS18: 2440.864 | AT18: 2368.8846 | AU18: 2362.3545 | AV18: 2293.1024 | AW18: 2183.4003 | AX18: 2217.0459 | AY18: 2029.6396 | AZ18: 2332.8587 | BA18: 2451.612 | BB18: 2683.7923 | BC18: 2703.4997 | BD18: 2697.2132 | BE18: 2712.1884 | BF18: 2643.6996 | BG18: 2640.5911 | BH18: 2574.7282 | BI18: 2468.4033 | BJ18: 2505.4239 | BK18: 2321.3952 | BL18: 2627.9997 | BM18: 2750.1529 | BN18: 2985.7531 | BO18: 3008.8979 | BP18: 3006.0505 | BQ18: 3024.4321 | BR18: 2959.2652 | BS18: 2959.3326 | BT18: 2896.4427 | BU18: 2792.8551 | BV18: 2832.3866 | BW18: 2650.7065 | BX18: 2959.6153 | BY18: 3084.1837 | BZ18: 3322.4674 | CA18: 3348.679 | CB18: 3349.3063 | CC18: 3371.4735 | CD18: 3310.1742 | CE18: 3313.8666 | CF18: 3253.9968 | CG18: 3152.5287 | CH18: 3193.1275 | CI18: 3011.5768 | CJ18: 3320.0453 | CK18: 3444.3085 | CL18: 3682.9749 | CM18: 3711.4475 | CN18: 3716.1656 | CO18: 3744.5213 | CP18: 3690.982 | CQ18: 3702.8147 | CR18: 3645.273 | CS18: 3560.3747 | CT18: 3566.2493 | CU18: 3427.0386 | CV18: 1 | CW18: 1
C19: Actual | CV19: 0 | CW19: 0
A20: Ac1202 | B20: desl | C20: Forecast | D20: 1767.9933 | E20: 1693.4829 | F20: 1854.6893 | G20: 1692.1342 | H20: 1866.3436 | I20: 1692.8518 | J20: 1735.6664 | K20: 1813.4487 | L20: 1663.1243 | M20: 1996.5782 | N20: 2006.406 | O20: 2024.8715 | P20: 1998.8287 | Q20: 1803.505 | R20: 1949.4918 | S20: 1778.709 | T20: 1933.0603 | U20: 1759.1829 | V20: 1797.4949 | W20: 1876.1613 | X20: 1733.2868 | Y20: 2077.0986 | Z20: 2099.8808 | AA20: 2130.691 | AB20: 2114.0692 | AC20: 1925.0254 | AD20: 2074.9628 | AE20: 1907.1671 | AF20: 2064.8445 | AG20: 1895.3563 | AH20: 1939.2211 | AI20: 2024.3157 | AJ20: 1888.3209 | AK20: 2239.0942 | AL20: 2268.6995 | AM20: 2306.0994 | AN20: 2295.7949 | AO20: 2112.7708 | AP20: 2268.4139 | AQ20: 2106.023 | AR20: 2268.865 | AS20: 2104.405 | AT20: 2153.2792 | AU20: 2243.4594 | AV20: 2112.6696 | AW20: 2468.7525 | AX20: 2503.713 | AY20: 2546.4376 | AZ20: 2541.3614 | BA20: 2363.4295 | BB20: 2524.0185 | BC20: 2366.4383 | BD20: 2533.9772 | BE20: 2374.1213 | BF20: 2427.5227 | BG20: 2522.164 | BH20: 2395.7785 | BI20: 2756.2201 | BJ20: 2795.5086 | BK20: 2842.5474 | BL20: 2841.7861 | BM20: 2668.1761 | BN20: 2833.0864 | BO20: 2679.802 | BP20: 2851.5696 | BQ20: 2695.8226 | BR20: 2753.1609 | BS20: 2851.5296 | BT20: 2728.6558 | BU20: 3092.4301 | BV20: 3134.9553 | BW20: 3185.2544 | BX20: 3187.9098 | BY20: 3017.9834 | BZ20: 3186.8935 | CA20: 3037.8812 | CB20: 3214.0419 | CC20: 3062.565 | CD20: 3123.7624 | CE20: 3225.3094 | CF20: 3104.7771 | CG20: 3470.0707 | CH20: 3513.5207 | CI20: 3564.6139 | CJ20: 3568.5553 | CK20: 3400.8244 | CL20: 3573.8407 | CM20: 3430.2532 | CN20: 3613.303 | CO20: 3470.7362 | CP20: 3536.3694 | CQ20: 3643.3136 | CR20: 3534.0666 | CS20: 3851.6641 | CT20: 3970.0539 | CU20: 3919.4065 | CV20: -1 | CW20: 1
C21: Actual | CV21: 0 | CW21: 0
A22: Am1301 | B22: adm | C22: Forecast | D22: 25.814872 | E22: 18.651279 | F22: 24.87336 | G22: 18.922578 | H22: 16.609989 | I22: 23.657241 | J22: 12.215635 | K22: 15.478621 | L22: 18.581932 | M22: 6.2223467 | N22: 19.842993 | O22: 16.124996 | P22: 35.240894 | Q22: 21.545165 | R22: 22.184914 | S22: 17.432187 | T22: 14.056681 | U22: 20.669562 | V22: 9.7130523 | W22: 12.669597 | X22: 15.740038 | Y22: 3.3959065 | Z22: 17.012713 | AA22: 13.404947 | AB22: 32.665915 | AC22: 19.088586 | AD22: 19.802556 | AE22: 15.074938 | AF22: 11.687472 | AG22: 18.274656 | AH22: 7.2997059 | AI22: 10.25566 | AJ22: 13.345152 | AK22: 1.0348133 | AL22: 14.692283 | AM22: 11.125913 | AN22: 30.425872 | AO22: 16.88403 | AP22: 17.629865 | AQ22: 12.930516 | AR22: 9.5676619 | AS22: 16.176021 | AT22: 5.2196424 | AU22: 8.1929913 | AV22: 11.300362 | AW22: -0.99024624 | AX22: 12.689429 | AY22: 9.1474955 | AZ22: 28.473223 | BA22: 14.957345 | BB22: 15.728365 | BC22: 11.052865 | BD22: 7.7124041 | BE22: 14.34189 | BF22: 3.4056786 | BG22: 6.3984954 | BH22: 9.5247893 | BI22: -2.7473666 | BJ22: 10.950365 | BK22: 7.4262517 | BL22: 26.769848 | BM22: 13.272273 | BN22: 14.062429 | BO22: 9.4071653 | BP22: 6.0880374 | BQ22: 12.739567 | BR22: 1.8253144 | BS22: 4.8389007 | BT22: 7.9835896 | BU22: -4.2734819 | BV22: 9.4356927 | BW22: 5.9199362 | BX22: 25.270329 | BY22: 11.780311 | BZ22: 12.581437 | CA22: 7.942903 | CB22: 4.6475625 | CC22: 11.329592 | CD22: 0.45003705 | CE22: 3.4982565 | CF22: 6.6715056 | CG22: -5.5685907 | CH22: 8.1412665 | CI22: 4.6069137 | CJ22: 23.926485 | CK22: 10.402785 | CL22: 11.162094 | CM22: 6.5413768 | CN22: 3.2466053 | CO22: 9.9625569 | CP22: -0.68398783 | CQ22: 2.0244552 | CR22: 5.5258581 | CS22: -5.4149637 | CT22: 3.5487841 | CU22: 8.7033078 | CV22: 1 | CW22: 1
C23: Actual | CV23: 0 | CW23: 0
A24: Am1301 | B24: desl | C24: Forecast | D24: 21.345085 | E24: 26.440844 | F24: 18.798829 | G24: 19.357964 | H24: 21.015534 | I24: 12.312313 | J24: 16.180924 | K24: 15.652415 | L24: 12.338055 | M24: 26.956862 | N24: 24.07691 | O24: 37.369202 | P24: 19.041492 | Q24: 21.90992 | R24: 15.073441 | S24: 15.09976 | T24: 16.422615 | U24: 8.1962576 | V24: 11.867604 | W24: 11.558669 | X24: 8.457051 | Y24: 23.114239 | Z24: 20.230787 | AA24: 33.441253 | AB24: 14.991421 | AC24: 17.772935 | AD24: 10.911186 | AE24: 10.968371 | AF24: 12.354833 | AG24: 4.1952159 | AH24: 7.9148581 | AI24: 7.6298669 | AJ24: 4.5331652 | AK24: 19.185985 | AL24: 16.297704 | AM24: 29.507203 | AN24: 11.06021 | AO24: 13.846573 | AP24: 6.9903419 | AQ24: 7.053708 | AR24: 8.4479875 | AS24: 0.29867914 | AT24: 4.0309797 | AU24: 3.7597557 | AV24: 0.67616343 | AW24: 15.339956 | AX24: 12.459928 | AY24: 25.675393 | AZ24: 7.2331877 | BA24: 10.024381 | BB24: 3.1738788 | BC24: 3.2441298 | BD24: 4.6461735 | BE24: -3.4950509 | BF24: 0.24510265 | BG24: -0.018827488 | BH24: -3.09571 | BI24: 11.574445 | BJ24: 8.7008163 | BK24: 21.9231 | BL24: 3.4883854 | BM24: 6.2877676 | BN24: -0.5541022 | BO24: -0.47529181 | BP24: 0.93454307 | BQ24: -7.200368 | BR24: -3.4558861 | BS24: -3.7175532 | BT24: -6.7937301 | BU24: 7.8766933 | BV24: 5.0044673 | BW24: 18.230961 | BX24: -0.19544261 | BY24: 2.6167562 | BZ24: -4.2086217 | CA24: -4.1118192 | CB24: -2.6856828 | CC24: -10.809617 | CD24: -7.062436 | CE24: -7.3315302 | CF24: -10.424244 | CG24: 4.2236156 | CH24: 1.3285187 | CI24: 14.54048 | CJ24: -3.8830047 | CK24: -1.0552923 | CL24: -7.8181964 | CM24: -7.6754559 | CN24: -6.1670032 | CO24: -14.189416 | CP24: -10.575022 | CQ24: -10.764821 | CR24: -13.43467 | CS24: -1.4446299 | CT24: 1.028274 | CU24: 6.7714174 | CV24: -1 | CW24: 1
C25: Actual | CV25: 0 | CW25: 0
A26: Am1302 | B26: adm | C26: Forecast | D26: 26.835821 | E26: 24.956815 | F26: 29.292721 | G26: 29.008606 | H26: 28.675295 | I26: 31.060542 | J26: 27.750253 | K26: 28.93718 | L26: 29.05102 | M26: 23.944647 | N26: 27.118566 | O26: 23.307662 | P26: 29.846076 | Q26: 28.4649 | R26: 31.946567 | S26: 31.919541 | T26: 31.364823 | U26: 33.491969 | V26: 30.074745 | W26: 31.042483 | X26: 31.115314 | Y26: 26.175456 | Z26: 29.664404 | AA26: 26.244925 | AB26: 33.1361 | AC26: 31.985914 | AD26: 35.559415 | AE26: 35.520652 | AF26: 34.912228 | AG26: 37.001757 | AH26: 33.597134 | AI26: 34.633406 | AJ26: 34.816872 | AK26: 30.008874 | AL26: 33.63283 | AM26: 30.340827 | AN26: 37.34797 | AO26: 36.301858 | AP26: 39.968162 | AQ26: 40.011642 | AR26: 39.476162 | AS26: 41.631903 | AT26: 38.290711 | AU26: 39.392066 | AV26: 39.645809 | AW26: 34.914795 | AX26: 38.621603 | AY26: 35.415686 | AZ26: 42.508849 | BA26: 41.545877 | BB26: 45.290847 | BC26: 45.408307 | BD26: 44.942936 | BE26: 47.166194 | BF26: 43.89113 | BG26: 45.058042 | BH26: 45.377138 | BI26: 40.711312 | BJ26: 44.483053 | BK26: 41.341759 | BL26: 48.499303 | BM26: 47.600647 | BN26: 51.410068 | BO26: 51.592193 | BP26: 51.191533 | BQ26: 53.479033 | BR26: 50.266886 | BS26: 51.494305 | BT26: 51.870426 | BU26: 47.257428 | BV26: 51.077792 | BW26: 47.981889 | BX26: 55.183585 | BY26: 54.3306 | BZ26: 58.190145 | CA26: 58.429132 | CB26: 58.092817 | CC26: 60.450677 | CD26: 57.311001 | CE26: 58.607259 | CF26: 59.041956 | CG26: 54.47175 | CH26: 58.316307 | CI26: 55.226106 | CJ26: 62.423227 | CK26: 61.565317 | CL26: 65.426224 | CM26: 65.708037 | CN26: 65.43781 | CO26: 67.88886 | CP26: 64.985313 | CQ26: 66.228316 | CR26: 66.987613 | CS26: 62.755367 | CT26: 65.116712 | CU26: 64.581603 | CV26: 1 | CW26: 1
C27: Actual | CV27: 0 | CW27: 0
A28: Am1302 | B28: desl | C28: Forecast | D28: 31.165148 | E28: 26.281526 | F28: 29.263085 | G28: 26.453364 | H28: 28.051662 | I28: 28.601001 | J28: 28.759106 | K28: 30.662117 | L28: 32.521294 | M28: 31.113244 | N28: 31.258658 | O28: 27.729643 | P28: 29.848562 | Q28: 25.932538 | R28: 29.171178 | S28: 26.656894 | T28: 28.328549 | U28: 29.200535 | V28: 29.407049 | W28: 31.228534 | X28: 33.037447 | Y28: 31.548778 | Z28: 31.632625 | AA28: 28.096443 | AB28: 30.251134 | AC28: 26.404304 | AD28: 29.734173 | AE28: 27.318076 | AF28: 29.084184 | AG28: 30.041228 | AH28: 30.320261 | AI28: 32.200405 | AJ28: 34.054724 | AK28: 32.600896 | AL28: 32.713776 | AM28: 29.206408 | AN28: 31.394427 | AO28: 27.588228 | AP28: 30.966431 | AQ28: 28.604546 | AR28: 30.427572 | AS28: 31.440875 | AT28: 31.772949 | AU28: 33.70166 | AV28: 35.600123 | AW28: 34.186987 | AX28: 34.338491 | AY28: 30.869012 | AZ28: 33.095165 | BA28: 29.327857 | BB28: 32.745791 | BC28: 30.424258 | BD28: 32.287884 | BE28: 33.341644 | BF28: 33.713716 | BG28: 35.681777 | BH28: 37.61887 | BI28: 36.243651 | BJ28: 36.432375 | BK28: 32.99938 | BL28: 35.261155 | BM28: 31.528415 | BN28: 34.979675 | BO28: 32.690158 | BP28: 34.584645 | BQ28: 35.668567 | BR28: 36.07082 | BS28: 38.069938 | BT28: 40.039725 | BU28: 38.699221 | BV28: 38.924447 | BW28: 35.528766 | BX28: 37.827041 | BY28: 34.127996 | BZ28: 37.608301 | CA28: 35.342019 | CB28: 37.254024 | CC28: 38.351332 | CD28: 38.765959 | CE28: 40.780463 | CF28: 42.773251 | CG28: 41.466604 | CH28: 41.738536 | CI28: 38.398924 | CJ28: 40.761072 | CK28: 37.119787 | CL28: 40.644999 | CM28: 38.399426 | CN28: 40.317195 | CO28: 41.342656 | CP28: 41.801316 | CQ28: 43.57369 | CR28: 45.728345 | CS28: 44.63621 | CT28: 44.129449 | CU28: 42.944443 | CV28: -1 | CW28: 1
C29: Actual | CV29: 0 | CW29: 0
