Workbook
Name B: #REF!
Name bootstrap_flag: #REF!
Name cb_blockdiag: #REF!
Name cb_blockdiagexc: #REF!
Name cb_exccountry: #REF!
Name cb_lambda: #REF!
Name cb_samplecov: #REF!
Name ccodes: #REF!
Name chow_cut: #REF!
Name cnames: #REF!
Name cnames_long: #REF!
Name criterion: #REF!
Name dvflag: #REF!
Name estcase: #REF!
Name first_trdyear: #REF!
Name firstcountries: #REF!
Name firstobs: #REF!
Name fvflag: #REF!
Name fvflag_we: #REF!
Name graphsflag: #REF!
Name gvflag: #REF!
Name gvflag_we: #REF!
Name gvnames: #REF!
Name gvnames_long: #REF!
Name gvshockmtrx: #REF!
Name importbuild_wmat_flag: #REF!
Name last_trdyear: #REF!
Name lastobs: #REF!
Name maxlag: #REF!
Name N: #REF!
Name newordervars: #REF!
Name outdir: #REF!
Name overid_flag: #REF!
Name pauseflag: #REF!
Name pe_blockdiag: #REF!
Name pe_blockdiagexc: #REF!
Name pe_exccountry: #REF!
Name pe_lambda: #REF!
Name pe_samplecov: #REF!
Name rank: #REF!
Name regcountries: #REF!
Name regcountriesx: #REF!
Name rnames: #REF!
Name rnames_long: #REF!
Name rnamesx: #REF!
Name rnamesx_long: #REF!
Name ss_B: #REF!
Name ss_bootstrap_flag: #REF!
Name ss_flag: #REF!
Name trade_window: #REF!
Name tvw_solution: #REF!
Name tvw_solution_modeflag: #REF!
Name urt_criterion: #REF!
Name urt_maxlag: #REF!
Name urtflag: #REF!
Name varxlag: #REF!
Name varxlag_we: #REF!
Name vnames: #REF!
Name vnames_long: #REF!
Name vshockmtrx: #REF!

Sheet MAIN
A1: 1 | B1: 2 | C1: 3 | D1: 4 | E1: 5 | F1: 6 | G1: 7 | H1: 8 | I1: 9 | J1: 10 | K1: 11
D2: CAGED | E2: CAGED | F2: IPEA | G2: IPEA | H2: LCA | I2: LCA
A3: Data | B3: Ano | C3: Mês | D3: Adm | E3: Des | F3: Adm | G3: Des | H3: Adm | I3: Des | J3: PIM | K3: Emp Liquido | L3: LN(PIM) | M3: DLN | N3: Data Fim | O3: Data Inicio | P3: Data Inicio 2 | Q3: Data Fim 2 | R3: PIM Final | S3: Pim Inicial | T3: Var Pim | U3: Média Var Pim Ano | V3: Soma Emp Liq No Ano | W3: Soma PIM Ano
A4: =EOMONTH(A5,-1) -> 27425 | B4: =YEAR(A4) -> 1975 | C4: =MONTH(A4) -> 1 | J4: 40.694754 | K4: =IF(AND(ISNUMBER(D4),ISNUMBER(E4)),D4-E4,IF(AND(ISNUMBER(F4),ISNUMBER(G4)),F4-G4,H4-I4)) -> 0 | L4: =LN(J4) -> 3.7060992 | M4: =L4-L3 -> #VALUE! | N4: {=MAX(IF($B$4:$B$507=B4,$A$4:$A$507))} -> 27759 | O4: {=MIN(IF($B$4:$B$507=B4,$A$4:$A$507))} -> 27425 | P4: =EOMONTH(Q4,-12) -> 27060 | Q4: =A4 -> 27425 | R4: =VLOOKUP(Q4,$A$4:$L$507,$J$1,FALSE) -> 40.694754 | S4: =VLOOKUP(P4,$A$4:$L$507,$J$1,FALSE) -> #N/A | T4: =R4/S4-1 -> #N/A | U4: =AVERAGEIF($B$4:$B$507,B4,$T$4:$T$507) -> #N/A
A5: =EOMONTH(A6,-1) -> 27453 | B5: =YEAR(A5) -> 1975 | C5: =MONTH(A5) -> 2 | J5: 38.18129 | K5: =IF(AND(ISNUMBER(D5),ISNUMBER(E5)),D5-E5,IF(AND(ISNUMBER(F5),ISNUMBER(G5)),F5-G5,H5-I5)) -> 0 | L5: =LN(J5) -> 3.6423456 | M5: =L5-L4 -> -0.063753568 | N5: {=MAX(IF($B$4:$B$507=B5,$A$4:$A$507))} -> 27759 | O5: {=MIN(IF($B$4:$B$507=B5,$A$4:$A$507))} -> 27425 | P5: =EOMONTH(Q5,-12) -> 27088 | Q5: =A5 -> 27453 | R5: =VLOOKUP(Q5,$A$4:$L$507,$J$1,FALSE) -> 38.18129 | S5: =VLOOKUP(P5,$A$4:$L$507,$J$1,FALSE) -> #N/A | T5: =R5/S5-1 -> #N/A | U5: =AVERAGEIF($B$4:$B$507,B5,$T$4:$T$507) -> #N/A
A6: =EOMONTH(A7,-1) -> 27484 | B6: =YEAR(A6) -> 1975 | C6: =MONTH(A6) -> 3 | J6: 41.35231 | K6: =IF(AND(ISNUMBER(D6),ISNUMBER(E6)),D6-E6,IF(AND(ISNUMBER(F6),ISNUMBER(G6)),F6-G6,H6-I6)) -> 0 | L6: =LN(J6) -> 3.7221283 | M6: =L6-L5 -> 0.079782673 | N6: {=MAX(IF($B$4:$B$507=B6,$A$4:$A$507))} -> 27759 | O6: {=MIN(IF($B$4:$B$507=B6,$A$4:$A$507))} -> 27425 | P6: =EOMONTH(Q6,-12) -> 27119 | Q6: =A6 -> 27484 | R6: =VLOOKUP(Q6,$A$4:$L$507,$J$1,FALSE) -> 41.35231 | S6: =VLOOKUP(P6,$A$4:$L$507,$J$1,FALSE) -> #N/A | T6: =R6/S6-1 -> #N/A | U6: =AVERAGEIF($B$4:$B$507,B6,$T$4:$T$507) -> #N/A
A7: =EOMONTH(A8,-1) -> 27514 | B7: =YEAR(A7) -> 1975 | C7: =MONTH(A7) -> 4 | J7: 43.570795 | K7: =IF(AND(ISNUMBER(D7),ISNUMBER(E7)),D7-E7,IF(AND(ISNUMBER(F7),ISNUMBER(G7)),F7-G7,H7-I7)) -> 0 | L7: =LN(J7) -> 3.7743871 | M7: =L7-L6 -> 0.052258796 | N7: {=MAX(IF($B$4:$B$507=B7,$A$4:$A$507))} -> 27759 | O7: {=MIN(IF($B$4:$B$507=B7,$A$4:$A$507))} -> 27425 | P7: =EOMONTH(Q7,-12) -> 27149 | Q7: =A7 -> 27514 | R7: =VLOOKUP(Q7,$A$4:$L$507,$J$1,FALSE) -> 43.570795 | S7: =VLOOKUP(P7,$A$4:$L$507,$J$1,FALSE) -> #N/A | T7: =R7/S7-1 -> #N/A | U7: =AVERAGEIF($B$4:$B$507,B7,$T$4:$T$507) -> #N/A
A8: =EOMONTH(A9,-1) -> 27545 | B8: =YEAR(A8) -> 1975 | C8: =MONTH(A8) -> 5 | J8: 43.724429 | K8: =IF(AND(ISNUMBER(D8),ISNUMBER(E8)),D8-E8,IF(AND(ISNUMBER(F8),ISNUMBER(G8)),F8-G8,H8-I8)) -> 0 | L8: =LN(J8) -> 3.777907 | M8: =L8-L7 -> 0.003519891 | N8: {=MAX(IF($B$4:$B$507=B8,$A$4:$A$507))} -> 27759 | O8: {=MIN(IF($B$4:$B$507=B8,$A$4:$A$507))} -> 27425 | P8: =EOMONTH(Q8,-12) -> 27180 | Q8: =A8 -> 27545 | R8: =VLOOKUP(Q8,$A$4:$L$507,$J$1,FALSE) -> 43.724429 | S8: =VLOOKUP(P8,$A$4:$L$507,$J$1,FALSE) -> #N/A | T8: =R8/S8-1 -> #N/A | U8: =AVERAGEIF($B$4:$B$507,B8,$T$4:$T$507) -> #N/A
A9: =EOMONTH(A10,-1) -> 27575 | B9: =YEAR(A9) -> 1975 | C9: =MONTH(A9) -> 6 | J9: 45.174741 | K9: =IF(AND(ISNUMBER(D9),ISNUMBER(E9)),D9-E9,IF(AND(ISNUMBER(F9),ISNUMBER(G9)),F9-G9,H9-I9)) -> 0 | L9: =LN(J9) -> 3.8105381 | M9: =L9-L8 -> 0.032631127 | N9: {=MAX(IF($B$4:$B$507=B9,$A$4:$A$507))} -> 27759 | O9: {=MIN(IF($B$4:$B$507=B9,$A$4:$A$507))} -> 27425 | P9: =EOMONTH(Q9,-12) -> 27210 | Q9: =A9 -> 27575 | R9: =VLOOKUP(Q9,$A$4:$L$507,$J$1,FALSE) -> 45.174741 | S9: =VLOOKUP(P9,$A$4:$L$507,$J$1,FALSE) -> #N/A | T9: =R9/S9-1 -> #N/A | U9: =AVERAGEIF($B$4:$B$507,B9,$T$4:$T$507) -> #N/A
A10: =EOMONTH(A11,-1) -> 27606 | B10: =YEAR(A10) -> 1975 | C10: =MONTH(A10) -> 7 | J10: 46.877013 | K10: =IF(AND(ISNUMBER(D10),ISNUMBER(E10)),D10-E10,IF(AND(ISNUMBER(F10),ISNUMBER(G10)),F10-G10,H10-I10)) -> 0 | L10: =LN(J10) -> 3.8475274 | M10: =L10-L9 -> 0.036989329 | N10: {=MAX(IF($B$4:$B$507=B10,$A$4:$A$507))} -> 27759 | O10: {=MIN(IF($B$4:$B$507=B10,$A$4:$A$507))} -> 27425 | P10: =EOMONTH(Q10,-12) -> 27241 | Q10: =A10 -> 27606 | R10: =VLOOKUP(Q10,$A$4:$L$507,$J$1,FALSE) -> 46.877013 | S10: =VLOOKUP(P10,$A$4:$L$507,$J$1,FALSE) -> #N/A | T10: =R10/S10-1 -> #N/A | U10: =AVERAGEIF($B$4:$B$507,B10,$T$4:$T$507) -> #N/A
A11: =EOMONTH(A12,-1) -> 27637 | B11: =YEAR(A11) -> 1975 | C11: =MONTH(A11) -> 8 | J11: 46.022804 | K11: =IF(AND(ISNUMBER(D11),ISNUMBER(E11)),D11-E11,IF(AND(ISNUMBER(F11),ISNUMBER(G11)),F11-G11,H11-I11)) -> 0 | L11: =LN(J11) -> 3.829137 | M11: =L11-L10 -> -0.01839041 | N11: {=MAX(IF($B$4:$B$507=B11,$A$4:$A$507))} -> 27759 | O11: {=MIN(IF($B$4:$B$507=B11,$A$4:$A$507))} -> 27425 | P11: =EOMONTH(Q11,-12) -> 27272 | Q11: =A11 -> 27637 | R11: =VLOOKUP(Q11,$A$4:$L$507,$J$1,FALSE) -> 46.022804 | S11: =VLOOKUP(P11,$A$4:$L$507,$J$1,FALSE) -> #N/A | T11: =R11/S11-1 -> #N/A | U11: =AVERAGEIF($B$4:$B$507,B11,$T$4:$T$507) -> #N/A
A12: =EOMONTH(A13,-1) -> 27667 | B12: =YEAR(A12) -> 1975 | C12: =MONTH(A12) -> 9 | J12: 47.178137 | K12: =IF(AND(ISNUMBER(D12),ISNUMBER(E12)),D12-E12,IF(AND(ISNUMBER(F12),ISNUMBER(G12)),F12-G12,H12-I12)) -> 0 | L12: =LN(J12) -> 3.8539306 | M12: =L12-L11 -> 0.024793569 | N12: {=MAX(IF($B$4:$B$507=B12,$A$4:$A$507))} -> 27759 | O12: {=MIN(IF($B$4:$B$507=B12,$A$4:$A$507))} -> 27425 | P12: =EOMONTH(Q12,-12) -> 27302 | Q12: =A12 -> 27667 | R12: =VLOOKUP(Q12,$A$4:$L$507,$J$1,FALSE) -> 47.178137 | S12: =VLOOKUP(P12,$A$4:$L$507,$J$1,FALSE) -> #N/A | T12: =R12/S12-1 -> #N/A | U12: =AVERAGEIF($B$4:$B$507,B12,$T$4:$T$507) -> #N/A
A13: =EOMONTH(A14,-1) -> 27698 | B13: =YEAR(A13) -> 1975 | C13: =MONTH(A13) -> 10 | J13: 48.81281 | K13: =IF(AND(ISNUMBER(D13),ISNUMBER(E13)),D13-E13,IF(AND(ISNUMBER(F13),ISNUMBER(G13)),F13-G13,H13-I13)) -> 0 | L13: =LN(J13) -> 3.8879928 | M13: =L13-L12 -> 0.034062192 | N13: {=MAX(IF($B$4:$B$507=B13,$A$4:$A$507))} -> 27759 | O13: {=MIN(IF($B$4:$B$507=B13,$A$4:$A$507))} -> 27425 | P13: =EOMONTH(Q13,-12) -> 27333 | Q13: =A13 -> 27698 | R13: =VLOOKUP(Q13,$A$4:$L$507,$J$1,FALSE) -> 48.81281 | S13: =VLOOKUP(P13,$A$4:$L$507,$J$1,FALSE) -> #N/A | T13: =R13/S13-1 -> #N/A | U13: =AVERAGEIF($B$4:$B$507,B13,$T$4:$T$507) -> #N/A
A14: =EOMONTH(A15,-1) -> 27728 | B14: =YEAR(A14) -> 1975 | C14: =MONTH(A14) -> 11 | J14: 45.752407 | K14: =IF(AND(ISNUMBER(D14),ISNUMBER(E14)),D14-E14,IF(AND(ISNUMBER(F14),ISNUMBER(G14)),F14-G14,H14-I14)) -> 0 | L14: =LN(J14) -> 3.8232444 | M14: =L14-L13 -> -0.064748372 | N14: {=MAX(IF($B$4:$B$507=B14,$A$4:$A$507))} -> 27759 | O14: {=MIN(IF($B$4:$B$507=B14,$A$4:$A$507))} -> 27425 | P14: =EOMONTH(Q14,-12) -> 27363 | Q14: =A14 -> 27728 | R14: =VLOOKUP(Q14,$A$4:$L$507,$J$1,FALSE) -> 45.752407 | S14: =VLOOKUP(P14,$A$4:$L$507,$J$1,FALSE) -> #N/A | T14: =R14/S14-1 -> #N/A | U14: =AVERAGEIF($B$4:$B$507,B14,$T$4:$T$507) -> #N/A
A15: =EOMONTH(A16,-1) -> 27759 | B15: =YEAR(A15) -> 1975 | C15: =MONTH(A15) -> 12 | J15: 44.394277 | K15: =IF(AND(ISNUMBER(D15),ISNUMBER(E15)),D15-E15,IF(AND(ISNUMBER(F15),ISNUMBER(G15)),F15-G15,H15-I15)) -> 0 | L15: =LN(J15) -> 3.7931106 | M15: =L15-L14 -> -0.03013385 | N15: {=MAX(IF($B$4:$B$507=B15,$A$4:$A$507))} -> 27759 | O15: {=MIN(IF($B$4:$B$507=B15,$A$4:$A$507))} -> 27425 | P15: =EOMONTH(Q15,-12) -> 27394 | Q15: =A15 -> 27759 | R15: =VLOOKUP(Q15,$A$4:$L$507,$J$1,FALSE) -> 44.394277 | S15: =VLOOKUP(P15,$A$4:$L$507,$J$1,FALSE) -> #N/A | T15: =R15/S15-1 -> #N/A | U15: =AVERAGEIF($B$4:$B$507,B15,$T$4:$T$507) -> #N/A
... A231: =EOMONTH(A232,-1) -> 34334 | B231: =YEAR(A231) -> 1993 | C231: =MONTH(A231) -> 12 | J231: 59.691107 | K231: =IF(AND(ISNUMBER(D231),ISNUMBER(E231)),D231-E231,IF(AND(ISNUMBER(F231),ISNUMBER(G231)),F231-G231,H231-I231)) -> 0 | L231: =LN(J231) -> 4.0891831 | M231: =L231-L230 -> -0.10399631 | N231: {=MAX(IF($B$4:$B$507=B231,$A$4:$A$507))} -> 34334 | O231: {=MIN(IF($B$4:$B$507=B231,$A$4:$A$507))} -> 34000 | P231: =EOMONTH(Q231,-12) -> 33969 | Q231: =A231 -> 34334 | R231: =VLOOKUP(Q231,$A$4:$L$507,$J$1,FALSE) -> 59.691107 | S231: =VLOOKUP(P231,$A$4:$L$507,$J$1,FALSE) -> 55.008044 | T231: =R231/S231-1 -> 0.085134155 | U231: =AVERAGEIF($B$4:$B$507,B231,$T$4:$T$507) -> 0.074603129
A232: =EOMONTH(A233,-1) -> 34365 | B232: =YEAR(A232) -> 1994 | C232: =MONTH(A232) -> 1 | J232: 58.70184 | K232: =IF(AND(ISNUMBER(D232),ISNUMBER(E232)),D232-E232,IF(AND(ISNUMBER(F232),ISNUMBER(G232)),F232-G232,H232-I232)) -> 0 | L232: =LN(J232) -> 4.0724711 | M232: =L232-L231 -> -0.016711979 | N232: {=MAX(IF($B$4:$B$507=B232,$A$4:$A$507))} -> 34699 | O232: {=MIN(IF($B$4:$B$507=B232,$A$4:$A$507))} -> 34365 | P232: =EOMONTH(Q232,-12) -> 34000 | Q232: =A232 -> 34365 | R232: =VLOOKUP(Q232,$A$4:$L$507,$J$1,FALSE) -> 58.70184 | S232: =VLOOKUP(P232,$A$4:$L$507,$J$1,FALSE) -> 54.018777 | T232: =R232/S232-1 -> 0.086693251 | U232: =AVERAGEIF($B$4:$B$507,B232,$T$4:$T$507) -> 0.07591762 | V232: =SUMIF($B$232:$B$507,B232,$K$232:$K$507) -> 0 | W232: =SUMIF($B$232:$B$507,B232,$J$232:$J$507) -> 821.23539 | Y232: =SUMIF($B$4:$B$507,B232,$J$4:$J$507) -> 821.23539
A233: =EOMONTH(A234,-1) -> 34393 | B233: =YEAR(A233) -> 1994 | C233: =MONTH(A233) -> 2 | J233: 55.893598 | K233: =IF(AND(ISNUMBER(D233),ISNUMBER(E233)),D233-E233,IF(AND(ISNUMBER(F233),ISNUMBER(G233)),F233-G233,H233-I233)) -> 0 | L233: =LN(J233) -> 4.0234498 | M233: =L233-L232 -> -0.049021232 | N233: {=MAX(IF($B$4:$B$507=B233,$A$4:$A$507))} -> 34699 | O233: {=MIN(IF($B$4:$B$507=B233,$A$4:$A$507))} -> 34365 | P233: =EOMONTH(Q233,-12) -> 34028 | Q233: =A233 -> 34393 | R233: =VLOOKUP(Q233,$A$232:$L$507,$J$1,FALSE) -> 55.893598 | S233: =VLOOKUP(P233,$A$4:$L$507,$J$1,FALSE) -> 53.907085 | T233: =R233/S233-1 -> 0.036850673 | U233: =AVERAGEIF($B$4:$B$507,B233,$T$4:$T$507) -> 0.07591762 | V233: =SUMIF($B$232:$B$507,B233,$K$232:$K$507) -> 0 | W233: =SUMIF($B$232:$B$507,B233,$J$232:$J$507) -> 821.23539 | Y233: =SUMIF($B$4:$B$507,B233,$J$4:$J$507) -> 821.23539
A234: =EOMONTH(A235,-1) -> 34424 | B234: =YEAR(A234) -> 1994 | C234: =MONTH(A234) -> 3 | J234: 67.421752 | K234: =IF(AND(ISNUMBER(D234),ISNUMBER(E234)),D234-E234,IF(AND(ISNUMBER(F234),ISNUMBER(G234)),F234-G234,H234-I234)) -> 0 | L234: =LN(J234) -> 4.2109677 | M234: =L234-L233 -> 0.18751785 | N234: {=MAX(IF($B$4:$B$507=B234,$A$4:$A$507))} -> 34699 | O234: {=MIN(IF($B$4:$B$507=B234,$A$4:$A$507))} -> 34365 | P234: =EOMONTH(Q234,-12) -> 34059 | Q234: =A234 -> 34424 | R234: =VLOOKUP(Q234,$A$232:$L$507,$J$1,FALSE) -> 67.421752 | S234: =VLOOKUP(P234,$A$4:$L$507,$J$1,FALSE) -> 64.262479 | T234: =R234/S234-1 -> 0.049162011 | U234: =AVERAGEIF($B$4:$B$507,B234,$T$4:$T$507) -> 0.07591762 | V234: =SUMIF($B$232:$B$507,B234,$K$232:$K$507) -> 0 | W234: =SUMIF($B$232:$B$507,B234,$J$232:$J$507) -> 821.23539 | Y234: =SUMIF($B$4:$B$507,B234,$J$4:$J$507) -> 821.23539
A235: =EOMONTH(A236,-1) -> 34454 | B235: =YEAR(A235) -> 1994 | C235: =MONTH(A235) -> 4 | J235: 61.390413 | K235: =IF(AND(ISNUMBER(D235),ISNUMBER(E235)),D235-E235,IF(AND(ISNUMBER(F235),ISNUMBER(G235)),F235-G235,H235-I235)) -> 0 | L235: =LN(J235) -> 4.1172537 | M235: =L235-L234 -> -0.09371401 | N235: {=MAX(IF($B$4:$B$507=B235,$A$4:$A$507))} -> 34699 | O235: {=MIN(IF($B$4:$B$507=B235,$A$4:$A$507))} -> 34365 | P235: =EOMONTH(Q235,-12) -> 34089 | Q235: =A235 -> 34454 | R235: =VLOOKUP(Q235,$A$232:$L$507,$J$1,FALSE) -> 61.390413 | S235: =VLOOKUP(P235,$A$4:$L$507,$J$1,FALSE) -> 60.728242 | T235: =R235/S235-1 -> 0.010903836 | U235: =AVERAGEIF($B$4:$B$507,B235,$T$4:$T$507) -> 0.07591762 | V235: =SUMIF($B$232:$B$507,B235,$K$232:$K$507) -> 0 | W235: =SUMIF($B$232:$B$507,B235,$J$232:$J$507) -> 821.23539 | Y235: =SUMIF($B$4:$B$507,B235,$J$4:$J$507) -> 821.23539
A236: =EOMONTH(A237,-1) -> 34485 | B236: =YEAR(A236) -> 1994 | C236: =MONTH(A236) -> 5 | J236: 68.865763 | K236: =IF(AND(ISNUMBER(D236),ISNUMBER(E236)),D236-E236,IF(AND(ISNUMBER(F236),ISNUMBER(G236)),F236-G236,H236-I236)) -> 0 | L236: =LN(J236) -> 4.2321591 | M236: =L236-L235 -> 0.11490546 | N236: {=MAX(IF($B$4:$B$507=B236,$A$4:$A$507))} -> 34699 | O236: {=MIN(IF($B$4:$B$507=B236,$A$4:$A$507))} -> 34365 | P236: =EOMONTH(Q236,-12) -> 34120 | Q236: =A236 -> 34485 | R236: =VLOOKUP(Q236,$A$232:$L$507,$J$1,FALSE) -> 68.865763 | S236: =VLOOKUP(P236,$A$4:$L$507,$J$1,FALSE) -> 65.594799 | T236: =R236/S236-1 -> 0.049866213 | U236: =AVERAGEIF($B$4:$B$507,B236,$T$4:$T$507) -> 0.07591762 | V236: =SUMIF($B$232:$B$507,B236,$K$232:$K$507) -> 0 | W236: =SUMIF($B$232:$B$507,B236,$J$232:$J$507) -> 821.23539 | Y236: =SUMIF($B$4:$B$507,B236,$J$4:$J$507) -> 821.23539
A237: =EOMONTH(A238,-1) -> 34515 | B237: =YEAR(A237) -> 1994 | C237: =MONTH(A237) -> 6 | J237: 68.754072 | K237: =IF(AND(ISNUMBER(D237),ISNUMBER(E237)),D237-E237,IF(AND(ISNUMBER(F237),ISNUMBER(G237)),F237-G237,H237-I237)) -> 0 | L237: =LN(J237) -> 4.230536 | M237: =L237-L236 -> -0.0016231888 | N237: {=MAX(IF($B$4:$B$507=B237,$A$4:$A$507))} -> 34699 | O237: {=MIN(IF($B$4:$B$507=B237,$A$4:$A$507))} -> 34365 | P237: =EOMONTH(Q237,-12) -> 34150 | Q237: =A237 -> 34515 | R237: =VLOOKUP(Q237,$A$232:$L$507,$J$1,FALSE) -> 68.754072 | S237: =VLOOKUP(P237,$A$4:$L$507,$J$1,FALSE) -> 66.073477 | T237: =R237/S237-1 -> 0.040569911 | U237: =AVERAGEIF($B$4:$B$507,B237,$T$4:$T$507) -> 0.07591762 | V237: =SUMIF($B$232:$B$507,B237,$K$232:$K$507) -> 0 | W237: =SUMIF($B$232:$B$507,B237,$J$232:$J$507) -> 821.23539 | Y237: =SUMIF($B$4:$B$507,B237,$J$4:$J$507) -> 821.23539
A238: =EOMONTH(A239,-1) -> 34546 | B238: =YEAR(A238) -> 1994 | C238: =MONTH(A238) -> 7 | J238: 70.222017 | K238: =IF(AND(ISNUMBER(D238),ISNUMBER(E238)),D238-E238,IF(AND(ISNUMBER(F238),ISNUMBER(G238)),F238-G238,H238-I238)) -> 0 | L238: =LN(J238) -> 4.2516619 | M238: =L238-L237 -> 0.021125929 | N238: {=MAX(IF($B$4:$B$507=B238,$A$4:$A$507))} -> 34699 | O238: {=MIN(IF($B$4:$B$507=B238,$A$4:$A$507))} -> 34365 | P238: =EOMONTH(Q238,-12) -> 34181 | Q238: =A238 -> 34546 | R238: =VLOOKUP(Q238,$A$232:$L$507,$J$1,FALSE) -> 70.222017 | S238: =VLOOKUP(P238,$A$4:$L$507,$J$1,FALSE) -> 69.105102 | T238: =R238/S238-1 -> 0.016162549 | U238: =AVERAGEIF($B$4:$B$507,B238,$T$4:$T$507) -> 0.07591762 | V238: =SUMIF($B$232:$B$507,B238,$K$232:$K$507) -> 0 | W238: =SUMIF($B$232:$B$507,B238,$J$232:$J$507) -> 821.23539 | Y238: =SUMIF($B$4:$B$507,B238,$J$4:$J$507) -> 821.23539
A239: =EOMONTH(A240,-1) -> 34577 | B239: =YEAR(A239) -> 1994 | C239: =MONTH(A239) -> 8 | J239: 76.636298 | K239: =IF(AND(ISNUMBER(D239),ISNUMBER(E239)),D239-E239,IF(AND(ISNUMBER(F239),ISNUMBER(G239)),F239-G239,H239-I239)) -> 0 | L239: =LN(J239) -> 4.3390708 | M239: =L239-L238 -> 0.087408935 | N239: {=MAX(IF($B$4:$B$507=B239,$A$4:$A$507))} -> 34699 | O239: {=MIN(IF($B$4:$B$507=B239,$A$4:$A$507))} -> 34365 | P239: =EOMONTH(Q239,-12) -> 34212 | Q239: =A239 -> 34577 | R239: =VLOOKUP(Q239,$A$232:$L$507,$J$1,FALSE) -> 76.636298 | S239: =VLOOKUP(P239,$A$4:$L$507,$J$1,FALSE) -> 69.496022 | T239: =R239/S239-1 -> 0.10274366 | U239: =AVERAGEIF($B$4:$B$507,B239,$T$4:$T$507) -> 0.07591762 | V239: =SUMIF($B$232:$B$507,B239,$K$232:$K$507) -> 0 | W239: =SUMIF($B$232:$B$507,B239,$J$232:$J$507) -> 821.23539 | Y239: =SUMIF($B$4:$B$507,B239,$J$4:$J$507) -> 821.23539
A240: =EOMONTH(A241,-1) -> 34607 | B240: =YEAR(A240) -> 1994 | C240: =MONTH(A240) -> 9 | J240: 74.522138 | K240: =IF(AND(ISNUMBER(D240),ISNUMBER(E240)),D240-E240,IF(AND(ISNUMBER(F240),ISNUMBER(G240)),F240-G240,H240-I240)) -> 0 | L240: =LN(J240) -> 4.3110962 | M240: =L240-L239 -> -0.02797459 | N240: {=MAX(IF($B$4:$B$507=B240,$A$4:$A$507))} -> 34699 | O240: {=MIN(IF($B$4:$B$507=B240,$A$4:$A$507))} -> 34365 | P240: =EOMONTH(Q240,-12) -> 34242 | Q240: =A240 -> 34607 | R240: =VLOOKUP(Q240,$A$232:$L$507,$J$1,FALSE) -> 74.522138 | S240: =VLOOKUP(P240,$A$4:$L$507,$J$1,FALSE) -> 66.887229 | T240: =R240/S240-1 -> 0.11414599 | U240: =AVERAGEIF($B$4:$B$507,B240,$T$4:$T$507) -> 0.07591762 | V240: =SUMIF($B$232:$B$507,B240,$K$232:$K$507) -> 0 | W240: =SUMIF($B$232:$B$507,B240,$J$232:$J$507) -> 821.23539 | Y240: =SUMIF($B$4:$B$507,B240,$J$4:$J$507) -> 821.23539
A241: =EOMONTH(A242,-1) -> 34638 | B241: =YEAR(A241) -> 1994 | C241: =MONTH(A241) -> 10 | J241: 74.266843 | K241: =IF(AND(ISNUMBER(D241),ISNUMBER(E241)),D241-E241,IF(AND(ISNUMBER(F241),ISNUMBER(G241)),F241-G241,H241-I241)) -> 0 | L241: =LN(J241) -> 4.3076646 | M241: =L241-L240 -> -0.0034316388 | N241: {=MAX(IF($B$4:$B$507=B241,$A$4:$A$507))} -> 34699 | O241: {=MIN(IF($B$4:$B$507=B241,$A$4:$A$507))} -> 34365 | P241: =EOMONTH(Q241,-12) -> 34273 | Q241: =A241 -> 34638 | R241: =VLOOKUP(Q241,$A$232:$L$507,$J$1,FALSE) -> 74.266843 | S241: =VLOOKUP(P241,$A$4:$L$507,$J$1,FALSE) -> 67.206347 | T241: =R241/S241-1 -> 0.10505698 | U241: =AVERAGEIF($B$4:$B$507,B241,$T$4:$T$507) -> 0.07591762 | V241: =SUMIF($B$232:$B$507,B241,$K$232:$K$507) -> 0 | W241: =SUMIF($B$232:$B$507,B241,$J$232:$J$507) -> 821.23539 | Y241: =SUMIF($B$4:$B$507,B241,$J$4:$J$507) -> 821.23539
A242: =EOMONTH(A243,-1) -> 34668 | B242: =YEAR(A242) -> 1994 | C242: =MONTH(A242) -> 11 | J242: 74.306733 | K242: =IF(AND(ISNUMBER(D242),ISNUMBER(E242)),D242-E242,IF(AND(ISNUMBER(F242),ISNUMBER(G242)),F242-G242,H242-I242)) -> 0 | L242: =LN(J242) -> 4.3082016 | M242: =L242-L241 -> 0.00053697043 | N242: {=MAX(IF($B$4:$B$507=B242,$A$4:$A$507))} -> 34699 | O242: {=MIN(IF($B$4:$B$507=B242,$A$4:$A$507))} -> 34365 | P242: =EOMONTH(Q242,-12) -> 34303 | Q242: =A242 -> 34668 | R242: =VLOOKUP(Q242,$A$232:$L$507,$J$1,FALSE) -> 74.306733 | S242: =VLOOKUP(P242,$A$4:$L$507,$J$1,FALSE) -> 66.233036 | T242: =R242/S242-1 -> 0.12189834 | U242: =AVERAGEIF($B$4:$B$507,B242,$T$4:$T$507) -> 0.07591762 | V242: =SUMIF($B$232:$B$507,B242,$K$232:$K$507) -> 0 | W242: =SUMIF($B$232:$B$507,B242,$J$232:$J$507) -> 821.23539 | Y242: =SUMIF($B$4:$B$507,B242,$J$4:$J$507) -> 821.23539
A243: =EOMONTH(A244,-1) -> 34699 | B243: =YEAR(A243) -> 1994 | C243: =MONTH(A243) -> 12 | J243: 70.253928 | K243: =IF(AND(ISNUMBER(D243),ISNUMBER(E243)),D243-E243,IF(AND(ISNUMBER(F243),ISNUMBER(G243)),F243-G243,H243-I243)) -> 0 | L243: =LN(J243) -> 4.2521162 | M243: =L243-L242 -> -0.056085337 | N243: {=MAX(IF($B$4:$B$507=B243,$A$4:$A$507))} -> 34699 | O243: {=MIN(IF($B$4:$B$507=B243,$A$4:$A$507))} -> 34365 | P243: =EOMONTH(Q243,-12) -> 34334 | Q243: =A243 -> 34699 | R243: =VLOOKUP(Q243,$A$232:$L$507,$J$1,FALSE) -> 70.253928 | S243: =VLOOKUP(P243,$A$4:$L$507,$J$1,FALSE) -> 59.691107 | T243: =R243/S243-1 -> 0.17695803 | U243: =AVERAGEIF($B$4:$B$507,B243,$T$4:$T$507) -> 0.07591762 | V243: =SUMIF($B$232:$B$507,B243,$K$232:$K$507) -> 0 | W243: =SUMIF($B$232:$B$507,B243,$J$232:$J$507) -> 821.23539 | Y243: =SUMIF($B$4:$B$507,B243,$J$4:$J$507) -> 821.23539
A244: =EOMONTH(A245,-1) -> 34730 | B244: =YEAR(A244) -> 1995 | C244: =MONTH(A244) -> 1 | H244: 759389 | I244: 781822 | J244: 68.650358 | K244: =IF(AND(ISNUMBER(D244),ISNUMBER(E244)),D244-E244,IF(AND(ISNUMBER(F244),ISNUMBER(G244)),F244-G244,H244-I244)) -> -22433 | L244: =LN(J244) -> 4.2290263 | M244: =L244-L243 -> -0.023089878 | N244: {=MAX(IF($B$4:$B$507=B244,$A$4:$A$507))} -> 35064 | O244: {=MIN(IF($B$4:$B$507=B244,$A$4:$A$507))} -> 34730 | P244: =EOMONTH(Q244,-12) -> 34365 | Q244: =A244 -> 34730 | R244: =VLOOKUP(Q244,$A$232:$L$507,$J$1,FALSE) -> 68.650358 | S244: =VLOOKUP(P244,$A$4:$L$507,$J$1,FALSE) -> 58.70184 | T244: =R244/S244-1 -> 0.1694754 | U244: =AVERAGEIF($B$4:$B$507,B244,$T$4:$T$507) -> 0.025854015 | V244: =SUMIF($B$232:$B$507,B244,$K$232:$K$507) -> -200246 | W244: =SUMIF($B$232:$B$507,B244,$J$232:$J$507) -> 836.27385 | Y244: =SUMIF($B$4:$B$507,B244,$J$4:$J$507) -> 836.27385 | AA244: =YEAR(A244) -> 1995 | AB244: =Y244/Y232-1 -> 0.018311994 | AC244: =V244 -> -200246
A245: =EOMONTH(A246,-1) -> 34758 | B245: =YEAR(A245) -> 1995 | C245: =MONTH(A245) -> 2 | H245: 842884 | I245: 782686 | J245: 65.43524 | K245: =IF(AND(ISNUMBER(D245),ISNUMBER(E245)),D245-E245,IF(AND(ISNUMBER(F245),ISNUMBER(G245)),F245-G245,H245-I245)) -> 60198 | L245: =LN(J245) -> 4.1810609 | M245: =L245-L244 -> -0.047965403 | N245: {=MAX(IF($B$4:$B$507=B245,$A$4:$A$507))} -> 35064 | O245: {=MIN(IF($B$4:$B$507=B245,$A$4:$A$507))} -> 34730 | P245: =EOMONTH(Q245,-12) -> 34393 | Q245: =A245 -> 34758 | R245: =VLOOKUP(Q245,$A$232:$L$507,$J$1,FALSE) -> 65.43524 | S245: =VLOOKUP(P245,$A$4:$L$507,$J$1,FALSE) -> 55.893598 | T245: =R245/S245-1 -> 0.17071082 | U245: =AVERAGEIF($B$4:$B$507,B245,$T$4:$T$507) -> 0.025854015 | V245: =SUMIF($B$232:$B$507,B245,$K$232:$K$507) -> -200246 | W245: =SUMIF($B$232:$B$507,B245,$J$232:$J$507) -> 836.27385 | Y245: =SUMIF($B$4:$B$507,B245,$J$4:$J$507) -> 836.27385 | AA245: =YEAR(A245) -> 1995 | AB245: =Y245/Y233-1 -> 0.018311994 | AC245: =V245 -> -200246
A246: =EOMONTH(A247,-1) -> 34789 | B246: =YEAR(A246) -> 1995 | C246: =MONTH(A246) -> 3 | H246: 906380 | I246: 885187 | J246: 76.349091 | K246: =IF(AND(ISNUMBER(D246),ISNUMBER(E246)),D246-E246,IF(AND(ISNUMBER(F246),ISNUMBER(G246)),F246-G246,H246-I246)) -> 21193 | L246: =LN(J246) -> 4.3353161 | M246: =L246-L245 -> 0.15425518 | N246: {=MAX(IF($B$4:$B$507=B246,$A$4:$A$507))} -> 35064 | O246: {=MIN(IF($B$4:$B$507=B246,$A$4:$A$507))} -> 34730 | P246: =EOMONTH(Q246,-12) -> 34424 | Q246: =A246 -> 34789 | R246: =VLOOKUP(Q246,$A$232:$L$507,$J$1,FALSE) -> 76.349091 | S246: =VLOOKUP(P246,$A$4:$L$507,$J$1,FALSE) -> 67.421752 | T246: =R246/S246-1 -> 0.13241037 | U246: =AVERAGEIF($B$4:$B$507,B246,$T$4:$T$507) -> 0.025854015 | V246: =SUMIF($B$232:$B$507,B246,$K$232:$K$507) -> -200246 | W246: =SUMIF($B$232:$B$507,B246,$J$232:$J$507) -> 836.27385 | Y246: =SUMIF($B$4:$B$507,B246,$J$4:$J$507) -> 836.27385 | AA246: =YEAR(A246) -> 1995 | AB246: =Y246/Y234-1 -> 0.018311994 | AC246: =V246 -> -200246
A247: =EOMONTH(A248,-1) -> 34819 | B247: =YEAR(A247) -> 1995 | C247: =MONTH(A247) -> 4 | H247: 817428 | I247: 737642 | J247: 68.546645 | K247: =IF(AND(ISNUMBER(D247),ISNUMBER(E247)),D247-E247,IF(AND(ISNUMBER(F247),ISNUMBER(G247)),F247-G247,H247-I247)) -> 79786 | L247: =LN(J247) -> 4.2275145 | M247: =L247-L246 -> -0.10780167 | N247: {=MAX(IF($B$4:$B$507=B247,$A$4:$A$507))} -> 35064 | O247: {=MIN(IF($B$4:$B$507=B247,$A$4:$A$507))} -> 34730 | P247: =EOMONTH(Q247,-12) -> 34454 | Q247: =A247 -> 34819 | R247: =VLOOKUP(Q247,$A$232:$L$507,$J$1,FALSE) -> 68.546645 | S247: =VLOOKUP(P247,$A$4:$L$507,$J$1,FALSE) -> 61.390413 | T247: =R247/S247-1 -> 0.1165692 | U247: =AVERAGEIF($B$4:$B$507,B247,$T$4:$T$507) -> 0.025854015 | V247: =SUMIF($B$232:$B$507,B247,$K$232:$K$507) -> -200246 | W247: =SUMIF($B$232:$B$507,B247,$J$232:$J$507) -> 836.27385 | Y247: =SUMIF($B$4:$B$507,B247,$J$4:$J$507) -> 836.27385 | AA247: =YEAR(A247) -> 1995 | AB247: =Y247/Y235-1 -> 0.018311994 | AC247: =V247 -> -200246
A248: =EOMONTH(A249,-1) -> 34850 | B248: =YEAR(A248) -> 1995 | C248: =MONTH(A248) -> 5 | H248: 892872 | I248: 809819 | J248: 67.956275 | K248: =IF(AND(ISNUMBER(D248),ISNUMBER(E248)),D248-E248,IF(AND(ISNUMBER(F248),ISNUMBER(G248)),F248-G248,H248-I248)) -> 83053 | L248: =LN(J248) -> 4.2188645 | M248: =L248-L247 -> -0.0086499663 | N248: {=MAX(IF($B$4:$B$507=B248,$A$4:$A$507))} -> 35064 | O248: {=MIN(IF($B$4:$B$507=B248,$A$4:$A$507))} -> 34730 | P248: =EOMONTH(Q248,-12) -> 34485 | Q248: =A248 -> 34850 | R248: =VLOOKUP(Q248,$A$232:$L$507,$J$1,FALSE) -> 67.956275 | S248: =VLOOKUP(P248,$A$4:$L$507,$J$1,FALSE) -> 68.865763 | T248: =R248/S248-1 -> -0.013206673 | U248: =AVERAGEIF($B$4:$B$507,B248,$T$4:$T$507) -> 0.025854015 | V248: =SUMIF($B$232:$B$507,B248,$K$232:$K$507) -> -200246 | W248: =SUMIF($B$232:$B$507,B248,$J$232:$J$507) -> 836.27385 | Y248: =SUMIF($B$4:$B$507,B248,$J$4:$J$507) -> 836.27385 | AA248: =YEAR(A248) -> 1995 | AB248: =Y248/Y236-1 -> 0.018311994 | AC248: =V248 -> -200246
A249: =EOMONTH(A250,-1) -> 34880 | B249: =YEAR(A249) -> 1995 | C249: =MONTH(A249) -> 6 | H249: 787262 | I249: 786155 | J249: 71.322975 | K249: =IF(AND(ISNUMBER(D249),ISNUMBER(E249)),D249-E249,IF(AND(ISNUMBER(F249),ISNUMBER(G249)),F249-G249,H249-I249)) -> 1107 | L249: =LN(J249) -> 4.2672185 | M249: =L249-L248 -> 0.048354018 | N249: {=MAX(IF($B$4:$B$507=B249,$A$4:$A$507))} -> 35064 | O249: {=MIN(IF($B$4:$B$507=B249,$A$4:$A$507))} -> 34730 | P249: =EOMONTH(Q249,-12) -> 34515 | Q249: =A249 -> 34880 | R249: =VLOOKUP(Q249,$A$232:$L$507,$J$1,FALSE) -> 71.322975 | S249: =VLOOKUP(P249,$A$4:$L$507,$J$1,FALSE) -> 68.754072 | T249: =R249/S249-1 -> 0.037363657 | U249: =AVERAGEIF($B$4:$B$507,B249,$T$4:$T$507) -> 0.025854015 | V249: =SUMIF($B$232:$B$507,B249,$K$232:$K$507) -> -200246 | W249: =SUMIF($B$232:$B$507,B249,$J$232:$J$507) -> 836.27385 | Y249: =SUMIF($B$4:$B$507,B249,$J$4:$J$507) -> 836.27385 | AA249: =YEAR(A249) -> 1995 | AB249: =Y249/Y237-1 -> 0.018311994 | AC249: =V249 -> -200246
A250: =EOMONTH(A251,-1) -> 34911 | B250: =YEAR(A250) -> 1995 | C250: =MONTH(A250) -> 7 | H250: 722661 | I250: 793589 | J250: 70.604959 | K250: =IF(AND(ISNUMBER(D250),ISNUMBER(E250)),D250-E250,IF(AND(ISNUMBER(F250),ISNUMBER(G250)),F250-G250,H250-I250)) -> -70928 | L250: =LN(J250) -> 4.2571004 | M250: =L250-L249 -> -0.01011813 | N250: {=MAX(IF($B$4:$B$507=B250,$A$4:$A$507))} -> 35064 | O250: {=MIN(IF($B$4:$B$507=B250,$A$4:$A$507))} -> 34730 | P250: =EOMONTH(Q250,-12) -> 34546 | Q250: =A250 -> 34911 | R250: =VLOOKUP(Q250,$A$232:$L$507,$J$1,FALSE) -> 70.604959 | S250: =VLOOKUP(P250,$A$4:$L$507,$J$1,FALSE) -> 70.222017 | T250: =R250/S250-1 -> 0.0054533061 | U250: =AVERAGEIF($B$4:$B$507,B250,$T$4:$T$507) -> 0.025854015 | V250: =SUMIF($B$232:$B$507,B250,$K$232:$K$507) -> -200246 | W250: =SUMIF($B$232:$B$507,B250,$J$232:$J$507) -> 836.27385 | Y250: =SUMIF($B$4:$B$507,B250,$J$4:$J$507) -> 836.27385 | AA250: =YEAR(A250) -> 1995 | AB250: =Y250/Y238-1 -> 0.018311994 | AC250: =V250 -> -200246
A251: =EOMONTH(A252,-1) -> 34942 | B251: =YEAR(A251) -> 1995 | C251: =MONTH(A251) -> 8 | H251: 758026 | I251: 881354 | J251: 72.647317 | K251: =IF(AND(ISNUMBER(D251),ISNUMBER(E251)),D251-E251,IF(AND(ISNUMBER(F251),ISNUMBER(G251)),F251-G251,H251-I251)) -> -123328 | L251: =LN(J251) -> 4.2856165 | M251: =L251-L250 -> 0.028516078 | N251: {=MAX(IF($B$4:$B$507=B251,$A$4:$A$507))} -> 35064 | O251: {=MIN(IF($B$4:$B$507=B251,$A$4:$A$507))} -> 34730 | P251: =EOMONTH(Q251,-12) -> 34577 | Q251: =A251 -> 34942 | R251: =VLOOKUP(Q251,$A$232:$L$507,$J$1,FALSE) -> 72.647317 | S251: =VLOOKUP(P251,$A$4:$L$507,$J$1,FALSE) -> 76.636298 | T251: =R251/S251-1 -> -0.052050802 | U251: =AVERAGEIF($B$4:$B$507,B251,$T$4:$T$507) -> 0.025854015 | V251: =SUMIF($B$232:$B$507,B251,$K$232:$K$507) -> -200246 | W251: =SUMIF($B$232:$B$507,B251,$J$232:$J$507) -> 836.27385 | Y251: =SUMIF($B$4:$B$507,B251,$J$4:$J$507) -> 836.27385 | AA251: =YEAR(A251) -> 1995 | AB251: =Y251/Y239-1 -> 0.018311994 | AC251: =V251 -> -200246
A252: =EOMONTH(A253,-1) -> 34972 | B252: =YEAR(A252) -> 1995 | C252: =MONTH(A252) -> 9 | H252: 684304 | I252: 756662 | J252: 69.527934 | K252: =IF(AND(ISNUMBER(D252),ISNUMBER(E252)),D252-E252,IF(AND(ISNUMBER(F252),ISNUMBER(G252)),F252-G252,H252-I252)) -> -72358 | L252: =LN(J252) -> 4.2417286 | M252: =L252-L251 -> -0.043887858 | N252: {=MAX(IF($B$4:$B$507=B252,$A$4:$A$507))} -> 35064 | O252: {=MIN(IF($B$4:$B$507=B252,$A$4:$A$507))} -> 34730 | P252: =EOMONTH(Q252,-12) -> 34607 | Q252: =A252 -> 34972 | R252: =VLOOKUP(Q252,$A$232:$L$507,$J$1,FALSE) -> 69.527934 | S252: =VLOOKUP(P252,$A$4:$L$507,$J$1,FALSE) -> 74.522138 | T252: =R252/S252-1 -> -0.067016379 | U252: =AVERAGEIF($B$4:$B$507,B252,$T$4:$T$507) -> 0.025854015 | V252: =SUMIF($B$232:$B$507,B252,$K$232:$K$507) -> -200246 | W252: =SUMIF($B$232:$B$507,B252,$J$232:$J$507) -> 836.27385 | Y252: =SUMIF($B$4:$B$507,B252,$J$4:$J$507) -> 836.27385 | AA252: =YEAR(A252) -> 1995 | AB252: =Y252/Y240-1 -> 0.018311994 | AC252: =V252 -> -200246
A253: =EOMONTH(A254,-1) -> 35003 | B253: =YEAR(A253) -> 1995 | C253: =MONTH(A253) -> 10 | H253: 667271 | I253: 715932 | J253: 72.447868 | K253: =IF(AND(ISNUMBER(D253),ISNUMBER(E253)),D253-E253,IF(AND(ISNUMBER(F253),ISNUMBER(G253)),F253-G253,H253-I253)) -> -48661 | L253: =LN(J253) -> 4.2828672 | M253: =L253-L252 -> 0.04113864 | N253: {=MAX(IF($B$4:$B$507=B253,$A$4:$A$507))} -> 35064 | O253: {=MIN(IF($B$4:$B$507=B253,$A$4:$A$507))} -> 34730 | P253: =EOMONTH(Q253,-12) -> 34638 | Q253: =A253 -> 35003 | R253: =VLOOKUP(Q253,$A$232:$L$507,$J$1,FALSE) -> 72.447868 | S253: =VLOOKUP(P253,$A$4:$L$507,$J$1,FALSE) -> 74.266843 | T253: =R253/S253-1 -> -0.024492427 | U253: =AVERAGEIF($B$4:$B$507,B253,$T$4:$T$507) -> 0.025854015 | V253: =SUMIF($B$232:$B$507,B253,$K$232:$K$507) -> -200246 | W253: =SUMIF($B$232:$B$507,B253,$J$232:$J$507) -> 836.27385 | Y253: =SUMIF($B$4:$B$507,B253,$J$4:$J$507) -> 836.27385 | AA253: =YEAR(A253) -> 1995 | AB253: =Y253/Y241-1 -> 0.018311994 | AC253: =V253 -> -200246
A254: =EOMONTH(A255,-1) -> 35033 | B254: =YEAR(A254) -> 1995 | C254: =MONTH(A254) -> 11 | H254: 629843 | I254: 706894 | J254: 70.900143 | K254: =IF(AND(ISNUMBER(D254),ISNUMBER(E254)),D254-E254,IF(AND(ISNUMBER(F254),ISNUMBER(G254)),F254-G254,H254-I254)) -> -77051 | L254: =LN(J254) -> 4.2612725 | M254: =L254-L253 -> -0.021594784 | N254: {=MAX(IF($B$4:$B$507=B254,$A$4:$A$507))} -> 35064 | O254: {=MIN(IF($B$4:$B$507=B254,$A$4:$A$507))} -> 34730 | P254: =EOMONTH(Q254,-12) -> 34668 | Q254: =A254 -> 35033 | R254: =VLOOKUP(Q254,$A$232:$L$507,$J$1,FALSE) -> 70.900143 | S254: =VLOOKUP(P254,$A$4:$L$507,$J$1,FALSE) -> 74.306733 | T254: =R254/S254-1 -> -0.045844965 | U254: =AVERAGEIF($B$4:$B$507,B254,$T$4:$T$507) -> 0.025854015 | V254: =SUMIF($B$232:$B$507,B254,$K$232:$K$507) -> -200246 | W254: =SUMIF($B$232:$B$507,B254,$J$232:$J$507) -> 836.27385 | Y254: =SUMIF($B$4:$B$507,B254,$J$4:$J$507) -> 836.27385 | AA254: =YEAR(A254) -> 1995 | AB254: =Y254/Y242-1 -> 0.018311994 | AC254: =V254 -> -200246
A255: =EOMONTH(A256,-1) -> 35064 | B255: =YEAR(A255) -> 1995 | C255: =MONTH(A255) -> 12 | H255: 833532 | I255: 864356 | J255: 61.885047 | K255: =IF(AND(ISNUMBER(D255),ISNUMBER(E255)),D255-E255,IF(AND(ISNUMBER(F255),ISNUMBER(G255)),F255-G255,H255-I255)) -> -30824 | L255: =LN(J255) -> 4.1252786 | M255: =L255-L254 -> -0.13599387 | N255: {=MAX(IF($B$4:$B$507=B255,$A$4:$A$507))} -> 35064 | O255: {=MIN(IF($B$4:$B$507=B255,$A$4:$A$507))} -> 34730 | P255: =EOMONTH(Q255,-12) -> 34699 | Q255: =A255 -> 35064 | R255: =VLOOKUP(Q255,$A$232:$L$507,$J$1,FALSE) -> 61.885047 | S255: =VLOOKUP(P255,$A$4:$L$507,$J$1,FALSE) -> 70.253928 | T255: =R255/S255-1 -> -0.11912333 | U255: =AVERAGEIF($B$4:$B$507,B255,$T$4:$T$507) -> 0.025854015 | V255: =SUMIF($B$232:$B$507,B255,$K$232:$K$507) -> -200246 | W255: =SUMIF($B$232:$B$507,B255,$J$232:$J$507) -> 836.27385 | Y255: =SUMIF($B$4:$B$507,B255,$J$4:$J$507) -> 836.27385 | AA255: =YEAR(A255) -> 1995 | AB255: =Y255/Y243-1 -> 0.018311994 | AC255: =V255 -> -200246
... A294: =EOMONTH(A295,-1) -> 36250 | B294: =YEAR(A294) -> 1999 | C294: =MONTH(A294) -> 3 | H294: 729891 | I294: 806203 | J294: 71.14746 | K294: =IF(AND(ISNUMBER(D294),ISNUMBER(E294)),D294-E294,IF(AND(ISNUMBER(F294),ISNUMBER(G294)),F294-G294,H294-I294)) -> -76312 | L294: =LN(J294) -> 4.2647546 | M294: =L294-L293 -> 0.17490352 | N294: {=MAX(IF($B$4:$B$507=B294,$A$4:$A$507))} -> 36525 | O294: {=MIN(IF($B$4:$B$507=B294,$A$4:$A$507))} -> 36191 | P294: =EOMONTH(Q294,-12) -> 35885 | Q294: =A294 -> 36250 | R294: =VLOOKUP(Q294,$A$232:$L$507,$J$1,FALSE) -> 71.14746 | S294: =VLOOKUP(P294,$A$4:$L$507,$J$1,FALSE) -> 73.133972 | T294: =R294/S294-1 -> -0.027162649 | U294: =AVERAGEIF($B$4:$B$507,B294,$T$4:$T$507) -> -0.0060710871 | V294: =SUMIF($B$232:$B$507,B294,$K$232:$K$507) -> -222346 | W294: =SUMIF($B$232:$B$507,B294,$J$232:$J$507) -> 860.2556 | Y294: =SUMIF($B$4:$B$507,B294,$J$4:$J$507) -> 860.2556 | AA294: =YEAR(A294) -> 1999 | AB294: =Y294/Y282-1 -> -0.0065322744 | AC294: =V294 -> -222346
A295: =EOMONTH(A296,-1) -> 36280 | B295: =YEAR(A295) -> 1999 | C295: =MONTH(A295) -> 4 | F295: 732704 | G295: 635522 | H295: 726800 | I295: 669257 | J295: 68.570579 | K295: =IF(AND(ISNUMBER(D295),ISNUMBER(E295)),D295-E295,IF(AND(ISNUMBER(F295),ISNUMBER(G295)),F295-G295,H295-I295)) -> 97182 | L295: =LN(J295) -> 4.2278636 | M295: =L295-L294 -> -0.036891067 | N295: {=MAX(IF($B$4:$B$507=B295,$A$4:$A$507))} -> 36525 | O295: {=MIN(IF($B$4:$B$507=B295,$A$4:$A$507))} -> 36191 | P295: =EOMONTH(Q295,-12) -> 35915 | Q295: =A295 -> 36280 | R295: =VLOOKUP(Q295,$A$232:$L$507,$J$1,FALSE) -> 68.570579 | S295: =VLOOKUP(P295,$A$4:$L$507,$J$1,FALSE) -> 70.357642 | T295: =R295/S295-1 -> -0.025399705 | U295: =AVERAGEIF($B$4:$B$507,B295,$T$4:$T$507) -> -0.0060710871 | V295: =SUMIF($B$232:$B$507,B295,$K$232:$K$507) -> -222346 | W295: =SUMIF($B$232:$B$507,B295,$J$232:$J$507) -> 860.2556 | Y295: =SUMIF($B$4:$B$507,B295,$J$4:$J$507) -> 860.2556 | AA295: =YEAR(A295) -> 1999 | AB295: =Y295/Y283-1 -> -0.0065322744 | AC295: =V295 -> -222346
A296: 36311 | B296: =YEAR(A296) -> 1999 | C296: =MONTH(A296) -> 5 | F296: 731238 | G296: 673129 | H296: 732704 | I296: 635522 | J296: 73.237686 | K296: =IF(AND(ISNUMBER(D296),ISNUMBER(E296)),D296-E296,IF(AND(ISNUMBER(F296),ISNUMBER(G296)),F296-G296,H296-I296)) -> 58109 | L296: =LN(J296) -> 4.2937101 | M296: =L296-L295 -> 0.065846566 | N296: {=MAX(IF($B$4:$B$507=B296,$A$4:$A$507))} -> 36525 | O296: {=MIN(IF($B$4:$B$507=B296,$A$4:$A$507))} -> 36191 | P296: =EOMONTH(Q296,-12) -> 35946 | Q296: =A296 -> 36311 | R296: =VLOOKUP(Q296,$A$232:$L$507,$J$1,FALSE) -> 73.237686 | S296: =VLOOKUP(P296,$A$4:$L$507,$J$1,FALSE) -> 75.519383 | T296: =R296/S296-1 -> -0.030213395 | U296: =AVERAGEIF($B$4:$B$507,B296,$T$4:$T$507) -> -0.0060710871 | V296: =SUMIF($B$232:$B$507,B296,$K$232:$K$507) -> -222346 | W296: =SUMIF($B$232:$B$507,B296,$J$232:$J$507) -> 860.2556 | Y296: =SUMIF($B$4:$B$507,B296,$J$4:$J$507) -> 860.2556 | AA296: =YEAR(A296) -> 1999 | AB296: =Y296/Y284-1 -> -0.0065322744 | AC296: =V296 -> -222346
A297: =EOMONTH(A296,1) -> 36341 | B297: =YEAR(A297) -> 1999 | C297: =MONTH(A297) -> 6 | F297: 685905 | G297: 677848 | H297: 731238 | I297: 673129 | J297: 73.22173 | K297: =IF(AND(ISNUMBER(D297),ISNUMBER(E297)),D297-E297,IF(AND(ISNUMBER(F297),ISNUMBER(G297)),F297-G297,H297-I297)) -> 8057 | L297: =LN(J297) -> 4.2934922 | M297: =L297-L296 -> -0.00021788866 | N297: {=MAX(IF($B$4:$B$507=B297,$A$4:$A$507))} -> 36525 | O297: {=MIN(IF($B$4:$B$507=B297,$A$4:$A$507))} -> 36191 | P297: =EOMONTH(Q297,-12) -> 35976 | Q297: =A297 -> 36341 | R297: =VLOOKUP(Q297,$A$232:$L$507,$J$1,FALSE) -> 73.22173 | S297: =VLOOKUP(P297,$A$4:$L$507,$J$1,FALSE) -> 75.511405 | T297: =R297/S297-1 -> -0.03032224 | U297: =AVERAGEIF($B$4:$B$507,B297,$T$4:$T$507) -> -0.0060710871 | V297: =SUMIF($B$232:$B$507,B297,$K$232:$K$507) -> -222346 | W297: =SUMIF($B$232:$B$507,B297,$J$232:$J$507) -> 860.2556 | Y297: =SUMIF($B$4:$B$507,B297,$J$4:$J$507) -> 860.2556 | AA297: =YEAR(A297) -> 1999 | AB297: =Y297/Y285-1 -> -0.0065322744 | AC297: =V297 -> -222346
A298: =EOMONTH(A297,1) -> 36372 | B298: =YEAR(A298) -> 1999 | C298: =MONTH(A298) -> 7 | F298: 690144 | G298: 676838 | H298: 685905 | I298: 677848 | J298: 74.857212 | K298: =IF(AND(ISNUMBER(D298),ISNUMBER(E298)),D298-E298,IF(AND(ISNUMBER(F298),ISNUMBER(G298)),F298-G298,H298-I298)) -> 13306 | L298: =LN(J298) -> 4.3155825 | M298: =L298-L297 -> 0.022090225 | N298: {=MAX(IF($B$4:$B$507=B298,$A$4:$A$507))} -> 36525 | O298: {=MIN(IF($B$4:$B$507=B298,$A$4:$A$507))} -> 36191 | P298: =EOMONTH(Q298,-12) -> 36007 | Q298: =A298 -> 36372 | R298: =VLOOKUP(Q298,$A$232:$L$507,$J$1,FALSE) -> 74.857212 | S298: =VLOOKUP(P298,$A$4:$L$507,$J$1,FALSE) -> 78.870127 | T298: =R298/S298-1 -> -0.050880032 | U298: =AVERAGEIF($B$4:$B$507,B298,$T$4:$T$507) -> -0.0060710871 | V298: =SUMIF($B$232:$B$507,B298,$K$232:$K$507) -> -222346 | W298: =SUMIF($B$232:$B$507,B298,$J$232:$J$507) -> 860.2556 | Y298: =SUMIF($B$4:$B$507,B298,$J$4:$J$507) -> 860.2556 | AA298: =YEAR(A298) -> 1999 | AB298: =Y298/Y286-1 -> -0.0065322744 | AC298: =V298 -> -222346
A299: =EOMONTH(A298,1) -> 36403 | B299: =YEAR(A299) -> 1999 | C299: =MONTH(A299) -> 8 | F299: 698632 | G299: 691425 | H299: 690144 | I299: 676838 | J299: 77.529829 | K299: =IF(AND(ISNUMBER(D299),ISNUMBER(E299)),D299-E299,IF(AND(ISNUMBER(F299),ISNUMBER(G299)),F299-G299,H299-I299)) -> 7207 | L299: =LN(J299) -> 4.3506628 | M299: =L299-L298 -> 0.035080295 | N299: {=MAX(IF($B$4:$B$507=B299,$A$4:$A$507))} -> 36525 | O299: {=MIN(IF($B$4:$B$507=B299,$A$4:$A$507))} -> 36191 | P299: =EOMONTH(Q299,-12) -> 36038 | Q299: =A299 -> 36403 | R299: =VLOOKUP(Q299,$A$232:$L$507,$J$1,FALSE) -> 77.529829 | S299: =VLOOKUP(P299,$A$4:$L$507,$J$1,FALSE) -> 77.338358 | T299: =R299/S299-1 -> 0.0024757582 | U299: =AVERAGEIF($B$4:$B$507,B299,$T$4:$T$507) -> -0.0060710871 | V299: =SUMIF($B$232:$B$507,B299,$K$232:$K$507) -> -222346 | W299: =SUMIF($B$232:$B$507,B299,$J$232:$J$507) -> 860.2556 | Y299: =SUMIF($B$4:$B$507,B299,$J$4:$J$507) -> 860.2556 | AA299: =YEAR(A299) -> 1999 | AB299: =Y299/Y287-1 -> -0.0065322744 | AC299: =V299 -> -222346
A300: =EOMONTH(A299,1) -> 36433 | B300: =YEAR(A300) -> 1999 | C300: =MONTH(A300) -> 9 | F300: 687788 | G300: 670349 | H300: 698632 | I300: 691425 | J300: 76.684165 | K300: =IF(AND(ISNUMBER(D300),ISNUMBER(E300)),D300-E300,IF(AND(ISNUMBER(F300),ISNUMBER(G300)),F300-G300,H300-I300)) -> 17439 | L300: =LN(J300) -> 4.3396952 | M300: =L300-L299 -> -0.010967518 | N300: {=MAX(IF($B$4:$B$507=B300,$A$4:$A$507))} -> 36525 | O300: {=MIN(IF($B$4:$B$507=B300,$A$4:$A$507))} -> 36191 | P300: =EOMONTH(Q300,-12) -> 36068 | Q300: =A300 -> 36433 | R300: =VLOOKUP(Q300,$A$232:$L$507,$J$1,FALSE) -> 76.684165 | S300: =VLOOKUP(P300,$A$4:$L$507,$J$1,FALSE) -> 76.301223 | T300: =R300/S300-1 -> 0.0050188206 | U300: =AVERAGEIF($B$4:$B$507,B300,$T$4:$T$507) -> -0.0060710871 | V300: =SUMIF($B$232:$B$507,B300,$K$232:$K$507) -> -222346 | W300: =SUMIF($B$232:$B$507,B300,$J$232:$J$507) -> 860.2556 | Y300: =SUMIF($B$4:$B$507,B300,$J$4:$J$507) -> 860.2556 | AA300: =YEAR(A300) -> 1999 | AB300: =Y300/Y288-1 -> -0.0065322744 | AC300: =V300 -> -222346
A301: =EOMONTH(A300,1) -> 36464 | B301: =YEAR(A301) -> 1999 | C301: =MONTH(A301) -> 10 | F301: 686902 | G301: 703072 | H301: 687788 | I301: 670349 | J301: 78.088287 | K301: =IF(AND(ISNUMBER(D301),ISNUMBER(E301)),D301-E301,IF(AND(ISNUMBER(F301),ISNUMBER(G301)),F301-G301,H301-I301)) -> -16170 | L301: =LN(J301) -> 4.3578401 | M301: =L301-L300 -> 0.018144828 | N301: {=MAX(IF($B$4:$B$507=B301,$A$4:$A$507))} -> 36525 | O301: {=MIN(IF($B$4:$B$507=B301,$A$4:$A$507))} -> 36191 | P301: =EOMONTH(Q301,-12) -> 36099 | Q301: =A301 -> 36464 | R301: =VLOOKUP(Q301,$A$232:$L$507,$J$1,FALSE) -> 78.088287 | S301: =VLOOKUP(P301,$A$4:$L$507,$J$1,FALSE) -> 75.670964 | T301: =R301/S301-1 -> 0.031945177 | U301: =AVERAGEIF($B$4:$B$507,B301,$T$4:$T$507) -> -0.0060710871 | V301: =SUMIF($B$232:$B$507,B301,$K$232:$K$507) -> -222346 | W301: =SUMIF($B$232:$B$507,B301,$J$232:$J$507) -> 860.2556 | Y301: =SUMIF($B$4:$B$507,B301,$J$4:$J$507) -> 860.2556 | AA301: =YEAR(A301) -> 1999 | AB301: =Y301/Y289-1 -> -0.0065322744 | AC301: =V301 -> -222346
A302: =EOMONTH(A301,1) -> 36494 | B302: =YEAR(A302) -> 1999 | C302: =MONTH(A302) -> 11 | F302: 547526 | G302: 790647 | H302: 686902 | I302: 703072 | J302: 76.245377 | K302: =IF(AND(ISNUMBER(D302),ISNUMBER(E302)),D302-E302,IF(AND(ISNUMBER(F302),ISNUMBER(G302)),F302-G302,H302-I302)) -> -243121 | L302: =LN(J302) -> 4.3339568 | M302: =L302-L301 -> -0.023883275 | N302: {=MAX(IF($B$4:$B$507=B302,$A$4:$A$507))} -> 36525 | O302: {=MIN(IF($B$4:$B$507=B302,$A$4:$A$507))} -> 36191 | P302: =EOMONTH(Q302,-12) -> 36129 | Q302: =A302 -> 36494 | R302: =VLOOKUP(Q302,$A$232:$L$507,$J$1,FALSE) -> 76.245377 | S302: =VLOOKUP(P302,$A$4:$L$507,$J$1,FALSE) -> 72.679229 | T302: =R302/S302-1 -> 0.049066959 | U302: =AVERAGEIF($B$4:$B$507,B302,$T$4:$T$507) -> -0.0060710871 | V302: =SUMIF($B$232:$B$507,B302,$K$232:$K$507) -> -222346 | W302: =SUMIF($B$232:$B$507,B302,$J$232:$J$507) -> 860.2556 | Y302: =SUMIF($B$4:$B$507,B302,$J$4:$J$507) -> 860.2556 | AA302: =YEAR(A302) -> 1999 | AB302: =Y302/Y290-1 -> -0.0065322744 | AC302: =V302 -> -222346
A303: =EOMONTH(A302,1) -> 36525 | B303: =YEAR(A303) -> 1999 | C303: =MONTH(A303) -> 12 | F303: 757207 | G303: 726009 | H303: 547526 | I303: 790647 | J303: 68.658336 | K303: =IF(AND(ISNUMBER(D303),ISNUMBER(E303)),D303-E303,IF(AND(ISNUMBER(F303),ISNUMBER(G303)),F303-G303,H303-I303)) -> 31198 | L303: =LN(J303) -> 4.2291426 | M303: =L303-L302 -> -0.10481424 | N303: {=MAX(IF($B$4:$B$507=B303,$A$4:$A$507))} -> 36525 | O303: {=MIN(IF($B$4:$B$507=B303,$A$4:$A$507))} -> 36191 | P303: =EOMONTH(Q303,-12) -> 36160 | Q303: =A303 -> 36525 | R303: =VLOOKUP(Q303,$A$232:$L$507,$J$1,FALSE) -> 68.658336 | S303: =VLOOKUP(P303,$A$4:$L$507,$J$1,FALSE) -> 63.233322 | T303: =R303/S303-1 -> 0.085793591 | U303: =AVERAGEIF($B$4:$B$507,B303,$T$4:$T$507) -> -0.0060710871 | V303: =SUMIF($B$232:$B$507,B303,$K$232:$K$507) -> -222346 | W303: =SUMIF($B$232:$B$507,B303,$J$232:$J$507) -> 860.2556 | Y303: =SUMIF($B$4:$B$507,B303,$J$4:$J$507) -> 860.2556 | AA303: =YEAR(A303) -> 1999 | AB303: =Y303/Y291-1 -> -0.0065322744 | AC303: =V303 -> -222346
A304: =EOMONTH(A303,1) -> 36556 | B304: =YEAR(A304) -> 2000 | C304: =MONTH(A304) -> 1 | F304: 804926 | G304: 716751 | H304: 757207 | I304: 726009 | J304: 65.331526 | K304: =IF(AND(ISNUMBER(D304),ISNUMBER(E304)),D304-E304,IF(AND(ISNUMBER(F304),ISNUMBER(G304)),F304-G304,H304-I304)) -> 88175 | L304: =LN(J304) -> 4.1794747 | M304: =L304-L303 -> -0.049667844 | N304: {=MAX(IF($B$4:$B$507=B304,$A$4:$A$507))} -> 36891 | O304: {=MIN(IF($B$4:$B$507=B304,$A$4:$A$507))} -> 36556 | P304: =EOMONTH(Q304,-12) -> 36191 | Q304: =A304 -> 36556 | R304: =VLOOKUP(Q304,$A$232:$L$507,$J$1,FALSE) -> 65.331526 | S304: =VLOOKUP(P304,$A$4:$L$507,$J$1,FALSE) -> 62.283945 | T304: =R304/S304-1 -> 0.048930447 | U304: =AVERAGEIF($B$4:$B$507,B304,$T$4:$T$507) -> 0.067490972 | V304: =SUMIF($B$232:$B$507,B304,$K$232:$K$507) -> 675194 | W304: =SUMIF($B$232:$B$507,B304,$J$232:$J$507) -> 917.37781 | Y304: =SUMIF($B$4:$B$507,B304,$J$4:$J$507) -> 917.37781 | AA304: =YEAR(A304) -> 2000 | AB304: =Y304/Y292-1 -> 0.066401432 | AC304: =V304 -> 675194
A305: =EOMONTH(A304,1) -> 36585 | B305: =YEAR(A305) -> 2000 | C305: =MONTH(A305) -> 2 | F305: 799441 | G305: 759494 | H305: 804926 | I305: 716751 | J305: 69.248705 | K305: =IF(AND(ISNUMBER(D305),ISNUMBER(E305)),D305-E305,IF(AND(ISNUMBER(F305),ISNUMBER(G305)),F305-G305,H305-I305)) -> 39947 | L305: =LN(J305) -> 4.2377044 | M305: =L305-L304 -> 0.058229738 | N305: {=MAX(IF($B$4:$B$507=B305,$A$4:$A$507))} -> 36891 | O305: {=MIN(IF($B$4:$B$507=B305,$A$4:$A$507))} -> 36556 | P305: =EOMONTH(Q305,-12) -> 36219 | Q305: =A305 -> 36585 | R305: =VLOOKUP(Q305,$A$232:$L$507,$J$1,FALSE) -> 69.248705 | S305: =VLOOKUP(P305,$A$4:$L$507,$J$1,FALSE) -> 59.730997 | T305: =R305/S305-1 -> 0.15934286 | U305: =AVERAGEIF($B$4:$B$507,B305,$T$4:$T$507) -> 0.067490972 | V305: =SUMIF($B$232:$B$507,B305,$K$232:$K$507) -> 675194 | W305: =SUMIF($B$232:$B$507,B305,$J$232:$J$507) -> 917.37781 | Y305: =SUMIF($B$4:$B$507,B305,$J$4:$J$507) -> 917.37781 | AA305: =YEAR(A305) -> 2000 | AB305: =Y305/Y293-1 -> 0.066401432 | AC305: =V305 -> 675194
A306: =EOMONTH(A305,1) -> 36616 | B306: =YEAR(A306) -> 2000 | C306: =MONTH(A306) -> 3 | F306: 784055 | G306: 658984 | H306: 799441 | I306: 759494 | J306: 73.987614 | K306: =IF(AND(ISNUMBER(D306),ISNUMBER(E306)),D306-E306,IF(AND(ISNUMBER(F306),ISNUMBER(G306)),F306-G306,H306-I306)) -> 125071 | L306: =LN(J306) -> 4.3038977 | M306: =L306-L305 -> 0.066193257 | N306: {=MAX(IF($B$4:$B$507=B306,$A$4:$A$507))} -> 36891 | O306: {=MIN(IF($B$4:$B$507=B306,$A$4:$A$507))} -> 36556 | P306: =EOMONTH(Q306,-12) -> 36250 | Q306: =A306 -> 36616 | R306: =VLOOKUP(Q306,$A$232:$L$507,$J$1,FALSE) -> 73.987614 | S306: =VLOOKUP(P306,$A$4:$L$507,$J$1,FALSE) -> 71.14746 | T306: =R306/S306-1 -> 0.039919264 | U306: =AVERAGEIF($B$4:$B$507,B306,$T$4:$T$507) -> 0.067490972 | V306: =SUMIF($B$232:$B$507,B306,$K$232:$K$507) -> 675194 | W306: =SUMIF($B$232:$B$507,B306,$J$232:$J$507) -> 917.37781 | Y306: =SUMIF($B$4:$B$507,B306,$J$4:$J$507) -> 917.37781 | AA306: =YEAR(A306) -> 2000 | AB306: =Y306/Y294-1 -> 0.066401432 | AC306: =V306 -> 675194
A307: =EOMONTH(A306,1) -> 36646 | B307: =YEAR(A307) -> 2000 | C307: =MONTH(A307) -> 4 | F307: 923681 | G307: 760844 | H307: 784055 | I307: 658984 | J307: 70.932055 | K307: =IF(AND(ISNUMBER(D307),ISNUMBER(E307)),D307-E307,IF(AND(ISNUMBER(F307),ISNUMBER(G307)),F307-G307,H307-I307)) -> 162837 | L307: =LN(J307) -> 4.2617224 | M307: =L307-L306 -> -0.042175257 | N307: {=MAX(IF($B$4:$B$507=B307,$A$4:$A$507))} -> 36891 | O307: {=MIN(IF($B$4:$B$507=B307,$A$4:$A$507))} -> 36556 | P307: =EOMONTH(Q307,-12) -> 36280 | Q307: =A307 -> 36646 | R307: =VLOOKUP(Q307,$A$232:$L$507,$J$1,FALSE) -> 70.932055 | S307: =VLOOKUP(P307,$A$4:$L$507,$J$1,FALSE) -> 68.570579 | T307: =R307/S307-1 -> 0.034438627 | U307: =AVERAGEIF($B$4:$B$507,B307,$T$4:$T$507) -> 0.067490972 | V307: =SUMIF($B$232:$B$507,B307,$K$232:$K$507) -> 675194 | W307: =SUMIF($B$232:$B$507,B307,$J$232:$J$507) -> 917.37781 | Y307: =SUMIF($B$4:$B$507,B307,$J$4:$J$507) -> 917.37781 | AA307: =YEAR(A307) -> 2000 | AB307: =Y307/Y295-1 -> 0.066401432 | AC307: =V307 -> 675194
A308: =EOMONTH(A307,1) -> 36677 | B308: =YEAR(A308) -> 2000 | C308: =MONTH(A308) -> 5 | F308: 861260 | G308: 718376 | H308: 923681 | I308: 760844 | J308: 77.952661 | K308: =IF(AND(ISNUMBER(D308),ISNUMBER(E308)),D308-E308,IF(AND(ISNUMBER(F308),ISNUMBER(G308)),F308-G308,H308-I308)) -> 142884 | L308: =LN(J308) -> 4.3561017 | M308: =L308-L307 -> 0.094379286 | N308: {=MAX(IF($B$4:$B$507=B308,$A$4:$A$507))} -> 36891 | O308: {=MIN(IF($B$4:$B$507=B308,$A$4:$A$507))} -> 36556 | P308: =EOMONTH(Q308,-12) -> 36311 | Q308: =A308 -> 36677 | R308: =VLOOKUP(Q308,$A$232:$L$507,$J$1,FALSE) -> 77.952661 | S308: =VLOOKUP(P308,$A$4:$L$507,$J$1,FALSE) -> 73.237686 | T308: =R308/S308-1 -> 0.064379085 | U308: =AVERAGEIF($B$4:$B$507,B308,$T$4:$T$507) -> 0.067490972 | V308: =SUMIF($B$232:$B$507,B308,$K$232:$K$507) -> 675194 | W308: =SUMIF($B$232:$B$507,B308,$J$232:$J$507) -> 917.37781 | Y308: =SUMIF($B$4:$B$507,B308,$J$4:$J$507) -> 917.37781 | AA308: =YEAR(A308) -> 2000 | AB308: =Y308/Y296-1 -> 0.066401432 | AC308: =V308 -> 675194
... A338: =EOMONTH(A337,1) -> 37590 | B338: =YEAR(A338) -> 2002 | C338: =MONTH(A338) -> 11 | F338: 570959 | G338: 820473 | H338: 775085 | I338: 786836 | J338: 83.9 | K338: =IF(AND(ISNUMBER(D338),ISNUMBER(E338)),D338-E338,IF(AND(ISNUMBER(F338),ISNUMBER(G338)),F338-G338,H338-I338)) -> -249514 | L338: =LN(J338) -> 4.4296256 | M338: =L338-L337 -> -0.061255426 | N338: {=MAX(IF($B$4:$B$507=B338,$A$4:$A$507))} -> 37621 | O338: {=MIN(IF($B$4:$B$507=B338,$A$4:$A$507))} -> 37287 | P338: =EOMONTH(Q338,-12) -> 37225 | Q338: =A338 -> 37590 | R338: =VLOOKUP(Q338,$A$232:$L$507,$J$1,FALSE) -> 83.9 | S338: =VLOOKUP(P338,$A$4:$L$507,$J$1,FALSE) -> 78.925972 | T338: =R338/S338-1 -> 0.063021429 | U338: =AVERAGEIF($B$4:$B$507,B338,$T$4:$T$507) -> 0.023730584 | V338: =SUMIF($B$232:$B$507,B338,$K$232:$K$507) -> 468672 | W338: =SUMIF($B$232:$B$507,B338,$J$232:$J$507) -> 953.7 | Y338: =SUMIF($B$4:$B$507,B338,$J$4:$J$507) -> 953.7 | AA338: =YEAR(A338) -> 2002 | AB338: =Y338/Y326-1 -> 0.023448167 | AC338: =V338 -> 468672
A339: =EOMONTH(A338,1) -> 37621 | B339: =YEAR(A339) -> 2002 | C339: =MONTH(A339) -> 12 | F339: Nan | G339: Nan | H339: 570959 | I339: 820473 | J339: 74.6 | K339: =IF(AND(ISNUMBER(D339),ISNUMBER(E339)),D339-E339,IF(AND(ISNUMBER(F339),ISNUMBER(G339)),F339-G339,H339-I339)) -> -249514 | L339: =LN(J339) -> 4.3121405 | M339: =L339-L338 -> -0.11748511 | N339: {=MAX(IF($B$4:$B$507=B339,$A$4:$A$507))} -> 37621 | O339: {=MIN(IF($B$4:$B$507=B339,$A$4:$A$507))} -> 37287 | P339: =EOMONTH(Q339,-12) -> 37256 | Q339: =A339 -> 37621 | R339: =VLOOKUP(Q339,$A$232:$L$507,$J$1,FALSE) -> 74.6 | S339: =VLOOKUP(P339,$A$4:$L$507,$J$1,FALSE) -> 69.160948 | T339: =R339/S339-1 -> 0.078643404 | U339: =AVERAGEIF($B$4:$B$507,B339,$T$4:$T$507) -> 0.023730584 | V339: =SUMIF($B$232:$B$507,B339,$K$232:$K$507) -> 468672 | W339: =SUMIF($B$232:$B$507,B339,$J$232:$J$507) -> 953.7 | Y339: =SUMIF($B$4:$B$507,B339,$J$4:$J$507) -> 953.7 | AA339: =YEAR(A339) -> 2002 | AB339: =Y339/Y327-1 -> 0.023448167 | AC339: =V339 -> 468672
A340: =EOMONTH(A339,1) -> 37652 | B340: =YEAR(A340) -> 2003 | C340: =MONTH(A340) -> 1 | F340: 841125 | G340: 757096 | H340: 822277 | I340: 786792 | J340: 74 | K340: =IF(AND(ISNUMBER(D340),ISNUMBER(E340)),D340-E340,IF(AND(ISNUMBER(F340),ISNUMBER(G340)),F340-G340,H340-I340)) -> 84029 | L340: =LN(J340) -> 4.3040651 | M340: =L340-L339 -> -0.008075414 | N340: {=MAX(IF($B$4:$B$507=B340,$A$4:$A$507))} -> 37986 | O340: {=MIN(IF($B$4:$B$507=B340,$A$4:$A$507))} -> 37652 | P340: =EOMONTH(Q340,-12) -> 37287 | Q340: =A340 -> 37652 | R340: =VLOOKUP(Q340,$A$232:$L$507,$J$1,FALSE) -> 74 | S340: =VLOOKUP(P340,$A$4:$L$507,$J$1,FALSE) -> 72.4 | T340: =R340/S340-1 -> 0.022099448 | U340: =AVERAGEIF($B$4:$B$507,B340,$T$4:$T$507) -> 0.0038797689 | V340: =SUMIF($B$232:$B$507,B340,$K$232:$K$507) -> 710054 | W340: =SUMIF($B$232:$B$507,B340,$J$232:$J$507) -> 956.8 | Y340: =SUMIF($B$4:$B$507,B340,$J$4:$J$507) -> 956.8 | AA340: =YEAR(A340) -> 2003 | AB340: =Y340/Y328-1 -> 0.0032504981 | AC340: =V340 -> 710054
A341: =EOMONTH(A340,1) -> 37680 | B341: =YEAR(A341) -> 2003 | C341: =MONTH(A341) -> 2 | F341: 773659 | G341: 752398 | H341: 841125 | I341: 757096 | J341: 71.8 | K341: =IF(AND(ISNUMBER(D341),ISNUMBER(E341)),D341-E341,IF(AND(ISNUMBER(F341),ISNUMBER(G341)),F341-G341,H341-I341)) -> 21261 | L341: =LN(J341) -> 4.2738845 | M341: =L341-L340 -> -0.030180617 | N341: {=MAX(IF($B$4:$B$507=B341,$A$4:$A$507))} -> 37986 | O341: {=MIN(IF($B$4:$B$507=B341,$A$4:$A$507))} -> 37652 | P341: =EOMONTH(Q341,-12) -> 37315 | Q341: =A341 -> 37680 | R341: =VLOOKUP(Q341,$A$232:$L$507,$J$1,FALSE) -> 71.8 | S341: =VLOOKUP(P341,$A$4:$L$507,$J$1,FALSE) -> 69.7 | T341: =R341/S341-1 -> 0.030129125 | U341: =AVERAGEIF($B$4:$B$507,B341,$T$4:$T$507) -> 0.0038797689 | V341: =SUMIF($B$232:$B$507,B341,$K$232:$K$507) -> 710054 | W341: =SUMIF($B$232:$B$507,B341,$J$232:$J$507) -> 956.8 | Y341: =SUMIF($B$4:$B$507,B341,$J$4:$J$507) -> 956.8 | AA341: =YEAR(A341) -> 2003 | AB341: =Y341/Y329-1 -> 0.0032504981 | AC341: =V341 -> 710054
A342: =EOMONTH(A341,1) -> 37711 | B342: =YEAR(A342) -> 2003 | C342: =MONTH(A342) -> 3 | F342: 869453 | G342: 715429 | H342: 773659 | I342: 752398 | J342: 77.4 | K342: =IF(AND(ISNUMBER(D342),ISNUMBER(E342)),D342-E342,IF(AND(ISNUMBER(F342),ISNUMBER(G342)),F342-G342,H342-I342)) -> 154024 | L342: =LN(J342) -> 4.3489868 | M342: =L342-L341 -> 0.075102305 | N342: {=MAX(IF($B$4:$B$507=B342,$A$4:$A$507))} -> 37986 | O342: {=MIN(IF($B$4:$B$507=B342,$A$4:$A$507))} -> 37652 | P342: =EOMONTH(Q342,-12) -> 37346 | Q342: =A342 -> 37711 | R342: =VLOOKUP(Q342,$A$232:$L$507,$J$1,FALSE) -> 77.4 | S342: =VLOOKUP(P342,$A$4:$L$507,$J$1,FALSE) -> 77.4 | T342: =R342/S342-1 -> 0 | U342: =AVERAGEIF($B$4:$B$507,B342,$T$4:$T$507) -> 0.0038797689 | V342: =SUMIF($B$232:$B$507,B342,$K$232:$K$507) -> 710054 | W342: =SUMIF($B$232:$B$507,B342,$J$232:$J$507) -> 956.8 | Y342: =SUMIF($B$4:$B$507,B342,$J$4:$J$507) -> 956.8 | AA342: =YEAR(A342) -> 2003 | AB342: =Y342/Y330-1 -> 0.0032504981 | AC342: =V342 -> 710054
A343: =EOMONTH(A342,1) -> 37741 | B343: =YEAR(A343) -> 2003 | C343: =MONTH(A343) -> 4 | F343: 904068 | G343: 763755 | H343: 869453 | I343: 715429 | J343: 76.5 | K343: =IF(AND(ISNUMBER(D343),ISNUMBER(E343)),D343-E343,IF(AND(ISNUMBER(F343),ISNUMBER(G343)),F343-G343,H343-I343)) -> 140313 | L343: =LN(J343) -> 4.3372907 | M343: =L343-L342 -> -0.01169604 | N343: {=MAX(IF($B$4:$B$507=B343,$A$4:$A$507))} -> 37986 | O343: {=MIN(IF($B$4:$B$507=B343,$A$4:$A$507))} -> 37652 | P343: =EOMONTH(Q343,-12) -> 37376 | Q343: =A343 -> 37741 | R343: =VLOOKUP(Q343,$A$232:$L$507,$J$1,FALSE) -> 76.5 | S343: =VLOOKUP(P343,$A$4:$L$507,$J$1,FALSE) -> 79.6 | T343: =R343/S343-1 -> -0.038944724 | U343: =AVERAGEIF($B$4:$B$507,B343,$T$4:$T$507) -> 0.0038797689 | V343: =SUMIF($B$232:$B$507,B343,$K$232:$K$507) -> 710054 | W343: =SUMIF($B$232:$B$507,B343,$J$232:$J$507) -> 956.8 | Y343: =SUMIF($B$4:$B$507,B343,$J$4:$J$507) -> 956.8 | AA343: =YEAR(A343) -> 2003 | AB343: =Y343/Y331-1 -> 0.0032504981 | AC343: =V343 -> 710054
A344: =EOMONTH(A343,1) -> 37772 | B344: =YEAR(A344) -> 2003 | C344: =MONTH(A344) -> 5 | F344: 824879 | G344: 699084 | H344: 904068 | I344: 763755 | J344: 79.7 | K344: =IF(AND(ISNUMBER(D344),ISNUMBER(E344)),D344-E344,IF(AND(ISNUMBER(F344),ISNUMBER(G344)),F344-G344,H344-I344)) -> 125795 | L344: =LN(J344) -> 4.3782696 | M344: =L344-L343 -> 0.040978845 | N344: {=MAX(IF($B$4:$B$507=B344,$A$4:$A$507))} -> 37986 | O344: {=MIN(IF($B$4:$B$507=B344,$A$4:$A$507))} -> 37652 | P344: =EOMONTH(Q344,-12) -> 37407 | Q344: =A344 -> 37772 | R344: =VLOOKUP(Q344,$A$232:$L$507,$J$1,FALSE) -> 79.7 | S344: =VLOOKUP(P344,$A$4:$L$507,$J$1,FALSE) -> 80.4 | T344: =R344/S344-1 -> -0.0087064677 | U344: =AVERAGEIF($B$4:$B$507,B344,$T$4:$T$507) -> 0.0038797689 | V344: =SUMIF($B$232:$B$507,B344,$K$232:$K$507) -> 710054 | W344: =SUMIF($B$232:$B$507,B344,$J$232:$J$507) -> 956.8 | Y344: =SUMIF($B$4:$B$507,B344,$J$4:$J$507) -> 956.8 | AA344: =YEAR(A344) -> 2003 | AB344: =Y344/Y332-1 -> 0.0032504981 | AC344: =V344 -> 710054
A345: =EOMONTH(A344,1) -> 37802 | B345: =YEAR(A345) -> 2003 | C345: =MONTH(A345) -> 6 | F345: 812383 | G345: 775150 | H345: 824879 | I345: 699084 | J345: 76.3 | K345: =IF(AND(ISNUMBER(D345),ISNUMBER(E345)),D345-E345,IF(AND(ISNUMBER(F345),ISNUMBER(G345)),F345-G345,H345-I345)) -> 37233 | L345: =LN(J345) -> 4.3346729 | M345: =L345-L344 -> -0.043596648 | N345: {=MAX(IF($B$4:$B$507=B345,$A$4:$A$507))} -> 37986 | O345: {=MIN(IF($B$4:$B$507=B345,$A$4:$A$507))} -> 37652 | P345: =EOMONTH(Q345,-12) -> 37437 | Q345: =A345 -> 37802 | R345: =VLOOKUP(Q345,$A$232:$L$507,$J$1,FALSE) -> 76.3 | S345: =VLOOKUP(P345,$A$4:$L$507,$J$1,FALSE) -> 77.5 | T345: =R345/S345-1 -> -0.015483871 | U345: =AVERAGEIF($B$4:$B$507,B345,$T$4:$T$507) -> 0.0038797689 | V345: =SUMIF($B$232:$B$507,B345,$K$232:$K$507) -> 710054 | W345: =SUMIF($B$232:$B$507,B345,$J$232:$J$507) -> 956.8 | Y345: =SUMIF($B$4:$B$507,B345,$J$4:$J$507) -> 956.8 | AA345: =YEAR(A345) -> 2003 | AB345: =Y345/Y333-1 -> 0.0032504981 | AC345: =V345 -> 710054
A346: =EOMONTH(A345,1) -> 37833 | B346: =YEAR(A346) -> 2003 | C346: =MONTH(A346) -> 7 | F346: 839474 | G346: 759702 | H346: 812383 | I346: 775150 | J346: 81.3 | K346: =IF(AND(ISNUMBER(D346),ISNUMBER(E346)),D346-E346,IF(AND(ISNUMBER(F346),ISNUMBER(G346)),F346-G346,H346-I346)) -> 79772 | L346: =LN(J346) -> 4.398146 | M346: =L346-L345 -> 0.063473078 | N346: {=MAX(IF($B$4:$B$507=B346,$A$4:$A$507))} -> 37986 | O346: {=MIN(IF($B$4:$B$507=B346,$A$4:$A$507))} -> 37652 | P346: =EOMONTH(Q346,-12) -> 37468 | Q346: =A346 -> 37833 | R346: =VLOOKUP(Q346,$A$232:$L$507,$J$1,FALSE) -> 81.3 | S346: =VLOOKUP(P346,$A$4:$L$507,$J$1,FALSE) -> 83.3 | T346: =R346/S346-1 -> -0.024009604 | U346: =AVERAGEIF($B$4:$B$507,B346,$T$4:$T$507) -> 0.0038797689 | V346: =SUMIF($B$232:$B$507,B346,$K$232:$K$507) -> 710054 | W346: =SUMIF($B$232:$B$507,B346,$J$232:$J$507) -> 956.8 | Y346: =SUMIF($B$4:$B$507,B346,$J$4:$J$507) -> 956.8 | AA346: =YEAR(A346) -> 2003 | AB346: =Y346/Y334-1 -> 0.0032504981 | AC346: =V346 -> 710054
A347: =EOMONTH(A346,1) -> 37864 | B347: =YEAR(A347) -> 2003 | C347: =MONTH(A347) -> 8 | F347: 900082 | G347: 738317 | H347: 839474 | I347: 759702 | J347: 81.6 | K347: =IF(AND(ISNUMBER(D347),ISNUMBER(E347)),D347-E347,IF(AND(ISNUMBER(F347),ISNUMBER(G347)),F347-G347,H347-I347)) -> 161765 | L347: =LN(J347) -> 4.4018293 | M347: =L347-L346 -> 0.0036832454 | N347: {=MAX(IF($B$4:$B$507=B347,$A$4:$A$507))} -> 37986 | O347: {=MIN(IF($B$4:$B$507=B347,$A$4:$A$507))} -> 37652 | P347: =EOMONTH(Q347,-12) -> 37499 | Q347: =A347 -> 37864 | R347: =VLOOKUP(Q347,$A$232:$L$507,$J$1,FALSE) -> 81.6 | S347: =VLOOKUP(P347,$A$4:$L$507,$J$1,FALSE) -> 83.6 | T347: =R347/S347-1 -> -0.023923445 | U347: =AVERAGEIF($B$4:$B$507,B347,$T$4:$T$507) -> 0.0038797689 | V347: =SUMIF($B$232:$B$507,B347,$K$232:$K$507) -> 710054 | W347: =SUMIF($B$232:$B$507,B347,$J$232:$J$507) -> 956.8 | Y347: =SUMIF($B$4:$B$507,B347,$J$4:$J$507) -> 956.8 | AA347: =YEAR(A347) -> 2003 | AB347: =Y347/Y335-1 -> 0.0032504981 | AC347: =V347 -> 710054
A348: =EOMONTH(A347,1) -> 37894 | B348: =YEAR(A348) -> 2003 | C348: =MONTH(A348) -> 9 | F348: 851731 | G348: 780861 | H348: 900082 | I348: 738317 | J348: 85.7 | K348: =IF(AND(ISNUMBER(D348),ISNUMBER(E348)),D348-E348,IF(AND(ISNUMBER(F348),ISNUMBER(G348)),F348-G348,H348-I348)) -> 70870 | L348: =LN(J348) -> 4.4508528 | M348: =L348-L347 -> 0.049023564 | N348: {=MAX(IF($B$4:$B$507=B348,$A$4:$A$507))} -> 37986 | O348: {=MIN(IF($B$4:$B$507=B348,$A$4:$A$507))} -> 37652 | P348: =EOMONTH(Q348,-12) -> 37529 | Q348: =A348 -> 37894 | R348: =VLOOKUP(Q348,$A$232:$L$507,$J$1,FALSE) -> 85.7 | S348: =VLOOKUP(P348,$A$4:$L$507,$J$1,FALSE) -> 82.1 | T348: =R348/S348-1 -> 0.043848965 | U348: =AVERAGEIF($B$4:$B$507,B348,$T$4:$T$507) -> 0.0038797689 | V348: =SUMIF($B$232:$B$507,B348,$K$232:$K$507) -> 710054 | W348: =SUMIF($B$232:$B$507,B348,$J$232:$J$507) -> 956.8 | Y348: =SUMIF($B$4:$B$507,B348,$J$4:$J$507) -> 956.8 | AA348: =YEAR(A348) -> 2003 | AB348: =Y348/Y336-1 -> 0.0032504981 | AC348: =V348 -> 710054
A349: =EOMONTH(A348,1) -> 37925 | B349: =YEAR(A349) -> 2003 | C349: =MONTH(A349) -> 10 | F349: 788649 | G349: 753845 | H349: 851731 | I349: 780861 | J349: 90 | K349: =IF(AND(ISNUMBER(D349),ISNUMBER(E349)),D349-E349,IF(AND(ISNUMBER(F349),ISNUMBER(G349)),F349-G349,H349-I349)) -> 34804 | L349: =LN(J349) -> 4.4998097 | M349: =L349-L348 -> 0.048956845 | N349: {=MAX(IF($B$4:$B$507=B349,$A$4:$A$507))} -> 37986 | O349: {=MIN(IF($B$4:$B$507=B349,$A$4:$A$507))} -> 37652 | P349: =EOMONTH(Q349,-12) -> 37560 | Q349: =A349 -> 37925 | R349: =VLOOKUP(Q349,$A$232:$L$507,$J$1,FALSE) -> 90 | S349: =VLOOKUP(P349,$A$4:$L$507,$J$1,FALSE) -> 89.2 | T349: =R349/S349-1 -> 0.0089686099 | U349: =AVERAGEIF($B$4:$B$507,B349,$T$4:$T$507) -> 0.0038797689 | V349: =SUMIF($B$232:$B$507,B349,$K$232:$K$507) -> 710054 | W349: =SUMIF($B$232:$B$507,B349,$J$232:$J$507) -> 956.8 | Y349: =SUMIF($B$4:$B$507,B349,$J$4:$J$507) -> 956.8 | AA349: =YEAR(A349) -> 2003 | AB349: =Y349/Y337-1 -> 0.0032504981 | AC349: =V349 -> 710054
A350: =EOMONTH(A349,1) -> 37955 | B350: =YEAR(A350) -> 2003 | C350: =MONTH(A350) -> 11 | F350: 581563 | G350: 881481 | H350: 788649 | I350: 753845 | J350: 84.6 | K350: =IF(AND(ISNUMBER(D350),ISNUMBER(E350)),D350-E350,IF(AND(ISNUMBER(F350),ISNUMBER(G350)),F350-G350,H350-I350)) -> -299918 | L350: =LN(J350) -> 4.4379343 | M350: =L350-L349 -> -0.061875404 | N350: {=MAX(IF($B$4:$B$507=B350,$A$4:$A$507))} -> 37986 | O350: {=MIN(IF($B$4:$B$507=B350,$A$4:$A$507))} -> 37652 | P350: =EOMONTH(Q350,-12) -> 37590 | Q350: =A350 -> 37955 | R350: =VLOOKUP(Q350,$A$232:$L$507,$J$1,FALSE) -> 84.6 | S350: =VLOOKUP(P350,$A$4:$L$507,$J$1,FALSE) -> 83.9 | T350: =R350/S350-1 -> 0.0083432658 | U350: =AVERAGEIF($B$4:$B$507,B350,$T$4:$T$507) -> 0.0038797689 | V350: =SUMIF($B$232:$B$507,B350,$K$232:$K$507) -> 710054 | W350: =SUMIF($B$232:$B$507,B350,$J$232:$J$507) -> 956.8 | Y350: =SUMIF($B$4:$B$507,B350,$J$4:$J$507) -> 956.8 | AA350: =YEAR(A350) -> 2003 | AB350: =Y350/Y338-1 -> 0.0032504981 | AC350: =V350 -> 710054
A351: =EOMONTH(A350,1) -> 37986 | B351: =YEAR(A351) -> 2003 | C351: =MONTH(A351) -> 12 | F351: 850198 | G351: 750092 | H351: 581563 | I351: 881481 | J351: 77.9 | K351: =IF(AND(ISNUMBER(D351),ISNUMBER(E351)),D351-E351,IF(AND(ISNUMBER(F351),ISNUMBER(G351)),F351-G351,H351-I351)) -> 100106 | L351: =LN(J351) -> 4.355426 | M351: =L351-L350 -> -0.082508314 | N351: {=MAX(IF($B$4:$B$507=B351,$A$4:$A$507))} -> 37986 | O351: {=MIN(IF($B$4:$B$507=B351,$A$4:$A$507))} -> 37652 | P351: =EOMONTH(Q351,-12) -> 37621 | Q351: =A351 -> 37986 | R351: =VLOOKUP(Q351,$A$232:$L$507,$J$1,FALSE) -> 77.9 | S351: =VLOOKUP(P351,$A$4:$L$507,$J$1,FALSE) -> 74.6 | T351: =R351/S351-1 -> 0.044235925 | U351: =AVERAGEIF($B$4:$B$507,B351,$T$4:$T$507) -> 0.0038797689 | V351: =SUMIF($B$232:$B$507,B351,$K$232:$K$507) -> 710054 | W351: =SUMIF($B$232:$B$507,B351,$J$232:$J$507) -> 956.8 | Y351: =SUMIF($B$4:$B$507,B351,$J$4:$J$507) -> 956.8 | AA351: =YEAR(A351) -> 2003 | AB351: =Y351/Y339-1 -> 0.0032504981 | AC351: =V351 -> 710054
A352: =EOMONTH(A351,1) -> 38017 | B352: =YEAR(A352) -> 2004 | C352: =MONTH(A352) -> 1 | D352: 850198 | E352: 750092 | F352: 872046 | G352: 732972 | H352: 850198 | I352: 750092 | J352: 76.8 | K352: =IF(AND(ISNUMBER(D352),ISNUMBER(E352)),D352-E352,IF(AND(ISNUMBER(F352),ISNUMBER(G352)),F352-G352,H352-I352)) -> 100106 | L352: =LN(J352) -> 4.3412046 | M352: =L352-L351 -> -0.014221313 | N352: {=MAX(IF($B$4:$B$507=B352,$A$4:$A$507))} -> 38352 | O352: {=MIN(IF($B$4:$B$507=B352,$A$4:$A$507))} -> 38017 | P352: =EOMONTH(Q352,-12) -> 37652 | Q352: =A352 -> 38017 | R352: =VLOOKUP(Q352,$A$232:$L$507,$J$1,FALSE) -> 76.8 | S352: =VLOOKUP(P352,$A$4:$L$507,$J$1,FALSE) -> 74 | T352: =R352/S352-1 -> 0.037837838 | U352: =AVERAGEIF($B$4:$B$507,B352,$T$4:$T$507) -> 0.083321798 | V352: =SUMIF($B$232:$B$507,B352,$K$232:$K$507) -> 1523276 | W352: =SUMIF($B$232:$B$507,B352,$J$232:$J$507) -> 1036.6 | Y352: =SUMIF($B$4:$B$507,B352,$J$4:$J$507) -> 1036.6 | AA352: =YEAR(A352) -> 2004 | AB352: =Y352/Y340-1 -> 0.08340301 | AC352: =V352 -> 1523276
A353: =EOMONTH(A352,1) -> 38046 | B353: =YEAR(A353) -> 2004 | C353: =MONTH(A353) -> 2 | D353: 872046 | E353: 732972 | F353: 998092 | G353: 889880 | H353: 872046 | I353: 732972 | J353: 74 | K353: =IF(AND(ISNUMBER(D353),ISNUMBER(E353)),D353-E353,IF(AND(ISNUMBER(F353),ISNUMBER(G353)),F353-G353,H353-I353)) -> 139074 | L353: =LN(J353) -> 4.3040651 | M353: =L353-L352 -> -0.037139547 | N353: {=MAX(IF($B$4:$B$507=B353,$A$4:$A$507))} -> 38352 | O353: {=MIN(IF($B$4:$B$507=B353,$A$4:$A$507))} -> 38017 | P353: =EOMONTH(Q353,-12) -> 37680 | Q353: =A353 -> 38046 | R353: =VLOOKUP(Q353,$A$232:$L$507,$J$1,FALSE) -> 74 | S353: =VLOOKUP(P353,$A$4:$L$507,$J$1,FALSE) -> 71.8 | T353: =R353/S353-1 -> 0.030640669 | U353: =AVERAGEIF($B$4:$B$507,B353,$T$4:$T$507) -> 0.083321798 | V353: =SUMIF($B$232:$B$507,B353,$K$232:$K$507) -> 1523276 | W353: =SUMIF($B$232:$B$507,B353,$J$232:$J$507) -> 1036.6 | Y353: =SUMIF($B$4:$B$507,B353,$J$4:$J$507) -> 1036.6 | AA353: =YEAR(A353) -> 2004 | AB353: =Y353/Y341-1 -> 0.08340301 | AC353: =V353 -> 1523276
A354: =EOMONTH(A353,1) -> 38077 | B354: =YEAR(A354) -> 2004 | C354: =MONTH(A354) -> 3 | D354: 998092 | E354: 889880 | F354: 961475 | G354: 773928 | H354: 998092 | I354: 889880 | J354: 86.9 | K354: =IF(AND(ISNUMBER(D354),ISNUMBER(E354)),D354-E354,IF(AND(ISNUMBER(F354),ISNUMBER(G354)),F354-G354,H354-I354)) -> 108212 | L354: =LN(J354) -> 4.464758 | M354: =L354-L353 -> 0.16069294 | N354: {=MAX(IF($B$4:$B$507=B354,$A$4:$A$507))} -> 38352 | O354: {=MIN(IF($B$4:$B$507=B354,$A$4:$A$507))} -> 38017 | P354: =EOMONTH(Q354,-12) -> 37711 | Q354: =A354 -> 38077 | R354: =VLOOKUP(Q354,$A$232:$L$507,$J$1,FALSE) -> 86.9 | S354: =VLOOKUP(P354,$A$4:$L$507,$J$1,FALSE) -> 77.4 | T354: =R354/S354-1 -> 0.12273902 | U354: =AVERAGEIF($B$4:$B$507,B354,$T$4:$T$507) -> 0.083321798 | V354: =SUMIF($B$232:$B$507,B354,$K$232:$K$507) -> 1523276 | W354: =SUMIF($B$232:$B$507,B354,$J$232:$J$507) -> 1036.6 | Y354: =SUMIF($B$4:$B$507,B354,$J$4:$J$507) -> 1036.6 | AA354: =YEAR(A354) -> 2004 | AB354: =Y354/Y342-1 -> 0.08340301 | AC354: =V354 -> 1523276
A355: =EOMONTH(A354,1) -> 38107 | B355: =YEAR(A355) -> 2004 | C355: =MONTH(A355) -> 4 | D355: 961475 | E355: 773928 | F355: 1031227 | G355: 739405 | H355: 961475 | I355: 773928 | J355: 82.2 | K355: =IF(AND(ISNUMBER(D355),ISNUMBER(E355)),D355-E355,IF(AND(ISNUMBER(F355),ISNUMBER(G355)),F355-G355,H355-I355)) -> 187547 | L355: =LN(J355) -> 4.4091553 | M355: =L355-L354 -> -0.05560273 | N355: {=MAX(IF($B$4:$B$507=B355,$A$4:$A$507))} -> 38352 | O355: {=MIN(IF($B$4:$B$507=B355,$A$4:$A$507))} -> 38017 | P355: =EOMONTH(Q355,-12) -> 37741 | Q355: =A355 -> 38107 | R355: =VLOOKUP(Q355,$A$232:$L$507,$J$1,FALSE) -> 82.2 | S355: =VLOOKUP(P355,$A$4:$L$507,$J$1,FALSE) -> 76.5 | T355: =R355/S355-1 -> 0.074509804 | U355: =AVERAGEIF($B$4:$B$507,B355,$T$4:$T$507) -> 0.083321798 | V355: =SUMIF($B$232:$B$507,B355,$K$232:$K$507) -> 1523276 | W355: =SUMIF($B$232:$B$507,B355,$J$232:$J$507) -> 1036.6 | Y355: =SUMIF($B$4:$B$507,B355,$J$4:$J$507) -> 1036.6 | AA355: =YEAR(A355) -> 2004 | AB355: =Y355/Y343-1 -> 0.08340301 | AC355: =V355 -> 1523276
A356: =EOMONTH(A355,1) -> 38138 | B356: =YEAR(A356) -> 2004 | C356: =MONTH(A356) -> 5 | D356: 1031227 | E356: 739405 | F356: 986494 | G356: 778599 | H356: 1031227 | I356: 739405 | J356: 86.3 | K356: =IF(AND(ISNUMBER(D356),ISNUMBER(E356)),D356-E356,IF(AND(ISNUMBER(F356),ISNUMBER(G356)),F356-G356,H356-I356)) -> 291822 | L356: =LN(J356) -> 4.4578296 | M356: =L356-L355 -> 0.048674296 | N356: {=MAX(IF($B$4:$B$507=B356,$A$4:$A$507))} -> 38352 | O356: {=MIN(IF($B$4:$B$507=B356,$A$4:$A$507))} -> 38017 | P356: =EOMONTH(Q356,-12) -> 37772 | Q356: =A356 -> 38138 | R356: =VLOOKUP(Q356,$A$232:$L$507,$J$1,FALSE) -> 86.3 | S356: =VLOOKUP(P356,$A$4:$L$507,$J$1,FALSE) -> 79.7 | T356: =R356/S356-1 -> 0.08281054 | U356: =AVERAGEIF($B$4:$B$507,B356,$T$4:$T$507) -> 0.083321798 | V356: =SUMIF($B$232:$B$507,B356,$K$232:$K$507) -> 1523276 | W356: =SUMIF($B$232:$B$507,B356,$J$232:$J$507) -> 1036.6 | Y356: =SUMIF($B$4:$B$507,B356,$J$4:$J$507) -> 1036.6 | AA356: =YEAR(A356) -> 2004 | AB356: =Y356/Y344-1 -> 0.08340301 | AC356: =V356 -> 1523276
A357: =EOMONTH(A356,1) -> 38168 | B357: =YEAR(A357) -> 2004 | C357: =MONTH(A357) -> 6 | D357: 986494 | E357: 778599 | F357: 982628 | G357: 780595 | H357: 986494 | I357: 778599 | J357: 86.1 | K357: =IF(AND(ISNUMBER(D357),ISNUMBER(E357)),D357-E357,IF(AND(ISNUMBER(F357),ISNUMBER(G357)),F357-G357,H357-I357)) -> 207895 | L357: =LN(J357) -> 4.4555094 | M357: =L357-L356 -> -0.0023201867 | N357: {=MAX(IF($B$4:$B$507=B357,$A$4:$A$507))} -> 38352 | O357: {=MIN(IF($B$4:$B$507=B357,$A$4:$A$507))} -> 38017 | P357: =EOMONTH(Q357,-12) -> 37802 | Q357: =A357 -> 38168 | R357: =VLOOKUP(Q357,$A$232:$L$507,$J$1,FALSE) -> 86.1 | S357: =VLOOKUP(P357,$A$4:$L$507,$J$1,FALSE) -> 76.3 | T357: =R357/S357-1 -> 0.12844037 | U357: =AVERAGEIF($B$4:$B$507,B357,$T$4:$T$507) -> 0.083321798 | V357: =SUMIF($B$232:$B$507,B357,$K$232:$K$507) -> 1523276 | W357: =SUMIF($B$232:$B$507,B357,$J$232:$J$507) -> 1036.6 | Y357: =SUMIF($B$4:$B$507,B357,$J$4:$J$507) -> 1036.6 | AA357: =YEAR(A357) -> 2004 | AB357: =Y357/Y345-1 -> 0.08340301 | AC357: =V357 -> 1523276
A358: =EOMONTH(A357,1) -> 38199 | B358: =YEAR(A358) -> 2004 | C358: =MONTH(A358) -> 7 | D358: 982628 | E358: 780595 | F358: 1048597 | G358: 818840 | H358: 982628 | I358: 780595 | J358: 90.1 | K358: =IF(AND(ISNUMBER(D358),ISNUMBER(E358)),D358-E358,IF(AND(ISNUMBER(F358),ISNUMBER(G358)),F358-G358,H358-I358)) -> 202033 | L358: =LN(J358) -> 4.5009202 | M358: =L358-L357 -> 0.045410753 | N358: {=MAX(IF($B$4:$B$507=B358,$A$4:$A$507))} -> 38352 | O358: {=MIN(IF($B$4:$B$507=B358,$A$4:$A$507))} -> 38017 | P358: =EOMONTH(Q358,-12) -> 37833 | Q358: =A358 -> 38199 | R358: =VLOOKUP(Q358,$A$232:$L$507,$J$1,FALSE) -> 90.1 | S358: =VLOOKUP(P358,$A$4:$L$507,$J$1,FALSE) -> 81.3 | T358: =R358/S358-1 -> 0.10824108 | U358: =AVERAGEIF($B$4:$B$507,B358,$T$4:$T$507) -> 0.083321798 | V358: =SUMIF($B$232:$B$507,B358,$K$232:$K$507) -> 1523276 | W358: =SUMIF($B$232:$B$507,B358,$J$232:$J$507) -> 1036.6 | Y358: =SUMIF($B$4:$B$507,B358,$J$4:$J$507) -> 1036.6 | AA358: =YEAR(A358) -> 2004 | AB358: =Y358/Y346-1 -> 0.08340301 | AC358: =V358 -> 1523276
A359: =EOMONTH(A358,1) -> 38230 | B359: =YEAR(A359) -> 2004 | C359: =MONTH(A359) -> 8 | D359: 1048597 | E359: 818840 | F359: 987731 | G359: 787989 | H359: 1048597 | I359: 818840 | J359: 92.1 | K359: =IF(AND(ISNUMBER(D359),ISNUMBER(E359)),D359-E359,IF(AND(ISNUMBER(F359),ISNUMBER(G359)),F359-G359,H359-I359)) -> 229757 | L359: =LN(J359) -> 4.5228749 | M359: =L359-L358 -> 0.021954779 | N359: {=MAX(IF($B$4:$B$507=B359,$A$4:$A$507))} -> 38352 | O359: {=MIN(IF($B$4:$B$507=B359,$A$4:$A$507))} -> 38017 | P359: =EOMONTH(Q359,-12) -> 37864 | Q359: =A359 -> 38230 | R359: =VLOOKUP(Q359,$A$232:$L$507,$J$1,FALSE) -> 92.1 | S359: =VLOOKUP(P359,$A$4:$L$507,$J$1,FALSE) -> 81.6 | T359: =R359/S359-1 -> 0.12867647 | U359: =AVERAGEIF($B$4:$B$507,B359,$T$4:$T$507) -> 0.083321798 | V359: =SUMIF($B$232:$B$507,B359,$K$232:$K$507) -> 1523276 | W359: =SUMIF($B$232:$B$507,B359,$J$232:$J$507) -> 1036.6 | Y359: =SUMIF($B$4:$B$507,B359,$J$4:$J$507) -> 1036.6 | AA359: =YEAR(A359) -> 2004 | AB359: =Y359/Y347-1 -> 0.08340301 | AC359: =V359 -> 1523276
A360: =EOMONTH(A359,1) -> 38260 | B360: =YEAR(A360) -> 2004 | C360: =MONTH(A360) -> 9 | D360: 987731 | E360: 787989 | F360: 921063 | G360: 790904 | H360: 987731 | I360: 787989 | J360: 92.1 | K360: =IF(AND(ISNUMBER(D360),ISNUMBER(E360)),D360-E360,IF(AND(ISNUMBER(F360),ISNUMBER(G360)),F360-G360,H360-I360)) -> 199742 | L360: =LN(J360) -> 4.5228749 | M360: =L360-L359 -> 0 | N360: {=MAX(IF($B$4:$B$507=B360,$A$4:$A$507))} -> 38352 | O360: {=MIN(IF($B$4:$B$507=B360,$A$4:$A$507))} -> 38017 | P360: =EOMONTH(Q360,-12) -> 37894 | Q360: =A360 -> 38260 | R360: =VLOOKUP(Q360,$A$232:$L$507,$J$1,FALSE) -> 92.1 | S360: =VLOOKUP(P360,$A$4:$L$507,$J$1,FALSE) -> 85.7 | T360: =R360/S360-1 -> 0.074679113 | U360: =AVERAGEIF($B$4:$B$507,B360,$T$4:$T$507) -> 0.083321798 | V360: =SUMIF($B$232:$B$507,B360,$K$232:$K$507) -> 1523276 | W360: =SUMIF($B$232:$B$507,B360,$J$232:$J$507) -> 1036.6 | Y360: =SUMIF($B$4:$B$507,B360,$J$4:$J$507) -> 1036.6 | AA360: =YEAR(A360) -> 2004 | AB360: =Y360/Y348-1 -> 0.08340301 | AC360: =V360 -> 1523276
A361: =EOMONTH(A360,1) -> 38291 | B361: =YEAR(A361) -> 2004 | C361: =MONTH(A361) -> 10 | D361: 921063 | E361: 790904 | F361: 931126 | G361: 852104 | H361: 921063 | I361: 790904 | J361: 93.5 | K361: =IF(AND(ISNUMBER(D361),ISNUMBER(E361)),D361-E361,IF(AND(ISNUMBER(F361),ISNUMBER(G361)),F361-G361,H361-I361)) -> 130159 | L361: =LN(J361) -> 4.5379614 | M361: =L361-L360 -> 0.015086493 | N361: {=MAX(IF($B$4:$B$507=B361,$A$4:$A$507))} -> 38352 | O361: {=MIN(IF($B$4:$B$507=B361,$A$4:$A$507))} -> 38017 | P361: =EOMONTH(Q361,-12) -> 37925 | Q361: =A361 -> 38291 | R361: =VLOOKUP(Q361,$A$232:$L$507,$J$1,FALSE) -> 93.5 | S361: =VLOOKUP(P361,$A$4:$L$507,$J$1,FALSE) -> 90 | T361: =R361/S361-1 -> 0.038888889 | U361: =AVERAGEIF($B$4:$B$507,B361,$T$4:$T$507) -> 0.083321798 | V361: =SUMIF($B$232:$B$507,B361,$K$232:$K$507) -> 1523276 | W361: =SUMIF($B$232:$B$507,B361,$J$232:$J$507) -> 1036.6 | Y361: =SUMIF($B$4:$B$507,B361,$J$4:$J$507) -> 1036.6 | AA361: =YEAR(A361) -> 2004 | AB361: =Y361/Y349-1 -> 0.08340301 | AC361: =V361 -> 1523276
A362: =EOMONTH(A361,1) -> 38321 | B362: =YEAR(A362) -> 2004 | C362: =MONTH(A362) -> 11 | D362: 931126 | E362: 852104 | F362: 725819 | G362: 1077912 | H362: 931126 | I362: 852104 | J362: 91.8 | K362: =IF(AND(ISNUMBER(D362),ISNUMBER(E362)),D362-E362,IF(AND(ISNUMBER(F362),ISNUMBER(G362)),F362-G362,H362-I362)) -> 79022 | L362: =LN(J362) -> 4.5196123 | M362: =L362-L361 -> -0.018349139 | N362: {=MAX(IF($B$4:$B$507=B362,$A$4:$A$507))} -> 38352 | O362: {=MIN(IF($B$4:$B$507=B362,$A$4:$A$507))} -> 38017 | P362: =EOMONTH(Q362,-12) -> 37955 | Q362: =A362 -> 38321 | R362: =VLOOKUP(Q362,$A$232:$L$507,$J$1,FALSE) -> 91.8 | S362: =VLOOKUP(P362,$A$4:$L$507,$J$1,FALSE) -> 84.6 | T362: =R362/S362-1 -> 0.085106383 | U362: =AVERAGEIF($B$4:$B$507,B362,$T$4:$T$507) -> 0.083321798 | V362: =SUMIF($B$232:$B$507,B362,$K$232:$K$507) -> 1523276 | W362: =SUMIF($B$232:$B$507,B362,$J$232:$J$507) -> 1036.6 | Y362: =SUMIF($B$4:$B$507,B362,$J$4:$J$507) -> 1036.6 | AA362: =YEAR(A362) -> 2004 | AB362: =Y362/Y350-1 -> 0.08340301 | AC362: =V362 -> 1523276
A363: =EOMONTH(A362,1) -> 38352 | B363: =YEAR(A363) -> 2004 | C363: =MONTH(A363) -> 12 | D363: 725819 | E363: 1077912 | F363: 980620 | G363: 864648 | H363: 725819 | I363: 1077912 | J363: 84.7 | K363: =IF(AND(ISNUMBER(D363),ISNUMBER(E363)),D363-E363,IF(AND(ISNUMBER(F363),ISNUMBER(G363)),F363-G363,H363-I363)) -> -352093 | L363: =LN(J363) -> 4.4391156 | M363: =L363-L362 -> -0.080496696 | N363: {=MAX(IF($B$4:$B$507=B363,$A$4:$A$507))} -> 38352 | O363: {=MIN(IF($B$4:$B$507=B363,$A$4:$A$507))} -> 38017 | P363: =EOMONTH(Q363,-12) -> 37986 | Q363: =A363 -> 38352 | R363: =VLOOKUP(Q363,$A$232:$L$507,$J$1,FALSE) -> 84.7 | S363: =VLOOKUP(P363,$A$4:$L$507,$J$1,FALSE) -> 77.9 | T363: =R363/S363-1 -> 0.087291399 | U363: =AVERAGEIF($B$4:$B$507,B363,$T$4:$T$507) -> 0.083321798 | V363: =SUMIF($B$232:$B$507,B363,$K$232:$K$507) -> 1523276 | W363: =SUMIF($B$232:$B$507,B363,$J$232:$J$507) -> 1036.6 | Y363: =SUMIF($B$4:$B$507,B363,$J$4:$J$507) -> 1036.6 | AA363: =YEAR(A363) -> 2004 | AB363: =Y363/Y351-1 -> 0.08340301 | AC363: =V363 -> 1523276
... A395: =EOMONTH(A394,1) -> 39325 | B395: =YEAR(A395) -> 2007 | C395: =MONTH(A395) -> 8 | D395: 1253523 | E395: 1120194 | F395: 1224287 | G395: 973119 | H395: 1253523 | I395: 1120194 | J395: 104.9 | K395: =IF(AND(ISNUMBER(D395),ISNUMBER(E395)),D395-E395,IF(AND(ISNUMBER(F395),ISNUMBER(G395)),F395-G395,H395-I395)) -> 133329 | L395: =LN(J395) -> 4.6530075 | M395: =L395-L394 -> 0.049839332 | N395: {=MAX(IF($B$4:$B$507=B395,$A$4:$A$507))} -> 39447 | O395: {=MIN(IF($B$4:$B$507=B395,$A$4:$A$507))} -> 39113 | P395: =EOMONTH(Q395,-12) -> 38960 | Q395: =A395 -> 39325 | R395: =VLOOKUP(Q395,$A$232:$L$507,$J$1,FALSE) -> 104.9 | S395: =VLOOKUP(P395,$A$4:$L$507,$J$1,FALSE) -> 98.6 | T395: =R395/S395-1 -> 0.063894523 | U395: =AVERAGEIF($B$4:$B$507,B395,$T$4:$T$507) -> 0.05850802 | V395: =SUMIF($B$232:$B$507,B395,$K$232:$K$507) -> 1617392 | W395: =SUMIF($B$232:$B$507,B395,$J$232:$J$507) -> 1159.3 | Y395: =SUMIF($B$4:$B$507,B395,$J$4:$J$507) -> 1159.3 | AA395: =YEAR(A395) -> 2007 | AB395: =Y395/Y383-1 -> 0.059205116 | AC395: =V395 -> 1617392
A396: =EOMONTH(A395,1) -> 39355 | B396: =YEAR(A396) -> 2007 | C396: =MONTH(A396) -> 9 | D396: 1224287 | E396: 973119 | H396: 1224287 | I396: 973119 | J396: 98.4 | K396: =IF(AND(ISNUMBER(D396),ISNUMBER(E396)),D396-E396,IF(AND(ISNUMBER(F396),ISNUMBER(G396)),F396-G396,H396-I396)) -> 251168 | L396: =LN(J396) -> 4.5890408 | M396: =L396-L395 -> -0.063966711 | N396: {=MAX(IF($B$4:$B$507=B396,$A$4:$A$507))} -> 39447 | O396: {=MIN(IF($B$4:$B$507=B396,$A$4:$A$507))} -> 39113 | P396: =EOMONTH(Q396,-12) -> 38990 | Q396: =A396 -> 39355 | R396: =VLOOKUP(Q396,$A$232:$L$507,$J$1,FALSE) -> 98.4 | S396: =VLOOKUP(P396,$A$4:$L$507,$J$1,FALSE) -> 93.2 | T396: =R396/S396-1 -> 0.055793991 | U396: =AVERAGEIF($B$4:$B$507,B396,$T$4:$T$507) -> 0.05850802 | V396: =SUMIF($B$232:$B$507,B396,$K$232:$K$507) -> 1617392 | W396: =SUMIF($B$232:$B$507,B396,$J$232:$J$507) -> 1159.3 | Y396: =SUMIF($B$4:$B$507,B396,$J$4:$J$507) -> 1159.3 | AA396: =YEAR(A396) -> 2007 | AB396: =Y396/Y384-1 -> 0.059205116 | AC396: =V396 -> 1617392
A397: =EOMONTH(A396,1) -> 39386 | B397: =YEAR(A397) -> 2007 | C397: =MONTH(A397) -> 10 | D397: 1280701 | E397: 1075441 | H397: 1280701 | I397: 1075441 | J397: 107.8 | K397: =IF(AND(ISNUMBER(D397),ISNUMBER(E397)),D397-E397,IF(AND(ISNUMBER(F397),ISNUMBER(G397)),F397-G397,H397-I397)) -> 205260 | L397: =LN(J397) -> 4.6802777 | M397: =L397-L396 -> 0.091236854 | N397: {=MAX(IF($B$4:$B$507=B397,$A$4:$A$507))} -> 39447 | O397: {=MIN(IF($B$4:$B$507=B397,$A$4:$A$507))} -> 39113 | P397: =EOMONTH(Q397,-12) -> 39021 | Q397: =A397 -> 39386 | R397: =VLOOKUP(Q397,$A$232:$L$507,$J$1,FALSE) -> 107.8 | S397: =VLOOKUP(P397,$A$4:$L$507,$J$1,FALSE) -> 97.5 | T397: =R397/S397-1 -> 0.10564103 | U397: =AVERAGEIF($B$4:$B$507,B397,$T$4:$T$507) -> 0.05850802 | V397: =SUMIF($B$232:$B$507,B397,$K$232:$K$507) -> 1617392 | W397: =SUMIF($B$232:$B$507,B397,$J$232:$J$507) -> 1159.3 | Y397: =SUMIF($B$4:$B$507,B397,$J$4:$J$507) -> 1159.3 | AA397: =YEAR(A397) -> 2007 | AB397: =Y397/Y385-1 -> 0.059205116 | AC397: =V397 -> 1617392
A398: =EOMONTH(A397,1) -> 39416 | B398: =YEAR(A398) -> 2007 | C398: =MONTH(A398) -> 11 | D398: 1182648 | E398: 1058094 | H398: 1182648 | I398: 1058094 | J398: 102.4 | K398: =IF(AND(ISNUMBER(D398),ISNUMBER(E398)),D398-E398,IF(AND(ISNUMBER(F398),ISNUMBER(G398)),F398-G398,H398-I398)) -> 124554 | L398: =LN(J398) -> 4.6288867 | M398: =L398-L397 -> -0.051390946 | N398: {=MAX(IF($B$4:$B$507=B398,$A$4:$A$507))} -> 39447 | O398: {=MIN(IF($B$4:$B$507=B398,$A$4:$A$507))} -> 39113 | P398: =EOMONTH(Q398,-12) -> 39051 | Q398: =A398 -> 39416 | R398: =VLOOKUP(Q398,$A$232:$L$507,$J$1,FALSE) -> 102.4 | S398: =VLOOKUP(P398,$A$4:$L$507,$J$1,FALSE) -> 95.9 | T398: =R398/S398-1 -> 0.067778936 | U398: =AVERAGEIF($B$4:$B$507,B398,$T$4:$T$507) -> 0.05850802 | V398: =SUMIF($B$232:$B$507,B398,$K$232:$K$507) -> 1617392 | W398: =SUMIF($B$232:$B$507,B398,$J$232:$J$507) -> 1159.3 | Y398: =SUMIF($B$4:$B$507,B398,$J$4:$J$507) -> 1159.3 | AA398: =YEAR(A398) -> 2007 | AB398: =Y398/Y386-1 -> 0.059205116 | AC398: =V398 -> 1617392
A399: =EOMONTH(A398,1) -> 39447 | B399: =YEAR(A399) -> 2007 | C399: =MONTH(A399) -> 12 | D399: 908128 | E399: 1227542 | H399: 908128 | I399: 1227542 | J399: 92.6 | K399: =IF(AND(ISNUMBER(D399),ISNUMBER(E399)),D399-E399,IF(AND(ISNUMBER(F399),ISNUMBER(G399)),F399-G399,H399-I399)) -> -319414 | L399: =LN(J399) -> 4.5282891 | M399: =L399-L398 -> -0.10059757 | N399: {=MAX(IF($B$4:$B$507=B399,$A$4:$A$507))} -> 39447 | O399: {=MIN(IF($B$4:$B$507=B399,$A$4:$A$507))} -> 39113 | P399: =EOMONTH(Q399,-12) -> 39082 | Q399: =A399 -> 39447 | R399: =VLOOKUP(Q399,$A$232:$L$507,$J$1,FALSE) -> 92.6 | S399: =VLOOKUP(P399,$A$4:$L$507,$J$1,FALSE) -> 87 | T399: =R399/S399-1 -> 0.064367816 | U399: =AVERAGEIF($B$4:$B$507,B399,$T$4:$T$507) -> 0.05850802 | V399: =SUMIF($B$232:$B$507,B399,$K$232:$K$507) -> 1617392 | W399: =SUMIF($B$232:$B$507,B399,$J$232:$J$507) -> 1159.3 | Y399: =SUMIF($B$4:$B$507,B399,$J$4:$J$507) -> 1159.3 | AA399: =YEAR(A399) -> 2007 | AB399: =Y399/Y387-1 -> 0.059205116 | AC399: =V399 -> 1617392
A400: =EOMONTH(A399,1) -> 39478 | B400: =YEAR(A400) -> 2008 | C400: =MONTH(A400) -> 1 | D400: 1308922 | E400: 1166001 | H400: 1308922 | I400: 1166001 | J400: 94.8 | K400: =IF(AND(ISNUMBER(D400),ISNUMBER(E400)),D400-E400,IF(AND(ISNUMBER(F400),ISNUMBER(G400)),F400-G400,H400-I400)) -> 142921 | L400: =LN(J400) -> 4.5517694 | M400: =L400-L399 -> 0.023480268 | N400: {=MAX(IF($B$4:$B$507=B400,$A$4:$A$507))} -> 39813 | O400: {=MIN(IF($B$4:$B$507=B400,$A$4:$A$507))} -> 39478 | P400: =EOMONTH(Q400,-12) -> 39113 | Q400: =A400 -> 39478 | R400: =VLOOKUP(Q400,$A$232:$L$507,$J$1,FALSE) -> 94.8 | S400: =VLOOKUP(P400,$A$4:$L$507,$J$1,FALSE) -> 87 | T400: =R400/S400-1 -> 0.089655172 | U400: =AVERAGEIF($B$4:$B$507,B400,$T$4:$T$507) -> 0.032413365 | V400: =SUMIF($B$232:$B$507,B400,$K$232:$K$507) -> 1452205 | W400: =SUMIF($B$232:$B$507,B400,$J$232:$J$507) -> 1195 | Y400: =SUMIF($B$4:$B$507,B400,$J$4:$J$507) -> 1195 | AA400: =YEAR(A400) -> 2008 | AB400: =Y400/Y388-1 -> 0.030794445 | AC400: =V400 -> 1452205
A401: =EOMONTH(A400,1) -> 39507 | B401: =YEAR(A401) -> 2008 | C401: =MONTH(A401) -> 2 | D401: 1376908 | E401: 1171945 | H401: 1376908 | I401: 1171945 | J401: 91.1 | K401: =IF(AND(ISNUMBER(D401),ISNUMBER(E401)),D401-E401,IF(AND(ISNUMBER(F401),ISNUMBER(G401)),F401-G401,H401-I401)) -> 204963 | L401: =LN(J401) -> 4.5119578 | M401: =L401-L400 -> -0.039811605 | N401: {=MAX(IF($B$4:$B$507=B401,$A$4:$A$507))} -> 39813 | O401: {=MIN(IF($B$4:$B$507=B401,$A$4:$A$507))} -> 39478 | P401: =EOMONTH(Q401,-12) -> 39141 | Q401: =A401 -> 39507 | R401: =VLOOKUP(Q401,$A$232:$L$507,$J$1,FALSE) -> 91.1 | S401: =VLOOKUP(P401,$A$4:$L$507,$J$1,FALSE) -> 82.6 | T401: =R401/S401-1 -> 0.10290557 | U401: =AVERAGEIF($B$4:$B$507,B401,$T$4:$T$507) -> 0.032413365 | V401: =SUMIF($B$232:$B$507,B401,$K$232:$K$507) -> 1452205 | W401: =SUMIF($B$232:$B$507,B401,$J$232:$J$507) -> 1195 | Y401: =SUMIF($B$4:$B$507,B401,$J$4:$J$507) -> 1195 | AA401: =YEAR(A401) -> 2008 | AB401: =Y401/Y389-1 -> 0.030794445 | AC401: =V401 -> 1452205
A402: =EOMONTH(A401,1) -> 39538 | B402: =YEAR(A402) -> 2008 | C402: =MONTH(A402) -> 3 | D402: 1433140 | E402: 1226584 | H402: 1433140 | I402: 1226584 | J402: 97.7 | K402: =IF(AND(ISNUMBER(D402),ISNUMBER(E402)),D402-E402,IF(AND(ISNUMBER(F402),ISNUMBER(G402)),F402-G402,H402-I402)) -> 206556 | L402: =LN(J402) -> 4.5819016 | M402: =L402-L401 -> 0.069943755 | N402: {=MAX(IF($B$4:$B$507=B402,$A$4:$A$507))} -> 39813 | O402: {=MIN(IF($B$4:$B$507=B402,$A$4:$A$507))} -> 39478 | P402: =EOMONTH(Q402,-12) -> 39172 | Q402: =A402 -> 39538 | R402: =VLOOKUP(Q402,$A$232:$L$507,$J$1,FALSE) -> 97.7 | S402: =VLOOKUP(P402,$A$4:$L$507,$J$1,FALSE) -> 96.4 | T402: =R402/S402-1 -> 0.013485477 | U402: =AVERAGEIF($B$4:$B$507,B402,$T$4:$T$507) -> 0.032413365 | V402: =SUMIF($B$232:$B$507,B402,$K$232:$K$507) -> 1452205 | W402: =SUMIF($B$232:$B$507,B402,$J$232:$J$507) -> 1195 | Y402: =SUMIF($B$4:$B$507,B402,$J$4:$J$507) -> 1195 | AA402: =YEAR(A402) -> 2008 | AB402: =Y402/Y390-1 -> 0.030794445 | AC402: =V402 -> 1452205
A403: =EOMONTH(A402,1) -> 39568 | B403: =YEAR(A403) -> 2008 | C403: =MONTH(A403) -> 4 | D403: 1503158 | E403: 1208636 | H403: 1503158 | I403: 1208636 | J403: 99.2 | K403: =IF(AND(ISNUMBER(D403),ISNUMBER(E403)),D403-E403,IF(AND(ISNUMBER(F403),ISNUMBER(G403)),F403-G403,H403-I403)) -> 294522 | L403: =LN(J403) -> 4.597138 | M403: =L403-L402 -> 0.015236455 | N403: {=MAX(IF($B$4:$B$507=B403,$A$4:$A$507))} -> 39813 | O403: {=MIN(IF($B$4:$B$507=B403,$A$4:$A$507))} -> 39478 | P403: =EOMONTH(Q403,-12) -> 39202 | Q403: =A403 -> 39568 | R403: =VLOOKUP(Q403,$A$232:$L$507,$J$1,FALSE) -> 99.2 | S403: =VLOOKUP(P403,$A$4:$L$507,$J$1,FALSE) -> 90.6 | T403: =R403/S403-1 -> 0.094922737 | U403: =AVERAGEIF($B$4:$B$507,B403,$T$4:$T$507) -> 0.032413365 | V403: =SUMIF($B$232:$B$507,B403,$K$232:$K$507) -> 1452205 | W403: =SUMIF($B$232:$B$507,B403,$J$232:$J$507) -> 1195 | Y403: =SUMIF($B$4:$B$507,B403,$J$4:$J$507) -> 1195 | AA403: =YEAR(A403) -> 2008 | AB403: =Y403/Y391-1 -> 0.030794445 | AC403: =V403 -> 1452205
A404: =EOMONTH(A403,1) -> 39599 | B404: =YEAR(A404) -> 2008 | C404: =MONTH(A404) -> 5 | D404: 1389589 | E404: 1186605 | H404: 1389589 | I404: 1186605 | J404: 102.5 | K404: =IF(AND(ISNUMBER(D404),ISNUMBER(E404)),D404-E404,IF(AND(ISNUMBER(F404),ISNUMBER(G404)),F404-G404,H404-I404)) -> 202984 | L404: =LN(J404) -> 4.6298628 | M404: =L404-L403 -> 0.032724784 | N404: {=MAX(IF($B$4:$B$507=B404,$A$4:$A$507))} -> 39813 | O404: {=MIN(IF($B$4:$B$507=B404,$A$4:$A$507))} -> 39478 | P404: =EOMONTH(Q404,-12) -> 39233 | Q404: =A404 -> 39599 | R404: =VLOOKUP(Q404,$A$232:$L$507,$J$1,FALSE) -> 102.5 | S404: =VLOOKUP(P404,$A$4:$L$507,$J$1,FALSE) -> 99.9 | T404: =R404/S404-1 -> 0.026026026 | U404: =AVERAGEIF($B$4:$B$507,B404,$T$4:$T$507) -> 0.032413365 | V404: =SUMIF($B$232:$B$507,B404,$K$232:$K$507) -> 1452205 | W404: =SUMIF($B$232:$B$507,B404,$J$232:$J$507) -> 1195 | Y404: =SUMIF($B$4:$B$507,B404,$J$4:$J$507) -> 1195 | AA404: =YEAR(A404) -> 2008 | AB404: =Y404/Y392-1 -> 0.030794445 | AC404: =V404 -> 1452205
A405: =EOMONTH(A404,1) -> 39629 | B405: =YEAR(A405) -> 2008 | C405: =MONTH(A405) -> 6 | D405: 1492051 | E405: 1182609 | H405: 1492051 | I405: 1182609 | J405: 103.3 | K405: =IF(AND(ISNUMBER(D405),ISNUMBER(E405)),D405-E405,IF(AND(ISNUMBER(F405),ISNUMBER(G405)),F405-G405,H405-I405)) -> 309442 | L405: =LN(J405) -> 4.6376374 | M405: =L405-L404 -> 0.0077745775 | N405: {=MAX(IF($B$4:$B$507=B405,$A$4:$A$507))} -> 39813 | O405: {=MIN(IF($B$4:$B$507=B405,$A$4:$A$507))} -> 39478 | P405: =EOMONTH(Q405,-12) -> 39263 | Q405: =A405 -> 39629 | R405: =VLOOKUP(Q405,$A$232:$L$507,$J$1,FALSE) -> 103.3 | S405: =VLOOKUP(P405,$A$4:$L$507,$J$1,FALSE) -> 96.9 | T405: =R405/S405-1 -> 0.066047472 | U405: =AVERAGEIF($B$4:$B$507,B405,$T$4:$T$507) -> 0.032413365 | V405: =SUMIF($B$232:$B$507,B405,$K$232:$K$507) -> 1452205 | W405: =SUMIF($B$232:$B$507,B405,$J$232:$J$507) -> 1195 | Y405: =SUMIF($B$4:$B$507,B405,$J$4:$J$507) -> 1195 | AA405: =YEAR(A405) -> 2008 | AB405: =Y405/Y393-1 -> 0.030794445 | AC405: =V405 -> 1452205
A406: =EOMONTH(A405,1) -> 39660 | B406: =YEAR(A406) -> 2008 | C406: =MONTH(A406) -> 7 | D406: 1502808 | E406: 1299590 | H406: 1502808 | I406: 1299590 | J406: 108.5 | K406: =IF(AND(ISNUMBER(D406),ISNUMBER(E406)),D406-E406,IF(AND(ISNUMBER(F406),ISNUMBER(G406)),F406-G406,H406-I406)) -> 203218 | L406: =LN(J406) -> 4.6867502 | M406: =L406-L405 -> 0.049112797 | N406: {=MAX(IF($B$4:$B$507=B406,$A$4:$A$507))} -> 39813 | O406: {=MIN(IF($B$4:$B$507=B406,$A$4:$A$507))} -> 39478 | P406: =EOMONTH(Q406,-12) -> 39294 | Q406: =A406 -> 39660 | R406: =VLOOKUP(Q406,$A$232:$L$507,$J$1,FALSE) -> 108.5 | S406: =VLOOKUP(P406,$A$4:$L$507,$J$1,FALSE) -> 99.8 | T406: =R406/S406-1 -> 0.087174349 | U406: =AVERAGEIF($B$4:$B$507,B406,$T$4:$T$507) -> 0.032413365 | V406: =SUMIF($B$232:$B$507,B406,$K$232:$K$507) -> 1452205 | W406: =SUMIF($B$232:$B$507,B406,$J$232:$J$507) -> 1195 | Y406: =SUMIF($B$4:$B$507,B406,$J$4:$J$507) -> 1195 | AA406: =YEAR(A406) -> 2008 | AB406: =Y406/Y394-1 -> 0.030794445 | AC406: =V406 -> 1452205
A407: =EOMONTH(A406,1) -> 39691 | B407: =YEAR(A407) -> 2008 | C407: =MONTH(A407) -> 8 | D407: 1484007 | E407: 1244883 | H407: 1484006 | I407: 1244883 | J407: 106.9 | K407: =IF(AND(ISNUMBER(D407),ISNUMBER(E407)),D407-E407,IF(AND(ISNUMBER(F407),ISNUMBER(G407)),F407-G407,H407-I407)) -> 239124 | L407: =LN(J407) -> 4.6718938 | M407: =L407-L406 -> -0.014856355 | N407: {=MAX(IF($B$4:$B$507=B407,$A$4:$A$507))} -> 39813 | O407: {=MIN(IF($B$4:$B$507=B407,$A$4:$A$507))} -> 39478 | P407: =EOMONTH(Q407,-12) -> 39325 | Q407: =A407 -> 39691 | R407: =VLOOKUP(Q407,$A$232:$L$507,$J$1,FALSE) -> 106.9 | S407: =VLOOKUP(P407,$A$4:$L$507,$J$1,FALSE) -> 104.9 | T407: =R407/S407-1 -> 0.019065777 | U407: =AVERAGEIF($B$4:$B$507,B407,$T$4:$T$507) -> 0.032413365 | V407: =SUMIF($B$232:$B$507,B407,$K$232:$K$507) -> 1452205 | W407: =SUMIF($B$232:$B$507,B407,$J$232:$J$507) -> 1195 | Y407: =SUMIF($B$4:$B$507,B407,$J$4:$J$507) -> 1195 | AA407: =YEAR(A407) -> 2008 | AB407: =Y407/Y395-1 -> 0.030794445 | AC407: =V407 -> 1452205
... A507: =EOMONTH(A506,1) -> 42735 | B507: =YEAR(A507) -> 2016 | C507: =MONTH(A507) -> 12 | D507: 869439 | E507: 1331805 | H507: 869439 | I507: 1331805 | J507: 77.2 | K507: =IF(AND(ISNUMBER(D507),ISNUMBER(E507)),D507-E507,IF(AND(ISNUMBER(F507),ISNUMBER(G507)),F507-G507,H507-I507)) -> -462366 | L507: =LN(J507) -> 4.3463995 | M507: =L507-L506 -> -0.11374496 | N507: {=MAX(IF($B$4:$B$507=B507,$A$4:$A$507))} -> 42735 | O507: {=MIN(IF($B$4:$B$507=B507,$A$4:$A$507))} -> 42400 | P507: =EOMONTH(Q507,-12) -> 42369 | Q507: =A507 -> 42735 | R507: =VLOOKUP(Q507,$A$232:$L$507,$J$1,FALSE) -> 77.2 | S507: =VLOOKUP(P507,$A$4:$L$507,$J$1,FALSE) -> 77.2 | T507: =R507/S507-1 -> 0 | U507: =AVERAGEIF($B$4:$B$507,B507,$T$4:$T$507) -> -0.064971812 | V507: =SUMIF($B$232:$B$507,B507,$K$232:$K$507) -> -1371363 | W507: =SUMIF($B$232:$B$507,B507,$J$232:$J$507) -> 1018.4 | Y507: =SUMIF($B$4:$B$507,B507,$J$4:$J$507) -> 1018.4 | AA507: =YEAR(A507) -> 2016 | AB507: =Y507/Y495-1 -> -0.065602349 | AC507: =V507 -> -1371363

Sheet Planilha3
A1: Ano | B1: Média Var Pim Ano | C1: Soma Emp Liq No Ano
A2: 1995 | B2: 1.8311994 | C2: -200246 | F2: -49502.849 | G2: 182661.15 | H2: -0.27100918 | I2: 0.79420156 | M2: 100568.76 | N2: 155768.56 | O2: 138989.41 | P2: 257535.1
A3: 1996 | B3: 1.7305362 | C3: -271226 | F3: 100568.76 | G3: 61974.82 | H3: 1.6227358 | I3: 0.14867555 | K3: 100568.76 | L3: 61974.82 | M3: =($K3-M$2)/$L3 -> 0 | N3: =($K3-N$2)/$L3 -> -0.89068105 | O3: =($K3-O$2)/$L3 -> -0.61993966 | P3: =($K3-P$2)/$L3 -> -2.5327437
A4: 1997 | B4: 3.8879563 | C4: -35735 | K4: 155768.56 | L4: 35017.14 | M4: =($K4-M$2)/$L4 -> 1.5763651 | N4: =($K4-N$2)/$L4 -> 0 | O4: =($K4-O$2)/$L4 -> 0.47916961 | P4: =($K4-P$2)/$L4 -> -2.9061922
A5: 1998 | B5: -2.0264842 | C5: -581745 | F5: 710485.91 | G5: 197702.1 | H5: 3.5937197 | I5: 0.0042160555 | K5: 138989.41 | L5: 34036.59 | M5: =($K5-M$2)/$L5 -> 1.1288043 | N5: =($K5-N$2)/$L5 -> -0.49297386 | O5: =($K5-O$2)/$L5 -> 0 | P5: =($K5-P$2)/$L5 -> -3.4828897
A6: 1999 | B6: -0.65322744 | C6: -222346 | F6: 155768.56 | G6: 35017.14 | H6: 4.4483519 | I6: 0.00098136566
A7: 2000 | B7: 6.6401432 | C7: 675194
A8: 2001 | B8: 1.5775422 | C8: 586511 | F8: 378563.52 | G8: 161052.47 | H8: 2.3505602 | I8: 0.029116784
A9: 2002 | B9: 2.3448167 | C9: 468672 | F9: 138989.41 | G9: 34036.59 | H9: 4.0835293 | I9: 0.00057869114
A10: 2003 | B10: 0.32504981 | C10: 710054
A11: 2004 | B11: 8.340301 | C11: 1523276
A12: 2005 | B12: 2.8072545 | C12: 1253999
A13: 2006 | B13: 2.7024491 | C13: 1228686
A14: 2007 | B14: 5.9205116 | C14: 1617392
A15: 2008 | B15: 3.0794445 | C15: 1452205
A16: 2009 | B16: -7.1213389 | C16: 995111
A17: 2010 | B17: 10.217137 | C17: 2136938
A18: 2011 | B18: 0.40873048 | C18: 1566043
A19: 2012 | B19: -2.3039974 | C19: 868241
A20: 2013 | B20: 2.075 | C20: 730687 | F20: OLS | G20: OLS | H20: OLS | I20: GVAR
A21: 2014 | B21: -3.0206547 | C21: 152714 | F21: 1995-2003 | G21: 2004-2016 | H21: 1995-2016 | I21: Steady State
A22: 2015 | B22: -8.2498527 | C22: -1625551 | E22: b0 | F22: -49502.849 | G22: 710485.91 | H22: 378563.52 | I22: 693936.15
A23: 2016 | B23: -6.5602349 | C23: -1371363 | E23: b1 | F23: 100568.76 | G23: 155768.56 | H23: 138989.41 | I23: 257535.08
E25: R-squared | F25: 0.273 | G25: 0.643 | H25: 0.455
E26: Adjusted R-Squared | F26: 0.17 | G26: 0.61 | H26: 0.427

Sheet Planilha2
A1: 1995 | B1: -200246 | C1: 836.27385
A2: 1996 | B2: -271226 | C2: 850.74587
A3: 1997 | B3: -35735 | C3: 883.8225
A4: 1998 | B4: -581745 | C4: 865.91198
A5: 1999 | B5: -222346 | C5: 860.2556
A6: 2000 | B6: 675194 | C6: 917.37781
A7: 2001 | B7: 586511 | C7: 931.84983
A8: 2002 | B8: 468672 | C8: 953.7
A9: 2003 | B9: 710054 | C9: 956.8
A10: 2004 | B10: 1523276 | C10: 1036.6
A11: 2005 | B11: 1253999 | C11: 1065.7
A12: 2006 | B12: 1228686 | C12: 1094.5
... A22: 2016 | B22: -1371363 | C22: 1018.4

Sheet Plan7
B1: 20 | C1: 21
A2: Ano | B2: Média Var Pim Ano | C2: Soma Emp Liq No Ano | D2: OLS | E2: OLS Restrict (GVAR)
A3: 1995 | B3: =VLOOKUP(A3,MAIN!$B$4:$W$507,$B$1,FALSE) -> 0.025854015 | C3: =VLOOKUP(A3,MAIN!$B$4:$W$507,$C$1,FALSE) -> -200246 | D3: =362014.066454871+13836575.3151153*B3 -> 719745.09 | E3: =$G$35+$H$35*B3 -> 1359767.7 | I3: 1 | J3: 1 | K3: 1 | L3: 1 | M3: 1 | N3: 1 | O3: 1
A4: 1996 | B4: =VLOOKUP(A4,MAIN!$B$4:$W$507,$B$1,FALSE) -> 0.018044522 | C4: =VLOOKUP(A4,MAIN!$B$4:$W$507,$C$1,FALSE) -> -271226 | D4: =362014.066454871+13836575.3151153*B4 -> 611688.45 | E4: =$G$35+$H$35*B4 -> 1158645.9 | P4: 1
A5: 1997 | B5: =VLOOKUP(A5,MAIN!$B$4:$W$507,$B$1,FALSE) -> 0.039574538 | C5: =VLOOKUP(A5,MAIN!$B$4:$W$507,$C$1,FALSE) -> -35735 | D5: =362014.066454871+13836575.3151153*B5 -> 909590.15 | E5: =$G$35+$H$35*B5 -> 1713119.3 | P5: 1
A6: 1998 | B6: =VLOOKUP(A6,MAIN!$B$4:$W$507,$B$1,FALSE) -> -0.019428259 | C6: =VLOOKUP(A6,MAIN!$B$4:$W$507,$C$1,FALSE) -> -581745 | D6: =362014.066454871+13836575.3151153*B6 -> 93193.503 | E6: =$G$35+$H$35*B6 -> 193590.33 | P6: 1
A7: 1999 | B7: =VLOOKUP(A7,MAIN!$B$4:$W$507,$B$1,FALSE) -> -0.0060710871 | C7: =VLOOKUP(A7,MAIN!$B$4:$W$507,$C$1,FALSE) -> -222346 | D7: =362014.066454871+13836575.3151153*B7 -> 278011.01 | E7: =$G$35+$H$35*B7 -> 537584.35 | P7: 1
A8: 2000 | B8: =VLOOKUP(A8,MAIN!$B$4:$W$507,$B$1,FALSE) -> 0.067490972 | C8: =VLOOKUP(A8,MAIN!$B$4:$W$507,$C$1,FALSE) -> 675194 | D8: =362014.066454871+13836575.3151153*B8 -> 1295858 | E8: =$G$35+$H$35*B8 -> 2432065.5 | P8: 1
A9: 2001 | B9: =VLOOKUP(A9,MAIN!$B$4:$W$507,$B$1,FALSE) -> 0.01806976 | C9: =VLOOKUP(A9,MAIN!$B$4:$W$507,$C$1,FALSE) -> 586511 | D9: =362014.066454871+13836575.3151153*B9 -> 612037.66 | E9: =$G$35+$H$35*B9 -> 1159295.9 | P9: 1
A10: 2002 | B10: =VLOOKUP(A10,MAIN!$B$4:$W$507,$B$1,FALSE) -> 0.023730584 | C10: =VLOOKUP(A10,MAIN!$B$4:$W$507,$C$1,FALSE) -> 468672 | D10: =362014.066454871+13836575.3151153*B10 -> 690364.08 | E10: =$G$35+$H$35*B10 -> 1305081.9 | P10: 1
A11: 2003 | B11: =VLOOKUP(A11,MAIN!$B$4:$W$507,$B$1,FALSE) -> 0.0038797689 | C11: =VLOOKUP(A11,MAIN!$B$4:$W$507,$C$1,FALSE) -> 710054 | D11: =362014.066454871+13836575.3151153*B11 -> 415696.78 | E11: =$G$35+$H$35*B11 -> 793853.81 | P11: 1
A12: 2004 | B12: =VLOOKUP(A12,MAIN!$B$4:$W$507,$B$1,FALSE) -> 0.083321798 | C12: =VLOOKUP(A12,MAIN!$B$4:$W$507,$C$1,FALSE) -> 1523276 | D12: =362014.066454871+13836575.3151153*B12 -> 1514902.4 | E12: =$G$35+$H$35*B12 -> 2839764.8 | P12: 1
A13: 2005 | B13: =VLOOKUP(A13,MAIN!$B$4:$W$507,$B$1,FALSE) -> 0.028984299 | C13: =VLOOKUP(A13,MAIN!$B$4:$W$507,$C$1,FALSE) -> 1253999 | D13: =362014.066454871+13836575.3151153*B13 -> 763057.5 | E13: =$G$35+$H$35*B13 -> 1440383.5 | P13: 1
A14: 2006 | B14: =VLOOKUP(A14,MAIN!$B$4:$W$507,$B$1,FALSE) -> 0.02716572 | C14: =VLOOKUP(A14,MAIN!$B$4:$W$507,$C$1,FALSE) -> 1228686 | D14: =362014.066454871+13836575.3151153*B14 -> 737894.59 | E14: =$G$35+$H$35*B14 -> 1393548.7 | P14: 1
A15: 2007 | B15: =VLOOKUP(A15,MAIN!$B$4:$W$507,$B$1,FALSE) -> 0.05850802 | C15: =VLOOKUP(A15,MAIN!$B$4:$W$507,$C$1,FALSE) -> 1617392 | D15: =362014.066454871+13836575.3151153*B15 -> 1171564.7 | E15: =$G$35+$H$35*B15 -> 2200722.9 | P15: 1
... A18: 2010 | B18: =VLOOKUP(A18,MAIN!$B$4:$W$507,$B$1,FALSE) -> 0.10648093 | C18: =VLOOKUP(A18,MAIN!$B$4:$W$507,$C$1,FALSE) -> 2136938 | D18: =362014.066454871+13836575.3151153*B18 -> 1835345.5 | E18: =$G$35+$H$35*B18 -> 3436193.7 | P18: 1
A19: 2011 | B19: =VLOOKUP(A19,MAIN!$B$4:$W$507,$B$1,FALSE) -> 0.0050171857 | C19: =VLOOKUP(A19,MAIN!$B$4:$W$507,$C$1,FALSE) -> 1566043 | D19: =362014.066454871+13836575.3151153*B19 -> 431434.73 | E19: =$G$35+$H$35*B19 -> 823146.28
A20: 2012 | B20: =VLOOKUP(A20,MAIN!$B$4:$W$507,$B$1,FALSE) -> -0.024010658 | C20: =VLOOKUP(A20,MAIN!$B$4:$W$507,$C$1,FALSE) -> 868241 | D20: =362014.066454871+13836575.3151153*B20 -> 29788.785 | E20: =$G$35+$H$35*B20 -> 75577.46
A21: 2013 | B21: =VLOOKUP(A21,MAIN!$B$4:$W$507,$B$1,FALSE) -> 0.021236432 | C21: =VLOOKUP(A21,MAIN!$B$4:$W$507,$C$1,FALSE) -> 730687 | D21: =362014.066454871+13836575.3151153*B21 -> 655853.56 | E21: =$G$35+$H$35*B21 -> 1240848.8
A22: 2014 | B22: =VLOOKUP(A22,MAIN!$B$4:$W$507,$B$1,FALSE) -> -0.028932097 | C22: =VLOOKUP(A22,MAIN!$B$4:$W$507,$C$1,FALSE) -> 152714 | D22: =362014.066454871+13836575.3151153*B22 -> -38307.068 | E22: =$G$35+$H$35*B22 -> -51166.844
A23: 2015 | B23: =VLOOKUP(A23,MAIN!$B$4:$W$507,$B$1,FALSE) -> -0.08201925 | C23: =VLOOKUP(A23,MAIN!$B$4:$W$507,$C$1,FALSE) -> -1625551 | D23: =362014.066454871+13836575.3151153*B23 -> -772851.47 | E23: =$G$35+$H$35*B23 -> -1418347.3
A24: 2016 | B24: =VLOOKUP(A24,MAIN!$B$4:$W$507,$B$1,FALSE) -> -0.064971812 | C24: =VLOOKUP(A24,MAIN!$B$4:$W$507,$C$1,FALSE) -> -1371363 | D24: =362014.066454871+13836575.3151153*B24 -> -536973.31 | E24: =$G$35+$H$35*B24 -> -979315.96
O25: 1 | P25: Ano
O26: 2 | P26: Mês
B27: 1995 to 2003 | C27: 2004 to 2016 | D27: 1995 to 2016 | E27: GVAR | O27: 3 | P27: Adm
A28: bo | B28: -28619.258 | C28: 677657.23 | D28: 355628.95 | E28: 693936.15 | O28: 4 | P28: Des
B29: 191366.78 | C29: 199046.68 | D29: 164013.32 | O29: 5 | P29: Adm
O30: 6 | P30: Des
A31: b1 | B31: 81570.96 | C31: 156257.64 | D31: 136916.94 | E31: 257535.08 | O31: 7 | P31: Adm
B32: 60182.067 | C32: 35229.182 | D32: 34199.142 | O32: 8 | P32: Des
O33: 9 | P33: PIM
A34: R-squared: | B34: 0.208 | C34: 0.641 | D34: 0.445 | O34: 10 | P34: Emp Liquido
G35: 693936.15 | H35: 25753508 | O35: 11 | P35: LN(PIM)
J36: 10838680835062 | L36: 1.9820124e+13 | M36: 8.9814428e+12 | O36: 12 | P36: DLN
J37: =SQRT(J36) -> 3292215.2 | L37: =J36/L36 -> 0.54685233 | M37: =M36/L36 -> 0.45314767 | O37: 13 | P37: Data Fim
O38: 14 | P38: Data Inicio
O39: 15 | P39: Data Inicio 2
O40: 16 | P40: Data Fim 2
G41: -0.14955187 | H41: 0.88533584 | O41: 17 | P41: PIM Final
G42: 1.3554031 | H42: 0.21739428 | O42: 18 | P42: Pim Inicial
O43: 19 | P43: Var Pim
O44: 20 | P44: Média Var Pim Ano
O45: 21 | P45: Soma Emp Liq No Ano
G46: 3.4045141 | H46: 0.0058819898 | O46: 22 | P46: Soma PIM Ano
G47: 4.4354603 | H47: 0.0010025169
G50: 2.168293 | H50: 0.042372351
G51: 4.0035196 | H51: 0.00069775748

Sheet Planilha1
K1: Ano | L1: Média Var Pim Ano | M1: Soma Emp Liq No Ano
A2: 1976 | B2: 0.11994057 | K2: 1976 | L2: 0.11994057
A3: 1977 | B3: 0.021080314 | K3: 1977 | L3: 0.021080314
A4: 1978 | B4: 0.061492149 | K4: 1978 | L4: 0.061492149
A5: 1979 | B5: 0.0700491 | K5: 1979 | L5: 0.0700491
A6: 1980 | B6: 0.092310143 | K6: 1980 | L6: 0.092310143
A7: 1981 | B7: -0.098712194 | K7: 1981 | L7: -0.098712194
A8: 1982 | B8: 0.00024584611 | K8: 1982 | L8: 0.00024584611
A9: 1983 | B9: -0.050398151 | K9: 1983 | L9: -0.050398151
A10: 1984 | B10: 0.070774781 | K10: 1984 | L10: 0.070774781
A11: 1985 | B11: 0.084242278 | K11: 1985 | L11: 0.084242278
A12: 1986 | B12: 0.11054657 | K12: 1986 | L12: 0.11054657
A13: 1987 | B13: 0.015387935 | K13: 1987 | L13: 0.015387935
... A20: 1994 | B20: 0.07591762 | K20: 1994 | L20: 0.07591762
A21: 1995 | B21: 0.025854015 | K21: 1995 | L21: 0.025854015 | M21: -200246
A22: 1996 | B22: 0.018044522 | K22: 1996 | L22: 0.018044522 | M22: -271226
A23: 1997 | B23: 0.039574538 | K23: 1997 | L23: 0.039574538 | M23: -35735
A24: 1998 | B24: -0.019428259 | K24: 1998 | L24: -0.019428259 | M24: -581745
A25: 1999 | B25: -0.0060710871 | K25: 1999 | L25: -0.0060710871 | M25: -222346
A26: 2000 | B26: 0.067490972 | K26: 2000 | L26: 0.067490972 | M26: 675194
A27: 2001 | B27: 0.01806976 | K27: 2001 | L27: 0.01806976 | M27: 586511
A28: 2002 | B28: 0.023730584 | K28: 2002 | L28: 0.023730584 | M28: 468672
A29: 2003 | B29: 0.0038797689 | K29: 2003 | L29: 0.0038797689 | M29: 710054
A30: 2004 | B30: 0.083321798 | K30: 2004 | L30: 0.083321798 | M30: 1523276
A31: 2005 | B31: 0.028984299 | K31: 2005 | L31: 0.028984299 | M31: 1253999
A32: 2006 | B32: 0.02716572 | K32: 2006 | L32: 0.02716572 | M32: 1228686
... A42: 2016 | B42: -0.064971812 | K42: 2016 | L42: -0.064971812 | M42: -1371363

Sheet PIM
A1: Data | B1: DataPIM_BR | C1: DataPIM_US
A2: 27395 | B2: 40.694754 | C2: 42.2035 | D2: =LN(B2) -> 3.7060992 | E2: =LN(C2) -> 3.7425032 | F2: =D2-D1 -> 3.7060992 | G2: =E2-E1 -> 3.7425032
A3: 27426 | B3: 38.18129 | C3: 42.02 | D3: =LN(B3) -> 3.6423456 | E3: =LN(C3) -> 3.7381457 | F3: =D3-D2 -> -0.063753568 | G3: =E3-E2 -> -0.0043574606
A4: 27454 | B4: 41.35231 | C4: 41.6022 | D4: =LN(B4) -> 3.7221283 | E4: =LN(C4) -> 3.7281531 | F4: =D4-D3 -> 0.079782673 | G4: =E4-E3 -> -0.0099926449
A5: 27485 | B5: 43.570795 | C5: 41.7066 | D5: =LN(B5) -> 3.7743871 | E5: =LN(C5) -> 3.7306594 | F5: =D5-D4 -> 0.052258796 | G5: =E5-E4 -> 0.0025063392
A6: 27515 | B6: 43.724429 | C6: 41.4999 | D6: =LN(B6) -> 3.777907 | E6: =LN(C6) -> 3.725691 | F6: =D6-D5 -> 0.003519891 | G6: =E6-E5 -> -0.0049683721
A7: 27546 | B7: 45.174741 | C7: 42.7036 | D7: =LN(B7) -> 3.8105381 | E7: =LN(C7) -> 3.7542832 | F7: =D7-D6 -> 0.032631127 | G7: =E7-E6 -> 0.028592208
A8: 27576 | B8: 46.877013 | C8: 40.9055 | D8: =LN(B8) -> 3.8475274 | E8: =LN(C8) -> 3.7112645 | F8: =D8-D7 -> 0.036989329 | G8: =E8-E7 -> -0.043018697
A9: 27607 | B9: 46.022804 | C9: 42.5577 | D9: =LN(B9) -> 3.829137 | E9: =LN(C9) -> 3.7508608 | F9: =D9-D8 -> -0.01839041 | G9: =E9-E8 -> 0.039596274
A10: 27638 | B10: 47.178137 | C10: 43.9232 | D10: =LN(B10) -> 3.8539306 | E10: =LN(C10) -> 3.7824427 | F10: =D10-D9 -> 0.024793569 | G10: =E10-E9 -> 0.031581852
A11: 27668 | B11: 48.81281 | C11: 44.1579 | D11: =LN(B11) -> 3.8879928 | E11: =LN(C11) -> 3.7877718 | F11: =D11-D10 -> 0.034062192 | G11: =E11-E10 -> 0.0053291922
A12: 27699 | B12: 45.752407 | C12: 43.6988 | D12: =LN(B12) -> 3.8232444 | E12: =LN(C12) -> 3.7773206 | F12: =D12-D11 -> -0.064748372 | G12: =E12-E11 -> -0.010451205
A13: 27729 | B13: 44.394277 | C13: 43.4423 | D13: =LN(B13) -> 3.7931106 | E13: =LN(C13) -> 3.7714336 | F13: =D13-D12 -> -0.03013385 | G13: =E13-E12 -> -0.005887021
... A349: 37956 | B349: 77.9 | C349: 94.6425 | D349: =LN(B349) -> 4.355426 | E349: =LN(C349) -> 4.5501066 | F349: =D349-D348 -> -0.082508314 | G349: =E349-E348 -> -0.0055549786
A350: 37987 | B350: 76.8 | C350: 94.4102 | D350: =LN(B350) -> 4.3412046 | E350: =LN(C350) -> 4.5476491 | F350: =D350-D349 -> -0.014221313 | G350: =E350-E349 -> -0.0024575171 | H350: <<<< | I350: INICIO | J350: <<<< | K350: INICIO | L350: <<<< | M350: INICIO | N350: <<<< | O350: INICIO | P350: <<<< | Q350: INICIO
A351: 38018 | B351: 74 | C351: 96.2589 | D351: =LN(B351) -> 4.3040651 | E351: =LN(C351) -> 4.5670414 | F351: =D351-D350 -> -0.037139547 | G351: =E351-E350 -> 0.019392318
A352: 38047 | B352: 86.9 | C352: 96.6183 | D352: =LN(B352) -> 4.464758 | E352: =LN(C352) -> 4.5707682 | F352: =D352-D351 -> 0.16069294 | G352: =E352-E351 -> 0.0037267278
A353: 38078 | B353: 82.2 | C353: 94.8371 | D353: =LN(B353) -> 4.4091553 | E353: =LN(C353) -> 4.5521607 | F353: =D353-D352 -> -0.05560273 | G353: =E353-E352 -> -0.018607481
A354: 38108 | B354: 86.3 | C354: 96.3792 | D354: =LN(B354) -> 4.4578296 | E354: =LN(C354) -> 4.5682904 | F354: =D354-D353 -> 0.048674296 | G354: =E354-E353 -> 0.016129728
A355: 38139 | B355: 86.1 | C355: 98.5806 | D355: =LN(B355) -> 4.4555094 | E355: =LN(C355) -> 4.5908745 | F355: =D355-D354 -> -0.0023201867 | G355: =E355-E354 -> 0.022584077
A356: 38169 | B356: 90.1 | C356: 95.4028 | D356: =LN(B356) -> 4.5009202 | E356: =LN(C356) -> 4.5581079 | F356: =D356-D355 -> 0.045410753 | G356: =E356-E355 -> -0.03276656
A357: 38200 | B357: 92.1 | C357: 98.9902 | D357: =LN(B357) -> 4.5228749 | E357: =LN(C357) -> 4.5950209 | F357: =D357-D356 -> 0.021954779 | G357: =E357-E356 -> 0.036912927
A358: 38231 | B358: 92.1 | C358: 98.3802 | D358: =LN(B358) -> 4.5228749 | E358: =LN(C358) -> 4.5888396 | F358: =D358-D357 -> 0 | G358: =E358-E357 -> -0.006181291
A359: 38261 | B359: 93.5 | C359: 98.573 | D359: =LN(B359) -> 4.5379614 | E359: =LN(C359) -> 4.5907974 | F359: =D359-D358 -> 0.015086493 | G359: =E359-E358 -> 0.0019578261
A360: 38292 | B360: 91.8 | C360: 97.6279 | D360: =LN(B360) -> 4.5196123 | E360: =LN(C360) -> 4.5811633 | F360: =D360-D359 -> -0.018349139 | G360: =E360-E359 -> -0.0096340772
A361: 38322 | B361: 84.7 | C361: 98.0015 | D361: =LN(B361) -> 4.4391156 | E361: =LN(C361) -> 4.5849828 | F361: =D361-D360 -> -0.080496696 | G361: =E361-E360 -> 0.0038194715
A362: 38353 | B362: 81 | C362: 98.2289 | D362: =LN(B362) -> 4.3944492 | E362: =LN(C362) -> 4.5873005 | F362: =D362-D361 -> -0.044666447 | G362: =E362-E361 -> 0.0023176847
... A471: 41671 | B471: 92.3 | C471: 102.7889 | D471: =LN(B471) -> 4.5250441 | E471: =LN(C471) -> 4.6326774 | F471: =D471-D470 -> -0.0032450001 | G471: =E471-E470 -> 0.006055917
A472: =EOMONTH(A471,0)+1 -> 41699 | B472: 97.3 | C472: 104.2804 | D472: =LN(B472) -> 4.577799 | E472: =LN(C472) -> 4.6470834 | F472: =D472-D471 -> 0.052754848 | G472: =E472-E471 -> 0.014406054
A473: =EOMONTH(A472,0)+1 -> 41730 | B473: 96 | C473: 102.9064 | D473: =LN(B473) -> 4.5643482 | E473: =LN(C473) -> 4.6338198 | F473: =D473-D472 -> -0.013450798 | G473: =E473-E472 -> -0.013263588
A474: =EOMONTH(A473,0)+1 -> 41760 | B474: 101.7 | C474: 103.7271 | D474: =LN(B474) -> 4.6220273 | E474: =LN(C474) -> 4.6417634 | F474: =D474-D473 -> 0.057679112 | G474: =E474-E473 -> 0.0079435746
A475: =EOMONTH(A474,0)+1 -> 41791 | B475: 94.9 | C475: 106.8076 | D475: =LN(B475) -> 4.5528237 | E475: =LN(C475) -> 4.6710291 | F475: =D475-D474 -> -0.069203597 | G475: =E475-E474 -> 0.029265673
A476: =EOMONTH(A475,0)+1 -> 41821 | B476: 104.4 | C476: 104.8018 | D476: =LN(B476) -> 4.6482297 | E476: =LN(C476) -> 4.6520709 | F476: =D476-D475 -> 0.09540597 | G476: =E476-E475 -> -0.018958138
A477: =EOMONTH(A476,0)+1 -> 41852 | B477: 106.3 | C477: 107.4252 | D477: =LN(B477) -> 4.6662653 | E477: =LN(C477) -> 4.6767948 | F477: =D477-D476 -> 0.01803561 | G477: =E477-E476 -> 0.024723844
A478: =EOMONTH(A477,0)+1 -> 41883 | B478: 105.6 | C478: 106.6147 | D478: =LN(B478) -> 4.6596584 | E478: =LN(C478) -> 4.6692214 | F478: =D478-D477 -> -0.0066069141 | G478: =E478-E477 -> -0.0075733905
A479: =EOMONTH(A478,0)+1 -> 41913 | B479: 109.3 | C479: 105.4789 | D479: =LN(B479) -> 4.6940964 | E479: =LN(C479) -> 4.6585109 | F479: =D479-D478 -> 0.034438024 | G479: =E479-E478 -> -0.010710468
A480: =EOMONTH(A479,0)+1 -> 41944 | B480: 99.8 | C480: 105.915 | D480: =LN(B480) -> 4.6031682 | E480: =LN(C480) -> 4.6626369 | F480: =D480-D479 -> -0.090928212 | G480: =E480-E479 -> 0.0041259527
A481: =EOMONTH(A480,0)+1 -> 41974 | B481: 87.7 | C481: 105.777 | D481: =LN(B481) -> 4.4739219 | E481: =LN(C481) -> 4.6613331 | F481: =D481-D480 -> -0.12924628 | G481: =E481-E480 -> -0.0013037811
A482: =EOMONTH(A481,0)+1 -> 42005 | B482: 88.1 | C482: 105.3085 | D482: =LN(B482) -> 4.4784725 | E482: =LN(C482) -> 4.6568941 | F482: =D482-D481 -> 0.0045506336 | G482: =E482-E481 -> -0.0044389669
A483: =EOMONTH(A482,0)+1 -> 42036 | B483: 83.7 | C483: 105.3511 | D483: =LN(B483) -> 4.427239 | E483: =LN(C483) -> 4.6572986 | F483: =D483-D482 -> -0.051233555 | G483: =E483-E482 -> 0.00040444395
... A505: =EOMONTH(A504,0)+1 -> 42705 | B505: 77.2 | C505: 103.513 | D505: =LN(B505) -> 4.3463995 | E505: =LN(C505) -> 4.6396972 | F505: =D505-D504 -> -0.11374496 | G505: =E505-E504 -> 0.0061650529

Sheet DesSéries
A1: Sigla | B1: Codigo | C1: Brasil | D1: 1999.05 | E1: 1999.06 | F1: 1999.07 | G1: 1999.08 | H1: 1999.09 | I1: 1999.10 | J1: 1999.11 | K1: 1999.12 | L1: 2000.01 | M1: 2000.02 | N1: 2000.03 | O1: 2000.04 | P1: 2000.05 | Q1: 2000.06 | R1: 2000.07 | S1: 2000.08 | T1: 2000.09 | U1: 2000.10 | V1: 2000.11 | W1: 2000.12 | X1: 2001.01 | Y1: 2001.02 | Z1: 2001.03 | AA1: 2001.04 | AB1: 2001.05 | AC1: 2001.06 | AD1: 2001.07 | AE1: 2001.08 | AF1: 2001.09 | AG1: 2001.10 | AH1: 2001.11 | AI1: 2001.12 | AJ1: 2002.01 | AK1: 2002.02 | AL1: 2002.03 | AM1: 2002.04 | AN1: 2002.05 | AO1: 2002.06 | AP1: 2002.07 | AQ1: 2002.08 | AR1: 2002.09 | AS1: 2002.10 | AT1: 2002.11 | AU1: 2002.12 | AV1: 2003.02 | AW1: 2003.03 | AX1: 2003.04 | AY1: 2003.05 | AZ1: 2003.06 | BA1: 2003.07 | BB1: 2003.08 | BC1: 2003.09 | BD1: 2003.10 | BE1: 2003.11 | BF1: 2003.12 | BG1: 2004.01 | BH1: 2004.02 | BI1: 2004.03 | BJ1: 2004.04 | BK1: 2004.05 | BL1: 2004.06 | BM1: 2004.07 | BN1: 2004.08 | BO1: 2004.09 | BP1: 2004.10 | BQ1: 2004.11 | BR1: 2004.12 | BS1: 2005.01 | BT1: 2005.02 | BU1: 2005.03 | BV1: 2005.04 | BW1: 2005.05 | BX1: 2005.06 | BY1: 2005.07 | BZ1: 2005.08 | CA1: 2005.09 | CB1: 2005.10 | CC1: 2005.11 | CD1: 2005.12 | CE1: 2006.01 | CF1: 2006.02 | CG1: 2006.03 | CH1: 2006.04 | CI1: 2006.05 | CJ1: 2006.06 | CK1: 2006.07 | CL1: 2006.08 | CM1: 2006.09 | CN1: 2006.10 | CO1: 2006.11 | CP1: 2006.12 | CQ1: 2007.01 | CR1: 2007.02 | CS1: 2007.03 | CT1: 2007.04 | CU1: 2007.05 | CV1: 2007.06 | CW1: 2007.07 | CX1: 2007.08 | CY1: 2007.09
A2: BR | B2: 0 | C2: Brasil | D2: 635522 | E2: 673129 | F2: 677848 | G2: 676838 | H2: 691425 | I2: 670349 | J2: 703072 | K2: 790647 | L2: 726009 | M2: 716751 | N2: 759494 | O2: 658984 | P2: 760844 | Q2: 718376 | R2: 733354 | S2: 788007 | T2: 722541 | U2: 809479 | V2: 759879 | W2: 856818 | X2: 861188 | Y2: 771367 | Z2: 889041 | AA2: 740237 | AB2: 841129 | AC2: 781159 | AD2: 812844 | AE2: 843325 | AF2: 781155 | AG2: 775040 | AH2: 816160 | AI2: 847919 | AJ2: 732284 | AK2: 664420 | AL2: 783319 | AM2: 770784 | AN2: 771118 | AO2: 642005 | AP2: 770352 | AQ2: 784912 | AR2: 706750 | AS2: 816712 | AT2: 786836 | AU2: 820473 | AV2: 757096 | AW2: 752398 | AX2: 715429 | AY2: 763755 | AZ2: 699084 | BA2: 775150 | BB2: 759702 | BC2: 738317 | BD2: 780861 | BE2: 753845 | BF2: 881481 | BG2: 750092 | BH2: 732972 | BI2: 889880 | BJ2: 773928 | BK2: 739405 | BL2: 778599 | BM2: 780595 | BN2: 818840 | BO2: 787989 | BP2: 790904 | BQ2: 852104 | BR2: 1077912 | BS2: 864648 | BT2: 898017 | BU2: 979505 | BV2: 843935 | BW2: 888802 | BX2: 894412 | BY2: 887229 | BZ2: 936338 | CA2: 869505 | CB2: 853551 | CC2: 953934 | CD2: 1055144 | CE2: 962829 | CF2: 886348 | CG2: 1053182 | CH2: 846299 | CI2: 966940 | CJ2: 924957 | CK2: 925389 | CL2: 1017807 | CM2: 915926 | CN2: 950597 | CO2: 1015408 | CP2: 1136781 | CQ2: 1038575 | CR2: 989718 | CS2: 1109489 | CT2: 970960 | CU2: 1081280 | CV2: 1015942 | CW2: 1063543 | CX2: 1120194 | CY2: 973119

Sheet AdmSéries
A1: Sigla | B1: Codigo | C1: Brasil | D1: 1999.05 | E1: 1999.06 | F1: 1999.07 | G1: 1999.08 | H1: 1999.09 | I1: 1999.10 | J1: 1999.11 | K1: 1999.12 | L1: 2000.01 | M1: 2000.02 | N1: 2000.03 | O1: 2000.04 | P1: 2000.05 | Q1: 2000.06 | R1: 2000.07 | S1: 2000.08 | T1: 2000.09 | U1: 2000.10 | V1: 2000.11 | W1: 2000.12 | X1: 2001.01 | Y1: 2001.02 | Z1: 2001.03 | AA1: 2001.04 | AB1: 2001.05 | AC1: 2001.06 | AD1: 2001.07 | AE1: 2001.08 | AF1: 2001.09 | AG1: 2001.10 | AH1: 2001.11 | AI1: 2001.12 | AJ1: 2002.01 | AK1: 2002.02 | AL1: 2002.03 | AM1: 2002.04 | AN1: 2002.05 | AO1: 2002.06 | AP1: 2002.07 | AQ1: 2002.08 | AR1: 2002.09 | AS1: 2002.10 | AT1: 2002.11 | AU1: 2002.12 | AV1: 2003.02 | AW1: 2003.03 | AX1: 2003.04 | AY1: 2003.05 | AZ1: 2003.06 | BA1: 2003.07 | BB1: 2003.08 | BC1: 2003.09 | BD1: 2003.10 | BE1: 2003.11 | BF1: 2003.12 | BG1: 2004.01 | BH1: 2004.02 | BI1: 2004.03 | BJ1: 2004.04 | BK1: 2004.05 | BL1: 2004.06 | BM1: 2004.07 | BN1: 2004.08 | BO1: 2004.09 | BP1: 2004.10 | BQ1: 2004.11 | BR1: 2004.12 | BS1: 2005.01 | BT1: 2005.02 | BU1: 2005.03 | BV1: 2005.04 | BW1: 2005.05 | BX1: 2005.06 | BY1: 2005.07 | BZ1: 2005.08 | CA1: 2005.09 | CB1: 2005.10 | CC1: 2005.11 | CD1: 2005.12 | CE1: 2006.01 | CF1: 2006.02 | CG1: 2006.03 | CH1: 2006.04 | CI1: 2006.05 | CJ1: 2006.06 | CK1: 2006.07 | CL1: 2006.08 | CM1: 2006.09 | CN1: 2006.10 | CO1: 2006.11 | CP1: 2006.12 | CQ1: 2007.01 | CR1: 2007.02 | CS1: 2007.03 | CT1: 2007.04 | CU1: 2007.05 | CV1: 2007.06 | CW1: 2007.07 | CX1: 2007.08 | CY1: 2007.09
A2: BR | B2: 0 | C2: Brasil | D2: 732704 | E2: 731238 | F2: 685905 | G2: 690144 | H2: 698632 | I2: 687788 | J2: 686902 | K2: 547526 | L2: 757207 | M2: 804926 | N2: 799441 | O2: 784055 | P2: 923681 | Q2: 861260 | R2: 839196 | S2: 866852 | T2: 815219 | U2: 824921 | V2: 760345 | W2: 631029 | X2: 909984 | Y2: 851610 | Z2: 923525 | AA2: 880234 | AB2: 1003027 | AC2: 889730 | AD2: 884230 | AE2: 890652 | AF2: 861183 | AG2: 852227 | AH2: 811245 | AI2: 593996 | AJ2: 776512 | AK2: 746433 | AL2: 873579 | AM2: 945874 | AN2: 926931 | AO2: 775351 | AP2: 831579 | AQ2: 862934 | AR2: 874062 | AS2: 853080 | AT2: 775085 | AU2: 570959 | AV2: 841125 | AW2: 773659 | AX2: 869453 | AY2: 904068 | AZ2: 824879 | BA2: 812383 | BB2: 839474 | BC2: 900082 | BD2: 851731 | BE2: 788649 | BF2: 581563 | BG2: 850198 | BH2: 872046 | BI2: 998092 | BJ2: 961475 | BK2: 1031227 | BL2: 986494 | BM2: 982628 | BN2: 1048597 | BO2: 987731 | BP2: 921063 | BQ2: 931126 | BR2: 725819 | BS2: 980620 | BT2: 971302 | BU2: 1082470 | BV2: 1110030 | BW2: 1101252 | BX2: 1089948 | BY2: 1004702 | BZ2: 1071798 | CA2: 1058963 | CB2: 971726 | CC2: 967765 | CD2: 768425 | CE2: 1049445 | CF2: 1062980 | CG2: 1129637 | CH2: 1076102 | CI2: 1165777 | CJ2: 1080412 | CK2: 1079746 | CL2: 1146722 | CM2: 1092661 | CN2: 1080392 | CO2: 1047987 | CP2: 819288 | CQ2: 1144043 | CR2: 1137737 | CS2: 1255630 | CT2: 1272951 | CU2: 1293497 | CV2: 1197609 | CW2: 1190535 | CX2: 1253523 | CY2: 1224287

Sheet desl
A1: date | B1: Ro1101 | C1: Ro1102 | D1: Ac1201 | E1: Ac1202 | F1: Am1301 | G1: Am1302 | H1: Am1303 | I1: Am1304 | J1: Rr1401 | K1: Rr1402 | L1: Pa1501 | M1: Pa1502 | N1: Pa1503 | O1: Pa1504 | P1: Pa1505 | Q1: Pa1506 | R1: Ap1601 | S1: Ap1602 | T1: To1701 | U1: To1702 | V1: Ma2101 | W1: Ma2102 | X1: Ma2103 | Y1: Ma2104 | Z1: Ma2105 | AA1: Pi2201 | AB1: Pi2202 | AC1: Pi2203 | AD1: Pi2204 | AE1: Ce2301 | AF1: Ce2302 | AG1: Ce2303 | AH1: Ce2304 | AI1: Ce2305 | AJ1: Ce2306 | AK1: Ce2307 | AL1: Rn2401 | AM1: Rn2402 | AN1: Rn2403 | AO1: Rn2404 | AP1: Pb2501 | AQ1: Pb2502 | AR1: Pb2503 | AS1: Pb2504 | AT1: Pe2601 | AU1: Pe2602 | AV1: Pe2603 | AW1: Pe2604 | AX1: Pe2605 | AY1: Al2701 | AZ1: Al2702 | BA1: Al2703 | BB1: Se2801 | BC1: Se2802 | BD1: Se2803 | BE1: Ba2901 | BF1: Ba2902 | BG1: Ba2903 | BH1: Ba2904 | BI1: Ba2905 | BJ1: Ba2906 | BK1: Ba2907 | BL1: Mg3101 | BM1: Mg3102 | BN1: Mg3103 | BO1: Mg3104 | BP1: Mg3105 | BQ1: Mg3106 | BR1: Mg3107 | BS1: Mg3108 | BT1: Mg3109 | BU1: Mg3110 | BV1: Mg3111 | BW1: Mg3112 | BX1: Es3201 | BY1: Es3202 | BZ1: Es3203 | CA1: Es3204 | CB1: Rj3301 | CC1: Rj3302 | CD1: Rj3303 | CE1: Rj3304 | CF1: Rj3305 | CG1: Rj3306 | CH1: Sp3501 | CI1: Sp3502 | CJ1: Sp3503 | CK1: Sp3504 | CL1: Sp3505 | CM1: Sp3506 | CN1: Sp3507 | CO1: Sp3508 | CP1: Sp3509 | CQ1: Sp3510 | CR1: Sp3511 | CS1: Sp3512 | CT1: Sp3513 | CU1: Sp3514 | CV1: Sp3515 | CW1: Pr4101 | CX1: Pr4102 | CY1: Pr4103 | CZ1: Pr4104 | DA1: Pr4105 | DB1: Pr4106 | DC1: Pr4107 | DD1: Pr4108 | DE1: Pr4109 | DF1: Pr4110 | DG1: Sc4201 | DH1: Sc4202 | DI1: Sc4203 | DJ1: Sc4204 | DK1: Sc4205 | DL1: Sc4206 | DM1: Rs4301 | DN1: Rs4302 | DO1: Rs4303 | DP1: Rs4304 | DQ1: Rs4305 | DR1: Rs4306 | DS1: Rs4307 | DT1: Ms5001 | DU1: Ms5002 | DV1: Ms5003 | DW1: Ms5004 | DX1: Mt5101 | DY1: Mt5102 | DZ1: Mt5103 | EA1: Mt5104 | EB1: Mt5105 | EC1: Go5201 | ED1: Go5202 | EE1: Go5203 | EF1: Go5204 | EG1: Go5205 | EH1: Go5301
A2: 2004M01 | B2: 1552 | C2: 2940 | D2: 61 | E2: 841 | F2: 10 | G2: 17 | H2: 7635 | I2: 33 | J2: 540 | K2: 7 | L2: 841 | M2: 160 | N2: 7014 | O2: 804 | P2: 548 | Q2: 3984 | R2: 6 | S2: 825 | T2: 1520 | U2: 1134 | V2: 2352 | W2: 1486 | X2: 186 | Y2: 292 | Z2: 356 | AA2: 343 | AB2: 2788 | AC2: 210 | AD2: 163 | AE2: 807 | AF2: 1295 | AG2: 14684 | AH2: 190 | AI2: 1758 | AJ2: 151 | AK2: 993 | AL2: 2532 | AM2: 300 | AN2: 179 | AO2: 7500 | AP2: 293 | AQ2: 66 | AR2: 1134 | AS2: 6227 | AT2: 469 | AU2: 1179 | AV2: 1729 | AW2: 5233 | AX2: 14565 | AY2: 44 | AZ2: 351 | BA2: 5241 | BB2: 32 | BC2: 227 | BD2: 3644 | BE2: 1094 | BF2: 1258 | BG2: 2245 | BH2: 899 | BI2: 15426 | BJ2: 1777 | BK2: 3656 | BL2: 2579 | BM2: 3053 | BN2: 762 | BO2: 583 | BP2: 12692 | BQ2: 1583 | BR2: 36046 | BS2: 6549 | BT2: 4237 | BU2: 10184 | BV2: 1646 | BW2: 6876 | BX2: 1199 | BY2: 3453 | BZ2: 9945 | CA2: 1204 | CB2: 559 | CC2: 4724 | CD2: 2135 | CE2: 1766 | CF2: 3902 | CG2: 59154 | CH2: 9486 | CI2: 17020 | CJ2: 3280 | CK2: 9739 | CL2: 8435 | CM2: 8969 | CN2: 22174 | CO2: 3087 | CP2: 1788 | CQ2: 2168 | CR2: 4953 | CS2: 13083 | CT2: 9902 | CU2: 893 | CV2: 107413 | CW2: 2642 | CX2: 961 | CY2: 11307 | CZ2: 4606 | DA2: 3558 | DB2: 5857 | DC2: 1916 | DD2: 2209 | DE2: 1393 | DF2: 22029 | DG2: 7430 | DH2: 7012 | DI2: 2835 | DJ2: 11362 | DK2: 7406 | DL2: 5441 | DM2: 6600 | DN2: 8247 | DO2: 1601 | DP2: 4364 | DQ2: 30935 | DR2: 1903 | DS2: 5073 | DT2: 494 | DU2: 5059 | DV2: 2005 | DW2: 2746 | DX2: 4388 | DY2: 1031 | DZ2: 1340 | EA2: 5220 | EB2: 2651 | EC2: 456 | ED2: 429 | EE2: 14943 | EF2: 1544 | EG2: 5639 | EH2: 12413 | EJ2: =SUM(B2:EH2) -> 750092
A3: 2004M02 | B3: 1509 | C3: 2980 | D3: 40 | E3: 711 | F3: 7 | G3: 18 | H3: 6286 | I3: 20 | J3: 344 | K3: 10 | L3: 541 | M3: 129 | N3: 5661 | O3: 630 | P3: 409 | Q3: 4371 | R3: 3 | S3: 713 | T3: 1237 | U3: 885 | V3: 2233 | W3: 1418 | X3: 191 | Y3: 235 | Z3: 250 | AA3: 242 | AB3: 2883 | AC3: 153 | AD3: 151 | AE3: 1127 | AF3: 981 | AG3: 10847 | AH3: 318 | AI3: 2150 | AJ3: 151 | AK3: 919 | AL3: 2210 | AM3: 340 | AN3: 154 | AO3: 6565 | AP3: 254 | AQ3: 54 | AR3: 949 | AS3: 3389 | AT3: 441 | AU3: 848 | AV3: 1651 | AW3: 2924 | AX3: 13330 | AY3: 38 | AZ3: 346 | BA3: 7853 | BB3: 32 | BC3: 237 | BD3: 3209 | BE3: 1532 | BF3: 907 | BG3: 2181 | BH3: 653 | BI3: 15760 | BJ3: 1763 | BK3: 3391 | BL3: 3699 | BM3: 2518 | BN3: 644 | BO3: 569 | BP3: 12960 | BQ3: 1408 | BR3: 35689 | BS3: 5541 | BT3: 4572 | BU3: 9904 | BV3: 1714 | BW3: 6760 | BX3: 1327 | BY3: 3138 | BZ3: 10487 | CA3: 1294 | CB3: 587 | CC3: 3035 | CD3: 2172 | CE3: 1718 | CF3: 3435 | CG3: 52276 | CH3: 7470 | CI3: 16770 | CJ3: 3409 | CK3: 7905 | CL3: 11153 | CM3: 8230 | CN3: 20719 | CO3: 3415 | CP3: 1868 | CQ3: 2653 | CR3: 3737 | CS3: 13383 | CT3: 9236 | CU3: 1159 | CV3: 109528 | CW3: 2638 | CX3: 904 | CY3: 12459 | CZ3: 1630 | DA3: 3830 | DB3: 6231 | DC3: 1984 | DD3: 2481 | DE3: 1377 | DF3: 24082 | DG3: 8575 | DH3: 9060 | DI3: 3334 | DJ3: 13291 | DK3: 8656 | DL3: 5976 | DM3: 6793 | DN3: 10203 | DO3: 1591 | DP3: 4433 | DQ3: 32841 | DR3: 1529 | DS3: 3321 | DT3: 396 | DU3: 4814 | DV3: 2094 | DW3: 2689 | DX3: 5046 | DY3: 895 | DZ3: 1117 | EA3: 4772 | EB3: 3064 | EC3: 306 | ED3: 351 | EE3: 14477 | EF3: 1214 | EG3: 4880 | EH3: 11792 | EJ3: =SUM(B3:EH3) -> 732972
A4: 2004M03 | B4: 1810 | C4: 3624 | D4: 62 | E4: 919 | F4: 173 | G4: 12 | H4: 8191 | I4: 22 | J4: 614 | K4: 28 | L4: 861 | M4: 140 | N4: 6531 | O4: 934 | P4: 532 | Q4: 5352 | R4: 132 | S4: 1041 | T4: 1596 | U4: 991 | V4: 2577 | W4: 1539 | X4: 168 | Y4: 356 | Z4: 335 | AA4: 292 | AB4: 3028 | AC4: 229 | AD4: 167 | AE4: 862 | AF4: 1248 | AG4: 13175 | AH4: 133 | AI4: 1229 | AJ4: 234 | AK4: 1019 | AL4: 2254 | AM4: 387 | AN4: 198 | AO4: 6808 | AP4: 296 | AQ4: 71 | AR4: 1278 | AS4: 5430 | AT4: 440 | AU4: 1380 | AV4: 1874 | AW4: 12589 | AX4: 15094 | AY4: 114 | AZ4: 471 | BA4: 14835 | BB4: 78 | BC4: 341 | BD4: 4311 | BE4: 2502 | BF4: 1490 | BG4: 2428 | BH4: 1041 | BI4: 18805 | BJ4: 2213 | BK4: 4983 | BL4: 3605 | BM4: 3474 | BN4: 894 | BO4: 815 | BP4: 14917 | BQ4: 1757 | BR4: 45587 | BS4: 6535 | BT4: 5700 | BU4: 11617 | BV4: 1928 | BW4: 8174 | BX4: 1630 | BY4: 4197 | BZ4: 13125 | CA4: 1565 | CB4: 847 | CC4: 3908 | CD4: 2810 | CE4: 2342 | CF4: 4453 | CG4: 64582 | CH4: 7868 | CI4: 15635 | CJ4: 4056 | CK4: 8917 | CL4: 7016 | CM4: 10059 | CN4: 24446 | CO4: 3487 | CP4: 2329 | CQ4: 2477 | CR4: 4964 | CS4: 15475 | CT4: 10828 | CU4: 1781 | CV4: 130487 | CW4: 3331 | CX4: 1210 | CY4: 14512 | CZ4: 1907 | DA4: 4070 | DB4: 7709 | DC4: 2282 | DD4: 2645 | DE4: 1538 | DF4: 25912 | DG4: 12821 | DH4: 8904 | DI4: 4920 | DJ4: 14645 | DK4: 10283 | DL4: 6913 | DM4: 8806 | DN4: 17496 | DO4: 2069 | DP4: 5811 | DQ4: 39532 | DR4: 2286 | DS4: 3398 | DT4: 448 | DU4: 5905 | DV4: 2844 | DW4: 3530 | DX4: 6213 | DY4: 1175 | DZ4: 1364 | EA4: 5960 | EB4: 4218 | EC4: 342 | ED4: 463 | EE4: 15954 | EF4: 1596 | EG4: 6080 | EH4: 14634 | EJ4: =SUM(B4:EH4) -> 889880
A5: 2004M04 | B5: 1338 | C5: 2920 | D5: 41 | E5: 696 | F5: 4 | G5: 13 | H5: 6826 | I5: 11 | J5: 583 | K5: 15 | L5: 509 | M5: 96 | N5: 6086 | O5: 617 | P5: 578 | Q5: 3932 | R5: 4 | S5: 683 | T5: 1676 | U5: 1001 | V5: 2078 | W5: 1460 | X5: 179 | Y5: 380 | Z5: 492 | AA5: 176 | AB5: 2620 | AC5: 209 | AD5: 128 | AE5: 820 | AF5: 636 | AG5: 11704 | AH5: 130 | AI5: 720 | AJ5: 149 | AK5: 947 | AL5: 1488 | AM5: 365 | AN5: 187 | AO5: 8106 | AP5: 303 | AQ5: 63 | AR5: 917 | AS5: 3092 | AT5: 397 | AU5: 1369 | AV5: 1520 | AW5: 9560 | AX5: 11479 | AY5: 45 | AZ5: 289 | BA5: 19876 | BB5: 52 | BC5: 261 | BD5: 4794 | BE5: 2342 | BF5: 1060 | BG5: 2100 | BH5: 767 | BI5: 16564 | BJ5: 2058 | BK5: 3933 | BL5: 2355 | BM5: 2690 | BN5: 671 | BO5: 762 | BP5: 13879 | BQ5: 1698 | BR5: 38921 | BS5: 5590 | BT5: 4732 | BU5: 10416 | BV5: 1559 | BW5: 6631 | BX5: 1606 | BY5: 3684 | BZ5: 9077 | CA5: 1119 | CB5: 533 | CC5: 3324 | CD5: 1739 | CE5: 1726 | CF5: 3839 | CG5: 52375 | CH5: 9936 | CI5: 23218 | CJ5: 3394 | CK5: 9246 | CL5: 5653 | CM5: 9799 | CN5: 21882 | CO5: 2820 | CP5: 1840 | CQ5: 2538 | CR5: 4551 | CS5: 13146 | CT5: 8653 | CU5: 1007 | CV5: 110332 | CW5: 3170 | CX5: 1108 | CY5: 13120 | CZ5: 1702 | DA5: 3671 | DB5: 6044 | DC5: 1973 | DD5: 2291 | DE5: 1225 | DF5: 23342 | DG5: 10004 | DH5: 7876 | DI5: 3152 | DJ5: 11899 | DK5: 7346 | DL5: 5174 | DM5: 8723 | DN5: 11319 | DO5: 1754 | DP5: 5503 | DQ5: 34717 | DR5: 2408 | DS5: 3562 | DT5: 452 | DU5: 4897 | DV5: 2822 | DW5: 3097 | DX5: 6522 | DY5: 1143 | DZ5: 1217 | EA5: 4030 | EB5: 4863 | EC5: 360 | ED5: 424 | EE5: 14546 | EF5: 1619 | EG5: 5480 | EH5: 10988 | EJ5: =SUM(B5:EH5) -> 773928
A6: 2004M05 | B6: 1571 | C6: 3189 | D6: 37 | E6: 781 | F6: 6 | G6: 10 | H6: 6552 | I6: 24 | J6: 529 | K6: 14 | L6: 601 | M6: 155 | N6: 5433 | O6: 630 | P6: 437 | Q6: 4150 | R6: 2 | S6: 697 | T6: 1672 | U6: 1004 | V6: 2071 | W6: 1318 | X6: 202 | Y6: 361 | Z6: 948 | AA6: 219 | AB6: 2490 | AC6: 256 | AD6: 154 | AE6: 621 | AF6: 688 | AG6: 12126 | AH6: 122 | AI6: 584 | AJ6: 130 | AK6: 914 | AL6: 1249 | AM6: 343 | AN6: 155 | AO6: 4811 | AP6: 320 | AQ6: 40 | AR6: 986 | AS6: 3240 | AT6: 370 | AU6: 1369 | AV6: 1726 | AW6: 1435 | AX6: 10165 | AY6: 55 | AZ6: 290 | BA6: 4574 | BB6: 47 | BC6: 261 | BD6: 4071 | BE6: 2392 | BF6: 1645 | BG6: 1961 | BH6: 694 | BI6: 14109 | BJ6: 1777 | BK6: 4089 | BL6: 2198 | BM6: 2913 | BN6: 690 | BO6: 577 | BP6: 14890 | BQ6: 1514 | BR6: 38288 | BS6: 6421 | BT6: 4714 | BU6: 10542 | BV6: 1566 | BW6: 6575 | BX6: 1738 | BY6: 5456 | BZ6: 9602 | CA6: 1340 | CB6: 573 | CC6: 3755 | CD6: 2172 | CE6: 1732 | CF6: 3944 | CG6: 52700 | CH6: 7036 | CI6: 16170 | CJ6: 3324 | CK6: 9055 | CL6: 5325 | CM6: 7567 | CN6: 22326 | CO6: 3012 | CP6: 1987 | CQ6: 2208 | CR6: 3981 | CS6: 13352 | CT6: 8906 | CU6: 995 | CV6: 113433 | CW6: 2697 | CX6: 1108 | CY6: 12080 | CZ6: 1919 | DA6: 4154 | DB6: 5284 | DC6: 1728 | DD6: 2299 | DE6: 1412 | DF6: 23001 | DG6: 9502 | DH6: 8053 | DI6: 4355 | DJ6: 12059 | DK6: 7054 | DL6: 5389 | DM6: 7948 | DN6: 12511 | DO6: 1919 | DP6: 6842 | DQ6: 32542 | DR6: 2464 | DS6: 2668 | DT6: 339 | DU6: 4703 | DV6: 2778 | DW6: 2883 | DX6: 6181 | DY6: 1159 | DZ6: 1320 | EA6: 4942 | EB6: 4291 | EC6: 377 | ED6: 453 | EE6: 15315 | EF6: 1809 | EG6: 5991 | EH6: 12427 | EJ6: =SUM(B6:EH6) -> 739405
A7: 2004M06 | B7: 1612 | C7: 3163 | D7: 54 | E7: 851 | F7: 4 | G7: 25 | H7: 7132 | I7: 30 | J7: 636 | K7: 13 | L7: 671 | M7: 194 | N7: 6509 | O7: 737 | P7: 524 | Q7: 5092 | R7: 18 | S7: 839 | T7: 1768 | U7: 1288 | V7: 2735 | W7: 1471 | X7: 227 | Y7: 331 | Z7: 462 | AA7: 275 | AB7: 2579 | AC7: 263 | AD7: 149 | AE7: 753 | AF7: 805 | AG7: 12760 | AH7: 132 | AI7: 538 | AJ7: 123 | AK7: 815 | AL7: 1627 | AM7: 426 | AN7: 224 | AO7: 5710 | AP7: 274 | AQ7: 62 | AR7: 1010 | AS7: 2477 | AT7: 451 | AU7: 1488 | AV7: 1808 | AW7: 1149 | AX7: 10624 | AY7: 32 | AZ7: 279 | BA7: 3313 | BB7: 49 | BC7: 328 | BD7: 4233 | BE7: 2936 | BF7: 1502 | BG7: 2232 | BH7: 626 | BI7: 14750 | BJ7: 1941 | BK7: 4809 | BL7: 2435 | BM7: 3020 | BN7: 723 | BO7: 699 | BP7: 15467 | BQ7: 1492 | BR7: 38808 | BS7: 6602 | BT7: 5491 | BU7: 13056 | BV7: 1569 | BW7: 7951 | BX7: 2957 | BY7: 7565 | BZ7: 10746 | CA7: 1274 | CB7: 655 | CC7: 3875 | CD7: 2412 | CE7: 1729 | CF7: 4019 | CG7: 56464 | CH7: 7482 | CI7: 15672 | CJ7: 3647 | CK7: 10084 | CL7: 5482 | CM7: 8143 | CN7: 23880 | CO7: 4024 | CP7: 2327 | CQ7: 2594 | CR7: 4087 | CS7: 14142 | CT7: 10215 | CU7: 959 | CV7: 118684 | CW7: 2832 | CX7: 1032 | CY7: 12097 | CZ7: 1964 | DA7: 3726 | DB7: 6196 | DC7: 1791 | DD7: 2331 | DE7: 1496 | DF7: 25682 | DG7: 8813 | DH7: 8085 | DI7: 3379 | DJ7: 12108 | DK7: 7463 | DL7: 5449 | DM7: 7564 | DN7: 11759 | DO7: 2179 | DP7: 7240 | DQ7: 32431 | DR7: 2012 | DS7: 2582 | DT7: 409 | DU7: 5231 | DV7: 2930 | DW7: 2705 | DX7: 5943 | DY7: 1167 | DZ7: 1546 | EA7: 5057 | EB7: 3348 | EC7: 429 | ED7: 482 | EE7: 15995 | EF7: 1780 | EG7: 6472 | EH7: 14525 | EJ7: =SUM(B7:EH7) -> 778599
A8: 2004M07 | B8: 1581 | C8: 3585 | D8: 53 | E8: 835 | F8: 7 | G8: 15 | H8: 7568 | I8: 23 | J8: 435 | K8: 19 | L8: 635 | M8: 148 | N8: 5351 | O8: 673 | P8: 615 | Q8: 4737 | R8: 7 | S8: 787 | T8: 1903 | U8: 1112 | V8: 2385 | W8: 1427 | X8: 178 | Y8: 274 | Z8: 424 | AA8: 253 | AB8: 2782 | AC8: 214 | AD8: 148 | AE8: 777 | AF8: 848 | AG8: 11985 | AH8: 132 | AI8: 600 | AJ8: 135 | AK8: 850 | AL8: 1816 | AM8: 469 | AN8: 135 | AO8: 7227 | AP8: 305 | AQ8: 54 | AR8: 1120 | AS8: 3208 | AT8: 437 | AU8: 1042 | AV8: 1800 | AW8: 1320 | AX8: 12388 | AY8: 58 | AZ8: 293 | BA8: 3696 | BB8: 45 | BC8: 300 | BD8: 4195 | BE8: 2549 | BF8: 1614 | BG8: 2098 | BH8: 726 | BI8: 14028 | BJ8: 2146 | BK8: 6366 | BL8: 2879 | BM8: 3172 | BN8: 729 | BO8: 686 | BP8: 17854 | BQ8: 1708 | BR8: 39650 | BS8: 7133 | BT8: 5893 | BU8: 15400 | BV8: 1739 | BW8: 8651 | BX8: 1998 | BY8: 4773 | BZ8: 10073 | CA8: 1276 | CB8: 587 | CC8: 3926 | CD8: 2226 | CE8: 1725 | CF8: 4482 | CG8: 56342 | CH8: 7869 | CI8: 16240 | CJ8: 3895 | CK8: 9683 | CL8: 5717 | CM8: 8011 | CN8: 23534 | CO8: 3433 | CP8: 2479 | CQ8: 2393 | CR8: 4130 | CS8: 13445 | CT8: 9009 | CU8: 1217 | CV8: 116643 | CW8: 2964 | CX8: 962 | CY8: 12720 | CZ8: 2257 | DA8: 3556 | DB8: 6307 | DC8: 2066 | DD8: 2122 | DE8: 1516 | DF8: 25627 | DG8: 7583 | DH8: 8466 | DI8: 2732 | DJ8: 12509 | DK8: 7299 | DL8: 5327 | DM8: 7142 | DN8: 10038 | DO8: 1772 | DP8: 8577 | DQ8: 33970 | DR8: 1783 | DS8: 2472 | DT8: 402 | DU8: 5698 | DV8: 2836 | DW8: 2852 | DX8: 6098 | DY8: 1286 | DZ8: 1486 | EA8: 5179 | EB8: 3832 | EC8: 452 | ED8: 511 | EE8: 16279 | EF8: 1671 | EG8: 5824 | EH8: 12886 | EJ8: =SUM(B8:EH8) -> 780595
A9: 2004M08 | B9: 1594 | C9: 3354 | D9: 29 | E9: 844 | F9: 3 | G9: 324 | H9: 7877 | I9: 20 | J9: 508 | K9: 4 | L9: 726 | M9: 113 | N9: 6109 | O9: 784 | P9: 510 | Q9: 5694 | R9: 8 | S9: 718 | T9: 1969 | U9: 1366 | V9: 2527 | W9: 1616 | X9: 149 | Y9: 256 | Z9: 516 | AA9: 253 | AB9: 2920 | AC9: 311 | AD9: 155 | AE9: 695 | AF9: 701 | AG9: 12189 | AH9: 144 | AI9: 516 | AJ9: 125 | AK9: 814 | AL9: 1149 | AM9: 451 | AN9: 160 | AO9: 6785 | AP9: 225 | AQ9: 52 | AR9: 1099 | AS9: 3105 | AT9: 436 | AU9: 1293 | AV9: 1656 | AW9: 4442 | AX9: 10570 | AY9: 35 | AZ9: 860 | BA9: 3944 | BB9: 39 | BC9: 191 | BD9: 3730 | BE9: 3795 | BF9: 1461 | BG9: 2063 | BH9: 733 | BI9: 15722 | BJ9: 2699 | BK9: 4920 | BL9: 4350 | BM9: 3383 | BN9: 1259 | BO9: 832 | BP9: 21246 | BQ9: 1850 | BR9: 40850 | BS9: 8086 | BT9: 6392 | BU9: 19077 | BV9: 2140 | BW9: 9311 | BX9: 1805 | BY9: 3849 | BZ9: 11322 | CA9: 1492 | CB9: 529 | CC9: 3755 | CD9: 2476 | CE9: 1631 | CF9: 4649 | CG9: 54070 | CH9: 7524 | CI9: 18213 | CJ9: 3908 | CK9: 10375 | CL9: 7425 | CM9: 9853 | CN9: 25582 | CO9: 3360 | CP9: 3943 | CQ9: 2730 | CR9: 3502 | CS9: 15420 | CT9: 9523 | CU9: 1002 | CV9: 117790 | CW9: 2885 | CX9: 1006 | CY9: 13251 | CZ9: 2862 | DA9: 4062 | DB9: 5993 | DC9: 1995 | DD9: 2225 | DE9: 1478 | DF9: 25634 | DG9: 7396 | DH9: 8651 | DI9: 2870 | DJ9: 12459 | DK9: 7325 | DL9: 5316 | DM9: 7004 | DN9: 9704 | DO9: 1863 | DP9: 13602 | DQ9: 34763 | DR9: 1699 | DS9: 2091 | DT9: 439 | DU9: 4883 | DV9: 3372 | DW9: 2940 | DX9: 6922 | DY9: 1292 | DZ9: 1525 | EA9: 5092 | EB9: 4184 | EC9: 490 | ED9: 673 | EE9: 17449 | EF9: 1829 | EG9: 6306 | EH9: 12750 | EJ9: =SUM(B9:EH9) -> 818840
A10: 2004M09 | B10: 1497 | C10: 3444 | D10: 79 | E10: 853 | F10: 4 | G10: 10 | H10: 8065 | I10: 29 | J10: 439 | K10: 9 | L10: 753 | M10: 126 | N10: 6689 | O10: 807 | P10: 547 | Q10: 4694 | R10: 25 | S10: 694 | T10: 1561 | U10: 1321 | V10: 2045 | W10: 1340 | X10: 141 | Y10: 278 | Z10: 454 | AA10: 227 | AB10: 2877 | AC10: 247 | AD10: 118 | AE10: 786 | AF10: 596 | AG10: 11130 | AH10: 127 | AI10: 645 | AJ10: 126 | AK10: 962 | AL10: 1335 | AM10: 434 | AN10: 107 | AO10: 7778 | AP10: 227 | AQ10: 40 | AR10: 981 | AS10: 3157 | AT10: 391 | AU10: 1743 | AV10: 1469 | AW10: 1829 | AX10: 10644 | AY10: 39 | AZ10: 414 | BA10: 3467 | BB10: 34 | BC10: 242 | BD10: 3507 | BE10: 2964 | BF10: 1281 | BG10: 2160 | BH10: 586 | BI10: 13163 | BJ10: 2592 | BK10: 3344 | BL10: 3481 | BM10: 3282 | BN10: 1558 | BO10: 711 | BP10: 24826 | BQ10: 1803 | BR10: 38974 | BS10: 7275 | BT10: 6862 | BU10: 27288 | BV10: 2177 | BW10: 8920 | BX10: 1329 | BY10: 3961 | BZ10: 9847 | CA10: 1751 | CB10: 445 | CC10: 3739 | CD10: 2145 | CE10: 1625 | CF10: 3751 | CG10: 53099 | CH10: 7894 | CI10: 18909 | CJ10: 3897 | CK10: 9861 | CL10: 7245 | CM10: 9125 | CN10: 25162 | CO10: 2964 | CP10: 2983 | CQ10: 2336 | CR10: 3204 | CS10: 13665 | CT10: 8541 | CU10: 805 | CV10: 116256 | CW10: 3301 | CX10: 963 | CY10: 13420 | CZ10: 2498 | DA10: 4404 | DB10: 6162 | DC10: 1920 | DD10: 2078 | DE10: 1289 | DF10: 23327 | DG10: 7458 | DH10: 8168 | DI10: 2563 | DJ10: 11748 | DK10: 7122 | DL10: 5121 | DM10: 6724 | DN10: 9451 | DO10: 1516 | DP10: 6483 | DQ10: 32086 | DR10: 1472 | DS10: 1995 | DT10: 418 | DU10: 5533 | DV10: 2767 | DW10: 2744 | DX10: 6524 | DY10: 1792 | DZ10: 1486 | EA10: 5061 | EB10: 4260 | EC10: 492 | ED10: 468 | EE10: 15812 | EF10: 1640 | EG10: 6403 | EH10: 11951 | EJ10: =SUM(B10:EH10) -> 787989
A11: 2004M10 | B11: 1613 | C11: 3469 | D11: 116 | E11: 840 | F11: 4 | G11: 13 | H11: 6947 | I11: 22 | J11: 518 | K11: 14 | L11: 845 | M11: 106 | N11: 6819 | O11: 1051 | P11: 703 | Q11: 4430 | R11: 29 | S11: 832 | T11: 1650 | U11: 1111 | V11: 1922 | W11: 1332 | X11: 202 | Y11: 1424 | Z11: 1018 | AA11: 265 | AB11: 2469 | AC11: 269 | AD11: 162 | AE11: 890 | AF11: 1591 | AG11: 11134 | AH11: 179 | AI11: 755 | AJ11: 154 | AK11: 997 | AL11: 1751 | AM11: 601 | AN11: 142 | AO11: 8284 | AP11: 260 | AQ11: 47 | AR11: 999 | AS11: 2840 | AT11: 421 | AU11: 2222 | AV11: 1662 | AW11: 2744 | AX11: 11052 | AY11: 124 | AZ11: 358 | BA11: 4303 | BB11: 51 | BC11: 299 | BD11: 3916 | BE11: 2020 | BF11: 3013 | BG11: 2185 | BH11: 651 | BI11: 14100 | BJ11: 3663 | BK11: 4530 | BL11: 3519 | BM11: 3895 | BN11: 1590 | BO11: 1215 | BP11: 21458 | BQ11: 1749 | BR11: 42307 | BS11: 7188 | BT11: 6269 | BU11: 22986 | BV11: 2333 | BW11: 7436 | BX11: 1645 | BY11: 5562 | BZ11: 9012 | CA11: 1436 | CB11: 612 | CC11: 3491 | CD11: 2073 | CE11: 1693 | CF11: 4342 | CG11: 51785 | CH11: 7752 | CI11: 16746 | CJ11: 4253 | CK11: 9582 | CL11: 7007 | CM11: 8523 | CN11: 23567 | CO11: 3252 | CP11: 2250 | CQ11: 2784 | CR11: 3559 | CS11: 13590 | CT11: 8704 | CU11: 988 | CV11: 113308 | CW11: 3174 | CX11: 1178 | CY11: 12518 | CZ11: 2575 | DA11: 3811 | DB11: 6444 | DC11: 2004 | DD11: 2393 | DE11: 1367 | DF11: 25108 | DG11: 7730 | DH11: 8311 | DI11: 2795 | DJ11: 12568 | DK11: 7304 | DL11: 5628 | DM11: 7713 | DN11: 9046 | DO11: 1486 | DP11: 4908 | DQ11: 32233 | DR11: 1599 | DS11: 2503 | DT11: 445 | DU11: 4696 | DV11: 3001 | DW11: 2475 | DX11: 6567 | DY11: 1149 | DZ11: 2074 | EA11: 5403 | EB11: 4971 | EC11: 488 | ED11: 553 | EE11: 17102 | EF11: 1864 | EG11: 6154 | EH11: 11972 | EJ11: =SUM(B11:EH11) -> 790904
A12: 2004M11 | B12: 1545 | C12: 3337 | D12: 71 | E12: 820 | F12: 11 | G12: 14 | H12: 7579 | I12: 29 | J12: 505 | K12: 13 | L12: 862 | M12: 121 | N12: 7206 | O12: 1401 | P12: 644 | Q12: 5862 | R12: 45 | S12: 899 | T12: 2178 | U12: 1576 | V12: 2354 | W12: 1458 | X12: 310 | Y12: 496 | Z12: 584 | AA12: 342 | AB12: 2839 | AC12: 391 | AD12: 246 | AE12: 874 | AF12: 852 | AG12: 11881 | AH12: 125 | AI12: 997 | AJ12: 165 | AK12: 1316 | AL12: 2248 | AM12: 573 | AN12: 200 | AO12: 9719 | AP12: 293 | AQ12: 72 | AR12: 1124 | AS12: 3231 | AT12: 509 | AU12: 2336 | AV12: 1699 | AW12: 2563 | AX12: 11570 | AY12: 68 | AZ12: 385 | BA12: 5859 | BB12: 45 | BC12: 311 | BD12: 3926 | BE12: 2288 | BF12: 3961 | BG12: 2258 | BH12: 1016 | BI12: 13783 | BJ12: 4312 | BK12: 4248 | BL12: 3356 | BM12: 3496 | BN12: 2234 | BO12: 1114 | BP12: 23264 | BQ12: 1771 | BR12: 42418 | BS12: 6309 | BT12: 5620 | BU12: 21616 | BV12: 2061 | BW12: 8115 | BX12: 1407 | BY12: 4755 | BZ12: 10291 | CA12: 1341 | CB12: 780 | CC12: 4211 | CD12: 2314 | CE12: 1852 | CF12: 4276 | CG12: 54487 | CH12: 12443 | CI12: 22454 | CJ12: 6876 | CK12: 10367 | CL12: 6583 | CM12: 13134 | CN12: 26124 | CO12: 5936 | CP12: 2007 | CQ12: 2562 | CR12: 4056 | CS12: 14574 | CT12: 10195 | CU12: 1280 | CV12: 112501 | CW12: 3526 | CX12: 953 | CY12: 15081 | CZ12: 2079 | DA12: 3953 | DB12: 6614 | DC12: 1998 | DD12: 2192 | DE12: 1710 | DF12: 24868 | DG12: 8660 | DH12: 8119 | DI12: 3366 | DJ12: 12444 | DK12: 8077 | DL12: 5790 | DM12: 9030 | DN12: 11880 | DO12: 1588 | DP12: 4819 | DQ12: 34836 | DR12: 1580 | DS12: 2460 | DT12: 624 | DU12: 6096 | DV12: 3490 | DW12: 2612 | DX12: 8994 | DY12: 1546 | DZ12: 4358 | EA12: 5661 | EB12: 4787 | EC12: 421 | ED12: 514 | EE12: 18759 | EF12: 2182 | EG12: 7146 | EH12: 12566 | EJ12: =SUM(B12:EH12) -> 852104
A13: 2004M12 | B13: 1840 | C13: 4517 | D13: 62 | E13: 1368 | F13: 2 | G13: 11 | H13: 13240 | I13: 11 | J13: 589 | K13: 11 | L13: 1184 | M13: 174 | N13: 7715 | O13: 982 | P13: 1043 | Q13: 6221 | R13: 79 | S13: 909 | T13: 2533 | U13: 1781 | V13: 2225 | W13: 2527 | X13: 287 | Y13: 776 | Z13: 778 | AA13: 315 | AB13: 3917 | AC13: 595 | AD13: 467 | AE13: 1829 | AF13: 994 | AG13: 12338 | AH13: 281 | AI13: 1267 | AJ13: 157 | AK13: 1818 | AL13: 2630 | AM13: 674 | AN13: 303 | AO13: 10204 | AP13: 322 | AQ13: 65 | AR13: 1382 | AS13: 4325 | AT13: 556 | AU13: 2279 | AV13: 2060 | AW13: 2805 | AX13: 12945 | AY13: 60 | AZ13: 563 | BA13: 7597 | BB13: 76 | BC13: 322 | BD13: 4655 | BE13: 2506 | BF13: 3000 | BG13: 2858 | BH13: 1067 | BI13: 17107 | BJ13: 2868 | BK13: 4617 | BL13: 3613 | BM13: 4234 | BN13: 1601 | BO13: 798 | BP13: 20606 | BQ13: 3904 | BR13: 48353 | BS13: 7201 | BT13: 7954 | BU13: 16535 | BV13: 2077 | BW13: 9663 | BX13: 2130 | BY13: 5127 | BZ13: 11915 | CA13: 2311 | CB13: 813 | CC13: 5835 | CD13: 2724 | CE13: 2176 | CF13: 6862 | CG13: 59107 | CH13: 27603 | CI13: 57416 | CJ13: 13586 | CK13: 23671 | CL13: 15888 | CM13: 20131 | CN13: 34195 | CO13: 7725 | CP13: 2180 | CQ13: 11087 | CR13: 6914 | CS13: 18241 | CT13: 12568 | CU13: 1416 | CV13: 127989 | CW13: 8700 | CX13: 2526 | CY13: 18340 | CZ13: 6388 | DA13: 4318 | DB13: 7907 | DC13: 2418 | DD13: 2202 | DE13: 1545 | DF13: 27755 | DG13: 10839 | DH13: 9437 | DI13: 4921 | DJ13: 15756 | DK13: 9186 | DL13: 7190 | DM13: 9127 | DN13: 15301 | DO13: 2270 | DP13: 6293 | DQ13: 36312 | DR13: 1994 | DS13: 5152 | DT13: 555 | DU13: 7280 | DV13: 3801 | DW13: 5749 | DX13: 8682 | DY13: 1443 | DZ13: 2766 | EA13: 6133 | EB13: 3947 | EC13: 511 | ED13: 967 | EE13: 21451 | EF13: 2166 | EG13: 12562 | EH13: 15184 | EJ13: =SUM(B13:EH13) -> 1077912
... A157: 2016M12 | B157: 3147 | C157: 4445 | D157: 254 | E157: 1708 | F157: 26 | G157: 46 | H157: 12437 | I157: 129 | J157: 1630 | K157: 117 | L157: 1264 | M157: 90 | N157: 10999 | O157: 1777 | P157: 2435 | Q157: 8610 | R157: 19 | S157: 1658 | T157: 2786 | U157: 2465 | V157: 7584 | W157: 2600 | X157: 631 | Y157: 1243 | Z157: 1055 | AA157: 572 | AB157: 5061 | AC157: 1010 | AD157: 529 | AE157: 2800 | AF157: 1524 | AG157: 21510 | AH157: 375 | AI157: 1603 | AJ157: 250 | AK157: 1998 | AL157: 3383 | AM157: 732 | AN157: 308 | AO157: 7890 | AP157: 975 | AQ157: 116 | AR157: 3333 | AS157: 6260 | AT157: 1041 | AU157: 4683 | AV157: 4112 | AW157: 7115 | AX157: 21916 | AY157: 169 | AZ157: 871 | BA157: 6394 | BB157: 303 | BC157: 886 | BD157: 6433 | BE157: 3531 | BF157: 3509 | BG157: 5507 | BH157: 1643 | BI157: 27554 | BJ157: 4309 | BK157: 5749 | BL157: 3228 | BM157: 4906 | BN157: 1188 | BO157: 1312 | BP157: 25852 | BQ157: 2301 | BR157: 57561 | BS157: 7043 | BT157: 11381 | BU157: 17489 | BV157: 2692 | BW157: 11346 | BX157: 2436 | BY157: 5119 | BZ157: 16588 | CA157: 2627 | CB157: 1542 | CC157: 6047 | CD157: 2937 | CE157: 4540 | CF157: 6078 | CG157: 102430 | CH157: 15066 | CI157: 36964 | CJ157: 8270 | CK157: 15088 | CL157: 8937 | CM157: 14955 | CN157: 41587 | CO157: 6690 | CP157: 3390 | CQ157: 4850 | CR157: 7357 | CS157: 26409 | CT157: 17819 | CU157: 1817 | CV157: 207097 | CW157: 6751 | CX157: 1598 | CY157: 19057 | CZ157: 2882 | DA157: 5285 | DB157: 11544 | DC157: 4008 | DD157: 2568 | DE157: 1801 | DF157: 38028 | DG157: 13516 | DH157: 13858 | DI157: 3611 | DJ157: 23036 | DK157: 14933 | DL157: 9859 | DM157: 12156 | DN157: 13387 | DO157: 3032 | DP157: 6282 | DQ157: 43865 | DR157: 2797 | DS157: 9565 | DT157: 966 | DU157: 9298 | DV157: 4717 | DW157: 5198 | DX157: 12360 | DY157: 1872 | DZ157: 2984 | EA157: 7851 | EB157: 4704 | EC157: 976 | ED157: 1217 | EE157: 28080 | EF157: 5746 | EG157: 10274 | EH157: 24095 | EJ157: =SUM(B157:EH157) -> 1331805

Sheet adm
A1: date | B1: Ro1101 | C1: Ro1102 | D1: Ac1201 | E1: Ac1202 | F1: Am1301 | G1: Am1302 | H1: Am1303 | I1: Am1304 | J1: Rr1401 | K1: Rr1402 | L1: Pa1501 | M1: Pa1502 | N1: Pa1503 | O1: Pa1504 | P1: Pa1505 | Q1: Pa1506 | R1: Ap1601 | S1: Ap1602 | T1: To1701 | U1: To1702 | V1: Ma2101 | W1: Ma2102 | X1: Ma2103 | Y1: Ma2104 | Z1: Ma2105 | AA1: Pi2201 | AB1: Pi2202 | AC1: Pi2203 | AD1: Pi2204 | AE1: Ce2301 | AF1: Ce2302 | AG1: Ce2303 | AH1: Ce2304 | AI1: Ce2305 | AJ1: Ce2306 | AK1: Ce2307 | AL1: Rn2401 | AM1: Rn2402 | AN1: Rn2403 | AO1: Rn2404 | AP1: Pb2501 | AQ1: Pb2502 | AR1: Pb2503 | AS1: Pb2504 | AT1: Pe2601 | AU1: Pe2602 | AV1: Pe2603 | AW1: Pe2604 | AX1: Pe2605 | AY1: Al2701 | AZ1: Al2702 | BA1: Al2703 | BB1: Se2801 | BC1: Se2802 | BD1: Se2803 | BE1: Ba2901 | BF1: Ba2902 | BG1: Ba2903 | BH1: Ba2904 | BI1: Ba2905 | BJ1: Ba2906 | BK1: Ba2907 | BL1: Mg3101 | BM1: Mg3102 | BN1: Mg3103 | BO1: Mg3104 | BP1: Mg3105 | BQ1: Mg3106 | BR1: Mg3107 | BS1: Mg3108 | BT1: Mg3109 | BU1: Mg3110 | BV1: Mg3111 | BW1: Mg3112 | BX1: Es3201 | BY1: Es3202 | BZ1: Es3203 | CA1: Es3204 | CB1: Rj3301 | CC1: Rj3302 | CD1: Rj3303 | CE1: Rj3304 | CF1: Rj3305 | CG1: Rj3306 | CH1: Sp3501 | CI1: Sp3502 | CJ1: Sp3503 | CK1: Sp3504 | CL1: Sp3505 | CM1: Sp3506 | CN1: Sp3507 | CO1: Sp3508 | CP1: Sp3509 | CQ1: Sp3510 | CR1: Sp3511 | CS1: Sp3512 | CT1: Sp3513 | CU1: Sp3514 | CV1: Sp3515 | CW1: Pr4101 | CX1: Pr4102 | CY1: Pr4103 | CZ1: Pr4104 | DA1: Pr4105 | DB1: Pr4106 | DC1: Pr4107 | DD1: Pr4108 | DE1: Pr4109 | DF1: Pr4110 | DG1: Sc4201 | DH1: Sc4202 | DI1: Sc4203 | DJ1: Sc4204 | DK1: Sc4205 | DL1: Sc4206 | DM1: Rs4301 | DN1: Rs4302 | DO1: Rs4303 | DP1: Rs4304 | DQ1: Rs4305 | DR1: Rs4306 | DS1: Rs4307 | DT1: Ms5001 | DU1: Ms5002 | DV1: Ms5003 | DW1: Ms5004 | DX1: Mt5101 | DY1: Mt5102 | DZ1: Mt5103 | EA1: Mt5104 | EB1: Mt5105 | EC1: Go5201 | ED1: Go5202 | EE1: Go5203 | EF1: Go5204 | EG1: Go5205 | EH1: Go5301
A2: 2004M01 | B2: 1712 | C2: 3156 | D2: 91 | E2: 711 | F2: 2 | G2: 27 | H2: 9037 | I2: 36 | J2: 634 | K2: 29 | L2: 883 | M2: 173 | N2: 7424 | O2: 775 | P2: 723 | Q2: 4079 | R2: 26 | S2: 1504 | T2: 1753 | U2: 1037 | V2: 2335 | W2: 1562 | X2: 165 | Y2: 456 | Z2: 226 | AA2: 251 | AB2: 3002 | AC2: 155 | AD2: 174 | AE2: 781 | AF2: 1048 | AG2: 14045 | AH2: 191 | AI2: 781 | AJ2: 150 | AK2: 1066 | AL2: 1600 | AM2: 470 | AN2: 200 | AO2: 6112 | AP2: 272 | AQ2: 105 | AR2: 1151 | AS2: 3128 | AT2: 480 | AU2: 1516 | AV2: 1787 | AW2: 2329 | AX2: 12314 | AY2: 59 | AZ2: 475 | BA2: 4501 | BB2: 42 | BC2: 345 | BD2: 4351 | BE2: 2214 | BF2: 1543 | BG2: 2330 | BH2: 1261 | BI2: 20251 | BJ2: 2801 | BK2: 5161 | BL2: 4909 | BM2: 3047 | BN2: 928 | BO2: 653 | BP2: 14125 | BQ2: 1725 | BR2: 39731 | BS2: 5840 | BT2: 4851 | BU2: 11384 | BV2: 1566 | BW2: 6932 | BX2: 1127 | BY2: 3865 | BZ2: 11228 | CA2: 1386 | CB2: 692 | CC2: 4206 | CD2: 2579 | CE2: 2339 | CF2: 4105 | CG2: 60021 | CH2: 12869 | CI2: 23476 | CJ2: 3548 | CK2: 9354 | CL2: 6196 | CM2: 10427 | CN2: 27456 | CO2: 4691 | CP2: 1961 | CQ2: 2743 | CR2: 4961 | CS2: 16212 | CT2: 10985 | CU2: 1315 | CV2: 123728 | CW2: 2755 | CX2: 903 | CY2: 13408 | CZ2: 1804 | DA2: 4480 | DB2: 7144 | DC2: 2346 | DD2: 2877 | DE2: 1606 | DF2: 25313 | DG2: 12156 | DH2: 9148 | DI2: 3983 | DJ2: 13985 | DK2: 9379 | DL2: 6494 | DM2: 8522 | DN2: 12936 | DO2: 1828 | DP2: 7195 | DQ2: 38832 | DR2: 2074 | DS2: 2694 | DT2: 551 | DU2: 5565 | DV2: 3128 | DW2: 4325 | DX2: 6819 | DY2: 1789 | DZ2: 1422 | EA2: 5321 | EB2: 5655 | EC2: 476 | ED2: 517 | EE2: 16358 | EF2: 1416 | EG2: 6825 | EH2: 14010 | EJ2: =SUM(B2:EH2) -> 850198
A3: 2004M02 | B3: 1680 | C3: 3012 | D3: 44 | E3: 765 | F3: 14 | G3: 8 | H3: 7905 | I3: 21 | J3: 526 | K3: 33 | L3: 633 | M3: 163 | N3: 7017 | O3: 912 | P3: 434 | Q3: 4714 | R3: 35 | S3: 911 | T3: 2261 | U3: 1097 | V3: 2196 | W3: 1455 | X3: 171 | Y3: 315 | Z3: 439 | AA3: 219 | AB3: 2740 | AC3: 217 | AD3: 197 | AE3: 687 | AF3: 991 | AG3: 11797 | AH3: 119 | AI3: 722 | AJ3: 126 | AK3: 923 | AL3: 1230 | AM3: 445 | AN3: 154 | AO3: 6889 | AP3: 375 | AQ3: 82 | AR3: 959 | AS3: 3005 | AT3: 506 | AU3: 1268 | AV3: 1614 | AW3: 1714 | AX3: 11984 | AY3: 64 | AZ3: 216 | BA3: 3615 | BB3: 24 | BC3: 301 | BD3: 4268 | BE3: 2993 | BF3: 987 | BG3: 2573 | BH3: 950 | BI3: 14472 | BJ3: 2384 | BK3: 4456 | BL3: 4297 | BM3: 3038 | BN3: 830 | BO3: 899 | BP3: 15245 | BQ3: 1867 | BR3: 42576 | BS3: 6539 | BT3: 6012 | BU3: 11898 | BV3: 1911 | BW3: 7368 | BX3: 1453 | BY3: 3311 | BZ3: 10475 | CA3: 1555 | CB3: 699 | CC3: 3562 | CD3: 2379 | CE3: 1727 | CF3: 3911 | CG3: 58880 | CH3: 14106 | CI3: 23357 | CJ3: 5177 | CK3: 10437 | CL3: 6348 | CM3: 10069 | CN3: 27332 | CO3: 4786 | CP3: 2606 | CQ3: 3346 | CR3: 4920 | CS3: 18080 | CT3: 10802 | CU3: 1557 | CV3: 131624 | CW3: 3444 | CX3: 1446 | CY3: 14305 | CZ3: 2060 | DA3: 5132 | DB3: 8450 | DC3: 2721 | DD3: 2751 | DE3: 1640 | DF3: 27422 | DG3: 15733 | DH3: 10662 | DI3: 5945 | DJ3: 16424 | DK3: 8085 | DL3: 5997 | DM3: 8574 | DN3: 19003 | DO3: 1552 | DP3: 11406 | DQ3: 33395 | DR3: 2164 | DS3: 2334 | DT3: 447 | DU3: 5764 | DV3: 2996 | DW3: 3309 | DX3: 6957 | DY3: 1221 | DZ3: 1305 | EA3: 5647 | EB3: 4726 | EC3: 665 | ED3: 510 | EE3: 16698 | EF3: 1552 | EG3: 7615 | EH3: 13983 | EJ3: =SUM(B3:EH3) -> 872046
A4: 2004M03 | B4: 2348 | C4: 3972 | D4: 89 | E4: 946 | F4: 7 | G4: 11 | H4: 10185 | I4: 25 | J4: 686 | K4: 15 | L4: 980 | M4: 317 | N4: 7720 | O4: 901 | P4: 549 | Q4: 5001 | R4: 16 | S4: 1038 | T4: 2440 | U4: 1236 | V4: 2835 | W4: 1696 | X4: 185 | Y4: 528 | Z4: 440 | AA4: 342 | AB4: 3261 | AC4: 290 | AD4: 273 | AE4: 1028 | AF4: 751 | AG4: 13321 | AH4: 177 | AI4: 950 | AJ4: 286 | AK4: 1156 | AL4: 2130 | AM4: 627 | AN4: 336 | AO4: 7257 | AP4: 366 | AQ4: 86 | AR4: 1143 | AS4: 3420 | AT4: 731 | AU4: 1286 | AV4: 1851 | AW4: 1557 | AX4: 13542 | AY4: 94 | AZ4: 369 | BA4: 3881 | BB4: 79 | BC4: 407 | BD4: 4921 | BE4: 2852 | BF4: 1075 | BG4: 2999 | BH4: 960 | BI4: 18897 | BJ4: 2137 | BK4: 4409 | BL4: 2493 | BM4: 3785 | BN4: 1016 | BO4: 1044 | BP4: 19356 | BQ4: 2115 | BR4: 49057 | BS4: 6788 | BT4: 6399 | BU4: 13313 | BV4: 2073 | BW4: 9052 | BX4: 2027 | BY4: 6138 | BZ4: 12776 | CA4: 1591 | CB4: 1006 | CC4: 5354 | CD4: 2614 | CE4: 2125 | CF4: 5423 | CG4: 66560 | CH4: 13209 | CI4: 26799 | CJ4: 7500 | CK4: 10191 | CL4: 7491 | CM4: 10423 | CN4: 28252 | CO4: 4583 | CP4: 2637 | CQ4: 3173 | CR4: 5094 | CS4: 19627 | CT4: 12202 | CU4: 1230 | CV4: 148671 | CW4: 6703 | CX4: 1801 | CY4: 18570 | CZ4: 2450 | DA4: 5351 | DB4: 8986 | DC4: 3150 | DD4: 3172 | DE4: 2319 | DF4: 29624 | DG4: 12129 | DH4: 11311 | DI4: 4085 | DJ4: 16599 | DK4: 9341 | DL4: 7738 | DM4: 11690 | DN4: 15842 | DO4: 2690 | DP4: 15552 | DQ4: 45393 | DR4: 3260 | DS4: 4126 | DT4: 576 | DU4: 7113 | DV4: 4043 | DW4: 4862 | DX4: 8949 | DY4: 1110 | DZ4: 1509 | EA4: 6501 | EB4: 5143 | EC4: 492 | ED4: 556 | EE4: 20762 | EF4: 2376 | EG4: 8472 | EH4: 17146 | EJ4: =SUM(B4:EH4) -> 998092
A5: 2004M04 | B5: 2122 | C5: 3567 | D5: 31 | E5: 967 | F5: 7 | G5: 7 | H5: 8957 | I5: 31 | J5: 494 | K5: 14 | L5: 880 | M5: 151 | N5: 8401 | O5: 573 | P5: 490 | Q5: 5042 | R5: 7 | S5: 896 | T5: 2109 | U5: 1482 | V5: 2741 | W5: 1644 | X5: 213 | Y5: 546 | Z5: 709 | AA5: 265 | AB5: 3652 | AC5: 242 | AD5: 226 | AE5: 712 | AF5: 802 | AG5: 12807 | AH5: 181 | AI5: 960 | AJ5: 176 | AK5: 949 | AL5: 1804 | AM5: 496 | AN5: 180 | AO5: 10450 | AP5: 406 | AQ5: 142 | AR5: 1543 | AS5: 3543 | AT5: 508 | AU5: 1148 | AV5: 2166 | AW5: 2223 | AX5: 12872 | AY5: 48 | AZ5: 308 | BA5: 3301 | BB5: 85 | BC5: 346 | BD5: 4887 | BE5: 2069 | BF5: 2202 | BG5: 2681 | BH5: 1022 | BI5: 16876 | BJ5: 2412 | BK5: 6746 | BL5: 2655 | BM5: 3881 | BN5: 855 | BO5: 804 | BP5: 18997 | BQ5: 2095 | BR5: 45287 | BS5: 7914 | BT5: 6951 | BU5: 17577 | BV5: 1989 | BW5: 8418 | BX5: 2209 | BY5: 7843 | BZ5: 10648 | CA5: 2115 | CB5: 769 | CC5: 5878 | CD5: 2845 | CE5: 1899 | CF5: 5464 | CG5: 61132 | CH5: 13356 | CI5: 33568 | CJ5: 9946 | CK5: 16582 | CL5: 9829 | CM5: 11894 | CN5: 29288 | CO5: 4465 | CP5: 2602 | CQ5: 8106 | CR5: 4713 | CS5: 16631 | CT5: 11567 | CU5: 1706 | CV5: 134126 | CW5: 6375 | CX5: 2953 | CY5: 19428 | CZ5: 4786 | DA5: 4279 | DB5: 7743 | DC5: 2450 | DD5: 2631 | DE5: 1901 | DF5: 27550 | DG5: 10041 | DH5: 9667 | DI5: 3712 | DJ5: 13595 | DK5: 8196 | DL5: 6647 | DM5: 9304 | DN5: 14785 | DO5: 2100 | DP5: 6915 | DQ5: 40471 | DR5: 1885 | DS5: 2285 | DT5: 613 | DU5: 6758 | DV5: 3304 | DW5: 4024 | DX5: 7309 | DY5: 1038 | DZ5: 2352 | EA5: 5671 | EB5: 4590 | EC5: 460 | ED5: 563 | EE5: 19701 | EF5: 2045 | EG5: 8922 | EH5: 14305 | EJ5: =SUM(B5:EH5) -> 961475
A6: 2004M05 | B6: 1695 | C6: 3935 | D6: 87 | E6: 881 | F6: 8 | G6: 14 | H6: 9917 | I6: 74 | J6: 630 | K6: 18 | L6: 773 | M6: 165 | N6: 7590 | O6: 1027 | P6: 674 | Q6: 5572 | R6: 23 | S6: 890 | T6: 2805 | U6: 1665 | V6: 2277 | W6: 2393 | X6: 242 | Y6: 421 | Z6: 673 | AA6: 410 | AB6: 3648 | AC6: 431 | AD6: 243 | AE6: 831 | AF6: 819 | AG6: 14175 | AH6: 228 | AI6: 1113 | AJ6: 257 | AK6: 1110 | AL6: 1924 | AM6: 665 | AN6: 227 | AO6: 9154 | AP6: 325 | AQ6: 76 | AR6: 1262 | AS6: 3539 | AT6: 635 | AU6: 1255 | AV6: 2247 | AW6: 4171 | AX6: 13501 | AY6: 61 | AZ6: 468 | BA6: 4644 | BB6: 62 | BC6: 364 | BD6: 4739 | BE6: 3163 | BF6: 1595 | BG6: 3009 | BH6: 1043 | BI6: 18382 | BJ6: 2515 | BK6: 8075 | BL6: 3618 | BM6: 4169 | BN6: 1059 | BO6: 1839 | BP6: 25953 | BQ6: 3663 | BR6: 46646 | BS6: 8381 | BT6: 8898 | BU6: 26251 | BV6: 2475 | BW6: 12839 | BX6: 3442 | BY6: 9157 | BZ6: 11427 | CA6: 2134 | CB6: 654 | CC6: 8770 | CD6: 2799 | CE6: 2088 | CF6: 4990 | CG6: 64252 | CH6: 16526 | CI6: 35476 | CJ6: 9246 | CK6: 19536 | CL6: 9341 | CM6: 19088 | CN6: 33983 | CO6: 5902 | CP6: 4466 | CQ6: 5496 | CR6: 5912 | CS6: 17148 | CT6: 11060 | CU6: 1235 | CV6: 138013 | CW6: 4864 | CX6: 1296 | CY6: 18072 | CZ6: 7451 | DA6: 4833 | DB6: 7742 | DC6: 2563 | DD6: 2496 | DE6: 1814 | DF6: 29652 | DG6: 9216 | DH6: 9473 | DI6: 2711 | DJ6: 13922 | DK6: 7578 | DL6: 6423 | DM6: 8483 | DN6: 11999 | DO6: 1922 | DP6: 7042 | DQ6: 38479 | DR6: 1867 | DS6: 2636 | DT6: 627 | DU6: 5513 | DV6: 4101 | DW6: 3837 | DX6: 8357 | DY6: 1416 | DZ6: 4247 | EA6: 6110 | EB6: 5078 | EC6: 523 | ED6: 577 | EE6: 20400 | EF6: 1871 | EG6: 8249 | EH6: 15040 | EJ6: =SUM(B6:EH6) -> 1031227
A7: 2004M06 | B7: 1768 | C7: 3899 | D7: 47 | E7: 784 | F7: 97 | G7: 35 | H7: 9517 | I7: 50 | J7: 620 | K7: 8 | L7: 881 | M7: 238 | N7: 8549 | O7: 1024 | P7: 1004 | Q7: 7041 | R7: 13 | S7: 1079 | T7: 2963 | U7: 1385 | V7: 2779 | W7: 1950 | X7: 315 | Y7: 475 | Z7: 537 | AA7: 297 | AB7: 4437 | AC7: 242 | AD7: 199 | AE7: 1884 | AF7: 1007 | AG7: 14916 | AH7: 329 | AI7: 1128 | AJ7: 240 | AK7: 1200 | AL7: 2283 | AM7: 614 | AN7: 212 | AO7: 8144 | AP7: 387 | AQ7: 97 | AR7: 1194 | AS7: 4503 | AT7: 608 | AU7: 1812 | AV7: 2242 | AW7: 1466 | AX7: 12383 | AY7: 36 | AZ7: 681 | BA7: 3588 | BB7: 90 | BC7: 308 | BD7: 4212 | BE7: 4129 | BF7: 2157 | BG7: 2477 | BH7: 1019 | BI7: 16175 | BJ7: 2949 | BK7: 4906 | BL7: 4120 | BM7: 4584 | BN7: 1953 | BO7: 1030 | BP7: 28612 | BQ7: 2722 | BR7: 46140 | BS7: 9589 | BT7: 9261 | BU7: 32436 | BV7: 3259 | BW7: 10646 | BX7: 2301 | BY7: 5230 | BZ7: 12828 | CA7: 1881 | CB7: 785 | CC7: 5940 | CD7: 2704 | CE7: 1919 | CF7: 5218 | CG7: 61439 | CH7: 11036 | CI7: 30922 | CJ7: 4489 | CK7: 13785 | CL7: 11124 | CM7: 14333 | CN7: 31260 | CO7: 5162 | CP7: 3157 | CQ7: 3521 | CR7: 5542 | CS7: 16333 | CT7: 11156 | CU7: 934 | CV7: 137828 | CW7: 4105 | CX7: 1326 | CY7: 15267 | CZ7: 3363 | DA7: 4625 | DB7: 7518 | DC7: 2447 | DD7: 2530 | DE7: 1699 | DF7: 28333 | DG7: 8901 | DH7: 9958 | DI7: 3146 | DJ7: 14117 | DK7: 8321 | DL7: 6361 | DM7: 9083 | DN7: 10865 | DO7: 1974 | DP7: 6072 | DQ7: 38548 | DR7: 1897 | DS7: 2712 | DT7: 499 | DU7: 5940 | DV7: 3649 | DW7: 4670 | DX7: 9487 | DY7: 1905 | DZ7: 2064 | EA7: 6315 | EB7: 5120 | EC7: 551 | ED7: 804 | EE7: 18958 | EF7: 2122 | EG7: 7472 | EH7: 16982 | EJ7: =SUM(B7:EH7) -> 986494
A8: 2004M07 | B8: 1994 | C8: 4329 | D8: 73 | E8: 1205 | F8: 22 | G8: 14 | H8: 11300 | I8: 25 | J8: 554 | K8: 35 | L8: 948 | M8: 208 | N8: 8207 | O8: 1324 | P8: 932 | Q8: 7035 | R8: 33 | S8: 918 | T8: 2307 | U8: 1887 | V8: 2620 | W8: 1971 | X8: 238 | Y8: 1538 | Z8: 590 | AA8: 360 | AB8: 3394 | AC8: 443 | AD8: 301 | AE8: 1564 | AF8: 1243 | AG8: 13694 | AH8: 341 | AI8: 1331 | AJ8: 161 | AK8: 1434 | AL8: 2734 | AM8: 1042 | AN8: 193 | AO8: 8999 | AP8: 349 | AQ8: 81 | AR8: 1181 | AS8: 8413 | AT8: 614 | AU8: 2838 | AV8: 2058 | AW8: 3521 | AX8: 12500 | AY8: 40 | AZ8: 1366 | BA8: 3638 | BB8: 83 | BC8: 342 | BD8: 4237 | BE8: 3236 | BF8: 2771 | BG8: 2861 | BH8: 1405 | BI8: 17393 | BJ8: 4982 | BK8: 4846 | BL8: 4339 | BM8: 4497 | BN8: 2076 | BO8: 1069 | BP8: 24304 | BQ8: 2282 | BR8: 47332 | BS8: 7903 | BT8: 7336 | BU8: 23167 | BV8: 2717 | BW8: 10192 | BX8: 2068 | BY8: 4873 | BZ8: 12918 | CA8: 1957 | CB8: 829 | CC8: 4755 | CD8: 2764 | CE8: 2806 | CF8: 4914 | CG8: 65616 | CH8: 13707 | CI8: 25930 | CJ8: 4886 | CK8: 12872 | CL8: 16459 | CM8: 11798 | CN8: 31414 | CO8: 4240 | CP8: 2707 | CQ8: 2881 | CR8: 4762 | CS8: 17627 | CT8: 10820 | CU8: 1119 | CV8: 137293 | CW8: 4126 | CX8: 1267 | CY8: 16557 | CZ8: 2454 | DA8: 4519 | DB8: 7605 | DC8: 2612 | DD8: 2247 | DE8: 1446 | DF8: 29035 | DG8: 8871 | DH8: 10643 | DI8: 3223 | DJ8: 14463 | DK8: 7846 | DL8: 6342 | DM8: 8804 | DN8: 11282 | DO8: 2046 | DP8: 6224 | DQ8: 38772 | DR8: 2084 | DS8: 2434 | DT8: 501 | DU8: 6213 | DV8: 3244 | DW8: 3224 | DX8: 8538 | DY8: 1449 | DZ8: 1832 | EA8: 6649 | EB8: 5005 | EC8: 446 | ED8: 837 | EE8: 18300 | EF8: 2543 | EG8: 8226 | EH8: 15194 | EJ8: =SUM(B8:EH8) -> 982628
A9: 2004M08 | B9: 1938 | C9: 4485 | D9: 62 | E9: 1183 | F9: 15 | G9: 17 | H9: 11555 | I9: 60 | J9: 606 | K9: 27 | L9: 1179 | M9: 231 | N9: 9048 | O9: 1291 | P9: 1025 | Q9: 7385 | R9: 67 | S9: 1139 | T9: 2098 | U9: 1418 | V9: 3126 | W9: 2145 | X9: 368 | Y9: 780 | Z9: 577 | AA9: 475 | AB9: 3369 | AC9: 437 | AD9: 246 | AE9: 2110 | AF9: 1150 | AG9: 15956 | AH9: 176 | AI9: 2692 | AJ9: 231 | AK9: 1260 | AL9: 2846 | AM9: 737 | AN9: 248 | AO9: 11054 | AP9: 462 | AQ9: 88 | AR9: 2421 | AS9: 6918 | AT9: 635 | AU9: 3202 | AV9: 2424 | AW9: 11920 | AX9: 17770 | AY9: 49 | AZ9: 517 | BA9: 9381 | BB9: 97 | BC9: 401 | BD9: 4953 | BE9: 2797 | BF9: 2905 | BG9: 3336 | BH9: 1255 | BI9: 18698 | BJ9: 5570 | BK9: 5005 | BL9: 3687 | BM9: 4472 | BN9: 2112 | BO9: 1067 | BP9: 22333 | BQ9: 2249 | BR9: 51690 | BS9: 8240 | BT9: 7606 | BU9: 19799 | BV9: 2754 | BW9: 10556 | BX9: 2063 | BY9: 4891 | BZ9: 13774 | CA9: 2158 | CB9: 754 | CC9: 4408 | CD9: 3047 | CE9: 2288 | CF9: 5136 | CG9: 68513 | CH9: 11688 | CI9: 21545 | CJ9: 6211 | CK9: 12493 | CL9: 11090 | CM9: 12966 | CN9: 32240 | CO9: 4639 | CP9: 2861 | CQ9: 3742 | CR9: 4849 | CS9: 19320 | CT9: 12154 | CU9: 1279 | CV9: 149483 | CW9: 4496 | CX9: 1355 | CY9: 18555 | CZ9: 2692 | DA9: 5770 | DB9: 7998 | DC9: 3069 | DD9: 2741 | DE9: 1549 | DF9: 32118 | DG9: 10036 | DH9: 10876 | DI9: 3494 | DJ9: 15578 | DK9: 9475 | DL9: 7161 | DM9: 10420 | DN9: 11752 | DO9: 2001 | DP9: 5960 | DQ9: 43863 | DR9: 2284 | DS9: 3199 | DT9: 518 | DU9: 6513 | DV9: 3982 | DW9: 3596 | DX9: 8180 | DY9: 2050 | DZ9: 1920 | EA9: 6934 | EB9: 4259 | EC9: 635 | ED9: 829 | EE9: 20919 | EF9: 2342 | EG9: 7382 | EH9: 16323 | EJ9: =SUM(B9:EH9) -> 1048597
A10: 2004M09 | B10: 1954 | C10: 3760 | D10: 131 | E10: 909 | F10: 8 | G10: 9 | H10: 10842 | I10: 24 | J10: 653 | K10: 19 | L10: 1129 | M10: 259 | N10: 8563 | O10: 1800 | P10: 807 | Q10: 7417 | R10: 152 | S10: 999 | T10: 1530 | U10: 1288 | V10: 2537 | W10: 1637 | X10: 244 | Y10: 832 | Z10: 466 | AA10: 246 | AB10: 2793 | AC10: 409 | AD10: 211 | AE10: 1138 | AF10: 1845 | AG10: 15275 | AH10: 234 | AI10: 1444 | AJ10: 133 | AK10: 1108 | AL10: 2648 | AM10: 398 | AN10: 167 | AO10: 7813 | AP10: 346 | AQ10: 66 | AR10: 1361 | AS10: 4134 | AT10: 432 | AU10: 2225 | AV10: 2080 | AW10: 16751 | AX10: 18650 | AY10: 105 | AZ10: 565 | BA10: 35313 | BB10: 51 | BC10: 389 | BD10: 6016 | BE10: 1648 | BF10: 1688 | BG10: 3063 | BH10: 989 | BI10: 17172 | BJ10: 3116 | BK10: 3907 | BL10: 3299 | BM10: 4004 | BN10: 1440 | BO10: 733 | BP10: 19475 | BQ10: 2095 | BR10: 51518 | BS10: 7737 | BT10: 6611 | BU10: 17480 | BV10: 2426 | BW10: 9556 | BX10: 1897 | BY10: 5387 | BZ10: 13569 | CA10: 1601 | CB10: 627 | CC10: 4133 | CD10: 2763 | CE10: 1643 | CF10: 4245 | CG10: 61201 | CH10: 8974 | CI10: 19203 | CJ10: 5625 | CK10: 11618 | CL10: 9088 | CM10: 11726 | CN10: 30263 | CO10: 3843 | CP10: 2474 | CQ10: 2939 | CR10: 5048 | CS10: 18437 | CT10: 11549 | CU10: 1200 | CV10: 144955 | CW10: 4098 | CX10: 1252 | CY10: 16397 | CZ10: 2847 | DA10: 5107 | DB10: 7587 | DC10: 2551 | DD10: 2562 | DE10: 1619 | DF10: 28288 | DG10: 10177 | DH10: 11634 | DI10: 3336 | DJ10: 14967 | DK10: 8538 | DL10: 6870 | DM10: 9218 | DN10: 11160 | DO10: 1868 | DP10: 5203 | DQ10: 37696 | DR10: 2036 | DS10: 3103 | DT10: 405 | DU10: 5948 | DV10: 3081 | DW10: 3259 | DX10: 7567 | DY10: 1185 | DZ10: 1725 | EA10: 5704 | EB10: 3583 | EC10: 510 | ED10: 661 | EE10: 17904 | EF10: 2063 | EG10: 7061 | EH10: 14681 | EJ10: =SUM(B10:EH10) -> 987731
A11: 2004M10 | B11: 1518 | C11: 3554 | D11: 56 | E11: 849 | F11: 12 | G11: 17 | H11: 10891 | I11: 27 | J11: 657 | K11: 17 | L11: 985 | M11: 268 | N11: 8053 | O11: 1108 | P11: 650 | Q11: 6496 | R11: 143 | S11: 842 | T11: 1710 | U11: 1470 | V11: 2507 | W11: 1827 | X11: 197 | Y11: 1072 | Z11: 717 | AA11: 270 | AB11: 2684 | AC11: 331 | AD11: 183 | AE11: 1342 | AF11: 964 | AG11: 13881 | AH11: 343 | AI11: 771 | AJ11: 197 | AK11: 1669 | AL11: 2202 | AM11: 665 | AN11: 430 | AO11: 10843 | AP11: 272 | AQ11: 97 | AR11: 1781 | AS11: 3929 | AT11: 547 | AU11: 1911 | AV11: 2157 | AW11: 4624 | AX11: 14586 | AY11: 51 | AZ11: 528 | BA11: 7719 | BB11: 57 | BC11: 364 | BD11: 5194 | BE11: 2299 | BF11: 1756 | BG11: 2807 | BH11: 1167 | BI11: 16705 | BJ11: 3103 | BK11: 4089 | BL11: 3277 | BM11: 3796 | BN11: 974 | BO11: 882 | BP11: 17402 | BQ11: 2066 | BR11: 47418 | BS11: 7196 | BT11: 6704 | BU11: 13999 | BV11: 2048 | BW11: 8180 | BX11: 1787 | BY11: 4307 | BZ11: 11086 | CA11: 1680 | CB11: 554 | CC11: 3824 | CD11: 2592 | CE11: 1748 | CF11: 4598 | CG11: 59010 | CH11: 8423 | CI11: 17782 | CJ11: 4760 | CK11: 10726 | CL11: 7908 | CM11: 11355 | CN11: 27463 | CO11: 3350 | CP11: 2138 | CQ11: 2367 | CR11: 5100 | CS11: 16984 | CT11: 10830 | CU11: 1074 | CV11: 143572 | CW11: 4105 | CX11: 1258 | CY11: 14687 | CZ11: 2017 | DA11: 4899 | DB11: 7210 | DC11: 2388 | DD11: 2397 | DE11: 1448 | DF11: 30344 | DG11: 11806 | DH11: 10962 | DI11: 4959 | DJ11: 14652 | DK11: 9704 | DL11: 6360 | DM11: 9748 | DN11: 13842 | DO11: 2048 | DP11: 5588 | DQ11: 41588 | DR11: 2319 | DS11: 3574 | DT11: 480 | DU11: 6409 | DV11: 2956 | DW11: 2947 | DX11: 7506 | DY11: 1417 | DZ11: 1335 | EA11: 5860 | EB11: 3831 | EC11: 529 | ED11: 673 | EE11: 17354 | EF11: 2144 | EG11: 7183 | EH11: 15415 | EJ11: =SUM(B11:EH11) -> 921063
A12: 2004M11 | B12: 1561 | C12: 3679 | D12: 67 | E12: 986 | F12: 5 | G12: 2 | H12: 9700 | I12: 37 | J12: 616 | K12: 14 | L12: 943 | M12: 219 | N12: 8671 | O12: 1098 | P12: 769 | Q12: 6516 | R12: 137 | S12: 1088 | T12: 1818 | U12: 1205 | V12: 2925 | W12: 2272 | X12: 350 | Y12: 813 | Z12: 757 | AA12: 295 | AB12: 2720 | AC12: 534 | AD12: 420 | AE12: 1452 | AF12: 1222 | AG12: 16338 | AH12: 257 | AI12: 957 | AJ12: 290 | AK12: 995 | AL12: 2337 | AM12: 757 | AN12: 182 | AO12: 8005 | AP12: 350 | AQ12: 106 | AR12: 1401 | AS12: 4105 | AT12: 475 | AU12: 1903 | AV12: 2786 | AW12: 3065 | AX12: 15836 | AY12: 69 | AZ12: 481 | BA12: 7733 | BB12: 42 | BC12: 443 | BD12: 5300 | BE12: 2359 | BF12: 1305 | BG12: 2936 | BH12: 1242 | BI12: 18916 | BJ12: 2119 | BK12: 4487 | BL12: 2675 | BM12: 4461 | BN12: 693 | BO12: 708 | BP12: 15482 | BQ12: 2149 | BR12: 49515 | BS12: 7534 | BT12: 6637 | BU12: 14046 | BV12: 2013 | BW12: 8967 | BX12: 1943 | BY12: 4648 | BZ12: 14116 | CA12: 1740 | CB12: 725 | CC12: 4058 | CD12: 2717 | CE12: 2386 | CF12: 5221 | CG12: 64929 | CH12: 9173 | CI12: 15713 | CJ12: 3830 | CK12: 10225 | CL12: 7376 | CM12: 10552 | CN12: 28127 | CO12: 3589 | CP12: 2015 | CQ12: 2413 | CR12: 4947 | CS12: 17771 | CT12: 11900 | CU12: 1258 | CV12: 142247 | CW12: 3179 | CX12: 1070 | CY12: 14684 | CZ12: 1864 | DA12: 4407 | DB12: 7690 | DC12: 2446 | DD12: 2182 | DE12: 1223 | DF12: 29804 | DG12: 11007 | DH12: 9958 | DI12: 4909 | DJ12: 14328 | DK12: 10612 | DL12: 6594 | DM12: 8862 | DN12: 16331 | DO12: 2141 | DP12: 5769 | DQ12: 40377 | DR12: 2018 | DS12: 6184 | DT12: 539 | DU12: 6542 | DV12: 2724 | DW12: 3187 | DX12: 6036 | DY12: 1095 | DZ12: 1543 | EA12: 6111 | EB12: 3526 | EC12: 422 | ED12: 472 | EE12: 19671 | EF12: 1882 | EG12: 6124 | EH12: 14646 | EJ12: =SUM(B12:EH12) -> 931126
A13: 2004M12 | B13: 1415 | C13: 2566 | D13: 31 | E13: 889 | F13: 1 | G13: 11 | H13: 7026 | I13: 8 | J13: 405 | K13: 1 | L13: 480 | M13: 145 | N13: 7307 | O13: 887 | P13: 516 | Q13: 4305 | R13: 174 | S13: 771 | T13: 1682 | U13: 990 | V13: 2447 | W13: 1143 | X13: 197 | Y13: 416 | Z13: 203 | AA13: 268 | AB13: 2631 | AC13: 202 | AD13: 204 | AE13: 623 | AF13: 565 | AG13: 12270 | AH13: 161 | AI13: 551 | AJ13: 118 | AK13: 799 | AL13: 1498 | AM13: 449 | AN13: 128 | AO13: 7307 | AP13: 282 | AQ13: 55 | AR13: 1179 | AS13: 2985 | AT13: 316 | AU13: 995 | AV13: 1787 | AW13: 1435 | AX13: 11206 | AY13: 115 | AZ13: 317 | BA13: 5455 | BB13: 98 | BC13: 281 | BD13: 3803 | BE13: 1845 | BF13: 1393 | BG13: 2207 | BH13: 1204 | BI13: 16843 | BJ13: 1859 | BK13: 3485 | BL13: 1483 | BM13: 3605 | BN13: 688 | BO13: 648 | BP13: 13485 | BQ13: 1703 | BR13: 40187 | BS13: 6298 | BT13: 4124 | BU13: 10483 | BV13: 1477 | BW13: 7031 | BX13: 1325 | BY13: 3935 | BZ13: 11969 | CA13: 1304 | CB13: 466 | CC13: 3760 | CD13: 2050 | CE13: 2476 | CF13: 4253 | CG13: 56900 | CH13: 6212 | CI13: 11850 | CJ13: 2700 | CK13: 7634 | CL13: 5468 | CM13: 8405 | CN13: 20559 | CO13: 2697 | CP13: 1738 | CQ13: 1665 | CR13: 3939 | CS13: 13275 | CT13: 10506 | CU13: 1051 | CV13: 115254 | CW13: 2109 | CX13: 788 | CY13: 10395 | CZ13: 1336 | DA13: 3488 | DB13: 5575 | DC13: 1512 | DD13: 1453 | DE13: 964 | DF13: 23162 | DG13: 7438 | DH13: 6542 | DI13: 2329 | DJ13: 11384 | DK13: 11005 | DL13: 5751 | DM13: 7041 | DN13: 8624 | DO13: 1655 | DP13: 3905 | DQ13: 32329 | DR13: 1973 | DS13: 4927 | DT13: 416 | DU13: 4878 | DV13: 1740 | DW13: 2549 | DX13: 3732 | DY13: 766 | DZ13: 1196 | EA13: 5227 | EB13: 2557 | EC13: 289 | ED13: 436 | EE13: 14198 | EF13: 1293 | EG13: 4762 | EH13: 12557 | EJ13: =SUM(B13:EH13) -> 725819
... A157: 2016M12 | B157: 2297 | C157: 3299 | D157: 97 | E157: 1223 | F157: 5 | G157: 27 | H157: 7531 | I157: 43 | J157: 1208 | K157: 49 | L157: 764 | M157: 26 | N157: 8295 | O157: 1330 | P157: 688 | Q157: 3476 | R157: 4 | S157: 1313 | T157: 2054 | U157: 1524 | V157: 4957 | W157: 1693 | X157: 481 | Y157: 726 | Z157: 509 | AA157: 435 | AB157: 4058 | AC157: 379 | AD157: 332 | AE157: 1301 | AF157: 875 | AG157: 18772 | AH157: 293 | AI157: 556 | AJ157: 270 | AK157: 1287 | AL157: 1713 | AM157: 517 | AN157: 214 | AO157: 6548 | AP157: 446 | AQ157: 80 | AR157: 2257 | AS157: 4043 | AT157: 593 | AU157: 2090 | AV157: 2926 | AW157: 1860 | AX157: 16759 | AY157: 192 | AZ157: 607 | BA157: 4642 | BB157: 255 | BC157: 659 | BD157: 3811 | BE157: 1779 | BF157: 1590 | BG157: 3131 | BH157: 1053 | BI157: 19627 | BJ157: 2611 | BK157: 5739 | BL157: 2188 | BM157: 3560 | BN157: 590 | BO157: 714 | BP157: 16473 | BQ157: 1411 | BR157: 39709 | BS157: 4860 | BT157: 4529 | BU157: 11105 | BV157: 1923 | BW157: 7414 | BX157: 1156 | BY157: 3432 | BZ157: 13147 | CA157: 1585 | CB157: 732 | CC157: 4142 | CD157: 1809 | CE157: 4430 | CF157: 4965 | CG157: 67650 | CH157: 7910 | CI157: 16070 | CJ157: 3316 | CK157: 7896 | CL157: 4795 | CM157: 7819 | CN157: 23722 | CO157: 2893 | CP157: 2145 | CQ157: 2228 | CR157: 4088 | CS157: 16458 | CT157: 12311 | CU157: 1523 | CV157: 143842 | CW157: 2346 | CX157: 1021 | CY157: 11868 | CZ157: 1393 | DA157: 4002 | DB157: 8261 | DC157: 2390 | DD157: 2033 | DE157: 1409 | DF157: 28342 | DG157: 7724 | DH157: 7238 | DI157: 1926 | DJ157: 14940 | DK157: 13778 | DL157: 6878 | DM157: 7971 | DN157: 6297 | DO157: 2215 | DP157: 3550 | DQ157: 35551 | DR157: 2319 | DS157: 4438 | DT157: 541 | DU157: 5907 | DV157: 2998 | DW157: 2936 | DX157: 6734 | DY157: 1229 | DZ157: 1435 | EA157: 5270 | EB157: 3077 | EC157: 577 | ED157: 689 | EE157: 19863 | EF157: 2473 | EG157: 7420 | EH157: 17941 | EJ157: =SUM(B157:EH157) -> 869439
