Workbook

Sheet conditional forecasts_6
A1: GVAR Conditional Forecasts
A2: Last in-sample estimation date: | B2: 2016M12
A3: Last forecast date: | B3: 2024M12
D4: =DATE(LEFT(D5,4),SUBSTITUTE(RIGHT(D5,2),"M",""),1) -> 42736 | E4: =DATE(LEFT(E5,4),SUBSTITUTE(RIGHT(E5,2),"M",""),1) -> 42767 | F4: =DATE(LEFT(F5,4),SUBSTITUTE(RIGHT(F5,2),"M",""),1) -> 42795 | G4: =DATE(LEFT(G5,4),SUBSTITUTE(RIGHT(G5,2),"M",""),1) -> 42826 | H4: =DATE(LEFT(H5,4),SUBSTITUTE(RIGHT(H5,2),"M",""),1) -> 42856 | I4: =DATE(LEFT(I5,4),SUBSTITUTE(RIGHT(I5,2),"M",""),1) -> 42887 | J4: =DATE(LEFT(J5,4),SUBSTITUTE(RIGHT(J5,2),"M",""),1) -> 42917 | K4: =DATE(LEFT(K5,4),SUBSTITUTE(RIGHT(K5,2),"M",""),1) -> 42948 | ... CU4: =DATE(LEFT(CU5,4),SUBSTITUTE(RIGHT(CU5,2),"M",""),1) -> 45627
D5: 2017M1 | E5: 2017M2 | F5: 2017M3 | G5: 2017M4 | H5: 2017M5 | I5: 2017M6 | J5: 2017M7 | K5: 2017M8 | L5: 2017M9 | M5: 2017M10 | N5: 2017M11 | O5: 2017M12 | P5: 2018M1 | Q5: 2018M2 | R5: 2018M3 | S5: 2018M4 | T5: 2018M5 | U5: 2018M6 | V5: 2018M7 | W5: 2018M8 | X5: 2018M9 | Y5: 2018M10 | Z5: 2018M11 | AA5: 2018M12 | AB5: 2019M1 | AC5: 2019M2 | AD5: 2019M3 | AE5: 2019M4 | AF5: 2019M5 | AG5: 2019M6 | AH5: 2019M7 | AI5: 2019M8 | AJ5: 2019M9 | AK5: 2019M10 | AL5: 2019M11 | AM5: 2019M12 | AN5: 2020M1 | AO5: 2020M2 | AP5: 2020M3 | AQ5: 2020M4 | AR5: 2020M5 | AS5: 2020M6 | AT5: 2020M7 | AU5: 2020M8 | AV5: 2020M9 | AW5: 2020M10 | AX5: 2020M11 | AY5: 2020M12 | AZ5: 2021M1 | BA5: 2021M2 | BB5: 2021M3 | BC5: 2021M4 | BD5: 2021M5 | BE5: 2021M6 | BF5: 2021M7 | BG5: 2021M8 | BH5: 2021M9 | BI5: 2021M10 | BJ5: 2021M11 | BK5: 2021M12 | BL5: 2022M1 | BM5: 2022M2 | BN5: 2022M3 | BO5: 2022M4 | BP5: 2022M5 | BQ5: 2022M6 | BR5: 2022M7 | BS5: 2022M8 | BT5: 2022M9 | BU5: 2022M10 | BV5: 2022M11 | BW5: 2022M12 | BX5: 2023M1 | BY5: 2023M2 | BZ5: 2023M3 | CA5: 2023M4 | CB5: 2023M5 | CC5: 2023M6 | CD5: 2023M7 | CE5: 2023M8 | CF5: 2023M9 | CG5: 2023M10 | CH5: 2023M11 | CI5: 2023M12 | CJ5: 2024M1 | CK5: 2024M2 | CL5: 2024M3 | CM5: 2024M4 | CN5: 2024M5 | CO5: 2024M6 | CP5: 2024M7 | CQ5: 2024M8 | CR5: 2024M9 | CS5: 2024M10 | CT5: 2024M11 | CU5: 2024M12 | CV5: Serie | CW5: Regiao
A6: Ro1101 | B6: adm | C6: Forecast | D6: 2971.9712 | E6: 3235.3591 | F6: 3789.7455 | G6: 3905.7828 | H6: 4027.6398 | I6: 4239.4372 | J6: 4167.6035 | K6: 4195.5061 | L6: 4015.1358 | M6: 3552.2437 | N6: 3320.0997 | O6: 2765.7109 | P6: 3490.422 | Q6: 3815.1162 | R6: 4479.8551 | S6: 4616.0834 | T6: 4760.9932 | U6: 4951.8967 | V6: 4846.4715 | W6: 4846.2891 | X6: 4652.9903 | Y6: 4206.2382 | Z6: 4014.1244 | AA6: 3512.0586 | AB6: 4289.2772 | AC6: 4655.8892 | AD6: 5346.9741 | AE6: 5495.1962 | AF6: 5642.6933 | AG6: 5832.7547 | AH6: 5727.9427 | AI6: 5732.5766 | AJ6: 5549.0162 | AK6: 5116.3102 | AL6: 4941.3122 | AM6: 4458.0667 | AN6: 5254.5596 | AO6: 5639.8337 | AP6: 6348.1358 | AQ6: 6511.6199 | AR6: 6672.3245 | AS6: 6873.8669 | AT6: 6779.4674 | AU6: 6794.2364 | AV6: 6621.2305 | AW6: 6199.9259 | AX6: 6037.2658 | AY6: 5567.0906 | AZ6: 6377.0122 | BA6: 6775.673 | BB6: 7497.0065 | BC6: 7672.9968 | BD6: 7845.6524 | BE6: 8058.6588 | BF6: 7975.3479 | BG6: 8000.9386 | BH6: 7838.5673 | BI6: 7427.7571 | BJ6: 7275.4773 | BK6: 6815.5924 | BL6: 7635.7526 | BM6: 8044.6588 | BN6: 8776.3167 | BO6: 8962.774 | BP6: 9146.0645 | BQ6: 9369.8291 | BR6: 9297.2662 | BS6: 9333.375 | BT6: 9181.0205 | BU6: 8779.4664 | BV6: 8635.5171 | BW6: 8183.0494 | BX6: 9009.9562 | BY6: 9425.4113 | BZ6: 10164.055 | CA6: 10358.596 | CB6: 10551.565 | CC6: 10786.752 | CD6: 10727.007 | CE6: 10776.452 | CF6: 10636.631 | CG6: 10245.324 | CH6: 10108.039 | CI6: 9657.9205 | CJ6: 10483.309 | CK6: 10894.953 | CL6: 11629.669 | CM6: 11824.675 | CN6: 12024.394 | CO6: 12273.43 | CP6: 12242.867 | CQ6: 12313.065 | CR6: 12212.742 | CS6: 11876.903 | CT6: 11669.003 | CU6: 11348.252 | CV6: 1 | CW6: =CY6 -> 1101 | CY6: =IFERROR(CZ6,0) -> 1101 | CZ6: =RIGHT(A6,4)*1 -> 1101
C7: Actual | CV7: 0 | CW7: =CY7 -> 0 | CY7: =IFERROR(CZ7,0) -> 0 | CZ7: =RIGHT(A7,4)*1 -> #VALUE!
A8: Ro1101 | B8: desl | C8: Forecast | D8: 3215.2547 | E8: 3259.8696 | F8: 3597.8894 | G8: 3676.9513 | H8: 3990.5602 | I8: 3934.672 | J8: 4116.0651 | K8: 4169.8579 | L8: 4058.2588 | M8: 4259.9603 | N8: 4129.0323 | O8: 3993.6849 | P8: 3960.4714 | Q8: 3922.5585 | R8: 4282.2772 | S8: 4316.5015 | T8: 4633.4332 | U8: 4557.3443 | V8: 4716.5201 | W8: 4747.2084 | X8: 4622.2009 | Y8: 4827.4226 | Z8: 4719.0212 | AA8: 4620.6773 | AB8: 4631.0492 | AC8: 4635.1065 | AD8: 5029.5937 | AE8: 5089.3528 | AF8: 5423.8998 | AG8: 5360.6578 | AH8: 5531.3184 | AI8: 5574.7037 | AJ8: 5464.9346 | AK8: 5688.1755 | AL8: 5600.1427 | AM8: 5523.788 | AN8: 5556.9724 | AO8: 5583.9082 | AP8: 6000.6782 | AQ8: 6081.6172 | AR8: 6435.9609 | AS8: 6391.1293 | AT8: 6579.0773 | AU8: 6639.0722 | AV8: 6545.7257 | AW8: 6785.6016 | AX8: 6714.6311 | AY8: 6655.7748 | AZ8: 6706.7387 | BA8: 6751.4974 | BB8: 7185.8975 | BC8: 7284.0999 | BD8: 7655.2528 | BE8: 7626.7686 | BF8: 7830.6483 | BG8: 7906.2277 | BH8: 7828.1858 | BI8: 8083.1394 | BJ8: 8027.0575 | BK8: 7982.9285 | BL8: 8048.4842 | BM8: 8107.7292 | BN8: 8556.5433 | BO8: 8669.1174 | BP8: 9054.6145 | BQ8: 9040.4306 | BR8: 9258.508 | BS8: 9348.0785 | BT8: 9283.6845 | BU8: 9551.8006 | BV8: 9508.2892 | BW8: 9476.1119 | BX8: 9553.089 | BY8: 9623.4399 | BZ8: 10083.363 | CA8: 10207.409 | CB8: 10605.051 | CC8: 10603.842 | CD8: 10835.636 | CE8: 10939.289 | CF8: 10888.708 | CG8: 11169.576 | CH8: 11136.987 | CI8: 11113.426 | CJ8: 11196.639 | CK8: 11271.381 | CL8: 11735.367 | CM8: 11864.141 | CN8: 12269.943 | CO8: 12281.653 | CP8: 12527.854 | CQ8: 12656.665 | CR8: 12627.947 | CS8: 12907.852 | CT8: 12945.375 | CU8: 12851.316 | CV8: -1 | CW8: =CY8 -> 1101 | CY8: =IFERROR(CZ8,0) -> 1101 | CZ8: =RIGHT(A8,4)*1 -> 1101
C9: Actual | CV9: 0 | CW9: =CY9 -> 0 | CY9: =IFERROR(CZ9,0) -> 0 | CZ9: =RIGHT(A9,4)*1 -> #VALUE!
A10: Ro1102 | B10: adm | C10: Forecast | D10: 4805.1099 | E10: 5226.4448 | F10: 5926.0425 | G10: 5890.6612 | H10: 5836.4349 | I10: 5866.0396 | J10: 5539.6805 | K10: 5519.2345 | L10: 5284.6769 | M10: 4895.1884 | N10: 5017.3536 | O10: 4537.0284 | P10: 5521.8318 | Q10: 5723.1581 | R10: 6346.2211 | S10: 6239.7884 | T10: 6136.2739 | U10: 6106.8973 | V10: 5740.0336 | W10: 5699.7651 | X10: 5472.9904 | Y10: 5124.2777 | Z10: 5305.2913 | AA10: 4884.4028 | AB10: 5915.0157 | AC10: 6140.313 | AD10: 6766.7024 | AE10: 6651.0407 | AF10: 6535.6384 | AG10: 6499.564 | AH10: 6135.0453 | AI10: 6106.0689 | AJ10: 5896.974 | AK10: 5569.0608 | AL10: 5771.2311 | AM10: 5370.098 | AN10: 6418.2252 | AO10: 6658.5447 | AP10: 7297.5455 | AQ10: 7192.4112 | AR10: 7086.0193 | AS10: 7058.2103 | AT10: 6702.0591 | AU10: 6682.2711 | AV10: 6483.5886 | AW10: 6167.3107 | AX10: 6381.9834 | AY10: 5993.6669 | AZ10: 7054.3712 | BA10: 7306.6327 | BB10: 7956.776 | BC10: 7862.0341 | BD10: 7765.4689 | BE10: 7747.1444 | BF10: 7400.3203 | BG10: 7389.8127 | BH10: 7200.4013 | BI10: 6893.3785 | BJ10: 7117.2743 | BK10: 6738.1523 | BL10: 7808.0557 | BM10: 8069.5754 | BN10: 8729.088 | BO10: 8643.8422 | BP10: 8556.8484 | BQ10: 8548.0338 | BR10: 8210.4434 | BS10: 8208.6361 | BT10: 8027.1585 | BU10: 7727.1755 | BV10: 7957.2733 | BW10: 7583.8016 | BX10: 8659.3079 | BY10: 8927.0225 | BZ10: 9593.946 | CA10: 9517.747 | CB10: 9441.4663 | CC10: 9444.5551 | CD10: 9119.0698 | CE10: 9128.2225 | CF10: 8955.1219 | CG10: 8659.8139 | CH10: 8890.4278 | CI10: 8513.8551 | CJ10: 9584.4154 | CK10: 9848.0906 | CL10: 10514.539 | CM10: 10445.906 | CN10: 10384.904 | CO10: 10411.366 | CP10: 10118.325 | CQ10: 10148.966 | CR10: 9999.0898 | CS10: 9739.1502 | CT10: 9849.7217 | CU10: 9621.6472 | CV10: 1 | CW10: =CY10 -> 1102 | CY10: =IFERROR(CZ10,0) -> 1102 | CZ10: =RIGHT(A10,4)*1 -> 1102
C11: Actual | CV11: 0 | CW11: =CY11 -> 0 | CY11: =IFERROR(CZ11,0) -> 0 | CZ11: =RIGHT(A11,4)*1 -> #VALUE!
A12: Ro1102 | B12: desl | C12: Forecast | D12: 5153.9883 | E12: 5161.9421 | F12: 5710.6596 | G12: 5353.6937 | H12: 5632.6775 | I12: 5169.5156 | J12: 5243.7174 | K12: 5452.2012 | L12: 4976.2455 | M12: 5726.3922 | N12: 5768.5325 | O12: 5503.6416 | P12: 5610.1213 | Q12: 5361.3351 | R12: 5937.2812 | S12: 5532.6326 | T12: 5772.6057 | U12: 5306.6065 | V12: 5366.2506 | W12: 5577.277 | X12: 5122.3419 | Y12: 5905.541 | Z12: 5987.1629 | AA12: 5757.5482 | AB12: 5888.2536 | AC12: 5652.1109 | AD12: 6233.012 | AE12: 5831.2264 | AF12: 6076.7376 | AG12: 5621.3266 | AH12: 5696.4875 | AI12: 5926.3123 | AJ12: 5491.4214 | AK12: 6294.3165 | AL12: 6394.4835 | AM12: 6182.1018 | AN12: 6328.8583 | AO12: 6107.7539 | AP12: 6702.8128 | AQ12: 6314.4496 | AR12: 6572.8778 | AS12: 6130.2002 | AT12: 6218.2505 | AU12: 6461.3679 | AV12: 6040.244 | AW12: 6857.2622 | AX12: 6971.6598 | AY12: 6773.3365 | AZ12: 6933.7622 | BA12: 6725.8344 | BB12: 7333.5879 | BC12: 6957.5238 | BD12: 7227.9664 | BE12: 6797.1129 | BF12: 6896.8552 | BG12: 7151.5577 | BH12: 6741.9199 | BI12: 7570.3327 | BJ12: 7696.0505 | BK12: 7508.9997 | BL12: 7680.6755 | BM12: 7483.9846 | BN12: 8102.9399 | BO12: 7737.981 | BP12: 8019.332 | BQ12: 7599.066 | BR12: 7708.9543 | BS12: 7973.281 | BT12: 7572.7431 | BU12: 8409.8357 | BV12: 8544.0289 | BW12: 8365.5499 | BX12: 8546.2178 | BY12: 8359.1972 | BZ12: 8988.597 | CA12: 8634.7131 | CB12: 8927.362 | CC12: 8517.9882 | CD12: 8637.646 | CE12: 8909.9779 | CF12: 8515.3499 | CG12: 9356.362 | CH12: 9493.1256 | CI12: 9317.0958 | CJ12: 9501.5759 | CK12: 9320.8394 | CL12: 9961.2821 | CM12: 9621.4676 | CN12: 9932.1616 | CO12: 9544.6145 | CP12: 9674.271 | CQ12: 9964.4908 | CR12: 9584.0866 | CS12: 10321.215 | CT12: 10626.735 | CU12: 10208.612 | CV12: -1 | CW12: =CY12 -> 1102 | CY12: =IFERROR(CZ12,0) -> 1102 | CZ12: =RIGHT(A12,4)*1 -> 1102
C13: Actual | CV13: 0 | CW13: =CY13 -> 0 | CY13: =IFERROR(CZ13,0) -> 0 | CZ13: =RIGHT(A13,4)*1 -> #VALUE!
A14: Ac1201 | B14: adm | C14: Forecast | D14: 126.35637 | E14: 126.8376 | F14: 174.4873 | G14: 206.26166 | H14: 227.6565 | I14: 244.19842 | J14: 228.24291 | K14: 218.46386 | L14: 199.47221 | M14: 168.6912 | N14: 160.43161 | O14: 133.97148 | P14: 160.55887 | Q14: 163.79856 | R14: 199.35335 | S14: 226.80552 | T14: 245.67973 | U14: 257.88541 | V14: 236.94444 | W14: 221.54728 | X14: 198.01528 | Y14: 165.44346 | Z14: 158.64175 | AA14: 136.55949 | AB14: 169.07561 | AC14: 178.11491 | AD14: 218.03992 | AE14: 247.8088 | AF14: 267.06434 | AG14: 278.3689 | AH14: 256.07273 | AI14: 239.56592 | AJ14: 215.58084 | AK14: 183.32062 | AL14: 177.48435 | AM14: 156.80461 | AN14: 190.9267 | AO14: 201.57486 | AP14: 242.96316 | AQ14: 273.95672 | AR14: 294.16028 | AS14: 306.15166 | AT14: 284.3436 | AU14: 268.22018 | AV14: 244.61581 | AW14: 212.81825 | AX14: 207.57471 | AY14: 187.62266 | AZ14: 222.57563 | BA14: 234.10529 | BB14: 276.37101 | BC14: 308.19593 | BD14: 329.163 | BE14: 341.84806 | BF14: 320.67595 | BG14: 305.14904 | BH14: 282.1194 | BI14: 250.88774 | BJ14: 246.20864 | BK14: 226.82287 | BL14: 262.34571 | BM14: 274.45142 | BN14: 317.30386 | BO14: 349.73194 | BP14: 371.32335 | BQ14: 384.65432 | BR14: 364.14255 | BS14: 349.27388 | BT14: 326.87542 | BU14: 296.21878 | BV14: 292.03274 | BW14: 273.04463 | BX14: 308.87708 | BY14: 321.23725 | BZ14: 364.3458 | CA14: 397.10299 | CB14: 419.16568 | CC14: 433.15646 | CD14: 413.49596 | CE14: 399.61704 | CF14: 378.23619 | CG14: 348.47422 | CH14: 344.89658 | CI14: 326.10388 | CJ14: 361.6695 | CK14: 373.37667 | CL14: 415.61836 | CM14: 447.66737 | CN14: 469.44476 | CO14: 483.99429 | CP14: 465.87953 | CQ14: 454.34912 | CR14: 435.76564 | CS14: 410.94035 | CT14: 405.02428 | CU14: 396.1282 | CV14: 1 | CW14: =CY14 -> 1201 | CY14: =IFERROR(CZ14,0) -> 1201 | CZ14: =RIGHT(A14,4)*1 -> 1201
C15: Actual | CV15: 0 | CW15: =CY15 -> 0 | CY15: =IFERROR(CZ15,0) -> 0 | CZ15: =RIGHT(A15,4)*1 -> #VALUE!
A16: Ac1201 | B16: desl | C16: Forecast | D16: 194.03054 | E16: 159.49159 | F16: 159.89575 | G16: 150.59441 | H16: 167.71427 | I16: 164.89237 | J16: 182.71523 | K16: 194.46726 | L16: 188.17507 | M16: 223.65862 | N16: 224.61693 | O16: 220.86935 | P16: 211.90235 | Q16: 185.37527 | R16: 181.7285 | S16: 165.73266 | T16: 182.17851 | U16: 179.61644 | V16: 198.22178 | W16: 211.02415 | X16: 204.62754 | Y16: 239.05045 | Z16: 238.65345 | AA16: 233.97383 | AB16: 224.95317 | AC16: 199.29642 | AD16: 197.19059 | AE16: 183.01269 | AF16: 201.20278 | AG16: 200.1141 | AH16: 219.88655 | AI16: 233.62179 | AJ16: 228.02875 | AK16: 263.21067 | AL16: 263.57587 | AM16: 259.68183 | AN16: 251.48006 | AO16: 226.68531 | AP16: 225.49321 | AQ16: 212.28088 | AR16: 231.47444 | AS16: 231.4002 | AT16: 252.16623 | AU16: 266.84809 | AV16: 262.14254 | AW16: 298.15674 | AX16: 299.31502 | AY16: 296.1955 | AZ16: 288.76742 | BA16: 264.75574 | BB16: 264.35777 | BC16: 251.94597 | BD16: 271.93886 | BE16: 272.65558 | BF16: 294.19936 | BG16: 309.64395 | BH16: 305.68674 | BI16: 342.43685 | BJ16: 344.32068 | BK16: 341.91755 | BL16: 335.19653 | BM16: 311.88089 | BN16: 312.16528 | BO16: 300.41947 | BP16: 321.06046 | BQ16: 322.40825 | BR16: 344.57012 | BS16: 360.6268 | BT16: 357.2844 | BU16: 394.66025 | BV16: 397.18559 | BW16: 395.4386 | BX16: 389.37973 | BY16: 366.71654 | BZ16: 367.62352 | CA16: 356.45051 | CB16: 377.6009 | CC16: 379.39316 | CD16: 401.949 | CE16: 418.37943 | CF16: 415.43348 | CG16: 453.27367 | CH16: 456.36804 | CI16: 455.31517 | CJ16: 450.04967 | CK16: 428.22198 | CL16: 429.95481 | CM16: 419.39457 | CN16: 440.97309 | CO16: 442.96115 | CP16: 464.95635 | CQ16: 481.76347 | CR16: 477.88741 | CS16: 513.47558 | CT16: 522.97315 | CU16: 513.29507 | CV16: -1 | CW16: =CY16 -> 1201 | CY16: =IFERROR(CZ16,0) -> 1201 | CZ16: =RIGHT(A16,4)*1 -> 1201
C17: Actual | CV17: 0 | CW17: =CY17 -> 0 | CY17: =IFERROR(CZ17,0) -> 0 | CZ17: =RIGHT(A17,4)*1 -> #VALUE!
A18: Ac1202 | B18: adm | C18: Forecast | D18: 1566.222 | E18: 1669.4399 | F18: 1861.3321 | G18: 1913.4152 | H18: 1907.3729 | I18: 1934.5405 | J18: 1872.7611 | K18: 1866.7247 | L18: 1791.1189 | M18: 1663.5907 | N18: 1672.1623 | O18: 1456.6262 | P18: 1732.4047 | Q18: 1828.2496 | R18: 2043.712 | S18: 2052.3821 | T18: 2038.8781 | U18: 2048.0319 | V18: 1972.9779 | W18: 1961.2568 | X18: 1884.3659 | Y18: 1764.9583 | Z18: 1787.6017 | AA18: 1588.7409 | AB18: 1880.76 | AC18: 1989.0463 | AD18: 2211.7292 | AE18: 2222.9307 | AF18: 2208.9843 | AG18: 2216.8891 | AH18: 2141.6155 | AI18: 2131.7225 | AJ18: 2058.8655 | AK18: 1945.2369 | AL18: 1974.6553 | AM18: 1782.8227 | AN18: 2081.5579 | AO18: 2195.9077 | AP18: 2423.8637 | AQ18: 2439.5701 | AR18: 2429.4989 | AS18: 2440.864 | AT18: 2368.8846 | AU18: 2362.3545 | AV18: 2293.1024 | AW18: 2183.4003 | AX18: 2217.0459 | AY18: 2029.6396 | AZ18: 2332.8587 | BA18: 2451.612 | BB18: 2683.7923 | BC18: 2703.4997 | BD18: 2697.2132 | BE18: 2712.1884 | BF18: 2643.6996 | BG18: 2640.5911 | BH18: 2574.7282 | BI18: 2468.4033 | BJ18: 2505.4239 | BK18: 2321.3952 | BL18: 2627.9997 | BM18: 2750.1529 | BN18: 2985.7531 | BO18: 3008.8979 | BP18: 3006.0505 | BQ18: 3024.4321 | BR18: 2959.2652 | BS18: 2959.3326 | BT18: 2896.4427 | BU18: 2792.8551 | BV18: 2832.3866 | BW18: 2650.7065 | BX18: 2959.6153 | BY18: 3084.1837 | BZ18: 3322.4674 | CA18: 3348.679 | CB18: 3349.3063 | CC18: 3371.4735 | CD18: 3310.1742 | CE18: 3313.8666 | CF18: 3253.9968 | CG18: 3152.5287 | CH18: 3193.1275 | CI18: 3011.5768 | CJ18: 3320.0453 | CK18: 3444.3085 | CL18: 3682.9749 | CM18: 3711.4475 | CN18: 3716.1656 | CO18: 3744.5213 | CP18: 3690.982 | CQ18: 3702.8147 | CR18: 3645.273 | CS18: 3560.3747 | CT18: 3566.2493 | CU18: 3427.0386 | CV18: 1 | CW18: =CY18 -> 1202 | CY18: =IFERROR(CZ18,0) -> 1202 | CZ18: =RIGHT(A18,4)*1 -> 1202
C19: Actual | CV19: 0 | CW19: =CY19 -> 0 | CY19: =IFERROR(CZ19,0) -> 0 | CZ19: =RIGHT(A19,4)*1 -> #VALUE!
A20: Ac1202 | B20: desl | C20: Forecast | D20: 1767.9933 | E20: 1693.4829 | F20: 1854.6893 | G20: 1692.1342 | H20: 1866.3436 | I20: 1692.8518 | J20: 1735.6664 | K20: 1813.4487 | L20: 1663.1243 | M20: 1996.5782 | N20: 2006.406 | O20: 2024.8715 | P20: 1998.8287 | Q20: 1803.505 | R20: 1949.4918 | S20: 1778.709 | T20: 1933.0603 | U20: 1759.1829 | V20: 1797.4949 | W20: 1876.1613 | X20: 1733.2868 | Y20: 2077.0986 | Z20: 2099.8808 | AA20: 2130.691 | AB20: 2114.0692 | AC20: 1925.0254 | AD20: 2074.9628 | AE20: 1907.1671 | AF20: 2064.8445 | AG20: 1895.3563 | AH20: 1939.2211 | AI20: 2024.3157 | AJ20: 1888.3209 | AK20: 2239.0942 | AL20: 2268.6995 | AM20: 2306.0994 | AN20: 2295.7949 | AO20: 2112.7708 | AP20: 2268.4139 | AQ20: 2106.023 | AR20: 2268.865 | AS20: 2104.405 | AT20: 2153.2792 | AU20: 2243.4594 | AV20: 2112.6696 | AW20: 2468.7525 | AX20: 2503.713 | AY20: 2546.4376 | AZ20: 2541.3614 | BA20: 2363.4295 | BB20: 2524.0185 | BC20: 2366.4383 | BD20: 2533.9772 | BE20: 2374.1213 | BF20: 2427.5227 | BG20: 2522.164 | BH20: 2395.7785 | BI20: 2756.2201 | BJ20: 2795.5086 | BK20: 2842.5474 | BL20: 2841.7861 | BM20: 2668.1761 | BN20: 2833.0864 | BO20: 2679.802 | BP20: 2851.5696 | BQ20: 2695.8226 | BR20: 2753.1609 | BS20: 2851.5296 | BT20: 2728.6558 | BU20: 3092.4301 | BV20: 3134.9553 | BW20: 3185.2544 | BX20: 3187.9098 | BY20: 3017.9834 | BZ20: 3186.8935 | CA20: 3037.8812 | CB20: 3214.0419 | CC20: 3062.565 | CD20: 3123.7624 | CE20: 3225.3094 | CF20: 3104.7771 | CG20: 3470.0707 | CH20: 3513.5207 | CI20: 3564.6139 | CJ20: 3568.5553 | CK20: 3400.8244 | CL20: 3573.8407 | CM20: 3430.2532 | CN20: 3613.303 | CO20: 3470.7362 | CP20: 3536.3694 | CQ20: 3643.3136 | CR20: 3534.0666 | CS20: 3851.6641 | CT20: 3970.0539 | CU20: 3919.4065 | CV20: -1 | CW20: =CY20 -> 1202 | CY20: =IFERROR(CZ20,0) -> 1202 | CZ20: =RIGHT(A20,4)*1 -> 1202
C21: Actual | CV21: 0 | CW21: =CY21 -> 0 | CY21: =IFERROR(CZ21,0) -> 0 | CZ21: =RIGHT(A21,4)*1 -> #VALUE!
A22: Am1301 | B22: adm | C22: Forecast | D22: 25.814872 | E22: 18.651279 | F22: 24.87336 | G22: 18.922578 | H22: 16.609989 | I22: 23.657241 | J22: 12.215635 | K22: 15.478621 | L22: 18.581932 | M22: 6.2223467 | N22: 19.842993 | O22: 16.124996 | P22: 35.240894 | Q22: 21.545165 | R22: 22.184914 | S22: 17.432187 | T22: 14.056681 | U22: 20.669562 | V22: 9.7130523 | W22: 12.669597 | X22: 15.740038 | Y22: 3.3959065 | Z22: 17.012713 | AA22: 13.404947 | AB22: 32.665915 | AC22: 19.088586 | AD22: 19.802556 | AE22: 15.074938 | AF22: 11.687472 | AG22: 18.274656 | AH22: 7.2997059 | AI22: 10.25566 | AJ22: 13.345152 | AK22: 1.0348133 | AL22: 14.692283 | AM22: 11.125913 | AN22: 30.425872 | AO22: 16.88403 | AP22: 17.629865 | AQ22: 12.930516 | AR22: 9.5676619 | AS22: 16.176021 | AT22: 5.2196424 | AU22: 8.1929913 | AV22: 11.300362 | AW22: -0.99024624 | AX22: 12.689429 | AY22: 9.1474955 | AZ22: 28.473223 | BA22: 14.957345 | BB22: 15.728365 | BC22: 11.052865 | BD22: 7.7124041 | BE22: 14.34189 | BF22: 3.4056786 | BG22: 6.3984954 | BH22: 9.5247893 | BI22: -2.7473666 | BJ22: 10.950365 | BK22: 7.4262517 | BL22: 26.769848 | BM22: 13.272273 | BN22: 14.062429 | BO22: 9.4071653 | BP22: 6.0880374 | BQ22: 12.739567 | BR22: 1.8253144 | BS22: 4.8389007 | BT22: 7.9835896 | BU22: -4.2734819 | BV22: 9.4356927 | BW22: 5.9199362 | BX22: 25.270329 | BY22: 11.780311 | BZ22: 12.581437 | CA22: 7.942903 | CB22: 4.6475625 | CC22: 11.329592 | CD22: 0.45003705 | CE22: 3.4982565 | CF22: 6.6715056 | CG22: -5.5685907 | CH22: 8.1412665 | CI22: 4.6069137 | CJ22: 23.926485 | CK22: 10.402785 | CL22: 11.162094 | CM22: 6.5413768 | CN22: 3.2466053 | CO22: 9.9625569 | CP22: -0.68398783 | CQ22: 2.0244552 | CR22: 5.5258581 | CS22: -5.4149637 | CT22: 3.5487841 | CU22: 8.7033078 | CV22: 1 | CW22: =CY22 -> 1301 | CY22: =IFERROR(CZ22,0) -> 1301 | CZ22: =RIGHT(A22,4)*1 -> 1301
C23: Actual | CV23: 0 | CW23: =CY23 -> 0 | CY23: =IFERROR(CZ23,0) -> 0 | CZ23: =RIGHT(A23,4)*1 -> #VALUE!
A24: Am1301 | B24: desl | C24: Forecast | D24: 21.345085 | E24: 26.440844 | F24: 18.798829 | G24: 19.357964 | H24: 21.015534 | I24: 12.312313 | J24: 16.180924 | K24: 15.652415 | L24: 12.338055 | M24: 26.956862 | N24: 24.07691 | O24: 37.369202 | P24: 19.041492 | Q24: 21.90992 | R24: 15.073441 | S24: 15.09976 | T24: 16.422615 | U24: 8.1962576 | V24: 11.867604 | W24: 11.558669 | X24: 8.457051 | Y24: 23.114239 | Z24: 20.230787 | AA24: 33.441253 | AB24: 14.991421 | AC24: 17.772935 | AD24: 10.911186 | AE24: 10.968371 | AF24: 12.354833 | AG24: 4.1952159 | AH24: 7.9148581 | AI24: 7.6298669 | AJ24: 4.5331652 | AK24: 19.185985 | AL24: 16.297704 | AM24: 29.507203 | AN24: 11.06021 | AO24: 13.846573 | AP24: 6.9903419 | AQ24: 7.053708 | AR24: 8.4479875 | AS24: 0.29867914 | AT24: 4.0309797 | AU24: 3.7597557 | AV24: 0.67616343 | AW24: 15.339956 | AX24: 12.459928 | AY24: 25.675393 | AZ24: 7.2331877 | BA24: 10.024381 | BB24: 3.1738788 | BC24: 3.2441298 | BD24: 4.6461735 | BE24: -3.4950509 | BF24: 0.24510265 | BG24: -0.018827488 | BH24: -3.09571 | BI24: 11.574445 | BJ24: 8.7008163 | BK24: 21.9231 | BL24: 3.4883854 | BM24: 6.2877676 | BN24: -0.5541022 | BO24: -0.47529181 | BP24: 0.93454307 | BQ24: -7.200368 | BR24: -3.4558861 | BS24: -3.7175532 | BT24: -6.7937301 | BU24: 7.8766933 | BV24: 5.0044673 | BW24: 18.230961 | BX24: -0.19544261 | BY24: 2.6167562 | BZ24: -4.2086217 | CA24: -4.1118192 | CB24: -2.6856828 | CC24: -10.809617 | CD24: -7.062436 | CE24: -7.3315302 | CF24: -10.424244 | CG24: 4.2236156 | CH24: 1.3285187 | CI24: 14.54048 | CJ24: -3.8830047 | CK24: -1.0552923 | CL24: -7.8181964 | CM24: -7.6754559 | CN24: -6.1670032 | CO24: -14.189416 | CP24: -10.575022 | CQ24: -10.764821 | CR24: -13.43467 | CS24: -1.4446299 | CT24: 1.028274 | CU24: 6.7714174 | CV24: -1 | CW24: =CY24 -> 1301 | CY24: =IFERROR(CZ24,0) -> 1301 | CZ24: =RIGHT(A24,4)*1 -> 1301
C25: Actual | CV25: 0 | CW25: =CY25 -> 0 | CY25: =IFERROR(CZ25,0) -> 0 | CZ25: =RIGHT(A25,4)*1 -> #VALUE!
A26: Am1302 | B26: adm | C26: Forecast | D26: 26.835821 | E26: 24.956815 | F26: 29.292721 | G26: 29.008606 | H26: 28.675295 | I26: 31.060542 | J26: 27.750253 | K26: 28.93718 | L26: 29.05102 | M26: 23.944647 | N26: 27.118566 | O26: 23.307662 | P26: 29.846076 | Q26: 28.4649 | R26: 31.946567 | S26: 31.919541 | T26: 31.364823 | U26: 33.491969 | V26: 30.074745 | W26: 31.042483 | X26: 31.115314 | Y26: 26.175456 | Z26: 29.664404 | AA26: 26.244925 | AB26: 33.1361 | AC26: 31.985914 | AD26: 35.559415 | AE26: 35.520652 | AF26: 34.912228 | AG26: 37.001757 | AH26: 33.597134 | AI26: 34.633406 | AJ26: 34.816872 | AK26: 30.008874 | AL26: 33.63283 | AM26: 30.340827 | AN26: 37.34797 | AO26: 36.301858 | AP26: 39.968162 | AQ26: 40.011642 | AR26: 39.476162 | AS26: 41.631903 | AT26: 38.290711 | AU26: 39.392066 | AV26: 39.645809 | AW26: 34.914795 | AX26: 38.621603 | AY26: 35.415686 | AZ26: 42.508849 | BA26: 41.545877 | BB26: 45.290847 | BC26: 45.408307 | BD26: 44.942936 | BE26: 47.166194 | BF26: 43.89113 | BG26: 45.058042 | BH26: 45.377138 | BI26: 40.711312 | BJ26: 44.483053 | BK26: 41.341759 | BL26: 48.499303 | BM26: 47.600647 | BN26: 51.410068 | BO26: 51.592193 | BP26: 51.191533 | BQ26: 53.479033 | BR26: 50.266886 | BS26: 51.494305 | BT26: 51.870426 | BU26: 47.257428 | BV26: 51.077792 | BW26: 47.981889 | BX26: 55.183585 | BY26: 54.3306 | BZ26: 58.190145 | CA26: 58.429132 | CB26: 58.092817 | CC26: 60.450677 | CD26: 57.311001 | CE26: 58.607259 | CF26: 59.041956 | CG26: 54.47175 | CH26: 58.316307 | CI26: 55.226106 | CJ26: 62.423227 | CK26: 61.565317 | CL26: 65.426224 | CM26: 65.708037 | CN26: 65.43781 | CO26: 67.88886 | CP26: 64.985313 | CQ26: 66.228316 | CR26: 66.987613 | CS26: 62.755367 | CT26: 65.116712 | CU26: 64.581603 | CV26: 1 | CW26: =CY26 -> 1302 | CY26: =IFERROR(CZ26,0) -> 1302 | CZ26: =RIGHT(A26,4)*1 -> 1302
C27: Actual | CV27: 0 | CW27: =CY27 -> 0 | CY27: =IFERROR(CZ27,0) -> 0 | CZ27: =RIGHT(A27,4)*1 -> #VALUE!
A28: Am1302 | B28: desl | C28: Forecast | D28: 31.165148 | E28: 26.281526 | F28: 29.263085 | G28: 26.453364 | H28: 28.051662 | I28: 28.601001 | J28: 28.759106 | K28: 30.662117 | L28: 32.521294 | M28: 31.113244 | N28: 31.258658 | O28: 27.729643 | P28: 29.848562 | Q28: 25.932538 | R28: 29.171178 | S28: 26.656894 | T28: 28.328549 | U28: 29.200535 | V28: 29.407049 | W28: 31.228534 | X28: 33.037447 | Y28: 31.548778 | Z28: 31.632625 | AA28: 28.096443 | AB28: 30.251134 | AC28: 26.404304 | AD28: 29.734173 | AE28: 27.318076 | AF28: 29.084184 | AG28: 30.041228 | AH28: 30.320261 | AI28: 32.200405 | AJ28: 34.054724 | AK28: 32.600896 | AL28: 32.713776 | AM28: 29.206408 | AN28: 31.394427 | AO28: 27.588228 | AP28: 30.966431 | AQ28: 28.604546 | AR28: 30.427572 | AS28: 31.440875 | AT28: 31.772949 | AU28: 33.70166 | AV28: 35.600123 | AW28: 34.186987 | AX28: 34.338491 | AY28: 30.869012 | AZ28: 33.095165 | BA28: 29.327857 | BB28: 32.745791 | BC28: 30.424258 | BD28: 32.287884 | BE28: 33.341644 | BF28: 33.713716 | BG28: 35.681777 | BH28: 37.61887 | BI28: 36.243651 | BJ28: 36.432375 | BK28: 32.99938 | BL28: 35.261155 | BM28: 31.528415 | BN28: 34.979675 | BO28: 32.690158 | BP28: 34.584645 | BQ28: 35.668567 | BR28: 36.07082 | BS28: 38.069938 | BT28: 40.039725 | BU28: 38.699221 | BV28: 38.924447 | BW28: 35.528766 | BX28: 37.827041 | BY28: 34.127996 | BZ28: 37.608301 | CA28: 35.342019 | CB28: 37.254024 | CC28: 38.351332 | CD28: 38.765959 | CE28: 40.780463 | CF28: 42.773251 | CG28: 41.466604 | CH28: 41.738536 | CI28: 38.398924 | CJ28: 40.761072 | CK28: 37.119787 | CL28: 40.644999 | CM28: 38.399426 | CN28: 40.317195 | CO28: 41.342656 | CP28: 41.801316 | CQ28: 43.57369 | CR28: 45.728345 | CS28: 44.63621 | CT28: 44.129449 | CU28: 42.944443 | CV28: -1 | CW28: =CY28 -> 1302 | CY28: =IFERROR(CZ28,0) -> 1302 | CZ28: =RIGHT(A28,4)*1 -> 1302
C29: Actual | CV29: 0 | CW29: =CY29 -> 0 | CY29: =IFERROR(CZ29,0) -> 0 | CZ29: =RIGHT(A29,4)*1 -> #VALUE!
A30: Am1303 | B30: adm | C30: Forecast | D30: 10763.158 | E30: 11341.518 | F30: 13257.279 | G30: 13286.788 | H30: 13280.668 | I30: 13919.26 | J30: 13365.855 | K30: 13917.794 | L30: 13715.059 | M30: 12424.278 | N30: 12435.734 | O30: 9928.9604 | P30: 12334.864 | Q30: 12900.251 | R30: 15096.627 | S30: 15183.945 | T30: 15110.243 | U30: 15634.095 | V30: 14996.076 | W30: 15545.334 | X30: 15434.969 | Y30: 14318.221 | Z30: 14517.248 | AA30: 12149.212 | AB30: 14615.149 | AC30: 15161.908 | AD30: 17288.225 | AE30: 17293.281 | AF30: 17157.136 | AG30: 17653.92 | AH30: 17023.509 | AI30: 17604.077 | AJ30: 17535.182 | AK30: 16459.457 | AL30: 16693.192 | AM30: 14351.633 | AN30: 16836.069 | AO30: 17394.298 | AP30: 19526.196 | AQ30: 19532.462 | AR30: 19395.296 | AS30: 19891.418 | AT30: 19263.154 | AU30: 19850.243 | AV30: 19792.459 | AW30: 18731.33 | AX30: 18981.234 | AY30: 16655.405 | AZ30: 19153.656 | BA30: 19723.167 | BB30: 21864.018 | BC30: 21877.64 | BD30: 21747.112 | BE30: 22249.868 | BF30: 21628.626 | BG30: 22223.197 | BH30: 22173.219 | BI30: 21120.033 | BJ30: 21377.892 | BK30: 19060.046 | BL30: 21566.455 | BM30: 22144.519 | BN30: 24294.505 | BO30: 24317.883 | BP30: 24197.532 | BQ30: 24710.403 | BR30: 24098.5 | BS30: 24700.833 | BT30: 24656.388 | BU30: 23606.256 | BV30: 23865.073 | BW30: 21547.198 | BX30: 24054.321 | BY30: 24635.855 | BZ30: 26793.844 | CA30: 26830.69 | CB30: 26728.835 | CC30: 27263.174 | CD30: 26672.181 | CE30: 27290.519 | CF30: 27252.977 | CG30: 26197.906 | CH30: 26439.662 | CI30: 24095.393 | CJ30: 26573.68 | CK30: 27132.815 | CL30: 29282.66 | CM30: 29339.855 | CN30: 29282.618 | CO30: 29882.294 | CP30: 29393.432 | CQ30: 30045.47 | CR30: 30080.382 | CS30: 29124.079 | CT30: 28909.565 | CU30: 27080.588 | CV30: 1 | CW30: =CY30 -> 1303 | CY30: =IFERROR(CZ30,0) -> 1303 | CZ30: =RIGHT(A30,4)*1 -> 1303
C31: Actual | CV31: 0 | CW31: =CY31 -> 0 | CY31: =IFERROR(CZ31,0) -> 0 | CZ31: =RIGHT(A31,4)*1 -> #VALUE!
A32: Am1303 | B32: desl | C32: Forecast | D32: 12338.554 | E32: 12564.859 | F32: 13745.208 | G32: 13199.332 | H32: 14083.319 | I32: 12626.111 | J32: 12917.373 | K32: 13496.128 | L32: 12328.538 | M32: 14853.283 | N32: 15258.048 | O32: 15047.574 | P32: 14446.662 | Q32: 13615.794 | R32: 14819.37 | S32: 14020.108 | T32: 14802.742 | U32: 13332.071 | V32: 13549.301 | W32: 14124.14 | X32: 13026.181 | Y32: 15679.819 | Z32: 16244.453 | AA32: 16175.42 | AB32: 15663.806 | AC32: 14863.294 | AD32: 16053.928 | AE32: 15224.676 | AF32: 15984.913 | AG32: 14514.059 | AH32: 14755.873 | AI32: 15374.083 | AJ32: 14328.959 | AK32: 17036.594 | AL32: 17651.372 | AM32: 17626.763 | AN32: 17153.799 | AO32: 16386.729 | AP32: 17606.273 | AQ32: 16802.256 | AR32: 17585.321 | AS32: 16136.582 | AT32: 16401.584 | AU32: 17045.412 | AV32: 16028.845 | AW32: 18767.524 | AX32: 19414.666 | AY32: 19422.332 | AZ32: 18980.372 | BA32: 18242.387 | BB32: 19489.035 | BC32: 18710.512 | BD32: 19518.016 | BE32: 18093.184 | BF32: 18381.909 | BG32: 19049.435 | BH32: 18056.567 | BI32: 20818.922 | BJ32: 21489.72 | BK32: 21521.076 | BL32: 21102.931 | BM32: 20388.963 | BN32: 21659.825 | BO32: 20905.566 | BP32: 21737.072 | BQ32: 20335.515 | BR32: 20646.259 | BS32: 21334.084 | BT32: 20359.562 | BU32: 23138.471 | BV32: 23824.669 | BW32: 23871.368 | BX32: 23469.872 | BY32: 22775.174 | BZ32: 24068.779 | CA32: 23340.733 | CB32: 24200.82 | CC32: 22828.026 | CD32: 23164.807 | CE32: 23872.905 | CF32: 22910.654 | CG32: 25693.06 | CH32: 26375.28 | CI32: 26414.543 | CJ32: 26007.713 | CK32: 25315.1 | CL32: 26628.317 | CM32: 25934.468 | CN32: 26847.952 | CO32: 25550.58 | CP32: 25925.431 | CQ32: 26714.185 | CR32: 25803.233 | CS32: 28238.401 | CT32: 29502.905 | CU32: 28667.026 | CV32: -1 | CW32: =CY32 -> 1303 | CY32: =IFERROR(CZ32,0) -> 1303 | CZ32: =RIGHT(A32,4)*1 -> 1303
C33: Actual | CV33: 0 | CW33: =CY33 -> 0 | CY33: =IFERROR(CZ33,0) -> 0 | CZ33: =RIGHT(A33,4)*1 -> #VALUE!
A34: Am1304 | B34: adm | C34: Forecast | D34: 91.920675 | E34: 89.855785 | F34: 100.81865 | G34: 91.963398 | H34: 89.622268 | I34: 89.502999 | J34: 83.248093 | K34: 84.52792 | L34: 79.691006 | M34: 74.154167 | N34: 78.735903 | O34: 66.415709 | P34: 93.442955 | Q34: 92.614588 | R34: 105.55325 | S34: 96.781993 | T34: 93.842962 | U34: 92.741899 | V34: 86.014448 | W34: 87.117478 | X34: 82.478184 | Y34: 77.539941 | Z34: 82.82962 | AA34: 71.140911 | AB34: 98.620937 | AC34: 98.023412 | AD34: 111.02825 | AE34: 102.26719 | AF34: 99.378012 | AG34: 98.421383 | AH34: 91.943004 | AI34: 93.376779 | AJ34: 89.114562 | AK34: 84.567725 | AL34: 90.240904 | AM34: 78.915733 | AN34: 106.73434 | AO34: 106.44909 | AP34: 119.74094 | AQ34: 111.24553 | AR34: 108.6076 | AS34: 107.89691 | AT34: 101.66815 | AU34: 103.3616 | AV34: 99.371199 | AW34: 95.105982 | AX34: 101.0652 | AY34: 90.024207 | AZ34: 118.11997 | BA34: 118.10202 | BB34: 131.65097 | BC34: 123.40393 | BD34: 121.00787 | BE34: 120.53462 | BF34: 114.54027 | BG34: 116.46574 | BH34: 112.70506 | BI34: 108.6673 | BJ34: 114.85191 | BK34: 104.03481 | BL34: 132.3538 | BM34: 132.55921 | BN34: 146.33209 | BO34: 138.30909 | BP34: 136.13568 | BQ34: 135.88108 | BR34: 130.09807 | BS34: 132.22431 | BT34: 128.6517 | BU34: 124.78926 | BV34: 131.13927 | BW34: 120.48347 | BX34: 148.96756 | BY34: 149.35027 | BZ34: 163.31903 | CA34: 155.51265 | CB34: 153.57247 | CC34: 153.55694 | CD34: 148.00248 | CE34: 150.32828 | CF34: 146.90953 | CG34: 143.14642 | CH34: 149.54322 | CI34: 138.89921 | CJ34: 167.39072 | CK34: 167.82349 | CL34: 181.90789 | CM34: 174.34728 | CN34: 172.75104 | CO34: 173.14204 | CP34: 168.06001 | CQ34: 170.69712 | CR34: 167.185 | CS34: 164.38143 | CT34: 167.61115 | CU34: 160.99154 | CV34: 1 | CW34: =CY34 -> 1304 | CY34: =IFERROR(CZ34,0) -> 1304 | CZ34: =RIGHT(A34,4)*1 -> 1304
C35: Actual | CV35: 0 | CW35: =CY35 -> 0 | CY35: =IFERROR(CZ35,0) -> 0 | CZ35: =RIGHT(A35,4)*1 -> #VALUE!
A36: Am1304 | B36: desl | C36: Forecast | D36: 85.6858 | E36: 78.469634 | F36: 79.817082 | G36: 78.076182 | H36: 78.558502 | I36: 72.82668 | J36: 72.551353 | K36: 73.678966 | L36: 72.468283 | M36: 82.096229 | N36: 84.605333 | O36: 87.063275 | P36: 81.886287 | Q36: 81.166944 | R36: 82.835084 | S36: 80.972538 | T36: 80.194512 | U36: 74.144475 | V36: 73.476853 | W36: 74.509635 | X36: 73.574601 | Y36: 83.63712 | Z36: 86.70004 | AA36: 89.705057 | AB36: 84.957641 | AC36: 84.530049 | AD36: 86.380104 | AE36: 84.64832 | AF36: 84.012045 | AG36: 78.156979 | AH36: 77.752568 | AI36: 79.110084 | AJ36: 78.54195 | AK36: 88.990926 | AL36: 92.440852 | AM36: 95.820415 | AN36: 91.427557 | AO36: 91.331465 | AP36: 93.490539 | AQ36: 92.048969 | AR36: 91.69021 | AS36: 86.107293 | AT36: 85.976509 | AU36: 87.613876 | AV36: 87.333472 | AW36: 98.076593 | AX36: 101.8234 | AY36: 105.49809 | AZ36: 101.39468 | BA36: 101.5799 | BB36: 104.01146 | BC36: 102.83424 | BD36: 102.73326 | BE36: 97.403258 | BF36: 97.52199 | BG36: 99.406442 | BH36: 99.371199 | BI36: 110.35774 | BJ36: 114.34626 | BK36: 118.26093 | BL36: 114.39575 | BM36: 114.81736 | BN36: 117.48316 | BO36: 116.5375 | BP36: 116.66446 | BQ36: 111.55762 | BR36: 111.8935 | BS36: 113.98811 | BT36: 114.15579 | BU36: 125.33881 | BV36: 129.51935 | BW36: 133.62464 | BX36: 129.95222 | BY36: 130.57185 | BZ36: 133.44265 | CA36: 132.70828 | CB36: 133.04936 | CC36: 128.15338 | CD36: 128.68926 | CE36: 130.96541 | CF36: 131.29108 | CG36: 142.60726 | CH36: 146.90053 | CI36: 151.10942 | CJ36: 147.54645 | CK36: 148.29486 | CL36: 151.34588 | CM36: 150.81844 | CN36: 151.43059 | CO36: 146.8452 | CP36: 147.55756 | CQ36: 150.13239 | CR36: 150.5852 | CS36: 160.97972 | CT36: 167.19222 | CU36: 168.99004 | CV36: -1 | CW36: =CY36 -> 1304 | CY36: =IFERROR(CZ36,0) -> 1304 | CZ36: =RIGHT(A36,4)*1 -> 1304
C37: Actual | CV37: 0 | CW37: =CY37 -> 0 | CY37: =IFERROR(CZ37,0) -> 0 | CZ37: =RIGHT(A37,4)*1 -> #VALUE!
A38: Rr1401 | B38: adm | C38: Forecast | D38: 1592.4681 | E38: 1603.0724 | F38: 1725.4935 | G38: 1725.3831 | H38: 1715.2706 | I38: 1785.3086 | J38: 1726.6524 | K38: 1750.2421 | L38: 1758.6457 | M38: 1631.7138 | N38: 1682.2095 | O38: 1555.7662 | P38: 1760.3291 | Q38: 1773.9701 | R38: 1883.8635 | S38: 1885.6946 | T38: 1865.9145 | U38: 1927.0023 | V38: 1864.3651 | W38: 1887.9044 | X38: 1900.5184 | Y38: 1782.1472 | Z38: 1841.6871 | AA38: 1722.4075 | AB38: 1930.8362 | AC38: 1944.801 | AD38: 2052.4978 | AE38: 2051.3141 | AF38: 2029.1476 | AG38: 2089.2764 | AH38: 2027.2142 | AI38: 2052.4838 | AJ38: 2067.4358 | AK38: 1951.5343 | AL38: 2013.3625 | AM38: 1896.0374 | AN38: 2106.0436 | AO38: 2121.2195 | AP38: 2229.8022 | AQ38: 2229.2533 | AR38: 2207.5802 | AS38: 2268.1925 | AT38: 2206.7277 | AU38: 2232.79 | AV38: 2248.7482 | AW38: 2134.0221 | AX38: 2197.11 | AY38: 2081.0361 | AZ38: 2292.212 | BA38: 2308.4404 | BB38: 2417.9601 | BC38: 2418.2609 | BD38: 2397.3881 | BE38: 2458.7851 | BF38: 2398.1105 | BG38: 2424.9762 | BH38: 2441.7483 | BI38: 2327.8405 | BJ38: 2391.7466 | BK38: 2276.4911 | BL38: 2488.4919 | BM38: 2505.5605 | BN38: 2615.9431 | BO38: 2617.1303 | BP38: 2597.1572 | BQ38: 2659.4445 | BR38: 2599.6175 | BS38: 2627.251 | BT38: 2644.6814 | BU38: 2531.311 | BV38: 2595.652 | BW38: 2480.781 | BX38: 2693.197 | BY38: 2710.8063 | BZ38: 2821.939 | CA38: 2824.1299 | CB38: 2805.3942 | CC38: 2869.0561 | CD38: 2810.5739 | CE38: 2839.3182 | CF38: 2857.4258 | CG38: 2744.1742 | CH38: 2808.065 | CI38: 2692.3036 | CJ38: 2903.7187 | CK38: 2920.6736 | CL38: 3031.7072 | CM38: 3035.3071 | CN38: 3019.0437 | CO38: 3085.8491 | CP38: 3033.4284 | CQ38: 3063.2246 | CR38: 3084.2925 | CS38: 2985.7252 | CT38: 3003.3891 | CU38: 2947.4758 | CV38: 1 | CW38: =CY38 -> 1401 | CY38: =IFERROR(CZ38,0) -> 1401 | CZ38: =RIGHT(A38,4)*1 -> 1401
C39: Actual | CV39: 0 | CW39: =CY39 -> 0 | CY39: =IFERROR(CZ39,0) -> 0 | CZ39: =RIGHT(A39,4)*1 -> #VALUE!
A40: Rr1401 | B40: desl | C40: Forecast | D40: 1807.8106 | E40: 1645.0773 | F40: 1850.744 | G40: 1704.2146 | H40: 1806.6835 | I40: 1725.9295 | J40: 1719.9539 | K40: 1777.1626 | L40: 1664.9574 | M40: 1772.1163 | N40: 1783.1916 | O40: 1694.2531 | P40: 1882.8443 | Q40: 1763.9112 | R40: 1964.943 | S40: 1815.5113 | T40: 1910.4933 | U40: 1829.4039 | V40: 1817.2733 | W40: 1875.6333 | X40: 1768.4242 | Y40: 1884.7218 | Z40: 1905.3001 | AA40: 1823.9563 | AB40: 2016.4484 | AC40: 1897.844 | AD40: 2096.9076 | AE40: 1944.945 | AF40: 2038.1909 | AG40: 1956.8594 | AH40: 1945.9664 | AI40: 2006.6032 | AJ40: 1902.1528 | AK40: 2021.2412 | AL40: 2044.3816 | AM40: 1965.2696 | AN40: 2159.6449 | AO40: 2042.5889 | AP40: 2242.8995 | AQ40: 2091.9463 | AR40: 2186.0657 | AS40: 2105.5984 | AT40: 2095.6804 | AU40: 2157.4807 | AV40: 2054.3965 | AW40: 2175.0066 | AX40: 2199.7383 | AY40: 2122.1956 | AZ40: 2318.0497 | BA40: 2202.3507 | BB40: 2403.9017 | BC40: 2254.1017 | BD40: 2349.3245 | BE40: 2269.9427 | BF40: 2261.1122 | BG40: 2324.0094 | BH40: 2222.0301 | BI40: 2343.7489 | BJ40: 2369.5905 | BK40: 2293.1599 | BL40: 2490.1325 | BM40: 2375.5631 | BN40: 2578.257 | BO40: 2429.6079 | BP40: 2525.9752 | BQ40: 2447.7078 | BR40: 2439.932 | BS40: 2503.7963 | BT40: 2402.6797 | BU40: 2525.1605 | BV40: 2551.694 | BW40: 2475.9428 | BX40: 2673.6583 | BY40: 2559.9721 | BZ40: 2763.7446 | CA40: 2616.3806 | CB40: 2714.19 | CC40: 2637.4094 | CD40: 2631.0065 | CE40: 2695.9549 | CF40: 2595.4919 | CG40: 2718.1327 | CH40: 2744.3859 | CI40: 2668.1002 | CJ40: 2865.3775 | CK40: 2751.6184 | CL40: 2956.2355 | CM40: 2810.7561 | CN40: 2911.4358 | CO40: 2838.8447 | CP40: 2836.5998 | CQ40: 2903.2306 | CR40: 2811.4905 | CS40: 2916.9306 | CT40: 2959.4333 | CU40: 2867.8689 | CV40: -1 | CW40: =CY40 -> 1401 | CY40: =IFERROR(CZ40,0) -> 1401 | CZ40: =RIGHT(A40,4)*1 -> 1401
C41: Actual | CV41: 0 | CW41: =CY41 -> 0 | CY41: =IFERROR(CZ41,0) -> 0 | CZ41: =RIGHT(A41,4)*1 -> #VALUE!
A42: Rr1402 | B42: adm | C42: Forecast | D42: 83.829359 | E42: 74.436057 | F42: 81.176303 | G42: 78.351189 | H42: 75.735831 | I42: 76.566995 | J42: 70.481341 | K42: 68.398746 | L42: 65.286675 | M42: 57.233515 | N42: 58.51468 | O42: 54.343897 | P42: 65.833568 | Q42: 69.747655 | R42: 77.141735 | S42: 78.005145 | T42: 76.16075 | U42: 77.687178 | V42: 71.876619 | W42: 69.781643 | X42: 66.901065 | Y42: 59.371153 | Z42: 61.476186 | AA42: 58.278732 | AB42: 70.67087 | AC42: 75.252502 | AD42: 83.017915 | AE42: 84.004042 | AF42: 82.145781 | AG42: 83.640581 | AH42: 77.864618 | AI42: 75.903861 | AJ42: 73.248872 | AK42: 66.005754 | AL42: 68.425258 | AM42: 65.544034 | AN42: 78.238228 | AO42: 83.099169 | AP42: 91.116788 | AQ42: 92.326599 | AR42: 90.665499 | AS42: 92.337051 | AT42: 86.727052 | AU42: 84.932356 | AV42: 82.452619 | AW42: 75.398763 | AX42: 78.021178 | AY42: 75.351914 | AZ42: 88.260446 | BA42: 93.331783 | BB42: 101.55163 | BC42: 102.95398 | BD42: 101.47652 | BE42: 103.32488 | BF42: 97.887073 | BG42: 96.261647 | BH42: 93.949108 | BI42: 87.06058 | BJ42: 89.846419 | BK42: 87.338824 | BL42: 100.40788 | BM42: 105.6397 | BN42: 114.02131 | BO42: 115.58779 | BP42: 114.27715 | BQ42: 116.29402 | BR42: 111.02394 | BS42: 109.56157 | BT42: 107.4029 | BU42: 100.65502 | BV42: 103.56614 | BW42: 101.16952 | BX42: 114.34022 | BY42: 119.673 | BZ42: 128.16572 | CA42: 129.86395 | CB42: 128.71258 | CC42: 130.91645 | CD42: 125.85276 | CE42: 124.59931 | CF42: 122.62916 | CG42: 116.02525 | CH42: 119.01757 | CI42: 116.63041 | CJ42: 129.75149 | CK42: 135.00412 | CL42: 143.42319 | CM42: 145.12624 | CN42: 144.09011 | CO42: 146.4992 | CP42: 141.96304 | CQ42: 140.92953 | CR42: 139.53025 | CS42: 133.82089 | CT42: 134.87901 | CU42: 135.16073 | CV42: 1 | CW42: =CY42 -> 1402 | CY42: =IFERROR(CZ42,0) -> 1402 | CZ42: =RIGHT(A42,4)*1 -> 1402
C43: Actual | CV43: 0 | CW43: =CY43 -> 0 | CY43: =IFERROR(CZ43,0) -> 0 | CZ43: =RIGHT(A43,4)*1 -> #VALUE!
A44: Rr1402 | B44: desl | C44: Forecast | D44: 76.355205 | E44: 78.422276 | F44: 83.879255 | G44: 74.857613 | H44: 78.259349 | I44: 69.806357 | J44: 70.102105 | K44: 69.71611 | L44: 59.330524 | M44: 67.114047 | N44: 61.069196 | O44: 58.215901 | P44: 66.198454 | Q44: 65.193589 | R44: 76.854689 | S44: 69.158931 | T44: 74.635671 | U44: 67.38456 | V44: 68.235956 | W44: 68.14341 | X44: 57.933979 | Y44: 66.021161 | Z44: 60.514299 | AA44: 58.415809 | AB44: 67.235681 | AC44: 66.997716 | AD44: 79.246718 | AE44: 71.923329 | AF44: 77.595103 | AG44: 70.443345 | AH44: 71.382129 | AI44: 71.423242 | AJ44: 61.416367 | AK44: 69.768579 | AL44: 64.568368 | AM44: 62.795427 | AN44: 71.941863 | AO44: 72.019915 | AP44: 84.567626 | AQ44: 77.521849 | AR44: 83.448758 | AS44: 76.531157 | AT44: 77.68787 | AU44: 77.938046 | AV44: 68.139526 | AW44: 76.70605 | AX44: 71.729503 | AY44: 70.189161 | AZ44: 79.573659 | BA44: 79.890317 | BB44: 92.67255 | BC44: 85.854099 | BD44: 91.999986 | BE44: 85.29353 | BF44: 86.655044 | BG44: 87.105397 | BH44: 77.503854 | BI44: 86.265075 | BJ44: 81.481418 | BK44: 80.132389 | BL44: 89.706821 | BM44: 90.21233 | BN44: 103.18272 | BO44: 96.552079 | BP44: 102.88553 | BQ44: 96.366011 | BR44: 97.912794 | BS44: 98.545075 | BT44: 89.120037 | BU44: 98.050303 | BV44: 93.426885 | BW44: 92.229268 | BX44: 101.94807 | BY44: 102.59457 | BZ44: 115.70765 | CA44: 109.22682 | CB44: 115.72152 | CC44: 109.37626 | CD44: 111.10801 | CE44: 111.92894 | CF44: 102.68576 | CG44: 111.77819 | CH44: 107.28595 | CI44: 106.18235 | CJ44: 115.96049 | CK44: 116.63495 | CL44: 129.78553 | CM44: 123.34497 | CN44: 129.93095 | CO44: 123.7684 | CP44: 125.67221 | CQ44: 126.75328 | CR44: 118.14494 | CS44: 126.14709 | CT44: 124.51835 | CU44: 120.19414 | CV44: -1 | CW44: =CY44 -> 1402 | CY44: =IFERROR(CZ44,0) -> 1402 | CZ44: =RIGHT(A44,4)*1 -> 1402
C45: Actual | CV45: 0 | CW45: =CY45 -> 0 | CY45: =IFERROR(CZ45,0) -> 0 | CZ45: =RIGHT(A45,4)*1 -> #VALUE!
A46: Pa1501 | B46: adm | C46: Forecast | D46: 1094.4719 | E46: 1183.591 | F46: 1298.297 | G46: 1293.8139 | H46: 1231.9071 | I46: 1280.1371 | J46: 1199.8 | K46: 1246.1208 | L46: 1248.4853 | M46: 1143.8534 | N46: 1229.8295 | O46: 1052.2593 | P46: 1241.5881 | Q46: 1281.411 | R46: 1393.3378 | S46: 1394.059 | T46: 1320.6975 | U46: 1360.0076 | V46: 1280.6502 | W46: 1332.289 | X46: 1347.3682 | Y46: 1259.9812 | Z46: 1361.7318 | AA46: 1193.9595 | AB46: 1385.422 | AC46: 1420.8384 | AD46: 1525.0784 | AE46: 1518.6889 | AF46: 1441.5089 | AG46: 1481.1609 | AH46: 1405.5949 | AI46: 1462.923 | AJ46: 1484.0169 | AK46: 1401.8949 | AL46: 1507.7027 | AM46: 1342.7975 | AN46: 1536.1948 | AO46: 1572.9152 | AP46: 1678.0898 | AQ46: 1672.4891 | AR46: 1596.1612 | AS46: 1636.919 | AT46: 1562.8502 | AU46: 1622.1093 | AV46: 1645.4963 | AW46: 1565.8658 | AX46: 1674.1629 | AY46: 1511.5717 | AZ46: 1707.0088 | BA46: 1745.4864 | BB46: 1852.199 | BC46: 1848.0162 | BD46: 1773.081 | BE46: 1815.271 | BF46: 1742.6989 | BG46: 1803.5112 | BH46: 1828.4829 | BI46: 1750.4427 | BJ46: 1860.3196 | BK46: 1699.2965 | BL46: 1896.2998 | BM46: 1936.3545 | BN46: 2044.6624 | BO46: 2042.0848 | BP46: 1968.7381 | BQ46: 2012.456 | BR46: 1941.2983 | BS46: 2003.3653 | BT46: 2029.4104 | BU46: 1952.2816 | BV46: 2062.9777 | BW46: 1902.7969 | BX46: 2100.8068 | BY46: 2142.1635 | BZ46: 2252.1469 | CA46: 2251.6039 | CB46: 2180.5198 | CC46: 2226.4874 | CD46: 2157.2552 | CE46: 2220.617 | CF46: 2247.1084 | CG46: 2169.5439 | CH46: 2279.112 | CI46: 2117.5382 | CJ46: 2314.5313 | CK46: 2355.9757 | CL46: 2467.5269 | CM46: 2470.8016 | CN46: 2405.1167 | CO46: 2457.2417 | CP46: 2395.2078 | CQ46: 2461.2386 | CR46: 2487.7835 | CS46: 2418.8378 | CT46: 2483.0063 | CU46: 2370.8378 | CV46: 1 | CW46: =CY46 -> 1501 | CY46: =IFERROR(CZ46,0) -> 1501 | CZ46: =RIGHT(A46,4)*1 -> 1501
C47: Actual | CV47: 0 | CW47: =CY47 -> 0 | CY47: =IFERROR(CZ47,0) -> 0 | CZ47: =RIGHT(A47,4)*1 -> #VALUE!
A48: Pa1501 | B48: desl | C48: Forecast | D48: 1401.9343 | E48: 1315.3316 | F48: 1435.7574 | G48: 1282.6344 | H48: 1321.5373 | I48: 1170.8801 | J48: 1119.2002 | K48: 1182.2221 | L48: 1077.9083 | M48: 1304.1 | N48: 1425.5417 | O48: 1424.333 | P48: 1500.2487 | Q48: 1349.3414 | R48: 1447.7126 | S48: 1287.8193 | T48: 1306.9339 | U48: 1157.1529 | V48: 1105.5047 | W48: 1173.7187 | X48: 1085.2134 | Y48: 1331.8029 | Z48: 1474.2482 | AA48: 1488.7383 | AB48: 1571.4235 | AC48: 1418.732 | AD48: 1510.006 | AE48: 1342.0963 | AF48: 1355.9548 | AG48: 1205.5054 | AH48: 1157.6396 | AI48: 1232.6444 | AJ48: 1152.0989 | AK48: 1406.2929 | AL48: 1555.1213 | AM48: 1574.5368 | AN48: 1660.8497 | AO48: 1510.8083 | AP48: 1604.0938 | AQ48: 1437.8712 | AR48: 1453.3848 | AS48: 1304.8219 | AT48: 1259.2754 | AU48: 1337.1242 | AV48: 1259.9028 | AW48: 1517.7345 | AX48: 1670.2808 | AY48: 1693.268 | AZ48: 1782.8519 | BA48: 1635.7277 | BB48: 1731.6187 | BC48: 1567.7915 | BD48: 1585.6056 | BE48: 1439.3418 | BF48: 1396.1456 | BG48: 1476.4087 | BH48: 1401.6524 | BI48: 1661.9773 | BJ48: 1817.0272 | BK48: 1842.5212 | BL48: 1934.6167 | BM48: 1790.012 | BN48: 1888.4251 | BO48: 1727.1011 | BP48: 1747.3594 | BQ48: 1603.4261 | BR48: 1562.3895 | BS48: 1644.5998 | BT48: 1571.5723 | BU48: 1833.4539 | BV48: 1989.9913 | BW48: 2017.0532 | BX48: 2110.9622 | BY48: 1968.5534 | BZ48: 2069.6019 | CA48: 1911.2893 | CB48: 1934.7337 | CC48: 1793.8421 | CD48: 1755.329 | CE48: 1839.2056 | CF48: 1766.7965 | CG48: 2028.2902 | CH48: 2183.7489 | CI48: 2209.6545 | CJ48: 2303.1156 | CK48: 2161.6418 | CL48: 2265.9088 | CM48: 2112.8982 | CN48: 2143.4432 | CO48: 2011.411 | CP48: 1978.0854 | CQ48: 2067.2173 | CR48: 1999.4897 | CS48: 2229.3421 | CT48: 2418.0099 | CU48: 2393.8918 | CV48: -1 | CW48: =CY48 -> 1501 | CY48: =IFERROR(CZ48,0) -> 1501 | CZ48: =RIGHT(A48,4)*1 -> 1501
C49: Actual | CV49: 0 | CW49: =CY49 -> 0 | CY49: =IFERROR(CZ49,0) -> 0 | CZ49: =RIGHT(A49,4)*1 -> #VALUE!
A50: Pa1502 | B50: adm | C50: Forecast | D50: 126.87066 | E50: 141.83953 | F50: 146.66691 | G50: 149.05113 | H50: 139.28347 | I50: 157.97098 | J50: 145.89181 | K50: 150.16182 | L50: 157.4591 | M50: 120.2951 | N50: 119.99131 | O50: 100.87467 | P50: 133.86267 | Q50: 145.50694 | R50: 152.15284 | S50: 154.76107 | T50: 145.29746 | U50: 163.14986 | V50: 150.69071 | W50: 154.9403 | X50: 162.31298 | Y50: 125.47372 | Z50: 125.29556 | AA50: 105.95618 | AB50: 138.44964 | AC50: 149.41792 | AD50: 155.35037 | AE50: 157.34815 | AF50: 147.43697 | AG50: 164.99011 | AH50: 152.32278 | AI50: 156.3878 | AJ50: 163.55123 | AK50: 126.45973 | AL50: 125.98946 | AM50: 106.33047 | AN50: 138.48965 | AO50: 149.11769 | AP50: 154.70913 | AQ50: 156.36959 | AR50: 146.13009 | AS50: 163.3694 | AT50: 150.40639 | AU50: 154.19381 | AV50: 161.09351 | AW50: 123.7453 | AX50: 123.01837 | AY50: 103.09803 | AZ50: 134.98977 | BA50: 145.34606 | BB50: 150.6651 | BC50: 152.05642 | BD50: 141.55385 | BE50: 158.53731 | BF50: 145.32521 | BG50: 148.86887 | BH50: 155.5284 | BI50: 117.94228 | BJ50: 116.97909 | BK50: 96.82436 | BL50: 128.48452 | BM50: 138.61337 | BN50: 143.71037 | BO50: 144.88576 | BP50: 134.17318 | BQ50: 150.9512 | BR50: 137.53589 | BS50: 140.87566 | BT50: 147.32799 | BU50: 109.52986 | BV50: 108.35035 | BW50: 87.977877 | BX50: 119.42395 | BY50: 129.34869 | BZ50: 134.25766 | CA50: 135.2651 | CB50: 124.40481 | CC50: 141.05052 | CD50: 127.50842 | CE50: 130.71367 | CF50: 137.0091 | CG50: 99.021614 | CH50: 97.616779 | CI50: 76.983051 | CJ50: 108.16727 | CK50: 117.85192 | CL50: 122.5401 | CM50: 123.5021 | CN50: 112.58304 | CO50: 129.27591 | CP50: 116.37589 | CQ50: 118.52288 | CR50: 126.40377 | CS50: 90.223915 | CT50: 80.629955 | CU50: 73.481554 | CV50: 1 | CW50: =CY50 -> 1502 | CY50: =IFERROR(CZ50,0) -> 1502 | CZ50: =RIGHT(A50,4)*1 -> 1502
C51: Actual | CV51: 0 | CW51: =CY51 -> 0 | CY51: =IFERROR(CZ51,0) -> 0 | CZ51: =RIGHT(A51,4)*1 -> #VALUE!
A52: Pa1502 | B52: desl | C52: Forecast | D52: 151.429 | E52: 149.18936 | F52: 162.52098 | G52: 152.00759 | H52: 160.83984 | I52: 148.89701 | J52: 159.86967 | K52: 169.24373 | L52: 154.42926 | M52: 186.02178 | N52: 188.88343 | O52: 175.87642 | P52: 169.03074 | Q52: 150.13702 | R52: 156.90063 | S52: 142.37328 | T52: 150.37364 | U52: 139.68827 | V52: 152.14564 | W52: 162.54833 | X52: 147.81575 | Y52: 178.35604 | Z52: 179.42343 | AA52: 164.53089 | AB52: 156.26025 | AC52: 136.71663 | AD52: 143.61125 | AE52: 129.72773 | AF52: 138.51194 | AG52: 128.44209 | AH52: 141.18851 | AI52: 151.54926 | AJ52: 136.53693 | AK52: 166.68004 | AL52: 167.33279 | AM52: 152.07 | AN52: 143.5011 | AO52: 123.73799 | AP52: 130.48911 | AQ52: 116.52946 | AR52: 125.28914 | AS52: 115.22254 | AT52: 127.97132 | AU52: 138.30694 | AV52: 123.22507 | AW52: 153.25141 | AX52: 153.75076 | AY52: 138.31682 | AZ52: 129.57906 | BA52: 109.6644 | BB52: 116.28812 | BC52: 102.22412 | BD52: 110.89621 | BE52: 100.75088 | BF52: 113.4232 | BG52: 123.68084 | BH52: 108.51844 | BI52: 138.46236 | BJ52: 138.87834 | BK52: 123.36017 | BL52: 114.53597 | BM52: 94.530217 | BN52: 101.05549 | BO52: 86.884026 | BP52: 95.440351 | BQ52: 85.174955 | BR52: 97.730292 | BS52: 107.8838 | BT52: 92.640098 | BU52: 122.53269 | BV52: 122.92845 | BW52: 107.41382 | BX52: 98.600556 | BY52: 78.589773 | BZ52: 85.068566 | CA52: 70.788575 | CB52: 79.166122 | CC52: 68.662077 | CD52: 80.950067 | CE52: 90.855833 | CF52: 75.440453 | CG52: 105.28703 | CH52: 105.78935 | CI52: 90.534688 | CJ52: 82.069416 | CK52: 62.412002 | CL52: 69.158084 | CM52: 54.829211 | CN52: 62.913661 | CO52: 51.827245 | CP52: 62.603462 | CQ52: 72.691752 | CR52: 54.90388 | CS52: 82.664685 | CT52: 89.48646 | CU52: 65.44012 | CV52: -1 | CW52: =CY52 -> 1502 | CY52: =IFERROR(CZ52,0) -> 1502 | CZ52: =RIGHT(A52,4)*1 -> 1502
C53: Actual | CV53: 0 | CW53: =CY53 -> 0 | CY53: =IFERROR(CZ53,0) -> 0 | CZ53: =RIGHT(A53,4)*1 -> #VALUE!
A54: Pa1503 | B54: adm | C54: Forecast | D54: 10019.118 | E54: 10295.969 | F54: 10844.214 | G54: 11254.489 | H54: 11034.676 | I54: 11429.163 | J54: 10967.204 | K54: 11207.685 | L54: 11340.706 | M54: 10519.712 | N54: 10973.402 | O54: 10085.786 | P54: 10782.338 | Q54: 11125.6 | R54: 11767.446 | S54: 12183.336 | T54: 11900.021 | U54: 12239.629 | V54: 11736.454 | W54: 11974.724 | X54: 12152.286 | Y54: 11419.758 | Z54: 11975.38 | AA54: 11173.93 | AB54: 11923.599 | AC54: 12282.277 | AD54: 12911.032 | AE54: 13302.452 | AF54: 12999.081 | AG54: 13332.554 | AH54: 12839.336 | AI54: 13100.317 | AJ54: 13307.709 | AK54: 12606.904 | AL54: 13192.585 | AM54: 12417.749 | AN54: 13190.049 | AO54: 13567.45 | AP54: 14211.425 | AQ54: 14615.278 | AR54: 14322.625 | AS54: 14666.429 | AT54: 14184.457 | AU54: 14458.521 | AV54: 14681.132 | AW54: 13997.324 | AX54: 14600.956 | AY54: 13844.065 | AZ54: 14633.505 | BA54: 15026.809 | BB54: 15685.404 | BC54: 16102.845 | BD54: 15823.119 | BE54: 16179.541 | BF54: 15710.111 | BG54: 15996.739 | BH54: 16231.935 | BI54: 15560.694 | BJ54: 16176.855 | BK54: 15432.486 | BL54: 16234.52 | BM54: 16640.59 | BN54: 17312.19 | BO54: 17742.851 | BP54: 17476.41 | BQ54: 17845.887 | BR54: 17388.885 | BS54: 17686.897 | BT54: 17932.12 | BU54: 17269.475 | BV54: 17893.08 | BW54: 17155.661 | BX54: 17965.116 | BY54: 18380.153 | BZ54: 19063.166 | CA54: 19508.085 | CB54: 19258.389 | CC54: 19645.867 | CD54: 19206.139 | CE54: 19518.339 | CF54: 19772.479 | CG54: 19112.172 | CH54: 19731.621 | CI54: 18985.366 | CJ54: 19785.25 | CK54: 20194.966 | CL54: 20881.082 | CM54: 21344.578 | CN54: 21126.22 | CO54: 21554.892 | CP54: 21172.557 | CQ54: 21506.865 | CR54: 21798.048 | CS54: 21191.006 | CT54: 21563.348 | CU54: 21129.386 | CV54: 1 | CW54: =CY54 -> 1503 | CY54: =IFERROR(CZ54,0) -> 1503 | CZ54: =RIGHT(A54,4)*1 -> 1503
C55: Actual | CV55: 0 | CW55: =CY55 -> 0 | CY55: =IFERROR(CZ55,0) -> 0 | CZ55: =RIGHT(A55,4)*1 -> #VALUE!
A56: Pa1503 | B56: desl | C56: Forecast | D56: 11392.354 | E56: 11065.385 | F56: 11715.575 | G56: 11214.236 | H56: 11545.489 | I56: 10670.951 | J56: 10652.522 | K56: 11109.737 | L56: 10411.388 | M56: 11823.566 | N56: 12242.443 | O56: 11995.711 | P56: 11800.418 | Q56: 11280.954 | R56: 12017.12 | S56: 11436.628 | T56: 11695.33 | U56: 10840.768 | V56: 10805.701 | W56: 11286.024 | X56: 10648.061 | Y56: 12140.362 | Z56: 12647.122 | AA56: 12475.459 | AB56: 12329.945 | AC56: 11834.925 | AD56: 12578.981 | AE56: 12001.905 | AF56: 12269.506 | AG56: 11434.4 | AH56: 11429.396 | AI56: 11947.299 | AJ56: 11350.365 | AK56: 12883.708 | AL56: 13429.474 | AM56: 13293.979 | AN56: 13181.701 | AO56: 12717.183 | AP56: 13489.348 | AQ56: 12938.516 | AR56: 13231.242 | AS56: 12421.028 | AT56: 12441.504 | AU56: 12985.996 | AV56: 12416.849 | AW56: 13978.843 | AX56: 14553.526 | AY56: 14446.573 | AZ56: 14361.979 | BA56: 13924.059 | BB56: 14721.761 | BC56: 14195.599 | BD56: 14512.371 | BE56: 13725.796 | BF56: 13769.638 | BG56: 14337.29 | BH56: 13791.118 | BI56: 15375.922 | BJ56: 15973.287 | BK56: 15888.951 | BL56: 15826.971 | BM56: 15411.693 | BN56: 16232.029 | BO56: 15728.358 | BP56: 16067.25 | BQ56: 15302.124 | BR56: 15366.441 | BS56: 15953.372 | BT56: 15425.243 | BU56: 17027.064 | BV56: 17640.917 | BW56: 17573.258 | BX56: 17528.943 | BY56: 17132.988 | BZ56: 17974.603 | CA56: 17493.896 | CB56: 17856.523 | CC56: 17114.422 | CD56: 17199.309 | CE56: 17802.734 | CF56: 17286.087 | CG56: 18894.459 | CH56: 19511.289 | CI56: 19445.852 | CJ56: 19406.636 | CK56: 19021.471 | CL56: 19885.125 | CM56: 19434.99 | CN56: 19837.219 | CO56: 19144.515 | CP56: 19255.916 | CQ56: 19895.47 | CR56: 19417.194 | CS56: 20812.395 | CT56: 21757.913 | CU56: 21269.193 | CV56: -1 | CW56: =CY56 -> 1503 | CY56: =IFERROR(CZ56,0) -> 1503 | CZ56: =RIGHT(A56,4)*1 -> 1503
C57: Actual | CV57: 0 | CW57: =CY57 -> 0 | CY57: =IFERROR(CZ57,0) -> 0 | CZ57: =RIGHT(A57,4)*1 -> #VALUE!
A58: Pa1504 | B58: adm | C58: Forecast | D58: 1634.8462 | E58: 1669.4698 | F58: 1860.287 | G58: 1848.3623 | H58: 1783.9641 | I58: 1824.5198 | J58: 1665.7633 | K58: 1762.8781 | L58: 1786.0875 | M58: 1584.494 | N58: 1752.2819 | O58: 1464.0782 | P58: 1694.2524 | Q58: 1700.427 | R58: 1961.1837 | S58: 1994.4866 | T58: 1922.0845 | U58: 1959.4402 | V58: 1802.5243 | W58: 1904.3517 | X58: 1946.7952 | Y58: 1774.4214 | Z58: 1972.2921 | AA58: 1706.8247 | AB58: 1947.7725 | AC58: 1953.0637 | AD58: 2205.694 | AE58: 2229.6352 | AF58: 2151.3759 | AG58: 2188.4919 | AH58: 2036.5548 | AI58: 2146.6602 | AJ58: 2198.4789 | AK58: 2034.9399 | AL58: 2240.2982 | AM58: 1980.8405 | AN58: 2226.5323 | AO58: 2235.5822 | AP58: 2491.2325 | AQ58: 2517.6962 | AR58: 2441.7476 | AS58: 2481.2919 | AT58: 2332.2034 | AU58: 2445.7597 | AV58: 2501.6299 | AW58: 2342.5646 | AX58: 2552.5366 | AY58: 2297.549 | AZ58: 2547.3699 | BA58: 2560.1389 | BB58: 2819.1473 | BC58: 2848.7274 | BD58: 2775.7857 | BE58: 2818.328 | BF58: 2672.278 | BG58: 2788.9165 | BH58: 2847.8891 | BI58: 2691.9203 | BJ58: 2904.9706 | BK58: 2653.0512 | BL58: 2905.9555 | BM58: 2921.8521 | BN58: 3184.0492 | BO58: 3216.868 | BP58: 3147.1666 | BQ58: 3192.8655 | BR58: 3049.7794 | BS58: 3169.0826 | BT58: 3230.3528 | BU58: 3076.3197 | BV58: 3291.0472 | BW58: 3040.7503 | BX58: 3295.4955 | BY58: 3313.7333 | BZ58: 3578.9793 | CA58: 3615.6035 | CB58: 3550.2927 | CC58: 3600.5656 | CD58: 3461.659 | CE58: 3584.1173 | CF58: 3646.9938 | CG58: 3492.7864 | CH58: 3705.7304 | CI58: 3452.6872 | CJ58: 3704.908 | CK58: 3722.186 | CL58: 3989.1083 | CM58: 4031.7956 | CN58: 3975.6872 | CO58: 4037.627 | CP58: 3913.4264 | CQ58: 4039.8632 | CR58: 4111.8535 | CS58: 3966.6328 | CT58: 4108.2119 | CU58: 3956.1001 | CV58: 1 | CW58: =CY58 -> 1504 | CY58: =IFERROR(CZ58,0) -> 1504 | CZ58: =RIGHT(A58,4)*1 -> 1504
C59: Actual | CV59: 0 | CW59: =CY59 -> 0 | CY59: =IFERROR(CZ59,0) -> 0 | CZ59: =RIGHT(A59,4)*1 -> #VALUE!
A60: Pa1504 | B60: desl | C60: Forecast | D60: 1954.7823 | E60: 1824.0608 | F60: 2033.6046 | G60: 1827.8647 | H60: 1936.09 | I60: 1778.265 | J60: 1749.0968 | K60: 1759.1389 | L60: 1621.0799 | M60: 1814.4126 | N60: 1844.2172 | O60: 1810.3838 | P60: 1999.9052 | Q60: 1807.2823 | R60: 1999.389 | S60: 1795.532 | T60: 1906.2505 | U60: 1759.5766 | V60: 1736.6711 | W60: 1754.9404 | X60: 1629.4689 | Y60: 1838.953 | Z60: 1888.1314 | AA60: 1873.6056 | AB60: 2078.8337 | AC60: 1896.418 | AD60: 2093.3975 | AE60: 1890.946 | AF60: 2002.1521 | AG60: 1857.2258 | AH60: 1838.4768 | AI60: 1863.3633 | AJ60: 1746.2607 | AK60: 1964.8765 | AL60: 2023.0891 | AM60: 2016.9689 | AN60: 2229.771 | AO60: 2054.1188 | AP60: 2257.1841 | AQ60: 2060.3131 | AR60: 2176.7809 | AS60: 2036.9886 | AT60: 2023.4273 | AU60: 2053.6978 | AV60: 1942.247 | AW60: 2166.7666 | AX60: 2231.0413 | AY60: 2231.0038 | AZ60: 2449.7723 | BA60: 2279.8729 | BB60: 2488.4381 | BC60: 2296.8313 | BD60: 2418.3802 | BE60: 2283.5502 | BF60: 2274.8865 | BG60: 2310.0234 | BH60: 2203.4206 | BI60: 2432.7683 | BJ60: 2501.8449 | BK60: 2506.5792 | BL60: 2730.0904 | BM60: 2564.9086 | BN60: 2778.1686 | BO60: 2591.2272 | BP60: 2717.3925 | BQ60: 2587.0962 | BR60: 2582.8395 | BS60: 2622.212 | BT60: 2519.6426 | BU60: 2752.8192 | BV60: 2825.5583 | BW60: 2833.8701 | BX60: 3060.989 | BY60: 2899.5706 | BZ60: 3116.851 | CA60: 2934.2262 | CB60: 3064.9512 | CC60: 2939.3011 | CD60: 2939.5352 | CE60: 2982.9612 | CF60: 2883.7599 | CG60: 3119.4778 | CH60: 3193.9601 | CI60: 3203.4785 | CJ60: 3431.7001 | CK60: 3271.8107 | CL60: 3491.8116 | CM60: 3313.2648 | CN60: 3449.7587 | CO60: 3331.7587 | CP60: 3338.2119 | CQ60: 3389.7807 | CR60: 3295.3231 | CS60: 3517.6956 | CT60: 3614.293 | CU60: 3594.1008 | CV60: -1 | CW60: =CY60 -> 1504 | CY60: =IFERROR(CZ60,0) -> 1504 | CZ60: =RIGHT(A60,4)*1 -> 1504
C61: Actual | CV61: 0 | CW61: =CY61 -> 0 | CY61: =IFERROR(CZ61,0) -> 0 | CZ61: =RIGHT(A61,4)*1 -> #VALUE!
A62: Pa1505 | B62: adm | C62: Forecast | D62: 1413.9316 | E62: 1849.2973 | F62: 2181.394 | G62: 2277.9827 | H62: 2217.32 | I62: 2256.7509 | J62: 2033.3801 | K62: 1986.4272 | L62: 1919.1554 | M62: 1625.1708 | N62: 1676.2975 | O62: 1508.058 | P62: 1966.8953 | Q62: 2249.2298 | R62: 2568.5556 | S62: 2638.1335 | T62: 2535.6464 | U62: 2527.4077 | V62: 2268.341 | W62: 2208.5879 | X62: 2152.1689 | Y62: 1892.9905 | Z62: 1991.8692 | AA62: 1869.0727 | AB62: 2358.8964 | AC62: 2652.3294 | AD62: 2965.5727 | AE62: 3019.8903 | AF62: 2901.4662 | AG62: 2882.6054 | AH62: 2620.7424 | AI62: 2565.4813 | AJ62: 2518.5175 | AK62: 2271.0479 | AL62: 2381.7303 | AM62: 2269.5285 | AN62: 2768.1336 | AO62: 3068.3394 | AP62: 3386.3925 | AQ62: 3443.8247 | AR62: 3327.3261 | AS62: 3309.8964 | AT62: 3049.7123 | AU62: 2996.9769 | AV62: 2953.6851 | AW62: 2710.977 | AX62: 2827.1622 | AY62: 2720.7161 | AZ62: 3224.8713 | BA62: 3530.1195 | BB62: 3852.607 | BC62: 3913.9376 | BD62: 3800.9697 | BE62: 3786.8847 | BF62: 3529.9947 | BG62: 3480.5687 | BH62: 3440.6079 | BI62: 3201.2301 | BJ62: 3320.728 | BK62: 3217.5913 | BL62: 3725.1061 | BM62: 4033.8448 | BN62: 4360.0341 | BO62: 4425.3191 | BP62: 4316.5241 | BQ62: 4306.6975 | BR62: 4053.9223 | BS62: 4008.1791 | BT62: 3971.1912 | BU62: 3733.8998 | BV62: 3854.613 | BW62: 3752.0856 | BX62: 4260.1168 | BY62: 4569.9615 | BZ62: 4898.5434 | CA62: 4968.0186 | CB62: 4865.3323 | CC62: 4863.1222 | CD62: 4618.5026 | CE62: 4580.0565 | CF62: 4547.9475 | CG62: 4311.8042 | CH62: 4429.2632 | CI62: 4319.4134 | CJ62: 4817.7905 | CK62: 5118.4266 | CL62: 5441.49 | CM62: 5513.6759 | CN62: 5422.5438 | CO62: 5441.5271 | CP62: 5228.223 | CQ62: 5210.1356 | CR62: 5210.0889 | CS62: 4991.6871 | CT62: 5040.2661 | CU62: 5007.3231 | CV62: 1 | CW62: =CY62 -> 1505 | CY62: =IFERROR(CZ62,0) -> 1505 | CZ62: =RIGHT(A62,4)*1 -> 1505
C63: Actual | CV63: 0 | CW63: =CY63 -> 0 | CY63: =IFERROR(CZ63,0) -> 0 | CZ63: =RIGHT(A63,4)*1 -> #VALUE!
A64: Pa1505 | B64: desl | C64: Forecast | D64: 2013.0217 | E64: 1968.5609 | F64: 2057.1172 | G64: 1918.198 | H64: 2039.2618 | I64: 1875.1572 | J64: 1986.9676 | K64: 2023.6329 | L64: 1969.4931 | M64: 2291.105 | N64: 2262.2185 | O64: 2205.2016 | P64: 2149.0985 | Q64: 1986.5887 | R64: 2135.0623 | S64: 1974.91 | T64: 2108.0377 | U64: 1958.4469 | V64: 2077.8015 | W64: 2122.6611 | X64: 2077.0408 | Y64: 2405.6583 | Z64: 2381.5755 | AA64: 2327.3425 | AB64: 2273.0416 | AC64: 2112.7419 | AD64: 2264.4621 | AE64: 2108.7784 | AF64: 2247.5364 | AG64: 2104.4445 | AH64: 2230.6452 | AI64: 2282.1977 | AJ64: 2242.8046 | AK64: 2577.0895 | AL64: 2558.1719 | AM64: 2508.7282 | AN64: 2458.9844 | AO64: 2303.1496 | AP64: 2459.3592 | AQ64: 2308.2647 | AR64: 2451.7414 | AS64: 2313.4861 | AT64: 2444.5973 | AU64: 2501.0687 | AV64: 2466.5329 | AW64: 2805.5558 | AX64: 2791.2248 | AY64: 2746.213 | AZ64: 2700.7674 | BA64: 2549.1318 | BB64: 2709.477 | BC64: 2562.4822 | BD64: 2710.0373 | BE64: 2575.8415 | BF64: 2710.9865 | BG64: 2771.4565 | BH64: 2740.8755 | BI64: 3083.8044 | BJ64: 3073.3289 | BK64: 3032.1225 | BL64: 2990.4314 | BM64: 2842.4951 | BN64: 3006.4764 | BO64: 2863.0435 | BP64: 3014.0758 | BQ64: 2883.2669 | BR64: 3021.7116 | BS64: 3085.4093 | BT64: 3058.0107 | BU64: 3404.1111 | BV64: 3396.8315 | BW64: 3358.8705 | BX64: 3320.4799 | BY64: 3175.8768 | BZ64: 3343.171 | CA64: 3202.9523 | CB64: 3357.0126 | CC64: 3228.9719 | CD64: 3369.8924 | CE64: 3435.8018 | CF64: 3410.4579 | CG64: 3758.6173 | CH64: 3753.5895 | CI64: 3718.2692 | CJ64: 3682.9018 | CK64: 3541.6347 | CL64: 3712.5873 | CM64: 3575.5336 | CN64: 3732.823 | CO64: 3607.3304 | CP64: 3747.5004 | CQ64: 3818.4053 | CR64: 3785.5206 | CS64: 4118.7504 | CT64: 4155.6894 | CU64: 4050.9172 | CV64: -1 | CW64: =CY64 -> 1505 | CY64: =IFERROR(CZ64,0) -> 1505 | CZ64: =RIGHT(A64,4)*1 -> 1505
C65: Actual | CV65: 0 | CW65: =CY65 -> 0 | CY65: =IFERROR(CZ65,0) -> 0 | CZ65: =RIGHT(A65,4)*1 -> #VALUE!
A66: Pa1506 | B66: adm | C66: Forecast | D66: 5793.3864 | E66: 6725.9664 | F66: 7740.8522 | G66: 8242.2727 | H66: 8036.1976 | I66: 8491.4077 | J66: 8011.4704 | K66: 8130.5314 | L66: 8159.9565 | M66: 7072.3698 | N66: 7262.3504 | O66: 6175.4406 | P66: 7270.3073 | Q66: 7769.5651 | R66: 8580.3355 | S66: 8928.7358 | T66: 8640.9224 | U66: 9031.7249 | V66: 8525.4049 | W66: 8644.1711 | X66: 8696.5653 | Y66: 7659.8991 | Z66: 7908.5954 | AA66: 6873.6797 | AB66: 8006.2285 | AC66: 8524.177 | AD66: 9336.872 | AE66: 9677.6624 | AF66: 9380.3099 | AG66: 9765.4694 | AH66: 9260.5276 | AI66: 9388.093 | AJ66: 9455.2792 | AK66: 8437.1574 | AL66: 8705.7933 | AM66: 7690.2239 | AN66: 8840.143 | AO66: 9372.7363 | AP66: 10197.207 | AQ66: 10547.305 | AR66: 10257.603 | AS66: 10649.767 | AT66: 10152.146 | AU66: 10288.044 | AV66: 10364.869 | AW66: 9357.5837 | AX66: 9637.844 | AY66: 8634.1476 | AZ66: 9795.6875 | BA66: 10339.306 | BB66: 11174.065 | BC66: 11533.756 | BD66: 11253.102 | BE66: 11653.959 | BF66: 11164.843 | BG66: 11309.167 | BH66: 11394.392 | BI66: 10395.495 | BJ66: 10684.138 | BK66: 9688.836 | BL66: 10858.825 | BM66: 11411.002 | BN66: 12254.477 | BO66: 12623.042 | BP66: 12351.348 | BQ66: 12761.084 | BR66: 12280.519 | BS66: 12432.784 | BT66: 12525.098 | BU66: 11532.33 | BV66: 11826.242 | BW66: 10835.709 | BX66: 12010.545 | BY66: 12568.356 | BZ66: 13418.901 | CA66: 13796.366 | CB66: 13535.349 | CC66: 13956.925 | CD66: 13488.215 | CE66: 13650.862 | CF66: 13750.556 | CG66: 12761.053 | CH66: 13053.786 | CI66: 12058.323 | CJ66: 13226.722 | CK66: 13779.839 | CL66: 14629.555 | CM66: 15016.675 | CN66: 14773.077 | CO66: 15217.889 | CP66: 14791.719 | CQ66: 14963.798 | CR66: 15087.921 | CS66: 14191.688 | CT66: 14198.772 | CU66: 13595.205 | CV66: 1 | CW66: =CY66 -> 1506 | CY66: =IFERROR(CZ66,0) -> 1506 | CZ66: =RIGHT(A66,4)*1 -> 1506
C67: Actual | CV67: 0 | CW67: =CY67 -> 0 | CY67: =IFERROR(CZ67,0) -> 0 | CZ67: =RIGHT(A67,4)*1 -> #VALUE!
A68: Pa1506 | B68: desl | C68: Forecast | D68: 8357.5653 | E68: 7970.4537 | F68: 8387.4418 | G68: 7948.748 | H68: 8098.6353 | I68: 7497.6434 | J68: 7477.5445 | K68: 7912.7215 | L68: 7424.5173 | M68: 8623.7794 | N68: 9086.1408 | O68: 8784.3295 | P68: 8631.6936 | Q68: 8117.5106 | R68: 8549.5009 | S68: 8070.3202 | T68: 8156.6086 | U68: 7574.7929 | V68: 7554.6309 | W68: 8020.7252 | X68: 7589.1801 | Y68: 8855.1125 | Z68: 9381.3998 | AA68: 9126.1332 | AB68: 8995.0195 | AC68: 8481.3617 | AD68: 8903.6981 | AE68: 8416.5879 | AF68: 8504.9984 | AG68: 7938.1563 | AH68: 7943.6514 | AI68: 8441.376 | AJ68: 8042.5808 | AK68: 9338.9318 | AL68: 9891.7716 | AM68: 9659.1736 | AN68: 9547.5759 | AO68: 9051.1808 | AP68: 9489.3505 | AQ68: 9017.3826 | AR68: 9120.9461 | AS68: 8569.9056 | AT68: 8592.3062 | AU68: 9108.1824 | AV68: 8728.5625 | AW68: 10044.597 | AX68: 10616.993 | AY68: 10403.272 | AZ68: 10309.548 | BA68: 9829.9792 | BB68: 10284.106 | BC68: 9827.5189 | BD68: 9946.1777 | BE68: 9410.1547 | BF68: 9447.5946 | BG68: 9978.5432 | BH68: 9613.9943 | BI68: 10945.06 | BJ68: 11532.43 | BK68: 11333.629 | BL68: 11254.779 | BM68: 10790.023 | BN68: 11258.842 | BO68: 10816.712 | BP68: 10949.427 | BQ68: 10426.883 | BR68: 10477.08 | BS68: 11020.013 | BT68: 10666.768 | BU68: 12008.723 | BV68: 12606.983 | BW68: 12419.572 | BX68: 12353.066 | BY68: 11901.874 | BZ68: 12385.412 | CA68: 11958.676 | CB68: 12106.597 | CC68: 11597.956 | CD68: 11659.663 | CE68: 12210.945 | CF68: 11862.803 | CG68: 13207.331 | CH68: 13807.183 | CI68: 13622.718 | CJ68: 13562.878 | CK68: 13123.427 | CL68: 13626.586 | CM68: 13223.525 | CN68: 13399.362 | CO68: 12921.782 | CP68: 12992.226 | CQ68: 13565.297 | CR68: 13222.092 | CS68: 14409.205 | CT68: 15239.979 | CU68: 14741.582 | CV68: -1 | CW68: =CY68 -> 1506 | CY68: =IFERROR(CZ68,0) -> 1506 | CZ68: =RIGHT(A68,4)*1 -> 1506
C69: Actual | CV69: 0 | CW69: =CY69 -> 0 | CY69: =IFERROR(CZ69,0) -> 0 | CZ69: =RIGHT(A69,4)*1 -> #VALUE!
A70: Ap1601 | B70: adm | C70: Forecast | D70: 12.52117 | E70: 18.401515 | F70: 34.600582 | G70: 39.24944 | H70: 43.301768 | I70: 52.600359 | J70: 54.031117 | K70: 61.842215 | L70: 60.276182 | M70: 44.810492 | N70: 33.476812 | O70: 2.0944995 | P70: 10.80777 | Q70: 17.398565 | R70: 41.529307 | S70: 50.925525 | T70: 58.304602 | U70: 68.627862 | V70: 70.049834 | W70: 77.494406 | X70: 75.43876 | Y70: 59.589332 | Z70: 47.919956 | AA70: 16.204226 | AB70: 24.621818 | AC70: 30.967889 | AD70: 54.920376 | AE70: 64.201563 | AF70: 71.5014 | AG70: 81.74338 | AH70: 83.049606 | AI70: 90.32615 | AJ70: 88.051366 | AK70: 71.948417 | AL70: 60.014474 | AM70: 28.043993 | AN70: 36.229529 | AO70: 42.369796 | AP70: 66.139064 | AQ70: 75.252228 | AR70: 82.391262 | AS70: 92.473109 | AT70: 93.615601 | AU70: 100.7228 | AV70: 98.272914 | AW70: 81.990415 | AX70: 69.874761 | AY70: 37.723204 | AZ70: 45.731011 | BA70: 51.698952 | BB70: 75.302277 | BC70: 84.255655 | BD70: 91.239841 | BE70: 101.17002 | BF70: 102.16229 | BG70: 109.11947 | BH70: 106.51928 | BI70: 90.086447 | BJ70: 77.821278 | BK70: 45.522105 | BL70: 53.385188 | BM70: 59.211934 | BN70: 82.677712 | BO70: 91.496784 | BP70: 98.349059 | BQ70: 108.14865 | BR70: 109.01061 | BS70: 115.83703 | BT70: 113.10547 | BU70: 96.541237 | BV70: 84.145976 | BW70: 51.71991 | BX70: 59.461326 | BY70: 65.173171 | BZ70: 88.531243 | CA70: 97.248635 | CB70: 104.00244 | CC70: 113.7027 | CD70: 114.46024 | CE70: 121.17407 | CF70: 118.32095 | CG70: 101.62853 | CH70: 89.103747 | CI70: 56.549969 | CJ70: 64.180078 | CK70: 69.798578 | CL70: 93.071685 | CM70: 101.76162 | CN70: 108.47539 | CO70: 118.1193 | CP70: 119.08128 | CQ70: 125.21099 | CR70: 122.92364 | CS70: 106.4851 | CT70: 91.144004 | CU70: 62.389034 | CV70: 1 | CW70: =CY70 -> 1601 | CY70: =IFERROR(CZ70,0) -> 1601 | CZ70: =RIGHT(A70,4)*1 -> 1601
C71: Actual | CV71: 0 | CW71: =CY71 -> 0 | CY71: =IFERROR(CZ71,0) -> 0 | CZ71: =RIGHT(A71,4)*1 -> #VALUE!
A72: Ap1601 | B72: desl | C72: Forecast | D72: 27.663311 | E72: 24.339025 | F72: 15.687381 | G72: 19.461734 | H72: 33.221872 | I72: 22.879757 | J72: 33.103364 | K72: 43.294921 | L72: 36.593502 | M72: 72.777471 | N72: 78.298608 | O72: 94.225781 | P72: 51.134066 | Q72: 29.447119 | R72: 14.699615 | S72: 15.92988 | T72: 30.891548 | U72: 23.420825 | V72: 35.671204 | W72: 47.381614 | X72: 41.257281 | Y72: 77.193458 | Z72: 81.981464 | AA72: 96.98839 | AB72: 53.018488 | AC72: 30.725568 | AD72: 15.731541 | AE72: 17.030476 | AF72: 32.245374 | AG72: 25.060281 | AH72: 37.506596 | AI72: 49.263923 | AJ72: 43.036362 | AK72: 78.75505 | AL72: 83.261894 | AM72: 97.971623 | AN72: 53.72345 | AO72: 31.191855 | AP72: 16.007272 | AQ72: 17.162862 | AR72: 32.273484 | AS72: 25.00965 | AT72: 37.386304 | AU72: 49.067116 | AV72: 42.744397 | AW72: 78.34413 | AX72: 82.710207 | AY72: 97.264878 | AZ72: 52.857389 | BA72: 30.171507 | BB72: 14.84377 | BC72: 15.869301 | BD72: 30.861274 | BE72: 23.486351 | BF72: 35.75522 | BG72: 47.328323 | BH72: 40.896522 | BI72: 76.386126 | BJ72: 80.642547 | BK72: 95.089843 | BL72: 50.57844 | BM72: 27.791999 | BN72: 12.36545 | BO72: 13.291107 | BP72: 28.17894 | BQ72: 20.69314 | BR72: 32.843837 | BS72: 44.293693 | BT72: 37.738772 | BU72: 73.112844 | BV72: 77.269375 | BW72: 91.638694 | BX72: 47.073224 | BY72: 24.252414 | BZ72: 8.8002361 | CA72: 9.6925464 | CB72: 24.520849 | CC72: 16.933532 | CD72: 28.933499 | CE72: 40.188069 | CF72: 33.413681 | CG72: 68.57612 | CH72: 72.568536 | CI72: 86.862365 | CJ72: 42.336008 | CK72: 19.643874 | CL72: 4.4526494 | CM72: 5.5531674 | CN72: 20.542472 | CO72: 13.130317 | CP72: 24.572612 | CQ72: 35.729616 | CR72: 29.451897 | CS72: 58.241392 | CT72: 73.025422 | CU72: 72.393343 | CV72: -1 | CW72: =CY72 -> 1601 | CY72: =IFERROR(CZ72,0) -> 1601 | CZ72: =RIGHT(A72,4)*1 -> 1601
C73: Actual | CV73: 0 | CW73: =CY73 -> 0 | CY73: =IFERROR(CZ73,0) -> 0 | CZ73: =RIGHT(A73,4)*1 -> #VALUE!
A74: Ap1602 | B74: adm | C74: Forecast | D74: 1406.862 | E74: 1568.3602 | F74: 1727.596 | G74: 1843.8134 | H74: 1799.0461 | I74: 1867.2754 | J74: 1807.2016 | K74: 1904.2505 | L74: 1857.0851 | M74: 1813.2206 | N74: 1870.4217 | O74: 1583.3333 | P74: 1717.8391 | Q74: 1823.1447 | R74: 2001.2652 | S74: 2083.6664 | T74: 2028.5065 | U74: 2081.6073 | V74: 2010.2889 | W74: 2110.0403 | X74: 2073.0208 | Y74: 2049.5343 | Z74: 2129.2126 | AA74: 1861.54 | AB74: 2008.9744 | AC74: 2119.6871 | AD74: 2297.5898 | AE74: 2377.4735 | AF74: 2320.5487 | AG74: 2374.5388 | AH74: 2307.2594 | AI74: 2413.6352 | AJ74: 2384.7802 | AK74: 2369.9772 | AL74: 2458.114 | AM74: 2198.2507 | AN74: 2352.6628 | AO74: 2469.4858 | AP74: 2652.6941 | AQ74: 2737.2339 | AR74: 2684.5579 | AS74: 2742.6839 | AT74: 2679.7084 | AU74: 2790.7514 | AV74: 2766.9879 | AW74: 2757.6262 | AX74: 2851.3853 | AY74: 2597.1274 | AZ74: 2756.9637 | BA74: 2878.9372 | BB74: 3067.0085 | BC74: 3156.1688 | BD74: 3107.9438 | BE74: 3170.4221 | BF74: 3111.7504 | BG74: 3227.0737 | BH74: 3207.5729 | BI74: 3202.4539 | BJ74: 3300.4359 | BK74: 3050.3888 | BL74: 3214.4394 | BM74: 3340.6475 | BN74: 3532.9815 | BO74: 3626.4214 | BP74: 3582.4546 | BQ74: 3649.1042 | BR74: 3594.4337 | BS74: 3713.5055 | BT74: 3697.4453 | BU74: 3695.458 | BV74: 3796.3356 | BW74: 3549.0983 | BX74: 3716.0792 | BY74: 3845.5567 | BZ74: 4041.6687 | CA74: 4139.4506 | CB74: 4100.2812 | CC74: 4171.8987 | CD74: 4121.9384 | CE74: 4244.9767 | CF74: 4231.7176 | CG74: 4231.1445 | CH74: 4332.1297 | CI74: 4084.1506 | CJ74: 4250.3836 | CK74: 4380.1024 | CL74: 4578.4758 | CM74: 4681.5499 | CN74: 4650.4664 | CO74: 4732.4702 | CP74: 4694.1953 | CQ74: 4824.6084 | CR74: 4819.244 | CS74: 4814.8835 | CT74: 4900.0365 | CU74: 4665.0493 | CV74: 1 | CW74: =CY74 -> 1602 | CY74: =IFERROR(CZ74,0) -> 1602 | CZ74: =RIGHT(A74,4)*1 -> 1602
C75: Actual | CV75: 0 | CW75: =CY75 -> 0 | CY75: =IFERROR(CZ75,0) -> 0 | CZ75: =RIGHT(A75,4)*1 -> #VALUE!
A76: Ap1602 | B76: desl | C76: Forecast | D76: 1823.5496 | E76: 1791.1683 | F76: 1997.4603 | G76: 1831.242 | H76: 1942.6773 | I76: 1794.7944 | J76: 1764.2939 | K76: 1854.6843 | L76: 1694.3068 | M76: 1978.288 | N76: 2062.3621 | O76: 2018.4477 | P76: 2154.3977 | Q76: 1956.034 | R76: 2146.4523 | S76: 1954.2465 | T76: 2041.3683 | U76: 1879.1987 | V76: 1840.8082 | W76: 1928.2476 | X76: 1775.771 | Y76: 2076.3558 | Z76: 2181.6406 | AA76: 2158.7092 | AB76: 2310.277 | AC76: 2120.7002 | AD76: 2314.2878 | AE76: 2122.5009 | AF76: 2210.3731 | AG76: 2051.3659 | AH76: 2019.1946 | AI76: 2115.4071 | AJ76: 1973.1858 | AK76: 2284.4253 | AL76: 2400.0125 | AM76: 2386.6736 | AN76: 2547.041 | AO76: 2365.5163 | AP76: 2566.4971 | AQ76: 2381.5628 | AR76: 2475.911 | AS76: 2323.215 | AT76: 2297.4154 | AU76: 2400.2396 | AV76: 2264.9514 | AW76: 2583.4098 | AX76: 2706.3709 | AY76: 2700.3889 | AZ76: 2867.9413 | BA76: 2693.3337 | BB76: 2900.9401 | BC76: 2722.3744 | BD76: 2822.8994 | BE76: 2676.2554 | BF76: 2656.4326 | BG76: 2765.1849 | BH76: 2635.785 | BI76: 2960.0922 | BJ76: 3088.8647 | BK76: 3088.664 | BL76: 3261.9793 | BM76: 3093.1264 | BN76: 3306.4795 | BO76: 3133.6345 | BP76: 3239.8146 | BQ76: 3098.7007 | BR76: 3084.2135 | BS76: 3198.0453 | BT76: 3073.4352 | BU76: 3402.2597 | BV76: 3535.3554 | BW76: 3539.4231 | BX76: 3717.1291 | BY76: 3552.9634 | BZ76: 3771.4192 | CA76: 3604.1042 | CB76: 3716.1115 | CC76: 3580.8484 | CD76: 3571.8611 | CE76: 3690.4411 | CF76: 3569.5173 | CG76: 3900.8442 | CH76: 4035.4044 | CI76: 4040.3845 | CJ76: 4219.186 | CK76: 4057.0116 | CL76: 4279.5675 | CM76: 4118.4262 | CN76: 4238.8129 | CO76: 4114.8984 | CP76: 4113.65 | CQ76: 4241.6991 | CR76: 4131.0992 | CS76: 4427.8158 | CT76: 4611.786 | CU76: 4553.5184 | CV76: -1 | CW76: =CY76 -> 1602 | CY76: =IFERROR(CZ76,0) -> 1602 | CZ76: =RIGHT(A76,4)*1 -> 1602
C77: Actual | CV77: 0 | CW77: =CY77 -> 0 | CY77: =IFERROR(CZ77,0) -> 0 | CZ77: =RIGHT(A77,4)*1 -> #VALUE!
A78: To1701 | B78: adm | C78: Forecast | D78: 2706.7676 | E78: 2865.8979 | F78: 3025.2233 | G78: 2971.9074 | H78: 2888.5797 | I78: 2877.8049 | J78: 2759.3096 | K78: 2755.0352 | L78: 2670.6171 | M78: 2496.3279 | N78: 2527.04 | O78: 2332.1711 | P78: 2785.1037 | Q78: 2963.8495 | R78: 3199.0144 | S78: 3124.6409 | T78: 3032.9795 | U78: 3005.0972 | V78: 2866.1656 | W78: 2863.7075 | X78: 2792.9492 | Y78: 2647.1841 | Z78: 2708.8848 | AA78: 2537.7483 | AB78: 3002.8493 | AC78: 3181.9118 | AD78: 3409.2798 | AE78: 3324.7845 | AF78: 3225.3818 | AG78: 3194.6048 | AH78: 3057.807 | AI78: 3061.1876 | AJ78: 2998.1591 | AK78: 2860.4914 | AL78: 2929.6988 | AM78: 2765.023 | AN78: 3235.3933 | AO78: 3418.5374 | AP78: 3648.9019 | AQ78: 3566.546 | AR78: 3468.7904 | AS78: 3439.6175 | AT78: 3304.8038 | AU78: 3310.8248 | AV78: 3251.1501 | AW78: 3117.3946 | AX78: 3190.7843 | AY78: 3030.2491 | AZ78: 3504.4811 | BA78: 3691.0963 | BB78: 3924.5543 | BC78: 3845.0113 | BD78: 3749.913 | BE78: 3723.3488 | BF78: 3591.1581 | BG78: 3599.8337 | BH78: 3542.8312 | BI78: 3411.742 | BJ78: 3487.7782 | BK78: 3329.8775 | BL78: 3806.7615 | BM78: 3996.089 | BN78: 4232.3571 | BO78: 4155.7341 | BP78: 4063.6342 | BQ78: 4040.0628 | BR78: 3910.7298 | BS78: 3921.9776 | BT78: 3867.132 | BU78: 3737.7239 | BV78: 3815.0177 | BW78: 3658.1362 | BX78: 4136.1052 | BY78: 4326.9499 | BZ78: 4565.5056 | CA78: 4492.141 | CB78: 4404.2356 | CC78: 4385.4701 | CD78: 4260.9539 | CE78: 4276.2512 | CF78: 4223.901 | CG78: 4094.8587 | CH78: 4170.2275 | CI78: 4009.5511 | CJ78: 4482.9958 | CK78: 4670.1583 | CL78: 4907.5835 | CM78: 4837.8274 | CN78: 4758.1471 | CO78: 4751.6505 | CP78: 4643.9684 | CQ78: 4669.4224 | CR78: 4629.3193 | CS78: 4509.399 | CT78: 4536.0207 | CU78: 4424.9334 | CV78: 1 | CW78: =CY78 -> 1701 | CY78: =IFERROR(CZ78,0) -> 1701 | CZ78: =RIGHT(A78,4)*1 -> 1701
C79: Actual | CV79: 0 | CW79: =CY79 -> 0 | CY79: =IFERROR(CZ79,0) -> 0 | CZ79: =RIGHT(A79,4)*1 -> #VALUE!
A80: To1701 | B80: desl | C80: Forecast | D80: 2726.5519 | E80: 2716.4356 | F80: 2929.6404 | G80: 2864.9458 | H80: 2916.6899 | I80: 2654.0645 | J80: 2654.371 | K80: 2799.8009 | L80: 2599.0742 | M80: 3018.3919 | N80: 3135.0453 | O80: 2981.7745 | P80: 2792.7137 | Q80: 2719.7822 | R80: 2953.5 | S80: 2894.5152 | T80: 2940.2344 | U80: 2695.11 | V80: 2696.7813 | W80: 2852.8559 | X80: 2673.0931 | Y80: 3119.6988 | Z80: 3264.1489 | AA80: 3131.9497 | AB80: 2952.6971 | AC80: 2879.4001 | AD80: 3107.0491 | AE80: 3041.6671 | AF80: 3084.6887 | AG80: 2842.1921 | AH80: 2851.1425 | AI80: 3017.2313 | AJ80: 2848.1553 | AK80: 3304.6467 | AL80: 3457.5411 | AM80: 3332.3459 | AN80: 3158.9424 | AO80: 3090.6517 | AP80: 3322.717 | AQ80: 3261.3832 | AR80: 3308.3299 | AS80: 3069.9061 | AT80: 3083.3175 | AU80: 3254.3865 | AV80: 3090.7821 | AW80: 3553.06 | AX80: 3711.7982 | AY80: 3592.2562 | AZ80: 3424.1521 | BA80: 3360.761 | BB80: 3597.3825 | BC80: 3540.3758 | BD80: 3591.5414 | BE80: 3357.3179 | BF80: 3374.9552 | BG80: 3550.2805 | BH80: 3390.9463 | BI80: 3857.4896 | BJ80: 4020.4797 | BK80: 3905.1797 | BL80: 3741.3185 | BM80: 3682.1778 | BN80: 3923.0492 | BO80: 3870.2609 | BP80: 3925.5577 | BQ80: 3695.3057 | BR80: 3716.6809 | BS80: 3895.4587 | BT80: 3739.2867 | BU80: 4208.7638 | BV80: 4374.5933 | BW80: 4262.229 | BX80: 4101.6077 | BY80: 4046.1788 | BZ80: 4291.2972 | CA80: 4243.1992 | CB80: 4303.3658 | CC80: 4077.7569 | CD80: 4103.086 | CE80: 4284.7165 | CF80: 4130.086 | CG80: 4599.8619 | CH80: 4765.1511 | CI80: 4652.2015 | CJ80: 4491.8832 | CK80: 4438.3668 | CL80: 4688.5015 | CM80: 4647.4664 | CN80: 4717.2852 | CO80: 4503.7432 | CP80: 4532.939 | CQ80: 4725.3261 | CR80: 4575.0991 | CS80: 4979.6627 | CT80: 5248.2965 | CU80: 4989.8687 | CV80: -1 | CW80: =CY80 -> 1701 | CY80: =IFERROR(CZ80,0) -> 1701 | CZ80: =RIGHT(A80,4)*1 -> 1701
C81: Actual | CV81: 0 | CW81: =CY81 -> 0 | CY81: =IFERROR(CZ81,0) -> 0 | CZ81: =RIGHT(A81,4)*1 -> #VALUE!
A82: To1702 | B82: adm | C82: Forecast | D82: 2557.8394 | E82: 2664.4907 | F82: 3114.5459 | G82: 3113.2772 | H82: 3091.5854 | I82: 3135.9663 | J82: 2978.2291 | K82: 2975.7142 | L82: 2827.2004 | M82: 2582.1443 | N82: 2597.7058 | O82: 2251.2389 | P82: 2826.9266 | Q82: 3033.1371 | R82: 3440.3916 | S82: 3435.5972 | T82: 3383.3014 | U82: 3403.1866 | V82: 3215.6765 | W82: 3205.3328 | X82: 3062.7875 | Y82: 2845.7624 | Z82: 2897.418 | AA82: 2585.5159 | AB82: 3185.498 | AC82: 3402.1334 | AD82: 3807.4041 | AE82: 3793.703 | AF82: 3731.4778 | AG82: 3744.8955 | AH82: 3556.369 | AI82: 3550.2352 | AJ82: 3415.5848 | AK82: 3208.2939 | AL82: 3269.9825 | AM82: 2967.4031 | AN82: 3575.4544 | AO82: 3798.6744 | AP82: 4209.0273 | AQ82: 4199.0836 | AR82: 4139.6632 | AS82: 4155.4542 | AT82: 3969.4306 | AU82: 3966.3862 | AV82: 3835.6473 | AW82: 3633.0626 | AX82: 3700.0084 | AY82: 3402.8848 | AZ82: 4016.2536 | BA82: 4244.4224 | BB82: 4659.2689 | BC82: 4653.4034 | BD82: 4597.7599 | BE82: 4617.1576 | BF82: 4434.6741 | BG82: 4435.1609 | BH82: 4307.9599 | BI82: 4108.9126 | BJ82: 4179.3874 | BK82: 3885.7938 | BL82: 4502.7253 | BM82: 4734.5374 | BN82: 5153.1535 | BO82: 5151.2033 | BP82: 5099.5907 | BQ82: 5123.0406 | BR82: 4944.476 | BS82: 4948.5583 | BT82: 4824.4511 | BU82: 4627.8888 | BV82: 4700.2631 | BW82: 4408.1733 | BX82: 5026.5657 | BY82: 5260.2555 | BZ82: 5681.628 | CA82: 5683.6396 | CB82: 5637.2496 | CC82: 5666.8765 | CD82: 5494.7623 | CE82: 5504.6115 | CF82: 5384.5461 | CG82: 5189.4554 | CH82: 5260.3457 | CI82: 4964.1209 | CJ82: 5576.9449 | CK82: 5805.5225 | CL82: 6224.2684 | CM82: 6229.2411 | CN82: 6191.7535 | CO82: 6236.0125 | CP82: 6086.071 | CQ82: 6110.6538 | CR82: 6008.6183 | CS82: 5833.5046 | CT82: 5837.4673 | CU82: 5610.7552 | CV82: 1 | CW82: =CY82 -> 1702 | CY82: =IFERROR(CZ82,0) -> 1702 | CZ82: =RIGHT(A82,4)*1 -> 1702
C83: Actual | CV83: 0 | CW83: =CY83 -> 0 | CY83: =IFERROR(CZ83,0) -> 0 | CZ83: =RIGHT(A83,4)*1 -> #VALUE!
A84: To1702 | B84: desl | C84: Forecast | D84: 2581.0354 | E84: 2547.0252 | F84: 2764.4843 | G84: 2719.6168 | H84: 2847.3707 | I84: 2685.8889 | J84: 2785.1064 | K84: 2870.5481 | L84: 2737.0863 | M84: 3050.9809 | N84: 3027.497 | O84: 2956.5722 | P84: 2791.8863 | Q84: 2801.2572 | R84: 2959.7246 | S84: 2936.6487 | T84: 3032.6865 | U84: 2881.1523 | V84: 2972.1471 | W84: 3064.6268 | X84: 2940.8412 | Y84: 3271.477 | Z84: 3266.3046 | AA84: 3211.9181 | AB84: 3057.958 | AC84: 3072.4115 | AD84: 3231.7463 | AE84: 3208.2754 | AF84: 3305.1643 | AG84: 3157.1627 | AH84: 3254.4373 | AI84: 3355.151 | AJ84: 3240.4278 | AK84: 3580.0056 | AL84: 3583.1116 | AM84: 3536.1834 | AN84: 3388.9309 | AO84: 3409.4882 | AP84: 3574.4668 | AQ84: 3556.3137 | AR84: 3658.3405 | AS84: 3515.4607 | AT84: 3617.9967 | AU84: 3724.2163 | AV84: 3615.2629 | AW84: 3960.8038 | AX84: 3969.9339 | AY84: 3928.9451 | AZ84: 3787.4344 | BA84: 3813.4831 | BB84: 3983.7111 | BC84: 3970.6156 | BD84: 4077.573 | BE84: 3939.5523 | BF84: 4046.9098 | BG84: 4157.9258 | BH84: 4053.7424 | BI84: 4404.0224 | BJ84: 4417.8608 | BK84: 4381.5563 | BL84: 4244.7162 | BM84: 4275.429 | BN84: 4450.3103 | BO84: 4441.8363 | BP84: 4553.3431 | BQ84: 4419.7461 | BR84: 4531.3447 | BS84: 4646.3756 | BT84: 4545.9697 | BU84: 4899.8248 | BV84: 4917.1239 | BW84: 4884.2977 | BX84: 4751.1045 | BY84: 4785.7639 | BZ84: 4964.9577 | CA84: 4961.1234 | CB84: 5077.4366 | CC84: 4948.5404 | CD84: 5064.4043 | CE84: 5182.9469 | CF84: 5085.1053 | CG84: 5440.5694 | CH84: 5458.7672 | CI84: 5426.6591 | CJ84: 5294.6767 | CK84: 5331.5967 | CL84: 5515.2873 | CM84: 5517.2781 | CN84: 5641.7669 | CO84: 5522.9092 | CP84: 5643.2604 | CQ84: 5772.4836 | CR84: 5680.8875 | CS84: 5990.5938 | CT84: 6095.235 | CU84: 5927.4046 | CV84: -1 | CW84: =CY84 -> 1702 | CY84: =IFERROR(CZ84,0) -> 1702 | CZ84: =RIGHT(A84,4)*1 -> 1702
C85: Actual | CV85: 0 | CW85: =CY85 -> 0 | CY85: =IFERROR(CZ85,0) -> 0 | CZ85: =RIGHT(A85,4)*1 -> #VALUE!
A86: Ma2101 | B86: adm | C86: Forecast | D86: 6160.5975 | E86: 6033.573 | F86: 7019.2662 | G86: 7373.2736 | H86: 7431.399 | I86: 7690.4519 | J86: 7275.2079 | K86: 7595.3993 | L86: 7202.3326 | M86: 6763.0886 | N86: 7178.9182 | O86: 5987.4734 | P86: 6822.1808 | Q86: 6954.9688 | R86: 7976.2061 | S86: 8247.6457 | T86: 8235.1251 | U86: 8431.3609 | V86: 7967.8358 | W86: 8261.9605 | X86: 7879.9522 | Y86: 7494.1313 | Z86: 7990.5054 | AA86: 6889.6902 | AB86: 7806.8552 | AC86: 7999.5563 | AD86: 9054.5861 | AE86: 9339.1415 | AF86: 9328.9307 | AG86: 9527.0215 | AH86: 9072.4084 | AI86: 9385.7665 | AJ86: 9032.8707 | AK86: 8683.31 | AL86: 9219.5839 | AM86: 8159.1572 | AN86: 9114.9089 | AO86: 9343.0147 | AP86: 10429.693 | AQ86: 10742.248 | AR86: 10757.056 | AS86: 10978.256 | AT86: 10546.087 | AU86: 10882.365 | AV86: 10553.652 | AW86: 10229.816 | AX86: 10793.135 | AY86: 9760.495 | AZ86: 10744.061 | BA86: 10999.376 | BB86: 12112.247 | BC86: 12449.84 | BD86: 12488.614 | BE86: 12732.924 | BF86: 12323.257 | BG86: 12681.646 | BH86: 12374.799 | BI86: 12072.677 | BJ86: 12657.615 | BK86: 11646.551 | BL86: 12651.709 | BM86: 12928.691 | BN86: 14063.337 | BO86: 14422.782 | BP86: 14483.358 | BQ86: 14749.182 | BR86: 14360.416 | BS86: 14738.733 | BT86: 14450.547 | BU86: 14165.696 | BV86: 14766.664 | BW86: 13770.863 | BX86: 14791.275 | BY86: 15084.416 | BZ86: 16236.972 | CA86: 16616.586 | CB86: 16699.511 | CC86: 16989.055 | CD86: 16623.878 | CE86: 17023.699 | CF86: 16752.96 | CG86: 16480.082 | CH86: 17087.159 | CI86: 16092.673 | CJ86: 17112.406 | CK86: 17406.633 | CL86: 18566.176 | CM86: 18964.185 | CN86: 19076.453 | CO86: 19407.188 | CP86: 19093.615 | CQ86: 19530.168 | CR86: 19308.448 | CS86: 19048.555 | CT86: 19554.184 | CU86: 18732.529 | CV86: 1 | CW86: =CY86 -> 2101 | CY86: =IFERROR(CZ86,0) -> 2101 | CZ86: =RIGHT(A86,4)*1 -> 2101
C87: Actual | CV87: 0 | CW87: =CY87 -> 0 | CY87: =IFERROR(CZ87,0) -> 0 | CZ87: =RIGHT(A87,4)*1 -> #VALUE!
A88: Ma2101 | B88: desl | C88: Forecast | D88: 8095.7481 | E88: 7683.6063 | F88: 8346.417 | G88: 7896.4979 | H88: 8056.2782 | I88: 7506.9624 | J88: 7202.7327 | K88: 7424.0546 | L88: 6695.0291 | M88: 7572.1993 | N88: 8006.5632 | O88: 7952.7909 | P88: 8388.269 | Q88: 8016.893 | R88: 8549.596 | S88: 8074.7336 | T88: 8146.4697 | U88: 7574.7571 | V88: 7218.4806 | W88: 7436.1255 | X88: 6734.0391 | Y88: 7672.5606 | Z88: 8187.366 | AA88: 8217.5912 | AB88: 8723.4556 | AC88: 8402.4157 | AD88: 8966.7334 | AE88: 8512.1221 | AF88: 8601.4789 | AG88: 8051.8404 | AH88: 7725.4679 | AI88: 7980.966 | AJ88: 7322.6894 | AK88: 8308.2753 | AL88: 8871.0006 | AM88: 8948.3056 | AN88: 9499.3433 | AO88: 9220.971 | AP88: 9825.2219 | AQ88: 9407.9486 | AR88: 9532.5624 | AS88: 9016.9143 | AT88: 8724.1914 | AU88: 9013.7921 | AV88: 8390.5298 | AW88: 9412.0796 | AX88: 10011.392 | AY88: 10125.376 | AZ88: 10712.645 | BA88: 10469.653 | BB88: 11108.242 | BC88: 10724.268 | BD88: 10881.277 | BE88: 10397.303 | BF88: 10135.698 | BG88: 10455.983 | BH88: 9863.0478 | BI88: 10914.619 | BJ88: 11543.696 | BK88: 11687.25 | BL88: 12303.96 | BM88: 12090.338 | BN88: 12758.238 | BO88: 12403.458 | BP88: 12589.392 | BQ88: 12133.835 | BR88: 11899.845 | BS88: 12246.655 | BT88: 11678.969 | BU88: 12754.517 | BV88: 13406.553 | BW88: 13572.569 | BX88: 14211.958 | BY88: 14021.989 | BZ88: 14715.109 | CA88: 14387.317 | CB88: 14601.65 | CC88: 14174.928 | CD88: 13968.748 | CE88: 14340.658 | CF88: 13793.913 | CG88: 14885.441 | CH88: 15548.742 | CI88: 15722.932 | CJ88: 16370.27 | CK88: 16190.815 | CL88: 16902.395 | CM88: 16601.226 | CN88: 16852.176 | CO88: 16474.311 | CP88: 16307.372 | CQ88: 16723.87 | CR88: 16235.382 | CS88: 17195.96 | CT88: 18071.328 | CU88: 17999.592 | CV88: -1 | CW88: =CY88 -> 2101 | CY88: =IFERROR(CZ88,0) -> 2101 | CZ88: =RIGHT(A88,4)*1 -> 2101
C89: Actual | CV89: 0 | CW89: =CY89 -> 0 | CY89: =IFERROR(CZ89,0) -> 0 | CZ89: =RIGHT(A89,4)*1 -> #VALUE!
A90: Ma2102 | B90: adm | C90: Forecast | D90: 2455.8766 | E90: 2482.1294 | F90: 2806.2623 | G90: 2876.8516 | H90: 2835.7497 | I90: 2988.4753 | J90: 2839.8977 | K90: 2951.3304 | L90: 2897.7845 | M90: 2634.348 | N90: 2804.0389 | O90: 2399.2354 | P90: 2837.9975 | Q90: 2876.3909 | R90: 3160.8162 | S90: 3178.0868 | T90: 3098.6826 | U90: 3216.4303 | V90: 3048.4638 | W90: 3150.2913 | X90: 3099.908 | Y90: 2850.9293 | Z90: 3038.1798 | AA90: 2648.7756 | AB90: 3097.5639 | AC90: 3139.293 | AD90: 3422.2325 | AE90: 3436.5171 | AF90: 3355.5721 | AG90: 3474.9665 | AH90: 3312.1651 | AI90: 3421.9173 | AJ90: 3381.0216 | AK90: 3141.9785 | AL90: 3338.8295 | AM90: 2958.283 | AN90: 3415.0567 | AO90: 3463.9219 | AP90: 3753.2569 | AQ90: 3773.3744 | AR90: 3697.9401 | AS90: 3822.797 | AT90: 3665.6609 | AU90: 3781.4453 | AV90: 3746.9836 | AW90: 3514.6845 | AX90: 3718.4131 | AY90: 3344.6808 | AZ90: 3808.0491 | BA90: 3863.2091 | BB90: 4158.5385 | BC90: 4184.4069 | BD90: 4114.5609 | BE90: 4244.9172 | BF90: 4093.2393 | BG90: 4214.4581 | BH90: 4185.4027 | BI90: 3958.4679 | BJ90: 4167.5088 | BK90: 3799.0383 | BL90: 4267.6321 | BM90: 4328.003 | BN90: 4628.5475 | BO90: 4659.6394 | BP90: 4595.0043 | BQ90: 4730.5086 | BR90: 4583.8412 | BS90: 4709.8488 | BT90: 4685.2904 | BU90: 4462.5331 | BV90: 4675.4703 | BW90: 4310.7299 | BX90: 4783.0694 | BY90: 4847.4154 | BZ90: 5152.3562 | CA90: 5188.3713 | CB90: 5129.1489 | CC90: 5270.3467 | CD90: 5129.2858 | CE90: 5260.3546 | CF90: 5239.8615 | CG90: 5019.8749 | CH90: 5234.2376 | CI90: 4869.8662 | CJ90: 5342.2256 | CK90: 5407.2067 | CL90: 5714.1148 | CM90: 5755.1712 | CN90: 5703.396 | CO90: 5854.1556 | CP90: 5726.8279 | CQ90: 5864.7512 | CR90: 5852.0571 | CS90: 5656.0272 | CT90: 5789.2859 | CU90: 5545.5255 | CV90: 1 | CW90: =CY90 -> 2102 | CY90: =IFERROR(CZ90,0) -> 2102 | CZ90: =RIGHT(A90,4)*1 -> 2102
C91: Actual | CV91: 0 | CW91: =CY91 -> 0 | CY91: =IFERROR(CZ91,0) -> 0 | CZ91: =RIGHT(A91,4)*1 -> #VALUE!
A92: Ma2102 | B92: desl | C92: Forecast | D92: 2996.821 | E92: 2794.934 | F92: 3072.9051 | G92: 2968.8999 | H92: 3064.7542 | I92: 2918.4503 | J92: 2815.2125 | K92: 2879.186 | L92: 2662.839 | M92: 2956.3164 | N92: 3120.0677 | O92: 3143.9058 | P92: 3308.4651 | Q92: 3119.3746 | R92: 3262.7482 | S92: 3116.4398 | T92: 3152.0789 | U92: 2973.287 | V92: 2835.5423 | W92: 2886.1238 | X92: 2668.0573 | Y92: 2972.7761 | Z92: 3153.9848 | AA92: 3196.9369 | AB92: 3376.6994 | AC92: 3197.1715 | AD92: 3345.0451 | AE92: 3200.4441 | AF92: 3237.6082 | AG92: 3062.28 | AH92: 2930.9036 | AI92: 2990.7267 | AJ92: 2784.0735 | AK92: 3101.4274 | AL92: 3295.6219 | AM92: 3351.2726 | AN92: 3543.0467 | AO92: 3374.645 | AP92: 3532.7274 | AQ92: 3397.5284 | AR92: 3443.5148 | AS92: 3276.7269 | AT92: 3153.9097 | AU92: 3222.543 | AV92: 3025.0619 | AW92: 3351.927 | AX92: 3555.8417 | AY92: 3621.2397 | AZ92: 3822.6136 | BA92: 3663.5419 | BB92: 3830.632 | BC92: 3704.1288 | BD92: 3758.5497 | BE92: 3599.9988 | BF92: 3485.2772 | BG92: 3561.9037 | BH92: 3372.3362 | BI92: 3707.0485 | BJ92: 3918.756 | BK92: 3991.9082 | BL92: 4201.0169 | BM92: 4049.6771 | BN92: 4224.5007 | BO92: 4105.7138 | BP92: 4167.7853 | BQ92: 4016.7417 | BR92: 3909.2887 | BS92: 3992.8529 | BT92: 3809.8328 | BU92: 4150.705 | BV92: 4368.2711 | BW92: 4447.1525 | BX92: 4662.0954 | BY92: 4516.9405 | BZ92: 4698.4882 | CA92: 4587.023 | CB92: 4656.8872 | CC92: 4513.782 | CD92: 4413.9314 | CE92: 4504.2155 | CF92: 4326.5673 | CG92: 4671.2204 | CH92: 4891.0641 | CI92: 4971.2829 | CJ92: 5187.5242 | CK92: 5044.6383 | CL92: 5230.9958 | CM92: 5127.2174 | CN92: 5207.8146 | CO92: 5079.6752 | CP92: 4990.7706 | CQ92: 5096.1714 | CR92: 4930.9978 | CS92: 5238.9334 | CT92: 5514.2139 | CU92: 5521.4413 | CV92: -1 | CW92: =CY92 -> 2102 | CY92: =IFERROR(CZ92,0) -> 2102 | CZ92: =RIGHT(A92,4)*1 -> 2102
C93: Actual | CV93: 0 | CW93: =CY93 -> 0 | CY93: =IFERROR(CZ93,0) -> 0 | CZ93: =RIGHT(A93,4)*1 -> #VALUE!
A94: Ma2103 | B94: adm | C94: Forecast | D94: 605.8346 | E94: 578.21346 | F94: 662.31138 | G94: 662.83981 | H94: 651.20526 | I94: 670.67679 | J94: 630.64418 | K94: 679.17671 | L94: 647.77249 | M94: 609.95782 | N94: 661.41767 | O94: 539.81735 | P94: 641.87445 | Q94: 641.95266 | R94: 732.50338 | S94: 729.23725 | T94: 712.52615 | U94: 728.86196 | V94: 685.65487 | W94: 734.59064 | X94: 706.97763 | Y94: 676.36592 | Z94: 735.59118 | AA94: 620.44348 | AB94: 726.40615 | AC94: 727.66857 | AD94: 817.58849 | AE94: 813.26454 | AF94: 796.19969 | AG94: 813.47436 | AH94: 772.49467 | AI94: 824.55053 | AJ94: 800.44034 | AK94: 773.29956 | AL94: 835.72647 | AM94: 723.43532 | AN94: 831.92769 | AO94: 835.44348 | AP94: 927.3962 | AQ94: 924.94642 | AR94: 909.67247 | AS94: 928.74075 | AT94: 889.63696 | AU94: 943.70129 | AV94: 921.73764 | AW94: 896.84267 | AX94: 961.5479 | AY94: 851.49713 | AZ94: 962.13975 | BA94: 967.69343 | BB94: 1061.5786 | BC94: 1060.9821 | BD94: 1047.5138 | BE94: 1068.3665 | BF94: 1031.0406 | BG94: 1086.8799 | BH94: 1066.6844 | BI94: 1043.5447 | BJ94: 1109.9888 | BK94: 1001.6611 | BL94: 1114.0161 | BM94: 1121.278 | BN94: 1216.8716 | BO94: 1217.9826 | BP94: 1206.2112 | BQ94: 1228.7312 | BR94: 1193.0181 | BS94: 1250.3899 | BT94: 1231.6287 | BU94: 1209.8233 | BV94: 1277.5229 | BW94: 1170.4173 | BX94: 1284.0239 | BY94: 1292.6345 | BZ94: 1389.7269 | CA94: 1392.5047 | CB94: 1382.5363 | CC94: 1406.9093 | CD94: 1372.969 | CE94: 1431.8848 | CF94: 1414.3087 | CG94: 1393.2608 | CH94: 1461.3123 | CI94: 1354.2895 | CJ94: 1467.9795 | CK94: 1476.9705 | CL94: 1575.0659 | CM94: 1579.81 | CN94: 1572.6186 | CO94: 1600.5369 | CP94: 1570.6463 | CQ94: 1631.8461 | CR94: 1617.979 | CS94: 1596.9619 | CT94: 1653.87 | CU94: 1567.8595 | CV94: 1 | CW94: =CY94 -> 2103 | CY94: =IFERROR(CZ94,0) -> 2103 | CZ94: =RIGHT(A94,4)*1 -> 2103
C95: Actual | CV95: 0 | CW95: =CY95 -> 0 | CY95: =IFERROR(CZ95,0) -> 0 | CZ95: =RIGHT(A95,4)*1 -> #VALUE!
A96: Ma2103 | B96: desl | C96: Forecast | D96: 739.4339 | E96: 711.01896 | F96: 752.6884 | G96: 717.4417 | H96: 705.51047 | I96: 680.13829 | J96: 639.28709 | K96: 654.91905 | L96: 615.83493 | M96: 643.22986 | N96: 711.80403 | O96: 689.50369 | P96: 764.44995 | Q96: 733.94012 | R96: 767.67248 | S96: 724.88125 | T96: 708.35712 | U96: 680.13127 | V96: 638.2469 | W96: 654.02186 | X96: 617.59433 | Y96: 649.81429 | Z96: 724.22747 | AA96: 707.57149 | AB96: 786.90146 | AC96: 759.05978 | AD96: 794.14359 | AE96: 752.21693 | AF96: 736.89349 | AG96: 710.72644 | AH96: 671.86516 | AI96: 691.39958 | AJ96: 659.0943 | AK96: 695.44983 | AL96: 773.78654 | AM96: 760.75848 | AN96: 843.43605 | AO96: 818.71876 | AP96: 856.76535 | AQ96: 817.69379 | AR96: 805.1668 | AS96: 781.78569 | AT96: 745.74382 | AU96: 768.16097 | AV96: 738.80789 | AW96: 778.16477 | AX96: 859.51208 | AY96: 849.45806 | AZ96: 935.03595 | BA96: 913.12626 | BB96: 953.88857 | BC96: 917.45626 | BD96: 907.51332 | BE96: 886.67999 | BF96: 853.1614 | BG96: 878.08132 | BH96: 851.20924 | BI96: 893.0226 | BJ96: 976.80086 | BK96: 969.15435 | BL96: 1057.1209 | BM96: 1037.5856 | BN96: 1080.7101 | BO96: 1046.6238 | BP96: 1039.0001 | BQ96: 1020.4421 | BR96: 989.13431 | BS96: 1016.1818 | BT96: 991.34381 | BU96: 1035.1022 | BV96: 1120.7595 | BW96: 1114.9669 | BX96: 1204.8149 | BY96: 1187.2403 | BZ96: 1232.44 | CA96: 1200.5468 | CB96: 1195.1945 | CC96: 1178.9044 | CD96: 1149.7496 | CE96: 1178.7183 | CF96: 1155.4804 | CG96: 1200.4869 | CH96: 1287.0884 | CI96: 1282.0784 | CJ96: 1372.7649 | CK96: 1356.305 | CL96: 1403.1716 | CM96: 1373.627 | CN96: 1371.2492 | CO96: 1358.5628 | CP96: 1332.7629 | CQ96: 1364.692 | CR96: 1344.2783 | CS96: 1384.8981 | CT96: 1472.7876 | CU96: 1469.3235 | CV96: -1 | CW96: =CY96 -> 2103 | CY96: =IFERROR(CZ96,0) -> 2103 | CZ96: =RIGHT(A96,4)*1 -> 2103
C97: Actual | CV97: 0 | CW97: =CY97 -> 0 | CY97: =IFERROR(CZ97,0) -> 0 | CZ97: =RIGHT(A97,4)*1 -> #VALUE!
A98: Ma2104 | B98: adm | C98: Forecast | D98: 861.9276 | E98: 951.23213 | F98: 1109.584 | G98: 1074.0526 | H98: 1045.1966 | I98: 1034.7456 | J98: 968.8786 | K98: 1015.4133 | L98: 955.92312 | M98: 845.30892 | N98: 921.54262 | O98: 645.79718 | P98: 876.05248 | Q98: 915.00328 | R98: 1179.59 | S98: 1139.4454 | T98: 1124.2013 | U98: 1097.8212 | V98: 1032.4219 | W98: 1076.0059 | X98: 1024.6249 | Y98: 927.50754 | Z98: 1019.5835 | AA98: 756.16156 | AB98: 993.21803 | AC98: 1032.7406 | AD98: 1293.9411 | AE98: 1249.2983 | AF98: 1230.8895 | AG98: 1203.7981 | AH98: 1140.0869 | AI98: 1186.9339 | AJ98: 1139.432 | AK98: 1046.089 | AL98: 1141.4783 | AM98: 880.83193 | AN98: 1120.1751 | AO98: 1161.5512 | AP98: 1424.2133 | AQ98: 1380.7007 | AR98: 1363.2087 | AS98: 1336.9926 | AT98: 1274.2975 | AU98: 1322.4326 | AV98: 1276.5282 | AW98: 1185.0302 | AX98: 1282.3838 | AY98: 1023.6787 | AZ98: 1264.8305 | BA98: 1307.8325 | BB98: 1571.9451 | BC98: 1529.7535 | BD98: 1513.5107 | BE98: 1488.5202 | BF98: 1427.0555 | BG98: 1476.4355 | BH98: 1431.7888 | BI98: 1341.557 | BJ98: 1440.1849 | BK98: 1182.7674 | BL98: 1425.2294 | BM98: 1469.5711 | BN98: 1735.0521 | BO98: 1694.244 | BP98: 1679.3702 | BQ98: 1655.6914 | BR98: 1595.4322 | BS98: 1645.8692 | BT98: 1602.1104 | BU98: 1512.6136 | BV98: 1611.8841 | BW98: 1355.1197 | BX98: 1598.3729 | BY98: 1643.7658 | BZ98: 1910.6357 | CA98: 1871.5505 | CB98: 1858.6261 | CC98: 1836.9147 | CD98: 1778.3639 | CE98: 1829.9702 | CF98: 1786.6316 | CG98: 1696.7564 | CH98: 1794.9888 | CI98: 1536.8956 | CJ98: 1779.0843 | CK98: 1824.3189 | CL98: 2092.325 | CM98: 2056.4615 | CN98: 2047.9782 | CO98: 2032.2549 | CP98: 1979.7586 | CQ98: 2034.3131 | CR98: 1993.2856 | CS98: 1907.5276 | CT98: 1970.268 | CU98: 1760.6871 | CV98: 1 | CW98: =CY98 -> 2104 | CY98: =IFERROR(CZ98,0) -> 2104 | CZ98: =RIGHT(A98,4)*1 -> 2104
C99: Actual | CV99: 0 | CW99: =CY99 -> 0 | CY99: =IFERROR(CZ99,0) -> 0 | CZ99: =RIGHT(A99,4)*1 -> #VALUE!
A100: Ma2104 | B100: desl | C100: Forecast | D100: 957.61715 | E100: 549.92257 | F100: 736.36693 | G100: 651.20696 | H100: 885.26581 | I100: 890.02523 | J100: 959.03832 | K100: 994.79052 | L100: 970.50637 | M100: 1111.2745 | N100: 995.81965 | O100: 1054.7437 | P100: 1056.6538 | Q100: 759.38402 | R100: 819.48603 | S100: 759.80759 | T100: 972.09316 | U100: 989.30667 | V100: 1044.889 | W100: 1080.3709 | X100: 1046.8574 | Y100: 1180.8176 | Z100: 1058.5513 | AA100: 1115.559 | AB100: 1119.3018 | AC100: 827.32055 | AD100: 893.89594 | AE100: 840.11329 | AF100: 1056.4845 | AG100: 1075.9102 | AH100: 1132.345 | AI100: 1168.1414 | AJ100: 1135.0755 | AK100: 1269.9971 | AL100: 1149.2903 | AM100: 1208.3598 | AN100: 1214.5089 | AO100: 925.14194 | AP100: 994.43771 | AQ100: 943.39293 | AR100: 1162.4277 | AS100: 1184.3547 | AT100: 1243.0673 | AU100: 1280.9072 | AV100: 1249.6958 | AW100: 1386.3687 | AX100: 1267.4063 | AY100: 1328.2882 | AZ100: 1336.3522 | BA100: 1048.9942 | BB100: 1120.3548 | BC100: 1071.3818 | BD100: 1292.4537 | BE100: 1316.3586 | BF100: 1376.9839 | BG100: 1416.6779 | BH100: 1387.2739 | BI100: 1525.7176 | BJ100: 1408.4944 | BK100: 1471.0837 | BL100: 1480.8197 | BM100: 1195.0967 | BN100: 1268.0574 | BO100: 1220.6596 | BP100: 1443.2982 | BQ100: 1468.783 | BR100: 1531.0215 | BS100: 1572.3749 | BT100: 1544.6739 | BU100: 1684.8415 | BV100: 1569.3193 | BW100: 1633.5284 | BX100: 1644.7435 | BY100: 1360.3154 | BZ100: 1434.3795 | CA100: 1387.9341 | CB100: 1611.4669 | CC100: 1637.9173 | CD100: 1701.333 | CE100: 1744.1841 | CF100: 1718.3442 | CG100: 1860.6798 | CH100: 1747.4849 | CI100: 1813.9212 | CJ100: 1826.9867 | CK100: 1543.7343 | CL100: 1618.2122 | CM100: 1571.1898 | CN100: 1793.7747 | CO100: 1818.8032 | CP100: 1882.1323 | CQ100: 1924.2802 | CR100: 1902.9405 | CS100: 2044.3508 | CT100: 1947.0314 | CU100: 1998.4748 | CV100: -1 | CW100: =CY100 -> 2104 | CY100: =IFERROR(CZ100,0) -> 2104 | CZ100: =RIGHT(A100,4)*1 -> 2104
...

Sheet conditional forecasts_4
A1: GVAR Conditional Forecasts
A2: Last in-sample estimation date: | B2: 2016M12
A3: Last forecast date: | B3: 2024M12
D4: =DATE(LEFT(D5,4),SUBSTITUTE(RIGHT(D5,2),"M",""),1) -> 42736 | E4: =DATE(LEFT(E5,4),SUBSTITUTE(RIGHT(E5,2),"M",""),1) -> 42767 | F4: =DATE(LEFT(F5,4),SUBSTITUTE(RIGHT(F5,2),"M",""),1) -> 42795 | G4: =DATE(LEFT(G5,4),SUBSTITUTE(RIGHT(G5,2),"M",""),1) -> 42826 | H4: =DATE(LEFT(H5,4),SUBSTITUTE(RIGHT(H5,2),"M",""),1) -> 42856 | I4: =DATE(LEFT(I5,4),SUBSTITUTE(RIGHT(I5,2),"M",""),1) -> 42887 | J4: =DATE(LEFT(J5,4),SUBSTITUTE(RIGHT(J5,2),"M",""),1) -> 42917 | K4: =DATE(LEFT(K5,4),SUBSTITUTE(RIGHT(K5,2),"M",""),1) -> 42948 | ... CU4: =DATE(LEFT(CU5,4),SUBSTITUTE(RIGHT(CU5,2),"M",""),1) -> 45627
D5: 2017M1 | E5: 2017M2 | F5: 2017M3 | G5: 2017M4 | H5: 2017M5 | I5: 2017M6 | J5: 2017M7 | K5: 2017M8 | L5: 2017M9 | M5: 2017M10 | N5: 2017M11 | O5: 2017M12 | P5: 2018M1 | Q5: 2018M2 | R5: 2018M3 | S5: 2018M4 | T5: 2018M5 | U5: 2018M6 | V5: 2018M7 | W5: 2018M8 | X5: 2018M9 | Y5: 2018M10 | Z5: 2018M11 | AA5: 2018M12 | AB5: 2019M1 | AC5: 2019M2 | AD5: 2019M3 | AE5: 2019M4 | AF5: 2019M5 | AG5: 2019M6 | AH5: 2019M7 | AI5: 2019M8 | AJ5: 2019M9 | AK5: 2019M10 | AL5: 2019M11 | AM5: 2019M12 | AN5: 2020M1 | AO5: 2020M2 | AP5: 2020M3 | AQ5: 2020M4 | AR5: 2020M5 | AS5: 2020M6 | AT5: 2020M7 | AU5: 2020M8 | AV5: 2020M9 | AW5: 2020M10 | AX5: 2020M11 | AY5: 2020M12 | AZ5: 2021M1 | BA5: 2021M2 | BB5: 2021M3 | BC5: 2021M4 | BD5: 2021M5 | BE5: 2021M6 | BF5: 2021M7 | BG5: 2021M8 | BH5: 2021M9 | BI5: 2021M10 | BJ5: 2021M11 | BK5: 2021M12 | BL5: 2022M1 | BM5: 2022M2 | BN5: 2022M3 | BO5: 2022M4 | BP5: 2022M5 | BQ5: 2022M6 | BR5: 2022M7 | BS5: 2022M8 | BT5: 2022M9 | BU5: 2022M10 | BV5: 2022M11 | BW5: 2022M12 | BX5: 2023M1 | BY5: 2023M2 | BZ5: 2023M3 | CA5: 2023M4 | CB5: 2023M5 | CC5: 2023M6 | CD5: 2023M7 | CE5: 2023M8 | CF5: 2023M9 | CG5: 2023M10 | CH5: 2023M11 | CI5: 2023M12 | CJ5: 2024M1 | CK5: 2024M2 | CL5: 2024M3 | CM5: 2024M4 | CN5: 2024M5 | CO5: 2024M6 | CP5: 2024M7 | CQ5: 2024M8 | CR5: 2024M9 | CS5: 2024M10 | CT5: 2024M11 | CU5: 2024M12 | CV5: Serie | CW5: Regiao
A6: Ro1101 | B6: adm | C6: Forecast | D6: 2825.5893 | E6: 3101.2583 | F6: 3682.3295 | G6: 3778.1559 | H6: 3895.3444 | I6: 4095.0617 | J6: 4005.7696 | K6: 4011.3179 | L6: 3802.1037 | M6: 3349.4518 | N6: 3054.3983 | O6: 2447.4152 | P6: 3066.0483 | Q6: 3393.087 | R6: 4069.0224 | S6: 4196.3705 | T6: 4338.0658 | U6: 4516.986 | V6: 4391.6904 | W6: 4361.5762 | X6: 4129.0336 | Y6: 3680.227 | Z6: 3413.1122 | AA6: 2848.1789 | AB6: 3511.4962 | AC6: 3875.1506 | AD6: 4574.0663 | AE6: 4711.0598 | AF6: 4853.1414 | AG6: 5028.5274 | AH6: 4900.3381 | AI6: 4870.6907 | AJ6: 4642.8762 | AK6: 4202.7364 | AL6: 3947.3028 | AM6: 3395.9698 | AN6: 4073.7416 | AO6: 4451.7225 | AP6: 5163.9879 | AQ6: 5312.7487 | AR6: 5464.7726 | AS6: 5648.4528 | AT6: 5527.4426 | AU6: 5504.5761 | AV6: 5283.8245 | AW6: 4851.4893 | AX6: 4604.7537 | AY6: 4062.8784 | AZ6: 4750.5533 | BA6: 5138.5194 | BB6: 5860.552 | BC6: 6018.6842 | BD6: 6179.6336 | BE6: 6371.8363 | BF6: 6259.0333 | BG6: 6244.1471 | BH6: 6031.2137 | BI6: 5606.5701 | BJ6: 5367.4164 | BK6: 4833.0299 | BL6: 5528.1341 | BM6: 5923.5297 | BN6: 6653.0747 | BO6: 6818.8886 | BP6: 6987.749 | BQ6: 7188.0903 | BR6: 7083.5596 | BS6: 7076.8836 | BT6: 6871.8199 | BU6: 6454.4006 | BV6: 6221.5794 | BW6: 5692.5431 | BX6: 6392.1597 | BY6: 6791.6396 | BZ6: 7525.4723 | CA6: 7696.507 | CB6: 7872.157 | CC6: 8081.1849 | CD6: 7987.0813 | CE6: 7991.8584 | CF6: 7798.0582 | CG6: 7390.2163 | CH6: 7163.8009 | CI6: 6636.958 | CJ6: 7334.4744 | CK6: 7728.3331 | CL6: 8455.1889 | CM6: 8622.0901 | CN6: 8798.292 | CO6: 9016.7793 | CP6: 8944.4648 | CQ6: 8970.3811 | CR6: 8822.9592 | CS6: 8433.1566 | CT6: 8183.4914 | CU6: 7830.6053 | CV6: 1 | CW6: ='conditional forecasts_6'!CW6 -> 1101
C7: Actual | CV7: 0 | CW7: ='conditional forecasts_6'!CW7 -> 0
A8: Ro1101 | B8: desl | C8: Forecast | D8: 3176.4667 | E8: 3195.7408 | F8: 3504.4765 | G8: 3566.9715 | H8: 3860.0017 | I8: 3789.1297 | J8: 3947.532 | K8: 3980.7296 | L8: 3850.9945 | M8: 4010.8214 | N8: 3877.3752 | O8: 3732.2366 | P8: 3635.9394 | Q8: 3574.7262 | R8: 3893.81 | S8: 3914.7687 | T8: 4207.2865 | U8: 4115.2016 | V8: 4247.9128 | W8: 4251.8225 | X8: 4100.0046 | Y8: 4252.8423 | Z8: 4130.6517 | AA8: 4011.6913 | AB8: 3949.4054 | AC8: 3922.2221 | AD8: 4269.6578 | AE8: 4310.8405 | AF8: 4616.2167 | AG8: 4532.271 | AH8: 4671.4605 | AI8: 4682.6038 | AJ8: 4540.113 | AK8: 4704.7352 | AL8: 4596.5355 | AM8: 4493.2305 | AN8: 4447.6238 | AO8: 4437.4889 | AP8: 4801.7194 | AQ8: 4858.9149 | AR8: 5179.1734 | AS8: 5108.8848 | AT8: 5260.677 | AU8: 5283.742 | AV8: 5152.9443 | AW8: 5329.4266 | AX8: 5233.4934 | AY8: 5142.9102 | AZ8: 5110.3679 | BA8: 5113.4362 | BB8: 5490.7927 | BC8: 5560.8675 | BD8: 5893.6646 | BE8: 5835.5518 | BF8: 5999.1861 | BG8: 6033.8118 | BH8: 5914.3471 | BI8: 6101.9775 | BJ8: 6017.038 | BK8: 5937.3169 | BL8: 5915.5286 | BM8: 5929.2733 | BN8: 6317.2667 | BO8: 6397.9803 | BP8: 6741.4493 | BQ8: 6694.0474 | BR8: 6868.3951 | BS8: 6913.6491 | BT8: 6804.593 | BU8: 7002.2525 | BV8: 6926.8172 | BW8: 6855.9944 | BX8: 6842.5302 | BY8: 6864.1966 | BZ8: 7260.0145 | CA8: 7348.8403 | CB8: 7701.0836 | CC8: 7663.3662 | CD8: 7848.3246 | CE8: 7904.8314 | CF8: 7807.0975 | CG8: 8015.3672 | CH8: 7949.0206 | CI8: 7885.1332 | CJ8: 7876.1239 | CK8: 7900.0913 | CL8: 8297.0782 | CM8: 8387.0334 | CN8: 8743.2355 | CO8: 8712.8596 | CP8: 8909.6411 | CQ8: 8988.4242 | CR8: 8905.1556 | CS8: 9133.7397 | CT8: 9116.2113 | CU8: 8968.148 | CV8: -1 | CW8: ='conditional forecasts_6'!CW8 -> 1101
C9: Actual | CV9: 0 | CW9: ='conditional forecasts_6'!CW9 -> 0
A10: Ro1102 | B10: adm | C10: Forecast | D10: 4626.3708 | E10: 5091.6645 | F10: 5832.3454 | G10: 5783.8094 | H10: 5732.4579 | I10: 5752.2769 | J10: 5410.2786 | K10: 5368.0792 | L10: 5105.313 | M10: 4732.7277 | N10: 4790.4612 | O10: 4302.7018 | P10: 5199.8116 | Q10: 5433.2651 | R10: 6090.9441 | S10: 5986.1007 | T10: 5886.0864 | U10: 5843.3865 | V10: 5453.5291 | W10: 5380.4244 | X10: 5113.3021 | Y10: 4769.8295 | Z10: 4877.3912 | AA10: 4443.4925 | AB10: 5383.9137 | AC10: 5640.9853 | AD10: 6302.4239 | AE10: 6188.3118 | AF10: 6075.123 | AG10: 6022.9549 | AH10: 5631.3935 | AI10: 5564.7168 | AJ10: 5310.1225 | AK10: 4982.4587 | AL10: 5106.6479 | AM10: 4688.5739 | AN10: 5643.1729 | AO10: 5912.4155 | AP10: 6583.9293 | AQ10: 6477.9316 | AR10: 6371.2909 | AS10: 6324.7546 | AT10: 5938.7019 | AU10: 5878.1458 | AV10: 5630.757 | AW10: 5311.4798 | AX10: 5444.9763 | AY10: 5036.6483 | AZ10: 6000.9132 | BA10: 6279.3459 | BB10: 6959.3836 | BC10: 6861.2546 | BD10: 6761.9733 | BE10: 6722.4794 | BF10: 6343.3173 | BG10: 6289.6002 | BH10: 6049.0335 | BI10: 5736.5554 | BJ10: 5876.8142 | BK10: 5475.2176 | BL10: 6446.2213 | BM10: 6731.4647 | BN10: 7418.4554 | BO10: 7327.467 | BP10: 7235.5009 | BQ10: 7203.3992 | BR10: 6831.5165 | BS10: 6784.7033 | BT10: 6550.3809 | BU10: 6243.2653 | BV10: 6387.9415 | BW10: 5989.9956 | BX10: 6964.3339 | BY10: 7253.268 | BZ10: 7945.0545 | CA10: 7860.5743 | CB10: 7777.0549 | CC10: 7755.0075 | CD10: 7393.8611 | CE10: 7357.102 | CF10: 7130.6499 | CG10: 6827.9814 | CH10: 6973.0189 | CI10: 6571.596 | CJ10: 7539.8898 | CK10: 7822.2199 | CL10: 8509.6541 | CM10: 8427.1021 | CN10: 8352.1092 | CO10: 8349.0364 | CP10: 8017.0807 | CQ10: 8009.1716 | CR10: 7822.2017 | CS10: 7522.0378 | CT10: 7609.0297 | CU10: 7360.9872 | CV10: 1 | CW10: ='conditional forecasts_6'!CW10 -> 1102
C11: Actual | CV11: 0 | CW11: ='conditional forecasts_6'!CW11 -> 0
A12: Ro1102 | B12: desl | C12: Forecast | D12: 5091.5863 | E12: 5086.7267 | F12: 5628.7039 | G12: 5277.8379 | H12: 5535.1614 | I12: 5065.7142 | J12: 5120.8829 | K12: 5307.2963 | L12: 4837.4561 | M12: 5512.366 | N12: 5596.2241 | O12: 5400.4178 | P12: 5398.2953 | Q12: 5159.3899 | R12: 5722.5356 | S12: 5320.576 | T12: 5537.4502 | U12: 5056.3414 | V12: 5090.0909 | W12: 5270.7322 | X12: 4813.1606 | Y12: 5513.8184 | Z12: 5631.2875 | AA12: 5466.5102 | AB12: 5485.6045 | AC12: 5256.8267 | AD12: 5822.2572 | AE12: 5419.9088 | AF12: 5638.3525 | AG12: 5163.2614 | AH12: 5207.6034 | AI12: 5402.0348 | AJ12: 4959.6308 | AK12: 5675.3708 | AL12: 5807.082 | AM12: 5655.5313 | AN12: 5686.9153 | AO12: 5469.5863 | AP12: 6045.677 | AQ12: 5653.2711 | AR12: 5881.1127 | AS12: 5415.1678 | AT12: 5468.7449 | AU12: 5672.7748 | AV12: 5240.4476 | AW12: 5966.6698 | AX12: 6109.0555 | AY12: 5968.1116 | AZ12: 6009.8197 | BA12: 5802.4176 | BB12: 6388.0303 | BC12: 6004.8084 | BD12: 6241.5904 | BE12: 5784.4241 | BF12: 5846.6686 | BG12: 6059.2759 | BH12: 5635.4429 | BI12: 6370.0855 | BJ12: 6520.8395 | BK12: 6388.2454 | BL12: 6438.3202 | BM12: 6239.3237 | BN12: 6833.3743 | BO12: 6458.5774 | BP12: 6703.6857 | BQ12: 6254.628 | BR12: 6324.6319 | BS12: 6544.5359 | BT12: 6127.4801 | BU12: 6868.4202 | BV12: 7025.155 | BW12: 6898.5099 | BX12: 6954.8653 | BY12: 6762.8348 | BZ12: 7364.7618 | CA12: 6998.7263 | CB12: 7253.1346 | CC12: 6813.2689 | CD12: 6891.5474 | CE12: 7118.0454 | CF12: 6705.4525 | CG12: 7448.7372 | CH12: 7606.3034 | CI12: 7480.0853 | CJ12: 7537.6512 | CK12: 7348.9514 | CL12: 7958.0653 | CM12: 7601.9543 | CN12: 7871.5231 | CO12: 7449.352 | CP12: 7542.409 | CQ12: 7795.952 | CR12: 7377.4345 | CS12: 8090.7194 | CT12: 8363.1788 | CU12: 7901.6318 | CV12: -1 | CW12: ='conditional forecasts_6'!CW12 -> 1102
C13: Actual | CV13: 0 | CW13: ='conditional forecasts_6'!CW13 -> 0
A14: Ac1201 | B14: adm | C14: Forecast | D14: 123.37411 | E14: 126.37728 | F14: 171.90629 | G14: 202.49704 | H14: 225.21623 | I14: 241.6723 | J14: 225.40562 | K14: 214.64485 | L14: 193.80928 | M14: 163.04864 | N14: 151.27533 | O14: 123.84906 | P14: 147.76367 | Q14: 151.19886 | R14: 186.28378 | S14: 213.74445 | T14: 234.95663 | U14: 248.316 | V14: 227.731 | W14: 211.40802 | X14: 185.55259 | Y14: 152.06782 | Z14: 140.62934 | AA14: 116.50159 | AB14: 145.50132 | AC14: 154.22631 | AD14: 193.49282 | AE14: 223.31524 | AF14: 245.06318 | AG14: 257.66444 | AH14: 235.77011 | AI14: 218.24683 | AJ14: 191.71436 | AK14: 158.2168 | AL14: 147.36566 | AM14: 124.2554 | AN14: 154.50654 | AO14: 164.53933 | AP14: 205.02917 | AQ14: 235.89142 | AR14: 258.44195 | AS14: 271.60364 | AT14: 250.07013 | AU14: 232.78681 | AV14: 206.46747 | AW14: 173.2405 | AX14: 162.77144 | AY14: 140.16905 | AZ14: 171.03202 | BA14: 181.73614 | BB14: 222.90687 | BC14: 254.41882 | BD14: 277.56447 | BE14: 291.26144 | BF14: 270.21167 | BG14: 253.3754 | BH14: 227.48148 | BI14: 194.6696 | BJ14: 184.61172 | BK14: 162.41939 | BL14: 193.69288 | BM14: 204.81068 | BN14: 246.40341 | BO14: 278.35309 | BP14: 301.95974 | BQ14: 316.1454 | BR14: 295.60941 | BS14: 279.29951 | BT14: 253.92145 | BU14: 221.58404 | BV14: 211.92733 | BW14: 190.03957 | BX14: 221.51681 | BY14: 232.76029 | BZ14: 274.45222 | CA14: 306.54812 | CB14: 330.42751 | CC14: 345.07552 | CD14: 325.21475 | CE14: 309.75981 | CF14: 285.32168 | CG14: 253.86493 | CH14: 244.86075 | CI14: 223.24918 | CJ14: 254.53747 | CK14: 265.13932 | CL14: 305.86849 | CM14: 336.98564 | CN14: 360.13998 | CO14: 374.8073 | CP14: 355.93365 | CQ14: 342.53156 | CR14: 321.2322 | CS14: 292.93799 | CT14: 283.93196 | CU14: 272.11767 | CV14: 1 | CW14: ='conditional forecasts_6'!CW14 -> 1201
C15: Actual | CV15: 0 | CW15: ='conditional forecasts_6'!CW15 -> 0
A16: Ac1201 | B16: desl | C16: Forecast | D16: 193.47965 | E16: 158.79748 | F16: 157.11027 | G16: 145.79736 | H16: 161.55703 | I16: 158.13603 | J16: 175.12194 | K16: 186.71331 | L16: 180.56866 | M16: 213.13048 | N16: 216.10033 | O16: 213.94957 | P16: 202.15628 | Q16: 176.22767 | R16: 170.08492 | S16: 151.54993 | T16: 166.08329 | U16: 162.6293 | V16: 180.28743 | W16: 192.83278 | X16: 186.58095 | Y16: 218.03612 | Z16: 219.49356 | AA16: 216.14012 | AB16: 203.92904 | AC16: 178.45767 | AD16: 173.44063 | AE16: 156.34122 | AF16: 172.28633 | AG16: 170.02263 | AH16: 188.60308 | AI16: 201.85961 | AJ16: 196.19838 | AK16: 228.19736 | AL16: 230.19262 | AM16: 227.3881 | AN16: 215.7471 | AO16: 190.87964 | AP16: 186.5138 | AQ16: 170.11872 | AR16: 186.81261 | AS16: 185.31891 | AT16: 204.66008 | AU16: 218.64098 | AV16: 213.65298 | AW16: 246.27467 | AX16: 248.85519 | AY16: 246.61717 | AZ16: 235.54099 | BA16: 211.24726 | BB16: 207.46683 | BC16: 191.66538 | BD16: 208.95458 | BE16: 208.05129 | BF16: 227.97337 | BG16: 242.5238 | BH16: 238.09439 | BI16: 271.2655 | BJ16: 274.38834 | BK16: 272.68687 | BL16: 262.14145 | BM16: 238.37115 | BN16: 235.10398 | BO16: 219.80233 | BP16: 237.57531 | BQ16: 237.13935 | BR16: 257.51507 | BS16: 272.51174 | BT16: 268.53019 | BU16: 302.16057 | BV16: 305.76162 | BW16: 304.55934 | BX16: 294.52835 | BY16: 271.27349 | BZ16: 268.50209 | CA16: 253.65378 | CB16: 271.81944 | CC16: 271.7085 | CD16: 292.35069 | CE16: 307.58128 | CF16: 303.84104 | CG16: 337.76571 | CH16: 341.75824 | CI16: 341.07316 | CJ16: 331.67555 | CK16: 309.14646 | CL16: 307.12473 | CM16: 292.88348 | CN16: 311.54301 | CO16: 311.56229 | CP16: 331.86776 | CQ16: 347.13617 | CR16: 341.63675 | CS16: 375.97545 | CT16: 383.50523 | CU16: 371.34175 | CV16: -1 | CW16: ='conditional forecasts_6'!CW16 -> 1201
C17: Actual | CV17: 0 | CW17: ='conditional forecasts_6'!CW17 -> 0
A18: Ac1202 | B18: adm | C18: Forecast | D18: 1499.8732 | E18: 1616.3859 | F18: 1828.2258 | G18: 1869.129 | H18: 1864.3748 | I18: 1889.3188 | J18: 1819.8285 | K18: 1808.5062 | L18: 1722.6622 | M18: 1597.7641 | N18: 1589.3109 | O18: 1369.924 | P18: 1608.8938 | Q18: 1709.1285 | R18: 1937.5255 | S18: 1945.2645 | T18: 1932.4929 | U18: 1939.1126 | V18: 1855.6874 | W18: 1835.699 | X18: 1745.2245 | Y18: 1624.7047 | Z18: 1626.9086 | AA18: 1421.5646 | AB18: 1674.9756 | AC18: 1786.6588 | AD18: 2021.8228 | AE18: 2031.8261 | AF18: 2018.2344 | AG18: 2022.9174 | AH18: 1938.2033 | AI18: 1918.636 | AJ18: 1830.5652 | AK18: 1714.1108 | AL18: 1721.4184 | AM18: 1521.5613 | AN18: 1780.3199 | AO18: 1896.8699 | AP18: 2136.25 | AQ18: 2149.7895 | AR18: 2139.1376 | AS18: 2146.3304 | AT18: 2063.9134 | AU18: 2046.6525 | AV18: 1961.0776 | AW18: 1847.4083 | AX18: 1857.7956 | AY18: 1661.2368 | AZ18: 1923.3892 | BA18: 2043.3003 | BB18: 2285.9099 | BC18: 2302.4966 | BD18: 2294.7058 | BE18: 2304.6046 | BF18: 2224.7836 | BG18: 2210.0527 | BH18: 2126.9741 | BI18: 2015.7866 | BJ18: 2028.6511 | BK18: 1834.5717 | BL18: 2099.2137 | BM18: 2221.6359 | BN18: 2466.7893 | BO18: 2485.9579 | BP18: 2480.78 | BQ18: 2493.297 | BR18: 2416.0535 | BS18: 2403.7969 | BT18: 2323.0225 | BU18: 2213.9154 | BV18: 2228.6184 | BW18: 2036.1714 | BX18: 2302.34 | BY18: 2426.3381 | BZ18: 2673.2989 | CA18: 2694.6664 | CB18: 2692.1581 | CC18: 2707.7647 | CD18: 2633.8291 | CE18: 2624.7742 | CF18: 2546.7085 | CG18: 2439.4711 | CH18: 2454.9934 | CI18: 2262.3574 | CJ18: 2527.6168 | CK18: 2650.5248 | CL18: 2896.8377 | CM18: 2919.0928 | CN18: 2919.0079 | CO18: 2939.3902 | CP18: 2872.5743 | CQ18: 2871.611 | CR18: 2800.8439 | CS18: 2701.3921 | CT18: 2696.8242 | CU18: 2548.181 | CV18: 1 | CW18: ='conditional forecasts_6'!CW18 -> 1202
C19: Actual | CV19: 0 | CW19: ='conditional forecasts_6'!CW19 -> 0
A20: Ac1202 | B20: desl | C20: Forecast | D20: 1766.6444 | E20: 1683.7622 | F20: 1824.8577 | G20: 1663.9323 | H20: 1826.5158 | I20: 1649.6846 | J20: 1686.3847 | K20: 1753.6265 | L20: 1607.4582 | M20: 1911.1752 | N20: 1936.5825 | O20: 1979.194 | P20: 1928.8274 | Q20: 1740.5164 | R20: 1865.2027 | S20: 1691.2437 | T20: 1834.9729 | U20: 1654.8827 | V20: 1684.573 | W20: 1750.0804 | X20: 1608.2787 | Y20: 1919.6901 | Z20: 1955.726 | AA20: 2008.8099 | AB20: 1966.4138 | AC20: 1783.1374 | AD20: 1910.5636 | AE20: 1738.2846 | AF20: 1883.8677 | AG20: 1706.5345 | AH20: 1740.032 | AI20: 1810.1698 | AJ20: 1673.456 | AK20: 1990.0868 | AL20: 2031.2791 | AM20: 2089.3709 | AN20: 2051.7915 | AO20: 1873.1016 | AP20: 2004.8471 | AQ20: 1836.6104 | AR20: 1985.9992 | AS20: 1812.3249 | AT20: 1849.4476 | AU20: 1923.2755 | AV20: 1790.3701 | AW20: 2110.9253 | AX20: 2156.1103 | AY20: 2218.1951 | AZ20: 2184.5463 | BA20: 2009.6843 | BB20: 2145.1414 | BC20: 1980.5068 | BD20: 2133.4042 | BE20: 1963.1616 | BF20: 2003.6508 | BG20: 2080.7877 | BH20: 1951.1409 | BI20: 2274.9146 | BJ20: 2323.2937 | BK20: 2388.5671 | BL20: 2358.12 | BM20: 2186.4848 | BN20: 2325.1932 | BO20: 2163.8168 | BP20: 2319.9445 | BQ20: 2152.8543 | BR20: 2196.3618 | BS20: 2276.333 | BT20: 2149.3088 | BU20: 2475.5045 | BV20: 2526.1662 | BW20: 2593.6944 | BX20: 2565.6201 | BY20: 2396.6212 | BZ20: 2538.3277 | CA20: 2380.3143 | CB20: 2540.0471 | CC20: 2376.56 | CD20: 2423.351 | CE20: 2505.9726 | CF20: 2380.7626 | CG20: 2707.9073 | CH20: 2758.8524 | CI20: 2826.4144 | CJ20: 2798.6093 | CK20: 2630.6314 | CL20: 2774.9249 | CM20: 2620.6524 | CN20: 2786.2484 | CO20: 2630.077 | CP20: 2682.4394 | CQ20: 2775.5686 | CR20: 2651.6346 | CS20: 2959.9103 | CT20: 3065.1145 | CU20: 2997.6689 | CV20: -1 | CW20: ='conditional forecasts_6'!CW20 -> 1202
C21: Actual | CV21: 0 | CW21: ='conditional forecasts_6'!CW21 -> 0
A22: Am1301 | B22: adm | C22: Forecast | D22: 25.057669 | E22: 21.335398 | F22: 25.754117 | G22: 19.667795 | H22: 17.841272 | I22: 24.35841 | J22: 13.166062 | K22: 16.208252 | L22: 18.926433 | M22: 8.1661972 | N22: 19.416697 | O22: 16.384902 | P22: 36.35954 | Q22: 23.81884 | R22: 24.101609 | S22: 18.980245 | T22: 15.942087 | U22: 22.171723 | V22: 11.375473 | W22: 14.135985 | X22: 16.804332 | Y22: 6.0285622 | Z22: 17.257883 | AA22: 14.313449 | AB22: 34.41718 | AC22: 21.987815 | AD22: 22.342289 | AE22: 17.246346 | AF22: 14.196645 | AG22: 20.39893 | AH22: 9.5796831 | AI22: 12.332357 | AJ22: 15.010611 | AK22: 4.2586003 | AL22: 15.518583 | AM22: 12.606195 | AN22: 32.740538 | AO22: 20.339345 | AP22: 20.719341 | AQ22: 15.646069 | AR22: 12.615824 | AS22: 18.83424 | AT22: 8.0283474 | AU22: 10.792834 | AV22: 13.482961 | AW22: 2.7443124 | AX22: 14.019927 | AY22: 11.125385 | AZ22: 31.279065 | BA22: 18.897675 | BB22: 19.297019 | BC22: 14.242064 | BD22: 11.228933 | BE22: 17.463385 | BF22: 6.6726901 | BG22: 9.4517506 | BH22: 12.155944 | BI22: 1.4308911 | BJ22: 12.719655 | BK22: 9.8379135 | BL22: 30.004271 | BM22: 17.635807 | BN22: 18.048777 | BO22: 13.008579 | BP22: 10.011575 | BQ22: 16.263388 | BR22: 5.4906612 | BS22: 8.2871743 | BT22: 11.006879 | BU22: 0.29404925 | BV22: 11.590983 | BW22: 8.7136199 | BX22: 28.882045 | BY22: 16.51582 | BZ22: 16.934091 | CA22: 11.904772 | CB22: 8.9256097 | CC22: 15.201988 | CD22: 4.4585452 | CE22: 7.2858592 | CF22: 10.033563 | CG22: -0.65859123 | CH22: 10.645801 | CI22: 7.7585085 | CJ22: 27.901302 | CK22: 15.490368 | CL22: 15.854148 | CM22: 10.811971 | CN22: 7.8082477 | CO22: 14.168322 | CP22: 3.5492094 | CQ22: 6.2304414 | CR22: 9.6923501 | CS22: -1.553982 | CT22: 7.5747494 | CU22: 12.700656 | CV22: 1 | CW22: ='conditional forecasts_6'!CW22 -> 1301
C23: Actual | CV23: 0 | CW23: ='conditional forecasts_6'!CW23 -> 0
A24: Am1301 | B24: desl | C24: Forecast | D24: 24.918337 | E24: 27.485703 | F24: 19.805134 | G24: 20.962994 | H24: 22.155499 | I24: 13.652888 | J24: 17.448986 | K24: 16.743325 | L24: 14.110511 | M24: 27.183702 | N24: 25.946476 | O24: 39.776559 | P24: 22.479494 | Q24: 24.581742 | R24: 17.562879 | S24: 17.86794 | T24: 18.890987 | U24: 10.774709 | V24: 14.386685 | W24: 13.892124 | X24: 11.468032 | Y24: 24.597271 | Z24: 23.36656 | AA24: 37.122833 | AB24: 19.707699 | AC24: 21.718861 | AD24: 14.665884 | AE24: 14.991508 | AF24: 16.068853 | AG24: 8.0126208 | AH24: 11.669113 | AI24: 11.196941 | AJ24: 8.7774401 | AK24: 21.902331 | AL24: 20.66656 | AM24: 34.421097 | AN24: 17.007417 | AO24: 19.021427 | AP24: 11.971417 | AQ24: 12.300248 | AR24: 13.382209 | AS24: 5.3330924 | AT24: 8.9992866 | AU24: 8.5383159 | AV24: 6.1297851 | AW24: 19.263859 | AX24: 18.034753 | AY24: 31.793706 | AZ24: 14.383178 | BA24: 16.400247 | BB24: 9.3540657 | BC24: 9.6878068 | BD24: 10.775544 | BE24: 2.7325561 | BF24: 6.4046958 | BG24: 5.9491451 | BH24: 3.5454509 | BI24: 16.68398 | BJ24: 15.459309 | BK24: 29.22307 | BL24: 11.818031 | BM24: 13.841386 | BN24: 6.8021559 | BO24: 7.1431004 | BP24: 8.237638 | BQ24: 0.20026418 | BR24: 3.8761144 | BS24: 3.421982 | BT24: 1.0176052 | BU24: 14.15427 | BV24: 12.928149 | BW24: 26.692839 | BX24: 9.2928883 | BY24: 11.326433 | BZ24: 4.3020455 | CA24: 4.6604257 | CB24: 5.7716607 | CC24: -2.2535685 | CD24: 1.4266878 | CE24: 0.96723683 | CF24: -1.4517296 | CG24: 11.663121 | CH24: 10.413081 | CI24: 24.158718 | CJ24: 6.7483888 | CK24: 8.78495 | CL24: 1.8010952 | CM24: 2.1984129 | CN24: 3.4167241 | CO24: -4.5342414 | CP24: -0.88190829 | CQ24: -1.0963565 | CR24: -3.8422541 | CS24: 8.358681 | CT24: 10.686386 | CU24: 16.239154 | CV24: -1 | CW24: ='conditional forecasts_6'!CW24 -> 1301
C25: Actual | CV25: 0 | CW25: ='conditional forecasts_6'!CW25 -> 0
A26: Am1302 | B26: adm | C26: Forecast | D26: 25.708676 | E26: 24.315895 | F26: 28.478181 | G26: 28.092005 | H26: 27.775274 | I26: 29.978109 | J26: 26.643056 | K26: 27.643738 | L26: 27.534534 | M26: 22.82442 | N26: 25.130772 | O26: 21.391571 | P26: 27.652405 | Q26: 26.292618 | R26: 29.771124 | S26: 29.678163 | T26: 29.129445 | U26: 31.088573 | V26: 27.600481 | W26: 28.334356 | X26: 28.115702 | Y26: 23.498052 | Z26: 26.057385 | AA26: 22.663462 | AB26: 29.249918 | AC26: 28.109752 | AD26: 31.676607 | AE26: 31.56858 | AF26: 30.95726 | AG26: 32.86174 | AH26: 29.361504 | AI26: 30.133776 | AJ26: 29.993173 | AK26: 25.474971 | AL26: 28.138912 | AM26: 24.845019 | AN26: 31.523148 | AO26: 30.465567 | AP26: 34.10583 | AQ26: 34.061838 | AR26: 33.505513 | AS26: 35.457736 | AT26: 32.001452 | AU26: 32.818203 | AV26: 32.726375 | AW26: 28.263221 | AX26: 30.988185 | AY26: 27.759123 | AZ26: 34.50288 | BA26: 33.508991 | BB26: 37.209329 | BC26: 37.221386 | BD26: 36.717679 | BE26: 38.720175 | BF26: 35.312885 | BG26: 36.178092 | BH26: 36.134518 | BI26: 31.71946 | BJ26: 34.49229 | BK26: 31.310842 | BL26: 38.102073 | BM26: 37.155754 | BN26: 40.90403 | BO26: 40.96458 | BP26: 40.509885 | BQ26: 42.561552 | BR26: 39.202867 | BS26: 40.115069 | BT26: 40.115692 | BU26: 35.740986 | BV26: 38.549799 | BW26: 35.400361 | BX26: 42.221181 | BY26: 41.304713 | BZ26: 45.086473 | CA26: 45.187342 | CB26: 44.781686 | CC26: 46.890588 | CD26: 43.593864 | CE26: 44.566749 | CF26: 44.619438 | CG26: 40.281738 | CH26: 43.108508 | CI26: 39.958399 | CJ26: 46.767187 | CK26: 45.832843 | CL26: 49.602277 | CM26: 49.72108 | CN26: 49.343015 | CO26: 51.534956 | CP26: 48.387955 | CQ26: 49.390123 | CR26: 49.911254 | CS26: 45.363595 | CT26: 47.593547 | CU26: 46.906741 | CV26: 1 | CW26: ='conditional forecasts_6'!CW26 -> 1302
C27: Actual | CV27: 0 | CW27: ='conditional forecasts_6'!CW27 -> 0
A28: Am1302 | B28: desl | C28: Forecast | D28: 30.945641 | E28: 26.414724 | F28: 28.774995 | G28: 26.221877 | H28: 27.741506 | I28: 28.206216 | J28: 28.424196 | K28: 30.238549 | L28: 32.032511 | M28: 31.084393 | N28: 30.925754 | O28: 27.458701 | P28: 29.311958 | Q28: 25.495982 | R28: 28.376774 | S28: 25.982689 | T28: 27.54243 | U28: 28.325196 | V28: 28.597081 | W28: 30.340722 | X28: 32.085508 | Y28: 31.057008 | Z28: 30.829243 | AA28: 27.338235 | AB28: 29.206168 | AC28: 25.436091 | AD28: 28.384636 | AE28: 26.067287 | AF28: 27.703159 | AG28: 28.555981 | AH28: 28.888287 | AI28: 30.680551 | AJ28: 32.461688 | AK28: 31.458887 | AL28: 31.25009 | AM28: 27.776475 | AN28: 29.664969 | AO28: 25.921766 | AP28: 28.904451 | AQ28: 26.627267 | AR28: 28.306615 | AS28: 29.20311 | AT28: 29.576753 | AU28: 31.406621 | AV28: 33.221434 | AW28: 32.249098 | AX28: 32.068729 | AY28: 28.622706 | AZ28: 30.53889 | BA28: 26.824013 | BB28: 29.835813 | BC28: 27.588403 | BD28: 29.297891 | BE28: 30.224566 | BF28: 30.62815 | BG28: 32.487541 | BH28: 34.33139 | BI28: 33.387608 | BJ28: 33.235336 | BK28: 29.816931 | BL28: 31.760141 | BM28: 28.071482 | BN28: 31.108433 | BO28: 28.8849 | BP28: 30.616983 | BQ28: 31.565274 | BR28: 31.990162 | BS28: 33.871502 | BT28: 35.738956 | BU28: 34.821167 | BV28: 34.697359 | BW28: 31.309092 | BX28: 33.28244 | BY28: 29.621702 | BZ28: 32.682182 | CA28: 30.476352 | CB28: 32.22021 | CC28: 33.175737 | CD28: 33.606023 | CE28: 35.4944 | CF28: 37.374484 | CG28: 36.478083 | CH28: 36.387032 | CI28: 33.042994 | CJ28: 35.072098 | CK28: 31.466879 | CL28: 34.579334 | CM28: 32.410904 | CN28: 34.160125 | CO28: 35.059621 | CP28: 35.467516 | CQ28: 37.177024 | CR28: 39.283864 | CS28: 38.038224 | CT28: 37.427703 | CU28: 36.104263 | CV28: -1 | CW28: ='conditional forecasts_6'!CW28 -> 1302
C29: Actual | CV29: 0 | CW29: ='conditional forecasts_6'!CW29 -> 0
A30: Am1303 | B30: adm | C30: Forecast | D30: 10126.067 | E30: 10698.564 | F30: 12695.821 | G30: 12669.033 | H30: 12653.724 | I30: 13265.739 | J30: 12684.63 | K30: 13179.848 | L30: 12904.34 | M30: 11726.46 | N30: 11556.343 | O30: 9000.7356 | P30: 11036.452 | Q30: 11581.162 | R30: 13843.914 | S30: 13912.392 | T30: 13834.81 | U30: 14314.395 | V30: 13624.622 | W30: 14086.267 | X30: 13874.042 | Y30: 12848.605 | Z30: 12856.141 | AA30: 10440.645 | AB30: 12545.185 | AC30: 13082.805 | AD30: 15285.346 | AE30: 15276.716 | AF30: 15136.314 | AG30: 15583.771 | AH30: 14893.628 | AI30: 15377.617 | AJ30: 15198.479 | AK30: 14207.24 | AL30: 14244.61 | AM30: 11852.592 | AN30: 13974.113 | AO30: 14522.599 | AP30: 16730.412 | AQ30: 16722.415 | AR30: 16579.742 | AS30: 17024.43 | AT30: 16333.512 | AU30: 16820.519 | AV30: 16648.738 | AW30: 15668.43 | AX30: 15718.634 | AY30: 13339.463 | AZ30: 15472.362 | BA30: 16030.039 | BB30: 18244.919 | BC30: 18242.464 | BD30: 18104.587 | BE30: 18553.985 | BF30: 17868.067 | BG30: 18360.443 | BH30: 18194.282 | BI30: 17219.666 | BJ30: 17275.52 | BK30: 14901.978 | BL30: 17040.642 | BM30: 17604.466 | BN30: 19826.118 | BO30: 19831.188 | BP30: 19701.503 | BQ30: 20159.39 | BR30: 19481.607 | BS30: 19980.921 | BT30: 19819.661 | BU30: 18847.338 | BV30: 18902.879 | BW30: 16527.207 | BX30: 18663.546 | BY30: 19227.064 | BZ30: 21452.701 | CA30: 21467.654 | CB30: 21353.945 | CC30: 21832.218 | CD30: 21175.719 | CE30: 21692.586 | CF30: 21540.561 | CG30: 20565.963 | CH30: 20606.819 | CI30: 18206.196 | CJ30: 20312.72 | CK30: 20848.035 | CL30: 23056.088 | CM30: 23076.571 | CN30: 22988.335 | CO30: 23523.378 | CP30: 22956.635 | CQ30: 23542.728 | CR30: 23530.216 | CS30: 22515.493 | CT30: 22299.644 | CU30: 20488.506 | CV30: 1 | CW30: ='conditional forecasts_6'!CW30 -> 1303
C31: Actual | CV31: 0 | CW31: ='conditional forecasts_6'!CW31 -> 0
A32: Am1303 | B32: desl | C32: Forecast | D32: 12272.658 | E32: 12371.878 | F32: 13485.689 | G32: 12920.26 | H32: 13726.331 | I32: 12251.542 | J32: 12473.626 | K32: 12984.452 | L32: 11845.181 | M32: 14112.628 | N32: 14668.641 | O32: 14694.802 | P32: 13869.785 | Q32: 12990.437 | R32: 14106.858 | S32: 13298.321 | T32: 14003.348 | U32: 12491.108 | V32: 12621.189 | W32: 13099.78 | X32: 12000.381 | Y32: 14372.584 | Z32: 15071.18 | AA32: 15229.734 | AB32: 14491.454 | AC32: 13642.99 | AD32: 14746.768 | AE32: 13905.88 | AF32: 14582.473 | AG32: 13060.604 | AH32: 13203.493 | AI32: 13712.689 | AJ32: 12653.546 | AK32: 15068.155 | AL32: 15806.672 | AM32: 16000.83 | AN32: 15293.573 | AO32: 14471.767 | AP32: 15598.096 | AQ32: 14776.105 | AR32: 15468.887 | AS32: 13962.011 | AT32: 14120.457 | AU32: 14647.249 | AV32: 13608.462 | AW32: 16045.969 | AX32: 16808.958 | AY32: 17027.868 | AZ32: 16344.494 | BA32: 15545.007 | BB32: 16691.942 | BC32: 15889.115 | BD32: 16600.09 | BE32: 15110.897 | BF32: 15286.828 | BG32: 15831.054 | BH32: 14809.675 | BI32: 17264.554 | BJ32: 18044.898 | BK32: 18281.222 | BL32: 17615.443 | BM32: 16833.851 | BN32: 17999.034 | BO32: 17214.732 | BP32: 17944.274 | BQ32: 16473.279 | BR32: 16666.504 | BS32: 17226.557 | BT32: 16219.109 | BU32: 18685.914 | BV32: 19476.56 | BW32: 19722.514 | BX32: 19067.122 | BY32: 18298.291 | BZ32: 19479.939 | CA32: 18716.307 | CB32: 19469.963 | CC32: 18024.408 | CD32: 18241.283 | CE32: 18819.814 | CF32: 17823.055 | CG32: 20291.646 | CH32: 21076.287 | CI32: 21311.796 | CJ32: 20645.632 | CK32: 19871.408 | CL32: 21060.99 | CM32: 20317.065 | CN32: 21112.496 | CO32: 19725.454 | CP32: 19999.304 | CQ32: 20690.075 | CR32: 19677.723 | CS32: 22065.318 | CT32: 23255.832 | CU32: 22316.531 | CV32: -1 | CW32: ='conditional forecasts_6'!CW32 -> 1303
C33: Actual | CV33: 0 | CW33: ='conditional forecasts_6'!CW33 -> 0
A34: Am1304 | B34: adm | C34: Forecast | D34: 87.719224 | E34: 88.106625 | F34: 100.02389 | G34: 90.726183 | H34: 88.447943 | I34: 88.026827 | J34: 81.379997 | K34: 82.287049 | L34: 76.817707 | M34: 71.793676 | N34: 75.069914 | O34: 62.879379 | P34: 87.630105 | Q34: 88.383717 | R34: 102.10639 | S34: 93.161714 | T34: 90.18392 | U34: 88.663735 | V34: 81.38605 | W34: 81.930038 | X34: 76.475972 | Y34: 71.88117 | Z34: 75.735027 | AA34: 64.08363 | AB34: 89.221912 | AC34: 90.15707 | AD34: 103.89784 | AE34: 94.905157 | AF34: 91.904224 | AG34: 90.441295 | AH34: 83.315346 | AI34: 84.088065 | AJ34: 78.909525 | AK34: 74.608856 | AL34: 78.755399 | AM34: 67.383788 | AN34: 92.783309 | AO34: 93.958274 | AP34: 107.91651 | AQ34: 99.120846 | AR34: 96.301839 | AS34: 95.013866 | AT34: 88.064712 | AU34: 89.022945 | AV34: 84.041661 | AW34: 79.948716 | AX34: 84.308966 | AY34: 73.151313 | AZ34: 98.760042 | BA34: 100.13648 | BB34: 114.28775 | BC34: 105.67772 | BD34: 103.03883 | BE34: 101.92724 | BF34: 95.151956 | BG34: 96.282067 | BH34: 91.470742 | BI34: 87.545816 | BJ34: 92.072349 | BK34: 81.07983 | BL34: 106.85347 | BM34: 108.39562 | BN34: 122.71416 | BO34: 114.27303 | BP34: 111.80368 | BQ34: 110.8601 | BR34: 104.24805 | BS34: 105.53288 | BT34: 100.86448 | BU34: 97.069139 | BV34: 101.71326 | BW34: 90.831217 | BX34: 116.71628 | BY34: 118.38046 | BZ34: 132.84029 | CA34: 124.5643 | CB34: 122.28183 | CC34: 121.53711 | CD34: 115.11967 | CE34: 116.57598 | CF34: 112.03859 | CG34: 108.32305 | CH34: 112.99378 | CI34: 102.09633 | CJ34: 127.94751 | CK34: 129.59402 | CL34: 144.08582 | CM34: 135.95822 | CN34: 133.91752 | CO34: 133.54435 | CP34: 127.63738 | CQ34: 129.51032 | CR34: 125.28653 | CS34: 121.66462 | CT34: 124.37699 | CU34: 117.20398 | CV34: 1 | CW34: ='conditional forecasts_6'!CW34 -> 1304
C35: Actual | CV35: 0 | CW35: ='conditional forecasts_6'!CW35 -> 0
A36: Am1304 | B36: desl | C36: Forecast | D36: 86.590137 | E36: 78.356262 | F36: 79.022544 | G36: 77.61528 | H36: 77.707643 | I36: 71.713457 | J36: 71.135162 | K36: 71.823377 | L36: 70.491487 | M36: 79.290253 | N36: 82.473074 | O36: 85.59363 | P36: 80.145796 | Q36: 78.917554 | R36: 80.294797 | S36: 78.468438 | T36: 77.334823 | U36: 70.882519 | V36: 69.758907 | W36: 70.194402 | X36: 68.963026 | Y36: 78.043905 | Z36: 81.650833 | AA36: 85.213747 | AB36: 80.114898 | AC36: 79.110683 | AD36: 80.605125 | AE36: 78.839931 | AF36: 77.76898 | AG36: 71.4224 | AH36: 70.464789 | AI36: 71.123489 | AJ36: 70.157073 | AK36: 79.525289 | AL36: 83.424991 | AM36: 87.273924 | AN36: 82.446528 | AO36: 81.695049 | AP36: 83.422557 | AQ36: 81.872852 | AR36: 81.00461 | AS36: 74.85448 | AT36: 74.093692 | AU36: 74.954654 | AV36: 74.198262 | AW36: 83.783598 | AX36: 87.90454 | AY36: 91.974808 | AZ36: 87.365095 | BA36: 86.82511 | BB36: 88.756943 | BC36: 87.404765 | BD36: 86.728457 | BE36: 80.766128 | BF36: 80.190291 | BG36: 81.234254 | BH36: 80.659427 | BI36: 90.425139 | BJ36: 94.725387 | BK36: 98.973983 | BL36: 94.541704 | BM36: 94.178294 | BN36: 96.285726 | BO36: 95.10779 | BP36: 94.603642 | BQ36: 88.810301 | BR36: 88.398943 | BS36: 89.601558 | BT36: 89.178683 | BU36: 99.089703 | BV36: 103.53002 | BW36: 107.9163 | BX36: 103.62327 | BY36: 103.40476 | BZ36: 105.66567 | CA36: 104.65017 | CB36: 104.31449 | CC36: 98.689504 | CD36: 98.438247 | CE36: 99.784575 | CF36: 99.483513 | CG36: 109.49264 | CH36: 114.01099 | CI36: 118.46354 | CJ36: 114.23477 | CK36: 114.09374 | CL36: 116.46767 | CM36: 115.59067 | CN36: 115.47174 | CO36: 110.09068 | CP36: 110.08042 | CQ36: 111.83876 | CR36: 111.50075 | CS36: 121.24746 | CT36: 126.66952 | CU36: 127.60411 | CV36: -1 | CW36: ='conditional forecasts_6'!CW36 -> 1304
C37: Actual | CV37: 0 | CW37: ='conditional forecasts_6'!CW37 -> 0
A38: Rr1401 | B38: adm | C38: Forecast | D38: 1555.2627 | E38: 1575.8867 | F38: 1701.3357 | G38: 1697.3431 | H38: 1687.8081 | I38: 1755.2833 | J38: 1695.7315 | K38: 1716.6338 | L38: 1718.5323 | M38: 1603.1783 | N38: 1635.0987 | O38: 1505.5394 | P38: 1695.1293 | Q38: 1712.1323 | R38: 1826.348 | S38: 1826.0464 | T38: 1806.9501 | U38: 1864.7202 | V38: 1799.8089 | W38: 1819.0138 | X38: 1823.5867 | Y38: 1715.4845 | Z38: 1755.7211 | AA38: 1633.1175 | AB38: 1826.7372 | AC38: 1844.404 | AD38: 1956.7302 | AE38: 1953.5332 | AF38: 1931.926 | AG38: 1988.3903 | AH38: 1923.554 | AI38: 1943.9216 | AJ38: 1950.2735 | AK38: 1844.1435 | AL38: 1886.2593 | AM38: 1765.2934 | AN38: 1960.252 | AO38: 1978.9443 | AP38: 2091.9942 | AQ38: 2089.2647 | AR38: 2067.9569 | AS38: 2124.6727 | AT38: 2060.1635 | AU38: 2081.025 | AV38: 2088.0706 | AW38: 1982.8057 | AX38: 2025.8859 | AY38: 1905.8974 | AZ38: 2101.7745 | BA38: 2121.2872 | BB38: 2235.0548 | BC38: 2232.9623 | BD38: 2212.2437 | BE38: 2269.5313 | BF38: 2205.5965 | BG38: 2227.0421 | BH38: 2234.6793 | BI38: 2130.0078 | BJ38: 2173.6793 | BK38: 2054.281 | BL38: 2250.7545 | BM38: 2270.88 | BN38: 2385.2871 | BO38: 2383.8655 | BP38: 2363.8438 | BQ38: 2421.8364 | BR38: 2358.5844 | BS38: 2380.6522 | BT38: 2388.8129 | BU38: 2284.5409 | BV38: 2328.4878 | BW38: 2209.2767 | BX38: 2405.9232 | BY38: 2426.3102 | BZ38: 2541.1746 | CA38: 2540.4849 | CB38: 2521.4836 | CC38: 2580.7093 | CD38: 2518.7367 | CE38: 2541.9065 | CF38: 2550.7653 | CG38: 2446.6335 | CH38: 2490.1214 | CI38: 2369.9681 | CJ38: 2565.4769 | CK38: 2584.8292 | CL38: 2699.1169 | CM38: 2699.1348 | CN38: 2681.5528 | CO38: 2743.5659 | CP38: 2686.3071 | CQ38: 2711.6923 | CR38: 2729.5635 | CS38: 2625.9678 | CT38: 2643.3739 | CU38: 2587.8733 | CV38: 1 | CW38: ='conditional forecasts_6'!CW38 -> 1401
C39: Actual | CV39: 0 | CW39: ='conditional forecasts_6'!CW39 -> 0
A40: Rr1401 | B40: desl | C40: Forecast | D40: 1784.5331 | E40: 1639.6598 | F40: 1836.2581 | G40: 1690.9562 | H40: 1790.8448 | I40: 1709.1508 | J40: 1700.8089 | K40: 1753.3931 | L40: 1642.5324 | M40: 1742.8074 | N40: 1751.996 | O40: 1676.3098 | P40: 1837.2866 | Q40: 1736.0825 | R40: 1930.8138 | S40: 1783.2142 | T40: 1875.627 | U40: 1792.1886 | V40: 1776.7927 | W40: 1828.6254 | X40: 1721.1232 | Y40: 1829.2044 | Z40: 1847.114 | AA40: 1778.7315 | AB40: 1943.6909 | AC40: 1843.0372 | AD40: 2035.9627 | AE40: 1885.7973 | AF40: 1976.2027 | AG40: 1892.0431 | AH40: 1877.2717 | AI40: 1930.7168 | AJ40: 1825.3281 | AK40: 1935.6206 | AL40: 1955.5999 | AM40: 1889.0445 | AN40: 2055.5555 | AO40: 1956.1675 | AP40: 2150.0781 | AQ40: 2000.6547 | AR40: 2091.6405 | AS40: 2008.0164 | AT40: 1993.8561 | AU40: 2048.0759 | AV40: 1943.6541 | AW40: 2055.0739 | AX40: 2076.2669 | AY40: 2010.9263 | AZ40: 2178.585 | BA40: 2080.2422 | BB40: 2275.0948 | BC40: 2126.533 | BD40: 2218.3325 | BE40: 2135.503 | BF40: 2122.1367 | BG40: 2177.1569 | BH40: 2073.5415 | BI40: 2185.7702 | BJ40: 2207.7727 | BK40: 2143.2442 | BL40: 2311.7231 | BM40: 2214.2157 | BN40: 2409.924 | BO40: 2262.2374 | BP40: 2354.9213 | BQ40: 2272.9649 | BR40: 2260.4305 | BS40: 2316.2083 | BT40: 2213.2487 | BU40: 2326.0211 | BV40: 2348.4726 | BW40: 2284.3482 | BX40: 2453.2639 | BY40: 2356.3163 | BZ40: 2552.7846 | CA40: 2406.0936 | CB40: 2499.9795 | CC40: 2419.3291 | CD40: 2408.0447 | CE40: 2464.8309 | CF40: 2362.4794 | CG40: 2475.3703 | CH40: 2497.4691 | CI40: 2432.6671 | CJ40: 2600.835 | CK40: 2503.3459 | CL40: 2700.0135 | CM40: 2554.3337 | CN40: 2650.2894 | CO40: 2573.0938 | CP40: 2565.6336 | CQ40: 2627.31 | CR40: 2530.6203 | CS40: 2632.8275 | CT40: 2673.1397 | CU40: 2577.4293 | CV40: -1 | CW40: ='conditional forecasts_6'!CW40 -> 1401
C41: Actual | CV41: 0 | CW41: ='conditional forecasts_6'!CW41 -> 0
A42: Rr1402 | B42: adm | C42: Forecast | D42: 82.546203 | E42: 73.506802 | F42: 80.16202 | G42: 77.530003 | H42: 74.843309 | I42: 75.395112 | J42: 69.24166 | K42: 66.815067 | L42: 63.168808 | M42: 55.386473 | N42: 55.569844 | O42: 51.029318 | P42: 61.842914 | Q42: 65.967528 | R42: 73.770655 | S42: 74.775678 | T42: 73.032898 | U42: 74.320611 | V42: 68.385109 | W42: 65.862836 | X42: 62.298874 | Y42: 54.874708 | Z42: 55.728239 | AA42: 52.036886 | AB42: 63.669938 | AC42: 68.415513 | AD42: 76.566701 | AE42: 77.678455 | AF42: 75.89925 | AG42: 77.118126 | AH42: 71.163395 | AI42: 68.707657 | AJ42: 65.293 | AK42: 58.076474 | AL42: 59.167287 | AM42: 55.720222 | AN42: 67.590237 | AO42: 72.556968 | AP42: 80.908051 | AQ42: 82.195132 | AR42: 80.566476 | AS42: 81.915192 | AT42: 76.077749 | AU42: 73.736985 | AV42: 70.444276 | AW42: 63.362312 | AX42: 64.601071 | AY42: 61.311827 | AZ42: 73.343663 | BA42: 78.470284 | BB42: 86.975096 | BC42: 88.407965 | BD42: 86.917549 | BE42: 88.398616 | BF42: 82.689552 | BG42: 80.474637 | BH42: 77.305938 | BI42: 70.346236 | BJ42: 71.705387 | BK42: 68.534746 | BL42: 80.683969 | BM42: 85.92788 | BN42: 94.551362 | BO42: 96.105705 | BP42: 94.740408 | BQ42: 96.349961 | BR42: 90.770949 | BS42: 88.684243 | BT42: 85.637282 | BU42: 78.787932 | BV42: 80.242277 | BW42: 77.150683 | BX42: 89.365966 | BY42: 94.670732 | BZ42: 103.36134 | CA42: 105.00173 | CB42: 103.75149 | CC42: 105.50856 | CD42: 100.10357 | CE42: 98.201491 | CF42: 95.326574 | CG42: 88.611615 | CH42: 90.141948 | CI42: 87.056636 | CJ42: 99.215848 | CK42: 104.41956 | CL42: 112.99943 | CM42: 114.58086 | CN42: 113.34291 | CO42: 115.24481 | CP42: 110.20962 | CQ42: 108.55338 | CR42: 106.56739 | CS42: 100.17015 | CT42: 100.75809 | CU42: 100.64303 | CV42: 1 | CW42: ='conditional forecasts_6'!CW42 -> 1402
C43: Actual | CV43: 0 | CW43: ='conditional forecasts_6'!CW43 -> 0
A44: Rr1402 | B44: desl | C44: Forecast | D44: 75.7027 | E44: 78.481845 | F44: 83.778338 | G44: 74.889454 | H44: 78.156989 | I44: 69.58913 | J44: 69.618099 | K44: 68.907681 | L44: 58.581256 | M44: 65.372753 | N44: 59.796927 | O44: 57.142164 | P44: 63.314671 | Q44: 63.411225 | R44: 75.034006 | S44: 67.638648 | T44: 73.007318 | U44: 65.685734 | V44: 66.286988 | W44: 65.807577 | X44: 55.555623 | Y44: 62.514524 | Z44: 57.326408 | AA44: 55.284381 | AB44: 62.176236 | AC44: 62.951722 | AD44: 75.10073 | AE44: 68.032818 | AF44: 73.556846 | AG44: 66.290369 | AH44: 66.924522 | AI44: 66.512705 | AJ44: 56.387659 | AK44: 63.530116 | AL44: 58.565424 | AM44: 56.767436 | AN44: 63.908456 | AO44: 64.927867 | AP44: 77.308887 | AQ44: 70.456488 | AR44: 76.176751 | AS44: 69.087095 | AT44: 69.881898 | AU44: 69.620844 | AV44: 59.644371 | AW44: 66.940028 | AX44: 62.13718 | AY44: 60.510104 | AZ44: 67.828442 | BA44: 69.027252 | BB44: 81.585399 | BC44: 74.904734 | BD44: 80.789961 | BE44: 73.858688 | BF44: 74.806454 | BG44: 74.694391 | BH44: 64.864169 | BI44: 72.304138 | BJ44: 67.644073 | BK44: 66.158456 | BL44: 73.617135 | BM44: 74.955517 | BN44: 87.652978 | BO44: 81.111917 | BP44: 87.137416 | BQ44: 80.347018 | BR44: 81.435526 | BS44: 81.462579 | BT44: 71.767717 | BU44: 79.336928 | BV44: 74.798028 | BW44: 73.42467 | BX44: 80.98767 | BY44: 82.4255 | BZ44: 95.222462 | CA44: 88.786813 | CB44: 94.929033 | CC44: 88.269837 | CD44: 89.503485 | CE44: 89.684268 | CF44: 80.142146 | CG44: 87.850035 | CH44: 83.423256 | CI44: 82.126046 | CJ44: 89.725312 | CK44: 91.16641 | CL44: 103.96388 | CM44: 97.519046 | CN44: 103.70687 | CO44: 97.160209 | CP44: 98.536937 | CQ44: 99.048938 | CR44: 89.749415 | CS44: 97.187434 | CT44: 94.844094 | CU44: 89.784962 | CV44: -1 | CW44: ='conditional forecasts_6'!CW44 -> 1402
C45: Actual | CV45: 0 | CW45: ='conditional forecasts_6'!CW45 -> 0
A46: Pa1501 | B46: adm | C46: Forecast | D46: 1041.6997 | E46: 1131.2421 | F46: 1258.4082 | G46: 1249.8045 | H46: 1187.9076 | I46: 1233.1449 | J46: 1150.5657 | K46: 1192.9797 | L46: 1188.8979 | M46: 1093.5008 | N46: 1163.1822 | O46: 988.17069 | P46: 1154.7543 | Q46: 1190.3704 | R46: 1312.2105 | S46: 1309.208 | T46: 1234.3874 | U46: 1267.6638 | V46: 1182.2668 | W46: 1226.9051 | X46: 1232.9533 | Y46: 1153.1931 | Z46: 1238.246 | AA46: 1073.52 | AB46: 1243.1573 | AC46: 1275.2454 | AD46: 1389.8598 | AE46: 1379.6074 | AF46: 1300.2602 | AG46: 1332.7815 | AH46: 1249.9195 | AI46: 1299.0366 | AJ46: 1310.07 | AK46: 1234.7818 | AL46: 1323.325 | AM46: 1161.074 | AN46: 1332.3579 | AO46: 1365.4951 | AP46: 1480.7624 | AQ46: 1470.9493 | AR46: 1392.0173 | AS46: 1425.1237 | AT46: 1343.1766 | AU46: 1393.6141 | AV46: 1406.3368 | AW46: 1332.9718 | AX46: 1423.4871 | AY46: 1263.0855 | AZ46: 1435.9885 | BA46: 1470.4899 | BB46: 1586.9136 | BC46: 1578.1353 | BD46: 1500.204 | BE46: 1534.3395 | BF46: 1453.4765 | BG46: 1505.0488 | BH46: 1518.9354 | BI46: 1446.7404 | BJ46: 1538.4182 | BK46: 1379.1718 | BL46: 1553.2343 | BM46: 1588.9153 | BN46: 1706.5501 | BO46: 1699.0121 | BP46: 1622.3298 | BQ46: 1657.6833 | BR46: 1577.954 | BS46: 1630.52 | BT46: 1645.2198 | BU46: 1573.6505 | BV46: 1665.8104 | BW46: 1507.0032 | BX46: 1681.609 | BY46: 1718.0999 | BZ46: 1836.9409 | CA46: 1831.0478 | CB46: 1756.3595 | CC46: 1793.8236 | CD46: 1715.9825 | CE46: 1769.8552 | CF46: 1785.0072 | CG46: 1712.9532 | CH46: 1803.8391 | CI46: 1643.3669 | CJ46: 1816.5 | CK46: 1852.2894 | CL46: 1971.7148 | CM46: 1968.455 | CN46: 1897.8505 | CO46: 1940.9905 | CP46: 1870.2359 | CQ46: 1929.0748 | CR46: 1950.5174 | CS46: 1876.1236 | CT46: 1939.7216 | CU46: 1827.0505 | CV46: 1 | CW46: ='conditional forecasts_6'!CW46 -> 1501
C47: Actual | CV47: 0 | CW47: ='conditional forecasts_6'!CW47 -> 0
A48: Pa1501 | B48: desl | C48: Forecast | D48: 1390.7743 | E48: 1308.6788 | F48: 1417.8469 | G48: 1264.646 | H48: 1297.7374 | I48: 1143.583 | J48: 1087.4153 | K48: 1142.8823 | L48: 1040.7812 | M48: 1250.5538 | N48: 1378.8819 | O48: 1405.5433 | P48: 1465.5471 | Q48: 1323.1013 | R48: 1413.96 | S48: 1251.2638 | T48: 1263.6868 | U48: 1106.0588 | V48: 1045.3656 | W48: 1101.8953 | X48: 1011.552 | Y48: 1239.0906 | Z48: 1387.165 | AA48: 1429.4704 | AB48: 1496.9799 | AC48: 1353.6518 | AD48: 1437.9669 | AE48: 1267.1547 | AF48: 1273.5119 | AG48: 1113.8459 | AH48: 1055.261 | AI48: 1116.8648 | AJ48: 1032.9226 | AK48: 1266.7742 | AL48: 1420.2293 | AM48: 1466.7041 | AN48: 1537.2544 | AO48: 1396.0697 | AP48: 1481.8881 | AQ48: 1312.1916 | AR48: 1319.5335 | AS48: 1160.9786 | AT48: 1103.8513 | AU48: 1167.3881 | AV48: 1085.853 | AW48: 1322.4582 | AX48: 1478.8058 | AY48: 1528.095 | AZ48: 1601.2207 | BA48: 1462.3036 | BB48: 1550.1038 | BC48: 1382.1863 | BD48: 1391.2071 | BE48: 1234.3177 | BF48: 1178.894 | BG48: 1244.1882 | BH48: 1164.4552 | BI48: 1402.8898 | BJ48: 1561.0809 | BK48: 1612.2252 | BL48: 1687.2235 | BM48: 1550.2043 | BN48: 1639.9284 | BO48: 1473.946 | BP48: 1484.879 | BQ48: 1329.8267 | BR48: 1276.1031 | BS48: 1342.9031 | BT48: 1264.4496 | BU48: 1503.9515 | BV48: 1663.0734 | BW48: 1715.1516 | BX48: 1791.2702 | BY48: 1655.7414 | BZ48: 1747.4489 | CA48: 1583.9424 | CB48: 1597.6791 | CC48: 1445.4342 | CD48: 1394.1029 | CE48: 1462.4756 | CF48: 1384.5203 | CG48: 1623.435 | CH48: 1781.1693 | CI48: 1831.6192 | CJ48: 1906.5253 | CK48: 1770.8934 | CL48: 1864.4277 | CM48: 1704.6184 | CN48: 1724.3133 | CO48: 1579.7488 | CP48: 1535.2884 | CQ48: 1613.5487 | CR48: 1535.9787 | CS48: 1760.918 | CT48: 1944.5932 | CU48: 1912.0973 | CV48: -1 | CW48: ='conditional forecasts_6'!CW48 -> 1501
C49: Actual | CV49: 0 | CW49: ='conditional forecasts_6'!CW49 -> 0
A50: Pa1502 | B50: adm | C50: Forecast | D50: 121.55897 | E50: 138.50122 | F50: 145.94365 | G50: 147.70379 | H50: 138.52789 | I50: 157.31503 | J50: 145.64901 | K50: 149.62004 | L50: 156.66453 | M50: 123.30292 | N50: 119.20804 | O50: 97.970579 | P50: 130.1515 | Q50: 142.53332 | R50: 151.1662 | S50: 153.74183 | T50: 144.85596 | U50: 162.82469 | V50: 150.81882 | W50: 154.77855 | X50: 161.96137 | Y50: 129.00957 | Z50: 125.16525 | AA50: 103.85504 | AB50: 135.68998 | AC50: 147.53205 | AD50: 155.56675 | AE50: 157.62385 | AF50: 148.36493 | AG50: 166.10006 | AH50: 153.95062 | AI50: 157.79476 | AJ50: 164.84406 | AK50: 131.72222 | AL50: 127.67281 | AM50: 106.13259 | AN50: 137.72314 | AO50: 149.31318 | AP50: 157.09199 | AQ50: 158.89297 | AR50: 149.38287 | AS50: 166.87777 | AT50: 154.50369 | AU50: 158.13991 | AV50: 164.99487 | AW50: 131.68615 | AX50: 127.45055 | AY50: 105.71982 | AZ50: 137.1136 | BA50: 148.50184 | BB50: 156.07698 | BC50: 157.67605 | BD50: 147.96861 | BE50: 165.27203 | BF50: 152.71211 | BG50: 156.1669 | BH50: 162.84324 | BI50: 129.35735 | BJ50: 124.94529 | BK50: 103.0389 | BL50: 134.25863 | BM50: 145.47572 | BN50: 152.88405 | BO50: 154.32174 | BP50: 144.45861 | BQ50: 161.61112 | BR50: 148.90292 | BS50: 152.20899 | BT50: 158.73294 | BU50: 125.08861 | BV50: 120.51164 | BW50: 98.436059 | BX50: 129.48713 | BY50: 140.54268 | BZ50: 147.80339 | CA50: 149.11256 | CB50: 139.1416 | CC50: 156.20359 | CD50: 143.41387 | CE50: 146.6355 | CF50: 153.05856 | CG50: 119.28494 | CH50: 114.53893 | CI50: 92.253251 | CJ50: 123.07879 | CK50: 133.89413 | CL50: 140.94096 | CM50: 142.17391 | CN50: 132.11153 | CO50: 149.336 | CP50: 136.80316 | CQ50: 139.61323 | CR50: 148.23383 | CS50: 112.13844 | CT50: 103.5702 | CU50: 97.774839 | CV50: 1 | CW50: ='conditional forecasts_6'!CW50 -> 1502
C51: Actual | CV51: 0 | CW51: ='conditional forecasts_6'!CW51 -> 0
A52: Pa1502 | B52: desl | C52: Forecast | D52: 151.37544 | E52: 151.40145 | F52: 164.99976 | G52: 154.52956 | H52: 163.47032 | I52: 151.88677 | J52: 162.77915 | K52: 172.96598 | L52: 159.09074 | M52: 188.10939 | N52: 193.98509 | O52: 184.53951 | P52: 174.58363 | Q52: 156.637 | R52: 163.42431 | S52: 148.69513 | T52: 156.53482 | U52: 146.11393 | V52: 158.63103 | W52: 170.10607 | X52: 156.63051 | Y52: 184.9079 | Z52: 189.22008 | AA52: 178.0024 | AB52: 166.62307 | AC52: 147.94884 | AD52: 154.75682 | AE52: 140.57393 | AF52: 149.14325 | AG52: 139.33741 | AH52: 152.19065 | AI52: 163.70237 | AJ52: 150.03864 | AK52: 178.00742 | AL52: 181.97973 | AM52: 170.44757 | AN52: 158.80639 | AO52: 139.933 | AP52: 146.60724 | AQ52: 132.35383 | AR52: 140.90611 | AS52: 131.11741 | AT52: 143.99553 | AU52: 155.51312 | AV52: 141.81713 | AW52: 169.70943 | AX52: 173.56823 | AY52: 161.90179 | AZ52: 150.12423 | BA52: 131.12724 | BB52: 137.69831 | BC52: 123.36232 | BD52: 131.84759 | BE52: 122.00058 | BF52: 134.82316 | BG52: 146.28453 | BH52: 132.53081 | BI52: 160.36459 | BJ52: 164.16507 | BK52: 152.44054 | BL52: 140.60365 | BM52: 121.54331 | BN52: 128.04372 | BO52: 113.62721 | BP52: 122.02162 | BQ52: 112.07602 | BR52: 124.79846 | BS52: 136.16739 | BT52: 122.33966 | BU52: 150.12755 | BV52: 153.91556 | BW52: 142.20951 | BX52: 130.40967 | BY52: 111.38279 | BZ52: 117.88466 | CA52: 103.40984 | CB52: 111.66835 | CC52: 101.51077 | CD52: 113.97157 | CE52: 125.0786 | CF52: 111.05087 | CG52: 138.75827 | CH52: 142.62289 | CI52: 131.15366 | CJ52: 119.69805 | CK52: 101.06808 | CL52: 107.90414 | CM52: 93.521693 | CN52: 101.69513 | CO52: 91.017181 | CP52: 102.55077 | CQ52: 113.36679 | CR52: 96.196256 | CS52: 125.03983 | CT52: 132.14509 | CU52: 107.61598 | CV52: -1 | CW52: ='conditional forecasts_6'!CW52 -> 1502
C53: Actual | CV53: 0 | CW53: ='conditional forecasts_6'!CW53 -> 0
A54: Pa1503 | B54: adm | C54: Forecast | D54: 9770.9178 | E54: 9984.0619 | F54: 10563.715 | G54: 10940.975 | H54: 10709.861 | I54: 11080.906 | J54: 10595.21 | K54: 10797.296 | L54: 10886.4 | M54: 10114.756 | N54: 10449.557 | O54: 9559.0829 | P54: 10161.99 | Q54: 10419.722 | R54: 11088.137 | S54: 11486.128 | T54: 11194.681 | U54: 11499.567 | V54: 10958.751 | W54: 11140.363 | X54: 11255.419 | Y54: 10556.551 | Z54: 10982.94 | AA54: 10173.903 | AB54: 10829.429 | AC54: 11104.264 | AD54: 11761.253 | AE54: 12134.702 | AF54: 11820.651 | AG54: 12114.497 | AH54: 11577.042 | AI54: 11773.961 | AJ54: 11911.455 | AK54: 11237.517 | AL54: 11688.089 | AM54: 10900.776 | AN54: 11574.901 | AO54: 11865.04 | AP54: 12534.137 | AQ54: 12916.916 | AR54: 12610.254 | AS54: 12910.741 | AT54: 12380.462 | AU54: 12586.099 | AV54: 12734.299 | AW54: 12072.863 | AX54: 12537.046 | AY54: 11763.573 | AZ54: 12450.991 | BA54: 12753.413 | BB54: 13433.68 | BC54: 13826.699 | BD54: 13529.665 | BE54: 13839.479 | BF54: 13318.439 | BG54: 13533.316 | BH54: 13690.756 | BI54: 13038.523 | BJ54: 13511.859 | BK54: 12747.523 | BL54: 13444.156 | BM54: 13755.992 | BN54: 14445.977 | BO54: 14849.048 | BP54: 14562.311 | BQ54: 14882.427 | BR54: 14371.32 | BS54: 14595.305 | BT54: 14760.602 | BU54: 14114.725 | BV54: 14592.991 | BW54: 13832.664 | BX54: 14533.31 | BY54: 14850.366 | BZ54: 15547.952 | CA54: 15961.768 | CB54: 15688.887 | CC54: 16024.933 | CD54: 15529.849 | CE54: 15767.444 | CF54: 15941.524 | CG54: 15298.008 | CH54: 15771.897 | CI54: 15001.833 | CJ54: 15690.525 | CK54: 15997.204 | CL54: 16690.95 | CM54: 17114.093 | CN54: 16862.085 | CO54: 17235.268 | CP54: 16792.464 | CQ54: 17068.754 | CR54: 17310.075 | CS54: 16646.295 | CT54: 16994.404 | CU54: 16540.251 | CV54: 1 | CW54: ='conditional forecasts_6'!CW54 -> 1503
C55: Actual | CV55: 0 | CW55: ='conditional forecasts_6'!CW55 -> 0
A56: Pa1503 | B56: desl | C56: Forecast | D56: 11354.719 | E56: 10958.037 | F56: 11570.448 | G56: 11079.124 | H56: 11362.537 | I56: 10469.179 | J56: 10409.765 | K56: 10815.354 | L56: 10132.52 | M56: 11404.755 | N56: 11892.775 | O56: 11803.609 | P56: 11470.589 | Q56: 10918.913 | R56: 11622.551 | S56: 11039.715 | T56: 11250.322 | U56: 10356.993 | V56: 10266.558 | W56: 10676.853 | X56: 10035.494 | Y56: 11372.636 | Z56: 11936.727 | AA56: 11914.479 | AB56: 11625.864 | AC56: 11094.337 | AD56: 11801.196 | AE56: 11215.758 | AF56: 11427.585 | AG56: 10544.596 | AH56: 10474.211 | AI56: 10911.784 | AJ56: 10301.384 | AK56: 11670.07 | AL56: 12264.393 | AM56: 12270.253 | AN56: 12007.409 | AO56: 11499.329 | AP56: 12227.449 | AQ56: 11661.422 | AR56: 11891.414 | AS56: 11026.164 | AT56: 10973.919 | AU56: 11430.628 | AV56: 10840.552 | AW56: 12230.526 | AX56: 12846.586 | AY56: 12874.038 | AZ56: 12632.162 | BA56: 12144.175 | BB56: 12891.494 | BC56: 12343.917 | BD56: 12591.821 | BE56: 11744.127 | BF56: 11709.201 | BG56: 12183.046 | BH56: 11609.945 | BI56: 13016.756 | BJ56: 13649.561 | BK56: 13693.743 | BL56: 13468.666 | BM56: 12997.606 | BN56: 13761.981 | BO56: 13231.5 | BP56: 13496.349 | BQ56: 12665.172 | BR56: 12646.008 | BS56: 13134.561 | BT56: 12574.937 | BU56: 13994.044 | BV56: 14638.329 | BW56: 14693.847 | BX56: 14480.858 | BY56: 14023.533 | BZ56: 14803.895 | CA56: 14291.658 | CB56: 14576.232 | CC56: 13764.744 | CD56: 13763.29 | CE56: 14265.713 | CF56: 13714.963 | CG56: 15137.848 | CH56: 15782.046 | CI56: 15836.031 | CJ56: 15622.788 | CK56: 15169.727 | CL56: 15963.505 | CM56: 15471.903 | CN56: 15788.925 | CO56: 15018.962 | CP56: 15054.902 | CQ56: 15617.065 | CR56: 15060.222 | CS56: 16404.178 | CT56: 17284.844 | CU56: 16707.558 | CV56: -1 | CW56: ='conditional forecasts_6'!CW56 -> 1503
C57: Actual | CV57: 0 | CW57: ='conditional forecasts_6'!CW57 -> 0
A58: Pa1504 | B58: adm | C58: Forecast | D58: 1562.5849 | E58: 1593.5122 | F58: 1785.1265 | G58: 1776.2032 | H58: 1710.0547 | I58: 1743.4684 | J58: 1580.3452 | K58: 1666.4785 | L58: 1679.4967 | M58: 1494.3596 | N58: 1628.1468 | O58: 1351.7508 | P58: 1551.8717 | Q58: 1538.4313 | R58: 1803.3896 | S58: 1840.2294 | T58: 1766.3157 | U58: 1793.0044 | V58: 1626.6713 | W58: 1712.8615 | X58: 1740.291 | Y58: 1580.7909 | Z58: 1742.8599 | AA58: 1488.9097 | AB58: 1700.5054 | AC58: 1687.1661 | AD58: 1944.6156 | AE58: 1971.9527 | AF58: 1891.2111 | AG58: 1916.0367 | AH58: 1752.7002 | AI58: 1845.1237 | AJ58: 1880.0441 | AK58: 1727.7758 | AL58: 1896.0401 | AM58: 1647.0816 | AN58: 1862.6028 | AO58: 1852.3133 | AP58: 2112.0954 | AQ58: 2141.2152 | AR58: 2061.9441 | AS58: 2088.2404 | AT58: 1926.6922 | AU58: 2021.4416 | AV58: 2059.2731 | AW58: 1910.3693 | AX58: 2082.2016 | AY58: 1836.7437 | AZ58: 2055.4963 | BA58: 2048.0829 | BB58: 2310.4134 | BC58: 2341.8537 | BD58: 2264.7938 | BE58: 2293.2854 | BF58: 2133.9644 | BG58: 2230.977 | BH58: 2271.0872 | BI58: 2124.4537 | BJ58: 2298.5373 | BK58: 2055.3225 | BL58: 2276.3379 | BM58: 2271.2416 | BN58: 2535.9693 | BO58: 2569.8894 | BP58: 2495.3595 | BQ58: 2526.36 | BR58: 2369.4219 | BS58: 2468.5722 | BT58: 2510.4709 | BU58: 2365.2288 | BV58: 2540.3535 | BW58: 2297.9948 | BX58: 2519.9564 | BY58: 2516.2305 | BZ58: 2783.0548 | CA58: 2819.9543 | CB58: 2749.1968 | CC58: 2784.3858 | CD58: 2631.4371 | CE58: 2733.6745 | CF58: 2777.1635 | CG58: 2631.7214 | CH58: 2804.9589 | CI58: 2559.5918 | CJ58: 2778.3776 | CK58: 2772.31 | CL58: 3038.9185 | CM58: 3079.3199 | CN58: 3014.9817 | CO58: 3060.7939 | CP58: 2921.6794 | CQ58: 3034.3342 | CR58: 3095.1021 | CS58: 2937.1621 | CT58: 3075.2004 | CU58: 2918.2676 | CV58: 1 | CW58: ='conditional forecasts_6'!CW58 -> 1504
C59: Actual | CV59: 0 | CW59: ='conditional forecasts_6'!CW59 -> 0
A60: Pa1504 | B60: desl | C60: Forecast | D60: 1933.8865 | E60: 1821.8005 | F60: 2008.5116 | G60: 1803.3722 | H60: 1904.8001 | I60: 1742.8925 | J60: 1707.8778 | K60: 1710.1705 | L60: 1568.4846 | M60: 1746.6031 | N60: 1778.9171 | O60: 1761.1295 | P60: 1923.6277 | Q60: 1754.9453 | R60: 1930.6758 | S60: 1724.3957 | T60: 1828.7243 | U60: 1675.2252 | V60: 1643.3564 | W60: 1650.1353 | X60: 1516.9517 | Y60: 1707.549 | Z60: 1756.1786 | AA60: 1755.4632 | AB60: 1932.2215 | AC60: 1772.8066 | AD60: 1952.6352 | AE60: 1746.8384 | AF60: 1850.3877 | AG60: 1696.9723 | AH60: 1667.2681 | AI60: 1678.4828 | AJ60: 1551.4475 | AK60: 1749.0394 | AL60: 1804.7237 | AM60: 1810.6162 | AN60: 1993.3172 | AO60: 1839.1609 | AP60: 2023.6456 | AQ60: 1822.0249 | AR60: 1929.4156 | AS60: 1779.6729 | AT60: 1753.646 | AU60: 1768.6934 | AV60: 1645.7381 | AW60: 1847.6673 | AX60: 1907.8762 | AY60: 1918.3596 | AZ60: 2105.5885 | BA60: 1955.7976 | BB60: 2144.4382 | BC60: 1946.7692 | BD60: 2057.9495 | BE60: 1911.8897 | BF60: 1889.4881 | BG60: 1908.1344 | BH60: 1788.7647 | BI60: 1994.2662 | BJ60: 2058.0306 | BK60: 2072.0513 | BL60: 2262.8035 | BM60: 2116.5294 | BN60: 2308.6863 | BO60: 2114.5319 | BP60: 2229.2116 | BQ60: 2086.6074 | BR60: 2067.5758 | BS60: 2089.4578 | BT60: 1973.1454 | BU60: 2181.502 | BV60: 2247.9319 | BW60: 2264.4898 | BX60: 2457.7609 | BY60: 2314.1296 | BZ60: 2509.1927 | CA60: 2318.2966 | CB60: 2436.5769 | CC60: 2297.7803 | CD60: 2282.5121 | CE60: 2307.7985 | CF60: 2194.2415 | CG60: 2404.5266 | CH60: 2472.0675 | CI60: 2489.1424 | CJ60: 2682.6962 | CK60: 2539.6313 | CL60: 2736.1482 | CM60: 2547.7405 | CN60: 2670.1771 | CO60: 2537.1899 | CP60: 2528.4677 | CQ60: 2563.5229 | CR60: 2453.0339 | CS60: 2662.1548 | CT60: 2745.1745 | CU60: 2709.3438 | CV60: -1 | CW60: ='conditional forecasts_6'!CW60 -> 1504
C61: Actual | CV61: 0 | CW61: ='conditional forecasts_6'!CW61 -> 0
A62: Pa1505 | B62: adm | C62: Forecast | D62: 1332.8579 | E62: 1756.9409 | F62: 2110.6875 | G62: 2202.9677 | H62: 2139.8742 | I62: 2173.5525 | J62: 1940.7894 | K62: 1875.0721 | L62: 1790.6363 | M62: 1510.0618 | N62: 1520.5742 | O62: 1335.4792 | P62: 1761.4096 | Q62: 2042.977 | R62: 2384.225 | S62: 2459.2211 | T62: 2359.2395 | U62: 2343.6213 | V62: 2070.2536 | W62: 1983.8912 | X62: 1901.7222 | Y62: 1648.2238 | Z62: 1701.0807 | AA62: 1558.976 | AB62: 2016.0154 | AC62: 2310.427 | AD62: 2647.7801 | AE62: 2709.1233 | AF62: 2593.6555 | AG62: 2566.5881 | AH62: 2288.5395 | AI62: 2204.1343 | AJ62: 2128.6763 | AK62: 1884.2975 | AL62: 1946.7587 | AM62: 1813.5393 | AN62: 2278.1257 | AO62: 2578.4527 | AP62: 2919.9869 | AQ62: 2983.8813 | AR62: 2869.697 | AS62: 2843.2425 | AT62: 2565.8408 | AU62: 2482.737 | AV62: 2409.5994 | AW62: 2168.5873 | AX62: 2235.1926 | AY62: 2106.4617 | AZ62: 2575.4477 | BA62: 2879.7792 | BB62: 3224.7992 | BC62: 3291.7017 | BD62: 3180.186 | BE62: 3156.2199 | BF62: 2881.2479 | BG62: 2800.5741 | BH62: 2729.8705 | BI62: 2491.2725 | BJ62: 2560.2526 | BK62: 2433.8686 | BL62: 2905.2253 | BM62: 3212.0371 | BN62: 3559.7441 | BO62: 3629.6137 | BP62: 3521.3569 | BQ62: 3500.8579 | BR62: 3229.3675 | BS62: 3151.9012 | BT62: 3083.8013 | BU62: 2846.9243 | BV62: 2916.6276 | BW62: 2790.1167 | BX62: 3260.9518 | BY62: 3567.5621 | BZ62: 3916.2089 | CA62: 3988.8524 | CB62: 3885.5084 | CC62: 3871.7852 | CD62: 3608.0343 | CE62: 3537.8971 | CF62: 3475.1658 | CG62: 3240.3455 | CH62: 3307.9414 | CI62: 3175.134 | CJ62: 3636.5216 | CK62: 3932.3894 | CL62: 4272.0707 | CM62: 4341.7274 | CN62: 4243.1708 | CO62: 4246.3745 | CP62: 4011.1116 | CQ62: 3971.2515 | CR62: 3951.3879 | CS62: 3711.6761 | CT62: 3751.1551 | CU62: 3715.3626 | CV62: 1 | CW62: ='conditional forecasts_6'!CW62 -> 1505
C63: Actual | CV63: 0 | CW63: ='conditional forecasts_6'!CW63 -> 0
A64: Pa1505 | B64: desl | C64: Forecast | D64: 2003.1034 | E64: 1959.6772 | F64: 2029.7004 | G64: 1893.9665 | H64: 2006.0301 | I64: 1840.3997 | J64: 1946.5297 | K64: 1980.2199 | L64: 1923.1853 | M64: 2224.1698 | N64: 2221.286 | O64: 2180.5167 | P64: 2093.2763 | Q64: 1937.377 | R64: 2066.3796 | S64: 1905.6405 | T64: 2027.7233 | U64: 1873.1774 | V64: 1985.1176 | W64: 2025.1092 | X64: 1975.046 | Y64: 2281.9017 | Z64: 2282.8323 | AA64: 2243.8422 | AB64: 2157.2695 | AC64: 2002.2381 | AD64: 2132.9575 | AE64: 1975.025 | AF64: 2101.0179 | AG64: 1951.2693 | AH64: 2068.4344 | AI64: 2113.6093 | AJ64: 2068.3757 | AK64: 2379.592 | AL64: 2384.441 | AM64: 2349.0213 | AN64: 2265.7881 | AO64: 2113.988 | AP64: 2247.94 | AQ64: 2093.3203 | AR64: 2222.7462 | AS64: 2076.5532 | AT64: 2197.3661 | AU64: 2246.2259 | AV64: 2204.6499 | AW64: 2519.4393 | AX64: 2527.7406 | AY64: 2495.6431 | AZ64: 2415.6161 | BA64: 2266.9353 | BB64: 2403.9521 | BC64: 2252.3692 | BD64: 2384.8192 | BE64: 2241.6411 | BF64: 2365.4549 | BG64: 2417.2932 | BH64: 2378.666 | BI64: 2696.371 | BJ64: 2707.5546 | BK64: 2678.308 | BL64: 2601.1013 | BM64: 2455.2063 | BN64: 2594.9656 | BO64: 2446.0685 | BP64: 2581.1339 | BQ64: 2440.4918 | BR64: 2566.7625 | BS64: 2620.9911 | BT64: 2584.712 | BU64: 2904.755 | BV64: 2918.3005 | BW64: 2891.468 | BX64: 2816.7428 | BY64: 2673.3915 | BZ64: 2815.7238 | CA64: 2669.3661 | CB64: 2806.8496 | CC64: 2668.4087 | CD64: 2796.5856 | CE64: 2852.3988 | CF64: 2817.4458 | CG64: 3138.7235 | CH64: 3153.6828 | CI64: 3128.7077 | CJ64: 3056.3416 | CK64: 2915.8934 | CL64: 3061.4818 | CM64: 2917.9727 | CN64: 3058.1264 | CO64: 2920.852 | CP64: 3049.7277 | CQ64: 3109.7744 | CR64: 3067.2997 | CS64: 3394.4236 | CT64: 3419.3364 | CU64: 3299.7413 | CV64: -1 | CW64: ='conditional forecasts_6'!CW64 -> 1505
C65: Actual | CV65: 0 | CW65: ='conditional forecasts_6'!CW65 -> 0
A66: Pa1506 | B66: adm | C66: Forecast | D66: 5501.9987 | E66: 6439.3399 | F66: 7530.8055 | G66: 8010.2575 | H66: 7818.7553 | I66: 8263.1332 | J66: 7768.2607 | K66: 7862.2859 | L66: 7848.1976 | M66: 6835.4328 | N66: 6901.4704 | O66: 5782.6 | P66: 6759.4097 | Q66: 7223.0575 | R66: 8093.9763 | S66: 8443.1143 | T66: 8170.8 | U66: 8546.0989 | V66: 8017.5068 | W66: 8099.7876 | X66: 8096.7318 | Y66: 7123.6589 | Z66: 7240.1602 | AA66: 6168.4585 | AB66: 7180.8856 | AC66: 7663.0883 | AD66: 8536.5042 | AE66: 8878.1604 | AF66: 8595.3078 | AG66: 8962.599 | AH66: 8431.7893 | AI66: 8518.4296 | AJ66: 8525.364 | AK66: 7566.1205 | AL66: 7698.2671 | AM66: 6642.2158 | AN66: 7668.9362 | AO66: 8163.2208 | AP66: 9046.1796 | AQ66: 9395.0317 | AR66: 9117.6536 | AS66: 9489.5831 | AT66: 8963.4904 | AU66: 9055.644 | AV66: 9069.2582 | AW66: 8117.8497 | AX66: 8258.6708 | AY66: 7211.6623 | AZ66: 8247.3263 | BA66: 8750.1129 | BB66: 9640.9682 | BC66: 9997.1148 | BD66: 9726.5444 | BE66: 10104.953 | BF66: 9585.1538 | BG66: 9683.5134 | BH66: 9703.2935 | BI66: 8758.0249 | BJ66: 8904.9665 | BK66: 7864.08 | BL66: 8905.915 | BM66: 9414.99 | BN66: 10312.321 | BO66: 10675.167 | BP66: 10411.494 | BQ66: 10796.874 | BR66: 10283.897 | BS66: 10388.632 | BT66: 10414.032 | BU66: 9473.4013 | BV66: 9623.9701 | BW66: 8585.9497 | BX66: 9630.4376 | BY66: 10142.719 | BZ66: 11044.615 | CA66: 11413.984 | CB66: 11158.921 | CC66: 11554.508 | CD66: 11052.227 | CE66: 11166.644 | CF66: 11199.153 | CG66: 10261.866 | CH66: 10411.421 | CI66: 9368.3755 | CJ66: 10405.416 | CK66: 10909.898 | CL66: 11806.648 | CM66: 12179.361 | CN66: 11933.578 | CO66: 12350.638 | CP66: 11885.148 | CQ66: 12020.024 | CR66: 12111.286 | CS66: 11168.176 | CT66: 11159.521 | CU66: 10546.763 | CV66: 1 | CW66: ='conditional forecasts_6'!CW66 -> 1506
C67: Actual | CV67: 0 | CW67: ='conditional forecasts_6'!CW67 -> 0
A68: Pa1506 | B68: desl | C68: Forecast | D68: 8316.2827 | E68: 7889.9167 | F68: 8283.1335 | G68: 7839.3192 | H68: 7958.6724 | I68: 7342.8102 | J68: 7296.3625 | K68: 7701.2918 | L68: 7226.249 | M68: 8322.7187 | N68: 8851.7042 | O68: 8689.9262 | P68: 8425.8773 | Q68: 7889.016 | R68: 8304.1272 | S68: 7806.3322 | T68: 7856.3996 | U68: 7240.9469 | V68: 7180.3958 | W68: 7601.4447 | X68: 7169.7641 | Y68: 8323.7169 | Z68: 8910.9841 | AA68: 8792.9984 | AB68: 8549.3582 | AC68: 8011.8701 | AD68: 8414.9195 | AE68: 7904.957 | AF68: 7951.166 | AG68: 7343.5071 | AH68: 7300.9529 | AI68: 7746.139 | AJ68: 7340.3191 | AK68: 8518.5936 | AL68: 9127.0866 | AM68: 9027.0539 | AN68: 8798.6041 | AO68: 8274.2157 | AP68: 8688.903 | AQ68: 8189.7179 | AR68: 8246.4794 | AS68: 7649.7935 | AT68: 7619.1563 | AU68: 8077.4511 | AV68: 7685.8217 | AW68: 8878.945 | AX68: 9502.3637 | AY68: 9416.79 | AZ68: 9201.9829 | BA68: 8690.3277 | BB68: 9116.9653 | BC68: 8629.1961 | BD68: 8697.0997 | BE68: 8111.4757 | BF68: 8091.9178 | BG68: 8561.327 | BH68: 8180.8237 | BI68: 9385.0603 | BJ68: 10019.577 | BK68: 9945.1059 | BL68: 9741.4318 | BM68: 9240.9443 | BN68: 9678.7433 | BO68: 9202.0298 | BP68: 9280.7297 | BQ68: 8705.4567 | BR68: 8695.6276 | BS68: 9174.0282 | BT68: 8801.7838 | BU68: 10013.719 | BV68: 10655.732 | BW68: 10589.062 | BX68: 10394.054 | BY68: 9903.5461 | BZ68: 10352.795 | CA68: 9888.6984 | CB68: 9980.3694 | CC68: 9417.2099 | CD68: 9417.3179 | CE68: 9902.4438 | CF68: 9533.3906 | CG68: 10745.555 | CH68: 11386.395 | CI68: 11319.4 | CJ68: 11126.95 | CK68: 10643.836 | CL68: 11107.477 | CM68: 10661.799 | CN68: 10778.196 | CO68: 10240.924 | CP68: 10259.781 | CQ68: 10781.202 | CR68: 10389.077 | CS68: 11549.939 | CT68: 12342.691 | CU68: 11784.751 | CV68: -1 | CW68: ='conditional forecasts_6'!CW68 -> 1506
C69: Actual | CV69: 0 | CW69: ='conditional forecasts_6'!CW69 -> 0
A70: Ap1601 | B70: adm | C70: Forecast | D70: 7.053107 | E70: 12.065028 | F70: 29.34154 | G70: 34.220561 | H70: 38.810459 | I70: 48.493064 | J70: 50.212025 | K70: 57.974428 | L70: 56.311592 | M70: 42.05847 | N70: 29.525399 | O70: -2.7065519 | P70: 2.1765143 | Q70: 7.4970897 | R70: 32.058954 | S70: 41.946845 | T70: 49.903542 | U70: 60.701578 | V70: 62.554613 | W70: 70.059171 | X70: 68.015252 | Y70: 53.471365 | Z70: 40.681008 | AA70: 8.1809318 | AB70: 12.817451 | AC70: 17.93199 | AD70: 42.349683 | AE70: 52.157672 | AF70: 60.076284 | AG70: 70.842561 | AH70: 72.637286 | AI70: 80.036693 | AJ70: 77.838452 | AK70: 63.104399 | AL70: 50.108968 | AM70: 17.408747 | AN70: 21.863177 | AO70: 26.818353 | AP70: 51.097226 | AQ70: 60.780961 | AR70: 68.582964 | AS70: 79.234299 | AT70: 80.911566 | AU70: 88.188693 | AV70: 85.862683 | AW70: 70.99606 | AX70: 57.865006 | AY70: 25.028532 | AZ70: 29.348647 | BA70: 34.173589 | BB70: 58.327533 | BC70: 67.89174 | BD70: 75.578688 | BE70: 86.117875 | BF70: 87.684223 | BG70: 94.850355 | BH70: 92.412656 | BI70: 77.433787 | BJ70: 64.190664 | BK70: 31.243329 | BL70: 35.454777 | BM70: 40.173904 | BN70: 64.225062 | BO70: 73.689202 | BP70: 81.278117 | BQ70: 91.720423 | BR70: 93.190134 | BS70: 100.25911 | BT70: 97.723239 | BU70: 82.645178 | BV70: 69.302509 | BW70: 36.256793 | BX70: 40.373306 | BY70: 45.003501 | BZ70: 68.973677 | CA70: 78.364987 | CB70: 85.886771 | CC70: 96.262408 | CD70: 97.659314 | CE70: 104.64395 | CF70: 102.01069 | CG70: 86.825956 | CH70: 73.374855 | CI70: 40.228355 | CJ70: 44.264619 | CK70: 48.823142 | CL70: 72.729881 | CM70: 82.095907 | CN70: 89.561381 | CO70: 99.927225 | CP70: 101.35771 | CQ70: 108.04385 | CR70: 106.29626 | CS70: 90.145884 | CT70: 75.34838 | CU70: 47.233899 | CV70: 1 | CW70: ='conditional forecasts_6'!CW70 -> 1601
C71: Actual | CV71: 0 | CW71: ='conditional forecasts_6'!CW71 -> 0
A72: Ap1601 | B72: desl | C72: Forecast | D72: 32.644078 | E72: 25.958556 | F72: 15.392605 | G72: 18.60846 | H72: 31.79744 | I72: 21.794016 | J72: 32.110218 | K72: 42.33395 | L72: 37.351801 | M72: 69.993806 | N72: 78.254117 | O72: 97.448892 | P72: 55.882083 | Q72: 31.911668 | R72: 14.613315 | S72: 14.88337 | T72: 29.094581 | U72: 21.815413 | V72: 34.201431 | W72: 46.072884 | X72: 41.848913 | Y72: 74.447361 | Z72: 82.147471 | AA72: 100.54498 | AB72: 58.166278 | AC72: 33.602918 | AD72: 16.037028 | AE72: 16.344205 | AF72: 30.786651 | AG72: 23.793513 | AH72: 36.402307 | AI72: 48.370415 | AJ72: 44.107876 | AK72: 76.559185 | AL72: 84.046004 | AM72: 102.20605 | AN72: 59.598012 | AO72: 34.834196 | AP72: 17.107401 | AQ72: 17.295675 | AR72: 31.656725 | AS72: 24.609318 | AT72: 37.176594 | AU72: 49.100745 | AV72: 44.779504 | AW72: 77.150806 | AX72: 84.536525 | AY72: 102.58026 | AZ72: 59.849616 | BA72: 34.965723 | BB72: 17.127631 | BC72: 17.215889 | BD72: 31.487199 | BE72: 24.357075 | BF72: 36.844778 | BG72: 48.689411 | BH72: 44.287213 | BI72: 76.576335 | BJ72: 83.880094 | BK72: 101.84395 | BL72: 59.036889 | BM72: 34.080262 | BN72: 16.171824 | BO72: 16.189454 | BP72: 30.386422 | BQ72: 23.175053 | BR72: 35.572873 | BS72: 47.319827 | BT72: 42.816231 | BU72: 75.007376 | BV72: 82.225532 | BW72: 100.12459 | BX72: 57.278566 | BY72: 32.307588 | BZ72: 14.400386 | CA72: 14.418414 | CB72: 28.5944 | CC72: 21.321379 | CD72: 33.605475 | CE72: 45.187483 | CF72: 40.484255 | CG72: 72.469924 | CH72: 79.516684 | CI72: 97.319844 | CJ72: 54.476629 | CK72: 29.617397 | CL72: 11.955787 | CM72: 12.198447 | CN72: 26.663468 | CO72: 19.5801 | CP72: 31.574407 | CQ72: 43.357364 | CR72: 37.465736 | CS72: 67.340801 | CT72: 82.520159 | CU72: 81.668256 | CV72: -1 | CW72: ='conditional forecasts_6'!CW72 -> 1601
C73: Actual | CV73: 0 | CW73: ='conditional forecasts_6'!CW73 -> 0
A74: Ap1602 | B74: adm | C74: Forecast | D74: 1344.9426 | E74: 1485.6973 | F74: 1659.4668 | G74: 1758.5825 | H74: 1712.277 | I74: 1774.3279 | J74: 1705.6927 | K74: 1793.542 | L74: 1738.3402 | M74: 1691.9189 | N74: 1738.2718 | O74: 1455.9849 | P74: 1545.6504 | Q74: 1630.7653 | R74: 1821.5907 | S74: 1893.2295 | T74: 1834.5598 | U74: 1879.0746 | V74: 1796.1243 | W74: 1881.7757 | X74: 1832.3371 | Y74: 1802.314 | Z74: 1868.2863 | AA74: 1603.7398 | AB74: 1705.5253 | AC74: 1795.7265 | AD74: 1986.0353 | AE74: 2054.529 | AF74: 1992.9822 | AG74: 2036.7974 | AH74: 1955.9454 | AI74: 2046.1043 | AJ74: 2002.7053 | AK74: 1979.3605 | AL74: 2051.9784 | AM74: 1793.6416 | AN74: 1900.997 | AO74: 1996.0424 | AP74: 2190.4679 | AQ74: 2262.442 | AR74: 2203.9298 | AS74: 2250.5985 | AT74: 2172.6949 | AU74: 2266.1089 | AV74: 2226.3634 | AW74: 2207.03 | AX74: 2283.8775 | AY74: 2029.8084 | AZ74: 2141.3105 | BA74: 2240.284 | BB74: 2438.3932 | BC74: 2513.8383 | BD74: 2458.645 | BE74: 2508.5422 | BF74: 2433.8217 | BG74: 2530.3959 | BH74: 2493.7931 | BI74: 2477.5833 | BJ74: 2557.5365 | BK74: 2306.5653 | BL74: 2421.1766 | BM74: 2523.2927 | BN74: 2724.5946 | BO74: 2803.2823 | BP74: 2751.3563 | BQ74: 2804.4904 | BR74: 2732.8955 | BS74: 2832.3905 | BT74: 2798.4217 | BU74: 2784.5192 | BV74: 2866.4849 | BW74: 2617.353 | BX74: 2733.8361 | BY74: 2838.1084 | BZ74: 3042.0829 | CA74: 3124.0893 | CB74: 3076.0817 | CC74: 3133.4786 | CD74: 3066.0543 | CE74: 3169.1063 | CF74: 3137.6127 | CG74: 3124.8247 | CH74: 3206.5522 | CI74: 2956.1856 | CJ74: 3071.0922 | CK74: 3174.2657 | CL74: 3378.6976 | CM74: 3463.7039 | CN74: 3421.3393 | CO74: 3487.6034 | CP74: 3431.7333 | CQ74: 3546.1247 | CR74: 3525.3746 | CS74: 3506.5585 | CT74: 3580.9061 | CU74: 3335.122 | CV74: 1 | CW74: ='conditional forecasts_6'!CW74 -> 1602
C75: Actual | CV75: 0 | CW75: ='conditional forecasts_6'!CW75 -> 0
A76: Ap1602 | B76: desl | C76: Forecast | D76: 1800.0846 | E76: 1776.1109 | F76: 1964.7694 | G76: 1793.934 | H76: 1896.3414 | I76: 1739.4257 | J76: 1700.2469 | K76: 1777.8044 | L76: 1616.0884 | M76: 1875.2089 | N76: 1964.9338 | O76: 1947.8614 | P76: 2051.4923 | Q76: 1866.3945 | R76: 2041.5202 | S76: 1842.6761 | T76: 1920.7048 | U76: 1746.7562 | V76: 1695.435 | W76: 1765.7093 | X76: 1607.0612 | Y76: 1878.3691 | Z76: 1985.8385 | AA76: 1987.2412 | AB76: 2104.8726 | AC76: 1927.4365 | AD76: 2104.6763 | AE76: 1904.9425 | AF76: 1981.9864 | AG76: 1809.0351 | AH76: 1761.4531 | AI76: 1837.8679 | AJ76: 1686.8458 | AK76: 1966.2971 | AL76: 2081.7372 | AM76: 2090.5951 | AN76: 2215.0622 | AO76: 2043.8451 | AP76: 2226.7228 | AQ76: 2032.1106 | AR76: 2113.8803 | AS76: 1945.4441 | AT76: 1902.3844 | AU76: 1983.52 | AV76: 1837.5235 | AW76: 2122.2987 | AX76: 2243.2567 | AY76: 2257.6713 | AZ76: 2387.5853 | BA76: 2221.6054 | BB76: 2409.4769 | BC76: 2219.6372 | BD76: 2306.0118 | BE76: 2142.0709 | BF76: 2103.4411 | BG76: 2188.965 | BH76: 2047.3233 | BI76: 2336.4217 | BJ76: 2461.6748 | BK76: 2480.367 | BL76: 2614.5567 | BM76: 2452.8664 | BN76: 2645.0488 | BO76: 2459.5334 | BP76: 2550.2156 | BQ76: 2390.5132 | BR76: 2355.9834 | BS76: 2445.395 | BT76: 2307.3709 | BU76: 2599.7988 | BV76: 2728.1384 | BW76: 2749.7925 | BX76: 2887.0021 | BY76: 2728.6 | BZ76: 2924.5179 | CA76: 2743.2619 | CB76: 2838.6456 | CC76: 2683.8284 | CD76: 2653.9713 | CE76: 2747.3996 | CF76: 2612.3763 | CG76: 2906.6189 | CH76: 3035.6941 | CI76: 3057.4086 | CJ76: 3194.5634 | CK76: 3036.7212 | CL76: 3234.8383 | CM76: 3057.4352 | CN76: 3159.2747 | CO76: 3013.4986 | CP76: 2992.4195 | CQ76: 3100.0933 | CR76: 2969.0105 | CS76: 3250.3312 | CT76: 3417.7548 | CU76: 3339.2035 | CV76: -1 | CW76: ='conditional forecasts_6'!CW76 -> 1602
C77: Actual | CV77: 0 | CW77: ='conditional forecasts_6'!CW77 -> 0
A78: To1701 | B78: adm | C78: Forecast | D78: 2620.2439 | E78: 2791.5429 | F78: 2987.5152 | G78: 2920.8623 | H78: 2835.9571 | I78: 2822.6044 | J78: 2693.956 | K78: 2679.8287 | L78: 2586.0363 | M78: 2420.8434 | N78: 2425.6076 | O78: 2221.3434 | P78: 2633.0259 | Q78: 2826.391 | R78: 3085.9106 | S78: 3011.193 | T78: 2916.892 | U78: 2882.811 | V78: 2730.524 | W78: 2712.3331 | X78: 2626.9071 | Y78: 2486.0471 | Z78: 2519.2934 | AA78: 2338.1358 | AB78: 2762.5661 | AC78: 2957.3823 | AD78: 3210.1046 | AE78: 3125.6294 | AF78: 3023.1434 | AG78: 2984.9983 | AH78: 2833.1806 | AI78: 2818.9491 | AJ78: 2739.4058 | AK78: 2604.9991 | AL78: 2644.3982 | AM78: 2468.6506 | AN78: 2897.5579 | AO78: 3095.8404 | AP78: 3351.0232 | AQ78: 3268.1359 | AR78: 3166.6581 | AS78: 3129.3528 | AT78: 2978.6293 | AU78: 2966.0546 | AV78: 2888.8376 | AW78: 2757.3244 | AX78: 2799.9368 | AY78: 2627.4331 | AZ78: 3059.3801 | BA78: 3260.3746 | BB78: 3517.9348 | BC78: 3437.1668 | BD78: 3337.6593 | BE78: 3302.2724 | BF78: 3153.4745 | BG78: 3142.8491 | BH78: 3067.5923 | BI78: 2938.0274 | BJ78: 2982.562 | BK78: 2811.9608 | BL78: 3245.8205 | BM78: 3448.7844 | BN78: 3708.4189 | BO78: 3629.8608 | BP78: 3532.6914 | BQ78: 3499.7098 | BR78: 3353.2673 | BS78: 3344.7882 | BT78: 3271.3032 | BU78: 3143.0163 | BV78: 3188.3197 | BW78: 3018.1112 | BX78: 3452.2759 | BY78: 3655.8566 | BZ78: 3916.8351 | CA78: 3840.6492 | CB78: 3746.9391 | CC78: 3718.2426 | CD78: 3576.3368 | CE78: 3571.8691 | CF78: 3501.0698 | CG78: 3373.518 | CH78: 3417.3164 | CI78: 3243.5545 | CJ78: 3672.8624 | CK78: 3871.4598 | CL78: 4129.16 | CM78: 4053.5139 | CN78: 3964.5189 | CO78: 3946.4835 | CP78: 3821.3657 | CQ78: 3832.6264 | CR78: 3779.9599 | CS78: 3646.8886 | CT78: 3668.7568 | CU78: 3556.1717 | CV78: 1 | CW78: ='conditional forecasts_6'!CW78 -> 1701
C79: Actual | CV79: 0 | CW79: ='conditional forecasts_6'!CW79 -> 0
A80: To1701 | B80: desl | C80: Forecast | D80: 2712.2904 | E80: 2664.4678 | F80: 2875.6197 | G80: 2816.9343 | H80: 2861.4811 | I80: 2597.3555 | J80: 2588.0962 | K80: 2722.5686 | L80: 2528.8944 | M80: 2904.7814 | N80: 3051.3482 | O80: 2950.3522 | P80: 2715.3081 | Q80: 2614.01 | R80: 2845.9662 | S80: 2790.3811 | T80: 2827.0855 | U80: 2574.7579 | V80: 2562.3304 | W80: 2702.3436 | X80: 2524.694 | Y80: 2924.4613 | Z80: 3096.8366 | AA80: 3016.2508 | AB80: 2791.1894 | AC80: 2689.8397 | AD80: 2915.6164 | AE80: 2852.803 | AF80: 2885.2399 | AG80: 2633.4243 | AH80: 2625.8973 | AI80: 2773.552 | AJ80: 2604.4103 | AK80: 3012.1696 | AL80: 3191.387 | AM80: 3116.4457 | AN80: 2896.04 | AO80: 2798.5862 | AP80: 3027.6747 | AQ80: 2967.7505 | AR80: 3002.8628 | AS80: 2753.7716 | AT80: 2749.2771 | AU80: 2900.4406 | AV80: 2735.3011 | AW80: 3147.4195 | AX80: 3331.1218 | AY80: 3260.552 | AZ80: 3044.2343 | BA80: 2950.5216 | BB80: 3183.0404 | BC80: 3126.332 | BD80: 3164.5534 | BE80: 2918.5479 | BF80: 2917.1583 | BG80: 3071.4527 | BH80: 2909.4575 | BI80: 3324.7196 | BJ80: 3511.5605 | BK80: 3444.1327 | BL80: 3230.9755 | BM80: 3140.4544 | BN80: 3376.1952 | BO80: 3322.7174 | BP80: 3364.1321 | BQ80: 3121.2151 | BR80: 3122.7306 | BS80: 3279.6741 | BT80: 3120.0308 | BU80: 3537.3646 | BV80: 3726.094 | BW80: 3660.5519 | BX80: 3449.5157 | BY80: 3361.5884 | BZ80: 3600.5496 | CA80: 3550.9034 | CB80: 3596.5278 | CC80: 3357.7636 | CD80: 3362.8367 | CE80: 3522.2503 | CF80: 3363.722 | CG80: 3780.8627 | CH80: 3968.5139 | CI80: 3901.7207 | CJ80: 3689.9383 | CK80: 3602.5654 | CL80: 3844.5051 | CM80: 3799.5846 | CN80: 3853.2382 | CO80: 3624.2165 | CP80: 3637.6494 | CQ80: 3814.1691 | CR80: 3647.8737 | CS80: 4046.066 | CT80: 4303.0538 | CU80: 4025.6513 | CV80: -1 | CW80: ='conditional forecasts_6'!CW80 -> 1701
C81: Actual | CV81: 0 | CW81: ='conditional forecasts_6'!CW81 -> 0
A82: To1702 | B82: adm | C82: Forecast | D82: 2445.8422 | E82: 2568.9681 | F82: 3047.7735 | G82: 3031.6941 | H82: 3013.5991 | I82: 3052.2379 | J82: 2885.4541 | K82: 2870.8139 | L82: 2705.867 | M82: 2469.9522 | N82: 2450.5358 | O82: 2093.3056 | P82: 2605.4016 | Q82: 2824.6884 | R82: 3258.2543 | S82: 3253.4957 | T82: 3204.3019 | U82: 3218.1271 | V82: 3018.0038 | W82: 2989.4355 | X82: 2823.6846 | Y82: 2609.5823 | Z82: 2621.6798 | AA82: 2296.6655 | AB82: 2832.5361 | AC82: 3062.9928 | AD82: 3495.713 | AE82: 3482.8392 | AF82: 3423.7125 | AG82: 3430.1524 | AH82: 3227.313 | AI82: 3200.7563 | AJ82: 3040.5184 | AK82: 2833.8542 | AL82: 2853.9583 | AM82: 2536.5968 | AN82: 3079.2242 | AO82: 3315.2451 | AP82: 3752.2129 | AQ82: 3742.3269 | AR82: 3685.1912 | AS82: 3693.0707 | AT82: 3491.6483 | AU82: 3466.9554 | AV82: 3309.3092 | AW82: 3105.9984 | AX82: 3130.0324 | AY82: 2816.868 | AZ82: 3363.6427 | BA82: 3603.5301 | BB82: 4043.9812 | BC82: 4037.2122 | BD82: 3982.9191 | BE82: 3993.48 | BF82: 3794.6699 | BG82: 3772.5712 | BH82: 3617.5144 | BI82: 3416.7795 | BJ82: 3443.3678 | BK82: 3132.7451 | BL82: 3682.0827 | BM82: 3924.6077 | BN82: 4367.8291 | BO82: 4364.0037 | BP82: 4312.825 | BQ82: 4326.6071 | BR82: 4130.9916 | BS82: 4111.8705 | BT82: 3959.3632 | BU82: 3760.5771 | BV82: 3788.4497 | BW82: 3478.5549 | BX82: 4028.3714 | BY82: 4271.6034 | BZ82: 4716.3075 | CA82: 4715.2023 | CB82: 4668.1816 | CC82: 4687.3616 | CD82: 4497.7505 | CE82: 4484.2709 | CF82: 4335.9518 | CG82: 4138.9753 | CH82: 4165.7639 | CI82: 3852.0118 | CJ82: 4396.0492 | CK82: 4632.9261 | CL82: 5072.7389 | CM82: 5071.0357 | CN82: 5028.3086 | CO82: 5059.023 | CP82: 4889.0074 | CQ82: 4895.0985 | CR82: 4775.3078 | CS82: 4581.5515 | CT82: 4576.6289 | CU82: 4344.9206 | CV82: 1 | CW82: ='conditional forecasts_6'!CW82 -> 1702
C83: Actual | CV83: 0 | CW83: ='conditional forecasts_6'!CW83 -> 0
A84: To1702 | B84: desl | C84: Forecast | D84: 2558.7529 | E84: 2483.3283 | F84: 2703.6583 | G84: 2654.8867 | H84: 2771.8875 | I84: 2607.3875 | J84: 2697.573 | K84: 2774.4595 | L84: 2644.7951 | M84: 2922.1987 | N84: 2923.1333 | O84: 2872.3192 | P84: 2668.9267 | Q84: 2657.1868 | R84: 2808.716 | S84: 2783.1262 | T84: 2866.6012 | U84: 2708.7498 | V84: 2786.7863 | W84: 2867.073 | X84: 2743.0003 | Y84: 3034.0183 | Z84: 3050.7687 | AA84: 3014.9129 | AB84: 2821.2464 | AC84: 2813.8406 | AD84: 2965.3795 | AE84: 2938.2108 | AF84: 3020.9395 | AG84: 2864.6786 | AH84: 2946.8452 | AI84: 3033.1649 | AJ84: 2916.0276 | AK84: 3214.0111 | AL84: 3237.2389 | AM84: 3207.2033 | AN84: 3018.7331 | AO84: 3016.0004 | AP84: 3171.7862 | AQ84: 3148.5321 | AR84: 3234.9611 | AS84: 3082.3381 | AT84: 3168.2399 | AU84: 3258.514 | AV84: 3145.5942 | AW84: 3448.012 | AX84: 3475.7775 | AY84: 3450.2463 | AZ84: 3266.1347 | BA84: 3267.5547 | BB84: 3427.2849 | BC84: 3407.8065 | BD84: 3497.8984 | BE84: 3348.8752 | BF84: 3438.3449 | BG84: 3532.1666 | BH84: 3422.7733 | BI84: 3728.6938 | BJ84: 3759.94 | BK84: 3737.8776 | BL84: 3557.237 | BM84: 3562.1426 | BN84: 3725.3755 | BO84: 3709.403 | BP84: 3802.9708 | BQ84: 3657.3429 | BR84: 3750.0668 | BS84: 3846.9453 | BT84: 3740.377 | BU84: 4048.8971 | BV84: 4082.5801 | BW84: 4062.9118 | BX84: 3884.7857 | BY84: 3892.4949 | BZ84: 4058.9419 | CA84: 4046.6118 | CB84: 4144.1258 | CC84: 4002.4803 | CD84: 4098.8618 | CE84: 4198.7031 | CF84: 4094.1483 | CG84: 4403.6712 | CH84: 4437.5633 | CI84: 4417.7758 | CJ84: 4239.7412 | CK84: 4248.421 | CL84: 4417.5875 | CM84: 4409.2753 | CN84: 4513.6963 | CO84: 4379.8738 | CP84: 4482.9498 | CQ84: 4596.3576 | CR84: 4487.9954 | CS84: 4788.5909 | CT84: 4878.922 | CU84: 4694.7321 | CV84: -1 | CW84: ='conditional forecasts_6'!CW84 -> 1702
C85: Actual | CV85: 0 | CW85: ='conditional forecasts_6'!CW85 -> 0
A86: Ma2101 | B86: adm | C86: Forecast | D86: 5897.796 | E86: 5751.1117 | F86: 6753.4178 | G86: 7063.0547 | H86: 7116.0164 | I86: 7352.3983 | J86: 6909.9017 | K86: 7190.0288 | L86: 6758.061 | M86: 6307.805 | N86: 6628.6181 | O86: 5484.1891 | P86: 6147.0886 | Q86: 6218.0366 | R86: 7271.5112 | S86: 7520.4535 | T86: 7502.6967 | U86: 7671.129 | V86: 7170.676 | W86: 7408.3188 | X86: 6967.7396 | Y86: 6550.6782 | Z86: 6934.2291 | AA86: 5866.5533 | AB86: 6602.3292 | AC86: 6727.2906 | AD86: 7810.8197 | AE86: 8069.6085 | AF86: 8050.0339 | AG86: 8214.5603 | AH86: 7715.4602 | AI86: 7963.3036 | AJ86: 7541.9242 | AK86: 7150.9837 | AL86: 7564.6244 | AM86: 6528.2246 | AN86: 7294.3287 | AO86: 7447.2573 | AP86: 8555.6435 | AQ86: 8836.035 | AR86: 8835.2116 | AS86: 9016.4879 | AT86: 8533.2446 | AU86: 8797.1552 | AV86: 8392.8876 | AW86: 8020.4917 | AX86: 8454.0187 | AY86: 7438.3855 | AZ86: 8225.5031 | BA86: 8399.0936 | BB86: 9527.3741 | BC86: 9826.7151 | BD86: 9843.929 | BE86: 10042.493 | BF86: 9575.9939 | BG86: 9856.2848 | BH86: 9468.1631 | BI86: 9111.7609 | BJ86: 9561.1883 | BK86: 8561.4235 | BL86: 9364.4534 | BM86: 9554.0839 | BN86: 10698.599 | BO86: 11014.384 | BP86: 11048.178 | BQ86: 11263.272 | BR86: 10812.953 | BS86: 11108.701 | BT86: 10734.942 | BU86: 10391.544 | BV86: 10852.593 | BW86: 9863.3821 | BX86: 10676.584 | BY86: 10876.977 | BZ86: 12033.896 | CA86: 12364.536 | CB86: 12415.861 | CC86: 12650.565 | CD86: 12220.48 | CE86: 12535.032 | CF86: 12176.48 | CG86: 11843.034 | CH86: 12308.123 | CI86: 11317.826 | CJ86: 12126.978 | CK86: 12323.317 | CL86: 13480.441 | CM86: 13820.268 | CN86: 13890.143 | CO86: 14157.303 | CP86: 13771.937 | CQ86: 14133.661 | CR86: 13834.985 | CS86: 13496.901 | CT86: 13944.612 | CU86: 13057.234 | CV86: 1 | CW86: ='conditional forecasts_6'!CW86 -> 2101
C87: Actual | CV87: 0 | CW87: ='conditional forecasts_6'!CW87 -> 0
A88: Ma2101 | B88: desl | C88: Forecast | D88: 8052.9356 | E88: 7636.1009 | F88: 8271.6431 | G88: 7802.4196 | H88: 7935.5997 | I88: 7357.307 | J88: 7017.0525 | K88: 7186.5464 | L88: 6450.7417 | M88: 7219.2741 | N88: 7663.3275 | O88: 7711.4414 | P88: 8049.9936 | Q88: 7701.2403 | R88: 8223.287 | S88: 7724.3961 | T88: 7770.6657 | U88: 7158.2351 | V88: 6753.1739 | W88: 6899.8269 | X88: 6170.4293 | Y88: 6980.4734 | Z88: 7487.4442 | AA88: 7605.3298 | AB88: 8003.316 | AC88: 7696.1925 | AD88: 8242.1167 | AE88: 7755.5225 | AF88: 7810.4662 | AG88: 7209.8753 | AH88: 6823.3285 | AI88: 6995.6744 | AJ88: 6297.6308 | AK88: 7142.4233 | AL88: 7685.4574 | AM88: 7839.2017 | AN88: 8271.8148 | AO88: 7997.412 | AP88: 8573.7683 | AQ88: 8115.2666 | AR88: 8196.2954 | AS88: 7620.4594 | AT88: 7258.1938 | AU88: 7455.1443 | AV88: 6782.548 | AW88: 7653.7608 | AX88: 8223.9571 | AY88: 8405.1502 | AZ88: 8864.9997 | BA88: 8617.2275 | BB88: 9219.3984 | BC88: 8785.8655 | BD88: 8891.1125 | BE88: 8338.89 | BF88: 7999.7708 | BG88: 8219.5006 | BH88: 7569.3805 | BI88: 8462.8131 | BJ88: 9055.0237 | BK88: 9258.0941 | BL88: 9739.7667 | BM88: 9513.8422 | BN88: 10137.932 | BO88: 9726.3717 | BP88: 9853.539 | BQ88: 9322.9804 | BR88: 9004.9824 | BS88: 9244.9697 | BT88: 8613.9656 | BU88: 9525.2392 | BV88: 10134.126 | BW88: 10353.123 | BX88: 10850.675 | BY88: 10641.452 | BZ88: 11283.878 | CA88: 10892.755 | CB88: 11042.325 | CC88: 10535.275 | CD88: 10240.395 | CE88: 10501.286 | CF88: 9887.3289 | CG88: 10810.779 | CH88: 11427.038 | CI88: 11649.91 | CJ88: 12149.927 | CK88: 11944.591 | CL88: 12596.904 | CM88: 12222.119 | CN88: 12398.967 | CO88: 11929.737 | CP88: 11674.336 | CQ88: 11995.874 | CR88: 11410.666 | CS88: 12291.465 | CT88: 13083.469 | CU88: 12911.438 | CV88: -1 | CW88: ='conditional forecasts_6'!CW88 -> 2101
C89: Actual | CV89: 0 | CW89: ='conditional forecasts_6'!CW89 -> 0
A90: Ma2102 | B90: adm | C90: Forecast | D90: 2356.9122 | E90: 2400.8975 | F90: 2739.6879 | G90: 2796.1702 | H90: 2757.101 | I90: 2902.9663 | J90: 2748.4574 | K90: 2851.7159 | L90: 2784.9496 | M90: 2537.0277 | N90: 2664.0013 | O90: 2266.4933 | P90: 2654.1914 | Q90: 2687.4048 | R90: 2990.0986 | S90: 2999.4514 | T90: 2919.3032 | U90: 3027.3828 | V90: 2849.6955 | W90: 2938.5861 | X90: 2870.3572 | Y90: 2632.7988 | Z90: 2774.4145 | AA90: 2390.483 | AB90: 2787.1709 | AC90: 2823.0953 | AD90: 3123.6278 | AE90: 3128.9327 | AF90: 3045.669 | AG90: 3153.3433 | AH90: 2978.4369 | AI90: 3072.7241 | AJ90: 3011.4813 | AK90: 2781.5046 | AL90: 2930.5774 | AM90: 2553.5788 | AN90: 2956.5146 | AO90: 2997.9691 | AP90: 3303.3568 | AQ90: 3312.9585 | AR90: 3233.627 | AS90: 3345.1188 | AT90: 3174.1662 | AU90: 3272.7275 | AV90: 3216.1462 | AW90: 2991.1603 | AX90: 3145.4034 | AY90: 2773.5733 | AZ90: 3181.5217 | BA90: 3227.7448 | BB90: 3537.644 | BC90: 3551.5431 | BD90: 3476.3647 | BE90: 3591.9316 | BF90: 3425.0205 | BG90: 3527.6066 | BH90: 3475.0295 | BI90: 3254.0145 | BJ90: 3412.186 | BK90: 3044.2439 | BL90: 3456.0556 | BM90: 3506.1419 | BN90: 3819.929 | BO90: 3837.7541 | BP90: 3766.531 | BQ90: 3886.0444 | BR90: 3723.0028 | BS90: 3829.2931 | BT90: 3780.1655 | BU90: 3562.2837 | BV90: 3723.2694 | BW90: 3357.9034 | BX90: 3772.2216 | BY90: 3824.9782 | BZ90: 4141.8424 | CA90: 4163.3279 | CB90: 4096.3784 | CC90: 4220.6106 | CD90: 4062.3696 | CE90: 4173.0568 | CF90: 4127.4316 | CG90: 3911.8076 | CH90: 4073.6905 | CI90: 3708.0804 | CJ90: 4121.5705 | CK90: 4173.6022 | CL90: 4490.767 | CM90: 4515.0549 | CN90: 4452.7245 | CO90: 4584.8842 | CP90: 4438.4612 | CQ90: 4558.5953 | CR90: 4529.4799 | CS90: 4314.4983 | CT90: 4438.7582 | CU90: 4184.1834 | CV90: 1 | CW90: ='conditional forecasts_6'!CW90 -> 2102
C91: Actual | CV91: 0 | CW91: ='conditional forecasts_6'!CW91 -> 0
A92: Ma2102 | B92: desl | C92: Forecast | D92: 2992.4332 | E92: 2800.8835 | F92: 3062.1394 | G92: 2950.6636 | H92: 3044.6602 | I92: 2890.5022 | J92: 2777.8236 | K92: 2828.3172 | L92: 2609.9546 | M92: 2871.3229 | N92: 3038.0374 | O92: 3096.3891 | P92: 3239.1655 | Q92: 3065.5711 | R92: 3199.7455 | S92: 3044.0567 | T92: 3077.8909 | U92: 2888.4227 | V92: 2737.4935 | W92: 2768.9197 | X92: 2543.1105 | Y92: 2810.2316 | Z92: 2989.7999 | AA92: 3063.7321 | AB92: 3219.1877 | AC92: 3053.2772 | AD92: 3190.2913 | AE92: 3034.498 | AF92: 3067.661 | AG92: 2878.9985 | AH92: 2731.3812 | AI92: 2768.7358 | AJ92: 2550.9373 | AK92: 2827.3517 | AL92: 3016.73 | AM92: 3100.4038 | AN92: 3265.1361 | AO92: 3107.8036 | AP92: 3252.606 | AQ92: 3103.8545 | AR92: 3143.4799 | AS92: 2960.957 | AT92: 2819.4405 | AU92: 2863.0957 | AV92: 2651.9329 | AW92: 2935.3275 | AX92: 3131.9322 | AY92: 3222.9199 | AZ92: 3394.8908 | BA92: 3244.6 | BB92: 3396.1869 | BC92: 3253.9612 | BD92: 3299.8908 | BE92: 3123.5026 | BF92: 2987.9983 | BG92: 3037.5765 | BH92: 2832.2672 | BI92: 3121.4583 | BJ92: 3323.8153 | BK92: 3420.53 | BL92: 3598.2266 | BM92: 3453.684 | BN92: 3611.0562 | BO92: 3474.6473 | BP92: 3526.3915 | BQ92: 3355.75 | BR92: 3225.832 | BS92: 3280.7317 | BT92: 3080.389 | BU92: 3374.1493 | BV92: 3580.7164 | BW92: 3681.4205 | BX92: 3863.1189 | BY92: 3722.8766 | BZ92: 3885.1108 | CA92: 3754.2712 | CB92: 3812.2354 | CC92: 3648.1688 | CD92: 3524.6813 | CE92: 3585.2729 | CF92: 3389.3599 | CG92: 3685.9834 | CH92: 3893.8887 | CI92: 3994.8542 | CJ92: 4176.4012 | CK92: 4036.562 | CL92: 4201.1041 | CM92: 4074.8099 | CN92: 4140.6953 | CO92: 3988.268 | CP92: 3876.8531 | CQ92: 3956.9447 | CR92: 3766.3211 | CS92: 4054.231 | CT92: 4308.8415 | CU92: 4289.7261 | CV92: -1 | CW92: ='conditional forecasts_6'!CW92 -> 2102
C93: Actual | CV93: 0 | CW93: ='conditional forecasts_6'!CW93 -> 0
A94: Ma2103 | B94: adm | C94: Forecast | D94: 578.16798 | E94: 551.77834 | F94: 639.95225 | G94: 636.42254 | H94: 624.52021 | I94: 641.78285 | J94: 599.28978 | K94: 644.52828 | L94: 610.93619 | M94: 574.04904 | N94: 616.00675 | O94: 500.38119 | P94: 585.09504 | Q94: 581.49537 | R94: 676.52338 | S94: 670.78393 | T94: 652.85326 | U94: 665.67813 | V94: 618.72545 | W94: 662.67405 | X94: 631.2799 | Y94: 600.26688 | Z94: 649.08034 | AA94: 539.38793 | AB94: 627.75173 | AC94: 625.18724 | AD94: 719.37753 | AE94: 712.20673 | AF94: 693.3542 | AG94: 706.38594 | AH94: 660.82979 | AI94: 707.04065 | AJ94: 678.32264 | AK94: 650.02038 | AL94: 701.35472 | AM94: 593.9127 | AN94: 684.25861 | AO94: 683.43691 | AP94: 779.16392 | AQ94: 773.36609 | AR94: 755.78443 | AS94: 770.06506 | AT94: 725.81757 | AU94: 773.45568 | AV94: 746.30085 | AW94: 719.67063 | AX94: 772.72781 | AY94: 666.9931 | AZ94: 758.97823 | BA94: 759.70177 | BB94: 856.88184 | BC94: 852.46598 | BD94: 836.22317 | BE94: 851.82361 | BF94: 808.89102 | BG94: 857.84285 | BH94: 831.99737 | BI94: 806.66682 | BJ94: 861.01077 | BK94: 756.55107 | BL94: 849.80479 | BM94: 851.79817 | BN94: 950.25606 | BO94: 947.12819 | BP94: 932.17797 | BQ94: 949.06044 | BR94: 907.37524 | BS94: 957.51069 | BT94: 932.75835 | BU94: 908.41624 | BV94: 963.65227 | BW94: 860.0254 | BX94: 954.11679 | BY94: 957.03156 | BZ94: 1056.5669 | CA94: 1054.7121 | CB94: 1041.2147 | CC94: 1059.6495 | CD94: 1019.4826 | CE94: 1070.9461 | CF94: 1047.1939 | CG94: 1023.4433 | CH94: 1078.8615 | CI94: 975.10763 | CJ94: 1068.9577 | CK94: 1071.7485 | CL94: 1171.6306 | CM94: 1170.9103 | CN94: 1159.331 | CO94: 1180.7892 | CP94: 1144.4751 | CQ94: 1199.6569 | CR94: 1180.1163 | CS94: 1153.426 | CT94: 1207.0354 | CU94: 1116.6331 | CV94: 1 | CW94: ='conditional forecasts_6'!CW94 -> 2103
C95: Actual | CV95: 0 | CW95: ='conditional forecasts_6'!CW95 -> 0
A96: Ma2103 | B96: desl | C96: Forecast | D96: 727.86195 | E96: 704.99036 | F96: 747.60924 | G96: 709.6851 | H96: 696.39017 | I96: 668.71441 | J96: 625.1416 | K96: 637.33499 | L96: 596.14358 | M96: 619.13996 | N96: 683.5106 | O96: 669.53501 | P96: 737.4931 | Q96: 709.69101 | R96: 745.03525 | S96: 699.58936 | T96: 680.62568 | U96: 648.86528 | V96: 602.8302 | W96: 613.61852 | X96: 573.53418 | Y96: 599.95965 | Z96: 669.03246 | AA96: 659.81789 | AB96: 731.47201 | AC96: 705.74606 | AD96: 741.82995 | AE96: 696.53602 | AF96: 677.92979 | AG96: 647.26909 | AH96: 603.22628 | AI96: 616.72432 | AJ96: 579.73819 | AK96: 609.32879 | AL96: 681.41832 | AM96: 674.98436 | AN96: 749.18557 | AO96: 725.81418 | AP96: 764.10573 | AQ96: 720.91323 | AR96: 704.34222 | AS96: 675.69492 | AT96: 633.68894 | AU96: 649.28257 | AV96: 614.46462 | AW96: 646.28356 | AX96: 720.62776 | AY96: 716.43215 | AZ96: 792.81837 | BA96: 771.55744 | BB96: 811.88234 | BC96: 770.65796 | BD96: 756.00829 | BE96: 729.25259 | BF96: 689.1193 | BG96: 706.57043 | BH96: 673.59365 | BI96: 707.23505 | BJ96: 783.38247 | BK96: 780.97361 | BL96: 859.13554 | BM96: 839.64521 | BN96: 881.73925 | BO96: 842.28121 | BP96: 829.3871 | BQ96: 804.36134 | BR96: 765.91237 | BS96: 784.98073 | BT96: 753.53685 | BU96: 788.6208 | BV96: 866.13241 | BW96: 865.04308 | BX96: 944.53327 | BY96: 926.44303 | BZ96: 970.06407 | CA96: 932.28517 | CB96: 921.19877 | CC96: 898.03021 | CD96: 861.36511 | CE96: 882.00773 | CF96: 851.82074 | CG96: 887.80164 | CH96: 965.8956 | CI96: 965.20779 | CJ96: 1045.0974 | CK96: 1027.6035 | CL96: 1072.2702 | CM96: 1036.0685 | CN96: 1027.1199 | CO96: 1006.7577 | CP96: 973.33195 | CQ96: 997.9385 | CR96: 970.28579 | CS96: 1004.5152 | CT96: 1086.7847 | CU96: 1076.0807 | CV96: -1 | CW96: ='conditional forecasts_6'!CW96 -> 2103
C97: Actual | CV97: 0 | CW97: ='conditional forecasts_6'!CW97 -> 0
A98: Ma2104 | B98: adm | C98: Forecast | D98: 792.88652 | E98: 895.78893 | F98: 1071.1313 | G98: 1038.7865 | H98: 1009.3274 | I98: 998.20797 | J98: 928.63903 | K98: 971.1926 | L98: 905.66578 | M98: 800.85103 | N98: 860.4444 | O98: 596.80089 | P98: 787.67598 | Q98: 823.45529 | R98: 1101.2118 | S98: 1068.6649 | T98: 1051.5362 | U98: 1023.5919 | V98: 952.20395 | W98: 989.53818 | X98: 929.68118 | Y98: 836.40809 | Z98: 910.72519 | AA98: 659.10309 | AB98: 857.02625 | AC98: 893.87334 | AD98: 1168.6459 | AE98: 1131.6934 | AF98: 1111.1178 | AG98: 1081.8621 | AH98: 1011.3634 | AI98: 1051.0935 | AJ98: 994.28519 | AK98: 904.05751 | AL98: 981.0872 | AM98: 731.76545 | AN98: 931.60302 | AO98: 970.00045 | AP98: 1245.9609 | AQ98: 1209.8572 | AR98: 1189.8796 | AS98: 1161.1278 | AT98: 1091.2207 | AU98: 1131.7754 | AV98: 1076.0837 | AW98: 987.22597 | AX98: 1065.7687 | AY98: 817.9703 | AZ98: 1019.2331 | BA98: 1058.9014 | BB98: 1335.9768 | BC98: 1300.8687 | BD98: 1281.8173 | BE98: 1253.9654 | BF98: 1184.9579 | BG98: 1226.4207 | BH98: 1171.6443 | BI98: 1083.706 | BJ98: 1163.1738 | BK98: 916.3138 | BL98: 1118.5402 | BM98: 1159.2081 | BN98: 1437.3235 | BO98: 1403.2877 | BP98: 1385.3182 | BQ98: 1358.5196 | BR98: 1290.4884 | BS98: 1332.8001 | BT98: 1278.7069 | BU98: 1191.2767 | BV98: 1271.1126 | BW98: 1024.5683 | BX98: 1227.1902 | BY98: 1268.485 | BZ98: 1547.5842 | CA98: 1514.9384 | CB98: 1498.6934 | CC98: 1473.7504 | CD98: 1407.4013 | CE98: 1450.8949 | CF98: 1397.2303 | CG98: 1309.3927 | CH98: 1388.1029 | CI98: 1140.0618 | CJ98: 1341.2951 | CK98: 1381.7926 | CL98: 1661.1703 | CM98: 1630.561 | CN98: 1617.607 | CO98: 1597.8928 | CP98: 1537.2246 | CQ98: 1586.2758 | CR98: 1539.4039 | CS98: 1447.895 | CT98: 1509.0328 | CU98: 1296.207 | CV98: 1 | CW98: ='conditional forecasts_6'!CW98 -> 2104
C99: Actual | CV99: 0 | CW99: ='conditional forecasts_6'!CW99 -> 0
A100: Ma2104 | B100: desl | C100: Forecast | D100: 976.62687 | E100: 579.19675 | F100: 715.97484 | G100: 624.39202 | H100: 862.69233 | I100: 863.17003 | J100: 934.20353 | K100: 969.40213 | L100: 946.02834 | M100: 1082.1597 | N100: 969.23294 | O100: 1022.5696 | P100: 1024.9146 | Q100: 746.61184 | R100: 764.71392 | S100: 696.07486 | T100: 912.68008 | U100: 926.47324 | V100: 985.46137 | W100: 1020.4601 | X100: 988.1722 | Y100: 1117.1311 | Z100: 996.51039 | AA100: 1046.6382 | AB100: 1049.4053 | AC100: 775.06311 | AD100: 798.55798 | AE100: 735.03516 | AF100: 955.20708 | AG100: 970.84745 | AH100: 1030.3691 | AI100: 1065.3227 | AJ100: 1033.0338 | AK100: 1162.4041 | AL100: 1042.7052 | AM100: 1094.1983 | AN100: 1098.649 | AO100: 826.20331 | AP100: 851.73029 | AQ100: 790.30256 | AR100: 1012.5466 | AS100: 1030.1439 | AT100: 1091.4339 | AU100: 1127.94 | AV100: 1097.0169 | AW100: 1227.6402 | AX100: 1109.1721 | AY100: 1161.9499 | AZ100: 1167.7792 | BA100: 896.80541 | BB100: 923.86654 | BC100: 863.99177 | BD100: 1087.7687 | BE100: 1106.8549 | BF100: 1169.5825 | BG100: 1207.48 | BH100: 1177.912 | BI100: 1309.8624 | BJ100: 1192.6967 | BK100: 1246.7503 | BL100: 1253.8245 | BM100: 984.06105 | BN100: 1012.299 | BO100: 953.57497 | BP100: 1178.4912 | BQ100: 1198.7253 | BR100: 1262.6315 | BS100: 1301.7568 | BT100: 1273.4739 | BU100: 1406.7573 | BV100: 1290.9395 | BW100: 1346.3001 | BX100: 1354.5703 | BY100: 1085.8255 | BZ100: 1114.8664 | CA100: 1056.7449 | CB100: 1282.1465 | CC100: 1302.893 | CD100: 1367.5104 | CE100: 1407.6892 | CF100: 1380.8659 | CG100: 1515.9633 | CH100: 1402.1545 | CI100: 1459.465 | CJ100: 1469.3851 | CK100: 1201.7584 | CL100: 1231.2375 | CM100: 1172.7021 | CN100: 1397.2944 | CO100: 1416.6288 | CP100: 1479.8892 | CQ100: 1518.0109 | CR100: 1493.452 | CS100: 1630.4826 | CT100: 1527.7127 | CU100: 1573.7158 | CV100: -1 | CW100: ='conditional forecasts_6'!CW100 -> 2104
...

Sheet conditional forecasts_2
A1: GVAR Conditional Forecasts
A2: Last in-sample estimation date: | B2: 2016M12
A3: Last forecast date: | B3: 2024M12
D4: =DATE(LEFT(D5,4),SUBSTITUTE(RIGHT(D5,2),"M",""),1) -> 42736 | E4: =DATE(LEFT(E5,4),SUBSTITUTE(RIGHT(E5,2),"M",""),1) -> 42767 | F4: =DATE(LEFT(F5,4),SUBSTITUTE(RIGHT(F5,2),"M",""),1) -> 42795 | G4: =DATE(LEFT(G5,4),SUBSTITUTE(RIGHT(G5,2),"M",""),1) -> 42826 | H4: =DATE(LEFT(H5,4),SUBSTITUTE(RIGHT(H5,2),"M",""),1) -> 42856 | I4: =DATE(LEFT(I5,4),SUBSTITUTE(RIGHT(I5,2),"M",""),1) -> 42887 | J4: =DATE(LEFT(J5,4),SUBSTITUTE(RIGHT(J5,2),"M",""),1) -> 42917 | K4: =DATE(LEFT(K5,4),SUBSTITUTE(RIGHT(K5,2),"M",""),1) -> 42948 | ... CU4: =DATE(LEFT(CU5,4),SUBSTITUTE(RIGHT(CU5,2),"M",""),1) -> 45627
D5: 2017M1 | E5: 2017M2 | F5: 2017M3 | G5: 2017M4 | H5: 2017M5 | I5: 2017M6 | J5: 2017M7 | K5: 2017M8 | L5: 2017M9 | M5: 2017M10 | N5: 2017M11 | O5: 2017M12 | P5: 2018M1 | Q5: 2018M2 | R5: 2018M3 | S5: 2018M4 | T5: 2018M5 | U5: 2018M6 | V5: 2018M7 | W5: 2018M8 | X5: 2018M9 | Y5: 2018M10 | Z5: 2018M11 | AA5: 2018M12 | AB5: 2019M1 | AC5: 2019M2 | AD5: 2019M3 | AE5: 2019M4 | AF5: 2019M5 | AG5: 2019M6 | AH5: 2019M7 | AI5: 2019M8 | AJ5: 2019M9 | AK5: 2019M10 | AL5: 2019M11 | AM5: 2019M12 | AN5: 2020M1 | AO5: 2020M2 | AP5: 2020M3 | AQ5: 2020M4 | AR5: 2020M5 | AS5: 2020M6 | AT5: 2020M7 | AU5: 2020M8 | AV5: 2020M9 | AW5: 2020M10 | AX5: 2020M11 | AY5: 2020M12 | AZ5: 2021M1 | BA5: 2021M2 | BB5: 2021M3 | BC5: 2021M4 | BD5: 2021M5 | BE5: 2021M6 | BF5: 2021M7 | BG5: 2021M8 | BH5: 2021M9 | BI5: 2021M10 | BJ5: 2021M11 | BK5: 2021M12 | BL5: 2022M1 | BM5: 2022M2 | BN5: 2022M3 | BO5: 2022M4 | BP5: 2022M5 | BQ5: 2022M6 | BR5: 2022M7 | BS5: 2022M8 | BT5: 2022M9 | BU5: 2022M10 | BV5: 2022M11 | BW5: 2022M12 | BX5: 2023M1 | BY5: 2023M2 | BZ5: 2023M3 | CA5: 2023M4 | CB5: 2023M5 | CC5: 2023M6 | CD5: 2023M7 | CE5: 2023M8 | CF5: 2023M9 | CG5: 2023M10 | CH5: 2023M11 | CI5: 2023M12 | CJ5: 2024M1 | CK5: 2024M2 | CL5: 2024M3 | CM5: 2024M4 | CN5: 2024M5 | CO5: 2024M6 | CP5: 2024M7 | CQ5: 2024M8 | CR5: 2024M9 | CS5: 2024M10 | CT5: 2024M11 | CU5: 2024M12 | CV5: Serie | CW5: Regiao
A6: Ro1101 | B6: adm | C6: Forecast | D6: 2676.3648 | E6: 2964.5534 | F6: 3572.8276 | G6: 3648.0507 | H6: 3760.4799 | I6: 3947.8826 | J6: 3840.793 | K6: 3823.553 | L6: 3584.9348 | M6: 3142.7219 | N6: 2783.5374 | O6: 2122.9387 | P6: 2633.4338 | Q6: 2962.8626 | R6: 3650.2118 | S6: 3768.5074 | T6: 3906.9258 | U6: 4073.6299 | V6: 3928.078 | W6: 3867.4508 | X6: 3594.9023 | Y6: 3144.0013 | Z6: 2800.4292 | AA6: 2171.4075 | AB6: 2718.6118 | AC6: 3079.2512 | AD6: 3786.1496 | AE6: 3911.6965 | AF6: 4048.2573 | AG6: 4208.6831 | AH6: 4056.6626 | AI6: 3992.068 | AJ6: 3719.1401 | AK6: 3271.4223 | AL6: 2933.9911 | AM6: 2313.2484 | AN6: 2869.9937 | AO6: 3240.5397 | AP6: 3956.8454 | AQ6: 4090.5969 | AR6: 4233.7716 | AS6: 4399.2427 | AT6: 4251.1052 | AU6: 4189.8724 | AV6: 3920.4479 | AW6: 3476.8679 | AX6: 3144.424 | AY6: 2529.4564 | AZ6: 3092.5106 | BA6: 3469.5744 | BB6: 4192.3197 | BC6: 4332.2471 | BD6: 4481.263 | BE6: 4652.258 | BF6: 4509.3901 | BG6: 4453.241 | BH6: 4188.7637 | BI6: 3750.0181 | BJ6: 3422.3034 | BK6: 2811.9687 | BL6: 3379.5884 | BM6: 3761.2112 | BN6: 4488.6021 | BO6: 4633.3717 | BP6: 4787.5219 | BQ6: 4963.985 | BR6: 4826.8657 | BS6: 4776.574 | BT6: 4517.7777 | BU6: 4084.1852 | BV6: 3760.7662 | BW6: 3153.6745 | BX6: 3723.529 | BY6: 4106.7235 | BZ6: 4835.6515 | CA6: 4982.7241 | CB6: 5140.7187 | CC6: 5323.0794 | CD6: 5193.9497 | CE6: 5153.1919 | CF6: 4904.3639 | CG6: 4479.6666 | CH6: 4162.3898 | CI6: 3557.3323 | CJ6: 4124.4932 | CK6: 4500.2215 | CL6: 5219.0646 | CM6: 5357.3148 | CN6: 5509.5432 | CO6: 5696.8891 | CP6: 5582.0116 | CQ6: 5562.7862 | CR6: 5367.3513 | CS6: 4922.5367 | CT6: 4630.2953 | CU6: 4244.651 | CV6: 1 | CW6: ='conditional forecasts_6'!CW6 -> 1101
C7: Actual | CV7: 0 | CW7: ='conditional forecasts_6'!CW7 -> 0
A8: Ro1101 | B8: desl | C8: Forecast | D8: 3136.9255 | E8: 3130.3666 | F8: 3409.2497 | G8: 3454.8559 | H8: 3726.9079 | I8: 3640.7611 | J8: 3775.7262 | K8: 3787.9287 | L8: 3639.7054 | M8: 3756.8446 | N8: 3620.8313 | O8: 3465.7112 | P8: 3305.1054 | Q8: 3220.1394 | R8: 3497.7993 | S8: 3505.2347 | T8: 3772.8647 | U8: 3664.4731 | V8: 3770.2057 | W8: 3746.8169 | X8: 3567.6679 | Y8: 3667.1045 | Z8: 3530.8568 | AA8: 3390.8796 | AB8: 3254.525 | AC8: 3195.4944 | AD8: 3494.965 | AE8: 3517.2107 | AF8: 3792.8494 | AG8: 3687.798 | AH8: 3794.9053 | AI8: 3773.1805 | AJ8: 3597.3327 | AK8: 3702.1979 | AL8: 3573.4396 | AM8: 3442.661 | AN8: 3316.7332 | AO8: 3268.8075 | AP8: 3579.4785 | AQ8: 3612.4693 | AR8: 3897.9808 | AS8: 3801.7408 | AT8: 3916.6751 | AU8: 3902.0932 | AV8: 3733.117 | AW8: 3844.9746 | AX8: 3723.594 | AY8: 3600.6678 | AZ8: 3482.9978 | BA8: 3443.5661 | BB8: 3762.7712 | BC8: 3804.1723 | BD8: 4097.8688 | BE8: 4009.552 | BF8: 4132.1592 | BG8: 4125.036 | BH8: 3963.3441 | BI8: 4082.344 | BJ8: 3967.9865 | BK8: 3851.9822 | BL8: 3741.1539 | BM8: 3708.5146 | BN8: 4034.5064 | BO8: 4082.7406 | BP8: 4383.3656 | BQ8: 4302.1006 | BR8: 4431.8693 | BS8: 4431.9463 | BT8: 4277.3608 | BU8: 4403.1956 | BV8: 4295.2163 | BW8: 4184.9976 | BX8: 4079.3359 | BY8: 4051.3725 | BZ8: 4381.8405 | CA8: 4434.7622 | CB8: 4740.7248 | CC8: 4665.7904 | CD8: 4803.0031 | CE8: 4811.4489 | CF8: 4665.6465 | CG8: 4799.9081 | CH8: 4699.1478 | CI8: 4594.1515 | CJ8: 4491.1286 | CK8: 4463.3354 | CL8: 4792.0222 | CM8: 4842.405 | CN8: 5148.0436 | CO8: 5074.7652 | CP8: 5221.1669 | CQ8: 5248.9514 | CR8: 5110.0729 | CS8: 5286.3391 | CT8: 5212.6903 | CU8: 5009.5741 | CV8: -1 | CW8: ='conditional forecasts_6'!CW8 -> 1101
C9: Actual | CV9: 0 | CW9: ='conditional forecasts_6'!CW9 -> 0
A10: Ro1102 | B10: adm | C10: Forecast | D10: 4444.1608 | E10: 4954.2669 | F10: 5736.8289 | G10: 5674.8826 | H10: 5626.4619 | I10: 5636.3051 | J10: 5278.3639 | K10: 5213.9886 | L10: 4922.4661 | M10: 4567.1123 | N10: 4559.1628 | O10: 4063.8248 | P10: 4871.5381 | Q10: 5137.7427 | R10: 5830.71 | S10: 5727.4867 | T10: 5631.0406 | U10: 5574.7585 | V10: 5161.4611 | W10: 5054.8824 | X10: 4746.6291 | Y10: 4408.4984 | Z10: 4441.1819 | AA10: 3994.0202 | AB10: 4842.4983 | AC10: 5131.9612 | AD10: 5829.1298 | AE10: 5716.5972 | AF10: 5605.6649 | AG10: 5537.0908 | AH10: 5117.9615 | AI10: 5012.8523 | AJ10: 4711.8751 | AK10: 4384.4656 | AL10: 4429.1594 | AM10: 3993.8156 | AN10: 4853.07 | AO10: 5151.7975 | AP10: 5856.4556 | AQ10: 5749.5778 | AR10: 5642.6835 | AS10: 5577.0562 | AT10: 5160.5213 | AU10: 5058.4053 | AV10: 4761.3645 | AW10: 4439.0298 | AX10: 4489.7737 | AY10: 4061.0456 | AZ10: 4926.9983 | BA10: 5232.1105 | BB10: 5942.6231 | BC10: 5841.0413 | BD10: 5738.9912 | BE10: 5677.9169 | BF10: 5265.7886 | BG10: 5168.0229 | BH10: 4875.3077 | BI10: 4557.2684 | BJ10: 4612.2659 | BK10: 4187.7584 | BL10: 5057.9419 | BM10: 5367.3696 | BN10: 6082.3721 | BO10: 5985.5296 | BP10: 5888.4946 | BQ10: 5832.6536 | BR10: 5425.8128 | BS10: 5333.1195 | BT10: 5044.9262 | BU10: 4730.5396 | BV10: 4788.1353 | BW10: 4365.24 | BX10: 5236.4457 | BY10: 5547.0115 | BZ10: 6264.1437 | CA10: 6171.2214 | CB10: 6080.3228 | CC10: 6032.6512 | CD10: 5635.1511 | CE10: 5551.5886 | CF10: 5270.7491 | CG10: 4960.5772 | CH10: 5018.3765 | CI10: 4591.6207 | CJ10: 5455.6622 | CK10: 5757.0095 | CL10: 6465.8369 | CM10: 6369.0959 | CN10: 6279.8406 | CO10: 6246.6592 | CP10: 5875.0332 | CQ10: 5827.8254 | CR10: 5603.0412 | CS10: 5261.872 | CT10: 5324.8263 | CU10: 5056.4281 | CV10: 1 | CW10: ='conditional forecasts_6'!CW10 -> 1102
C11: Actual | CV11: 0 | CW11: ='conditional forecasts_6'!CW11 -> 0
A12: Ro1102 | B12: desl | C12: Forecast | D12: 5027.9726 | E12: 5010.0506 | F12: 5545.1568 | G12: 5200.5091 | H12: 5435.7517 | I12: 4959.8972 | J12: 4995.6632 | K12: 5159.5775 | L12: 4695.9716 | M12: 5294.1836 | N12: 5420.5696 | O12: 5295.1895 | P12: 5182.3561 | Q12: 4953.5232 | R12: 5503.6199 | S12: 5104.4016 | T12: 5297.7282 | U12: 4801.2164 | V12: 4808.5685 | W12: 4958.2347 | X12: 4497.9754 | Y12: 5114.489 | Z12: 5268.5015 | AA12: 5169.8206 | AB12: 5075.1365 | AC12: 4853.8665 | AD12: 5403.526 | AE12: 5000.604 | AF12: 5191.4545 | AG12: 4696.3011 | AH12: 4709.2259 | AI12: 4867.5765 | AJ12: 4417.5135 | AK12: 5044.406 | AL12: 5208.2739 | AM12: 5118.7354 | AN12: 5032.5065 | AO12: 4819.0264 | AP12: 5375.7806 | AQ12: 4979.2533 | AR12: 5175.9146 | AS12: 4686.2503 | AT12: 4704.6848 | AU12: 4868.8683 | AV12: 4425.1203 | AW12: 5058.7833 | AX12: 5229.7006 | AY12: 5147.2503 | AZ12: 5067.9354 | BA12: 4861.0693 | BB12: 5424.1112 | BC12: 5033.5925 | BD12: 5236.0603 | BE12: 4752.0702 | BF12: 4776.0887 | BG12: 4945.7835 | BH12: 4507.4797 | BI12: 5146.531 | BJ12: 5322.8074 | BK12: 5245.7276 | BL12: 5171.8401 | BM12: 4970.4931 | BN12: 5539.1553 | BO12: 5154.3295 | BP12: 5362.4913 | BQ12: 4884.0828 | BR12: 4913.4279 | BS12: 5088.0465 | BT12: 4654.152 | BU12: 5297.0724 | BV12: 5476.7867 | BW12: 5402.982 | BX12: 5332.6108 | BY12: 5135.4732 | BZ12: 5709.3939 | CA12: 5330.9708 | CB12: 5546.3958 | CC12: 5075.4462 | CD12: 5111.5419 | CE12: 5291.3158 | CF12: 4860.4093 | CG12: 5504.0688 | CH12: 5682.8415 | CI12: 5607.4024 | CJ12: 5535.5897 | CK12: 5338.7719 | CL12: 5915.9487 | CM12: 5543.2248 | CN12: 5770.8696 | CO12: 5313.4022 | CP12: 5369.149 | CQ12: 5585.3029 | CR12: 5127.9321 | CS12: 5816.9103 | CT12: 6055.6676 | CU12: 5549.853 | CV12: -1 | CW12: ='conditional forecasts_6'!CW12 -> 1102
C13: Actual | CV13: 0 | CW13: ='conditional forecasts_6'!CW13 -> 0
A14: Ac1201 | B14: adm | C14: Forecast | D14: 120.33393 | E14: 125.90802 | F14: 169.27516 | G14: 198.6593 | H14: 222.72859 | I14: 239.09712 | J14: 222.51323 | K14: 210.75168 | L14: 188.03639 | M14: 157.29652 | N14: 141.94125 | O14: 113.53009 | P14: 134.72 | Q14: 138.35449 | R14: 172.96042 | S14: 200.42975 | T14: 224.02531 | U14: 238.56075 | V14: 218.33865 | W14: 201.07187 | X14: 172.84789 | Y14: 138.43244 | Z14: 122.26716 | AA14: 96.054194 | AB14: 121.46924 | AC14: 129.87382 | AD14: 168.46905 | AE14: 198.34604 | AF14: 222.63478 | AG14: 236.55792 | AH14: 215.07324 | AI14: 196.51376 | AJ14: 167.38443 | AK14: 132.6255 | AL14: 116.66211 | AM14: 91.074136 | AN14: 117.37914 | AO14: 126.78462 | AP14: 166.35855 | AQ14: 197.08694 | AR14: 222.03001 | AS14: 236.38474 | AT14: 215.13112 | AU14: 196.66538 | AV14: 167.57834 | AW14: 132.89421 | AX14: 117.09815 | AY14: 91.793955 | AZ14: 118.48751 | BA14: 128.35006 | BB14: 168.40453 | BC14: 199.59743 | BD14: 224.96397 | BE14: 239.69251 | BF14: 218.76744 | BG14: 200.59638 | BH14: 171.78256 | BI14: 137.35978 | BJ14: 121.81866 | BK14: 96.765277 | BL14: 123.70691 | BM14: 133.8176 | BN14: 174.12617 | BO14: 205.58815 | BP14: 231.24919 | BQ14: 246.30613 | BR14: 225.74545 | BS14: 207.96634 | BT14: 179.55082 | BU14: 145.49999 | BV14: 130.26637 | BW14: 105.42266 | BX14: 132.46011 | BY14: 142.56522 | BZ14: 182.81302 | CA14: 214.2348 | CB14: 239.96615 | CC14: 255.28416 | CD14: 235.21923 | CE14: 218.15766 | CF14: 190.60288 | CG14: 157.41845 | CH14: 142.88236 | CI14: 118.39719 | CJ14: 145.32507 | CK14: 154.80013 | CL14: 193.98742 | CM14: 224.15462 | CN14: 248.71264 | CO14: 263.50004 | CP14: 243.85277 | CQ14: 228.54264 | CR14: 204.47468 | CS14: 172.64417 | CT14: 160.4882 | CU14: 145.69902 | CV14: 1 | CW14: ='conditional forecasts_6'!CW14 -> 1201
C15: Actual | CV15: 0 | CW15: ='conditional forecasts_6'!CW15 -> 0
A16: Ac1201 | B16: desl | C16: Forecast | D16: 192.91807 | E16: 158.0899 | F16: 154.27071 | G16: 140.90716 | H16: 155.28022 | I16: 151.24849 | J16: 167.38119 | K16: 178.80879 | L16: 172.81453 | M16: 202.39791 | N16: 207.41835 | O16: 206.89542 | P16: 192.22096 | Q16: 166.90243 | R16: 158.21524 | S16: 137.09179 | T16: 149.67553 | U16: 145.3123 | V16: 162.00482 | W16: 174.28815 | X16: 168.18392 | Y16: 196.61373 | Z16: 199.96162 | AA16: 197.9601 | AB16: 182.49666 | AC16: 157.21426 | AD16: 149.22948 | AE16: 129.15183 | AF16: 142.80835 | AG16: 139.34683 | AH16: 156.71213 | AI16: 169.48065 | AJ16: 163.74991 | AK16: 192.50413 | AL16: 196.16111 | AM16: 194.46727 | AN16: 179.32026 | AO16: 154.37867 | AP16: 146.77746 | AQ16: 127.13782 | AR16: 141.2835 | AS16: 138.34278 | AT16: 156.23142 | AU16: 169.49775 | AV16: 164.22182 | AW16: 193.38511 | AX16: 197.4155 | AY16: 196.0761 | AZ16: 181.28097 | BA16: 156.69971 | BB16: 149.47114 | BC16: 130.21423 | BD16: 144.74723 | BE16: 142.19247 | BF16: 160.46136 | BG16: 174.10028 | BH16: 169.18948 | BI16: 198.7121 | BJ16: 203.09801 | BK16: 202.11181 | BL16: 187.66774 | BM16: 163.43395 | BN16: 156.54624 | BO16: 137.6197 | BP16: 152.46898 | BQ16: 150.21464 | BR16: 168.76953 | BS16: 182.6856 | BT16: 178.05249 | BU16: 207.86467 | BV16: 212.56231 | BW16: 211.91533 | BX16: 197.83507 | BY16: 173.97707 | BZ16: 167.45584 | CA16: 148.86088 | CB16: 163.98384 | CC16: 161.93274 | CD16: 180.62412 | CE16: 194.63157 | CF16: 190.08162 | CG16: 220.01473 | CH16: 224.92286 | CI16: 224.61273 | CJ16: 211.00275 | CK16: 187.75865 | CL16: 181.90946 | CM16: 163.9157 | CN16: 179.59957 | CO16: 177.61184 | CP16: 196.19476 | CQ16: 209.89459 | CR16: 202.74027 | CS16: 235.80525 | CT16: 241.32903 | CU16: 226.63188 | CV16: -1 | CW16: ='conditional forecasts_6'!CW16 -> 1201
C17: Actual | CV17: 0 | CW17: ='conditional forecasts_6'!CW17 -> 0
