Workbook

Sheet CF-8
A1: GVAR Conditional Forecasts
A2: Last in-sample estimation date: | B2: 2017M07
A3: Last forecast date: | B3: 2025M7
D5: 2017M8 | E5: 2017M9 | F5: 2017M10 | G5: 2017M11 | H5: 2017M12 | I5: 2018M1 | J5: 2018M2 | K5: 2018M3 | L5: 2018M4 | M5: 2018M5 | N5: 2018M6 | O5: 2018M7 | P5: 2018M8 | Q5: 2018M9 | R5: 2018M10 | S5: 2018M11 | T5: 2018M12 | U5: 2019M1 | V5: 2019M2 | W5: 2019M3 | X5: 2019M4 | Y5: 2019M5 | Z5: 2019M6 | AA5: 2019M7 | AB5: 2019M8 | AC5: 2019M9 | AD5: 2019M10 | AE5: 2019M11 | AF5: 2019M12 | AG5: 2020M1 | AH5: 2020M2 | AI5: 2020M3 | AJ5: 2020M4 | AK5: 2020M5 | AL5: 2020M6 | AM5: 2020M7 | AN5: 2020M8 | AO5: 2020M9 | AP5: 2020M10 | AQ5: 2020M11 | AR5: 2020M12 | AS5: 2021M1 | AT5: 2021M2 | AU5: 2021M3 | AV5: 2021M4 | AW5: 2021M5 | AX5: 2021M6 | AY5: 2021M7 | AZ5: 2021M8 | BA5: 2021M9 | BB5: 2021M10 | BC5: 2021M11 | BD5: 2021M12 | BE5: 2022M1 | BF5: 2022M2 | BG5: 2022M3 | BH5: 2022M4 | BI5: 2022M5 | BJ5: 2022M6 | BK5: 2022M7 | BL5: 2022M8 | BM5: 2022M9 | BN5: 2022M10 | BO5: 2022M11 | BP5: 2022M12 | BQ5: 2023M1 | BR5: 2023M2 | BS5: 2023M3 | BT5: 2023M4 | BU5: 2023M5 | BV5: 2023M6 | BW5: 2023M7 | BX5: 2023M8 | BY5: 2023M9 | BZ5: 2023M10 | CA5: 2023M11 | CB5: 2023M12 | CC5: 2024M1 | CD5: 2024M2 | CE5: 2024M3 | CF5: 2024M4 | CG5: 2024M5 | CH5: 2024M6 | CI5: 2024M7 | CJ5: 2024M8 | CK5: 2024M9 | CL5: 2024M10 | CM5: 2024M11 | CN5: 2024M12 | CO5: 2025M1 | CP5: 2025M2 | CQ5: 2025M3 | CR5: 2025M4 | CS5: 2025M5 | CT5: 2025M6 | CU5: 2025M7 | CW5: Seletor
A6: Ro1101 | B6: adm | C6: Forecast | D6: 3522.6097 | E6: 3185.2505 | F6: 2661.399 | G6: 2479.0046 | H6: 1494.6504 | I6: 2176.8476 | J6: 1997.199 | K6: 2887.4807 | L6: 2833.5398 | M6: 3228.2945 | N6: 3556.1829 | O6: 3589.5216 | P6: 3958.7321 | Q6: 3738.7278 | R6: 3196.2822 | S6: 3048.0934 | T6: 2117.0213 | U6: 2859.3494 | V6: 2771.5728 | W6: 3758.8528 | X6: 3804.5796 | Y6: 4293.604 | Z6: 4702.4235 | AA6: 4802.8899 | AB6: 5225.9376 | AC6: 5049.4917 | AD6: 4544.5204 | AE6: 4431.0211 | AF6: 3534.0993 | AG6: 4311.1633 | AH6: 4259.1054 | AI6: 5283.1475 | AJ6: 5366.5934 | AK6: 5894.1166 | AL6: 6341.9015 | AM6: 6481.3254 | AN6: 6942.7388 | AO6: 6803.4903 | AP6: 6334.1168 | AQ6: 6254.4177 | AR6: 5389.5379 | AS6: 6197.0953 | AT6: 6174.2598 | AU6: 7226.5074 | AV6: 7337.3195 | AW6: 7891.4619 | AX6: 8365.1487 | AY6: 8529.7556 | AZ6: 9015.6251 | BA6: 8900.1026 | BB6: 8453.7259 | BC6: 8396.2945 | BD6: 7552.9495 | BE6: 8381.3004 | BF6: 8378.5076 | BG6: 9450.0382 | BH6: 9579.3694 | BI6: 10151.271 | BJ6: 10641.972 | BK6: 10822.88 | BL6: 11324.388 | BM6: 11223.896 | BN6: 10791.995 | BO6: 10748.518 | BP6: 9918.6092 | BQ6: 10759.866 | BR6: 10769.44 | BS6: 11852.819 | BT6: 11993.54 | BU6: 12576.449 | BV6: 13077.811 | BW6: 13268.959 | BX6: 13780.071 | BY6: 13688.231 | BZ6: 13263.738 | CA6: 13226.325 | CB6: 12401.349 | CC6: 13246.983 | CD6: 13261.081 | CE6: 14349.677 | CF6: 14496.619 | CG6: 15086.265 | CH6: 15594.564 | CI6: 15792.9 | CJ6: 16310.35 | CK6: 16228.056 | CL6: 15813.525 | CM6: 15782.386 | CN6: 14978.889 | CO6: 15808.603 | CP6: 15808.397 | CQ6: 16917.465 | CR6: 16933.678 | CS6: 17772.005 | CT6: 18052.567 | CU6: 17984.346 | CW6: 1
C7: Actual | CW7: 0
A8: Ro1101 | B8: desl | C8: Forecast | D8: 3027.8475 | E8: 2876.8587 | F8: 3023.9026 | G8: 2967.2786 | H8: 2767.0062 | I8: 2556.0882 | J8: 2407.2476 | K8: 2647.3818 | L8: 2434.7491 | M8: 2929.9851 | N8: 2684.219 | O8: 2884.3453 | P8: 3014.1663 | Q8: 3026.0636 | R8: 3240.01 | S8: 3295.7384 | T8: 3204.6501 | U8: 3108.8009 | V8: 3081.1128 | W8: 3449.256 | X8: 3364.0881 | Y8: 3981.4229 | Z8: 3846.5155 | AA8: 4143.9015 | AB8: 4357.1364 | AC8: 4440.8673 | AD8: 4717.9703 | AE8: 4831.0521 | AF8: 4793.7531 | AG8: 4749.5392 | AH8: 4772.1 | AI8: 5189.5393 | AJ8: 5153.0057 | AK8: 5818.5224 | AL8: 5731.4183 | AM8: 6076.1059 | AN8: 6335.8347 | AO8: 6464.8489 | AP8: 6785.6484 | AQ8: 6940.5943 | AR8: 6943.2604 | AS8: 6937.2055 | AT8: 6996.3067 | AU8: 7448.8741 | AV8: 7446.226 | AW8: 8144.4977 | AX8: 8089.0785 | AY8: 8464.4109 | AZ8: 8753.7633 | BA8: 8911.3988 | BB8: 9259.837 | BC8: 9441.4569 | BD8: 9469.845 | BE8: 9488.5674 | BF8: 9571.5048 | BG8: 10046.969 | BH8: 10066.282 | BI8: 10785.581 | BJ8: 10750.268 | BK8: 11144.805 | BL8: 11452.499 | BM8: 11627.663 | BN8: 11992.872 | BO8: 12190.55 | BP8: 12234.3 | BQ8: 12267.677 | BR8: 12364.536 | BS8: 12853.176 | BT8: 12884.946 | BU8: 13616.062 | BV8: 13592.012 | BW8: 13997.305 | BX8: 14315.175 | BY8: 14499.733 | BZ8: 14873.278 | CA8: 15078.015 | CB8: 15127.547 | CC8: 15165.726 | CD8: 15266.966 | CE8: 15760.14 | CF8: 15796.949 | CG8: 16533.446 | CH8: 16514.414 | CI8: 16923.946 | CJ8: 17244.783 | CK8: 17431.257 | CL8: 17808.314 | CM8: 18016.538 | CN8: 18072.609 | CO8: 18115.079 | CP8: 18203.459 | CQ8: 18696.218 | CR8: 18705.931 | CS8: 19327.364 | CT8: 19413.353 | CU8: 20006.131 | CW8: -1
C9: Actual | CW9: 0
A10: Ro1102 | B10: adm | C10: Forecast | D10: 6029.3631 | E10: 5137.0331 | F10: 4439.4159 | G10: 4429.5442 | H10: 3555.0401 | I10: 4557.748 | J10: 4219.2089 | K10: 5294.1154 | L10: 4919.7559 | M10: 5207.8969 | N10: 5318.2801 | O10: 4922.9317 | P10: 5139.6881 | Q10: 4710.6734 | R10: 4207.4396 | S10: 4390.0307 | T10: 3691.7087 | U10: 4845.8169 | V10: 4657.4476 | W10: 5856.1241 | X10: 5588.231 | Y10: 5961.0634 | Z10: 6131.4181 | AA10: 5776.7636 | AB10: 6020.2059 | AC10: 5610.9865 | AD10: 5127.2122 | AE10: 5332.3336 | AF10: 4660.4885 | AG10: 5844.2086 | AH10: 5687.1544 | AI10: 6917.5847 | AJ10: 6681.1079 | AK10: 7084.6743 | AL10: 7284.8963 | AM10: 6959.0004 | AN10: 7229.7465 | AO10: 6846.0394 | AP10: 6385.8217 | AQ10: 6612.6411 | AR10: 5960.9646 | AS10: 7163.766 | AT10: 7025.1151 | AU10: 8273.5421 | AV10: 8054.7556 | AW10: 8475.6712 | AX10: 8692.8007 | AY10: 8383.2696 | AZ10: 8669.7731 | BA10: 8301.1934 | BB10: 7855.4789 | BC10: 8096.1947 | BD10: 7457.826 | BE10: 8673.3605 | BF10: 8546.8772 | BG10: 9806.9084 | BH10: 9599.1576 | BI10: 10030.532 | BJ10: 10257.544 | BK10: 9957.3477 | BL10: 10252.701 | BM10: 9892.577 | BN10: 9455.0101 | BO10: 9703.6027 | BP10: 9072.7982 | BQ10: 10295.472 | BR10: 10175.58 | BS10: 11441.601 | BT10: 11239.322 | BU10: 11675.859 | BV10: 11907.943 | BW10: 11612.785 | BX10: 11912.9 | BY10: 11556.725 | BZ10: 11121.685 | CA10: 11371.067 | CB10: 10739.628 | CC10: 11961.323 | CD10: 11841.513 | CE10: 13109.78 | CF10: 12912.052 | CG10: 13353.864 | CH10: 13590.024 | CI10: 13295.747 | CJ10: 13592.131 | CK10: 13233.261 | CL10: 12794.048 | CM10: 13043.508 | CN10: 12430.284 | CO10: 13633.631 | CP10: 13510.767 | CQ10: 14763.643 | CR10: 14392.315 | CS10: 15053.518 | CT10: 14974.103 | CU10: 14692.274 | CW10: 1
C11: Actual | CW11: 0
A12: Ro1102 | B12: desl | C12: Forecast | D12: 4901.9121 | E12: 4393.4724 | F12: 4802.8997 | G12: 4879.4422 | H12: 4792.9151 | I12: 4429.6368 | J12: 4296.9644 | K12: 4960.1204 | L12: 4059.5854 | M12: 4976.5356 | N12: 4127.6485 | O12: 4005.138 | P12: 4352.8898 | Q12: 4026.6267 | R12: 4630.7534 | S12: 4884.079 | T12: 4960.4716 | U12: 4743.1479 | V12: 4727.1074 | W12: 5502.0801 | X12: 4696.486 | Y12: 5689.6646 | Z12: 4901.1363 | AA12: 4825.8136 | AB12: 5213.314 | AC12: 4924.7091 | AD12: 5567.0215 | AE12: 5859.4968 | AF12: 5975.2515 | AG12: 5796.4409 | AH12: 5817.2896 | AI12: 6627.3595 | AJ12: 5855.3665 | AK12: 6881.0424 | AL12: 6124.0984 | AM12: 6079.3359 | AN12: 6496.082 | AO12: 6235.1554 | AP12: 6903.5124 | AQ12: 7220.5479 | AR12: 7359.6677 | AS12: 7203.3327 | AT12: 7245.9845 | AU12: 8077.2698 | AV12: 7325.8799 | AW12: 8371.4719 | AX12: 7633.69 | AY12: 7607.3085 | AZ12: 8041.6676 | BA12: 7797.6211 | BB12: 8482.1621 | BC12: 8814.7132 | BD12: 8968.6985 | BE12: 8826.5908 | BF12: 8882.8393 | BG12: 9727.0919 | BH12: 8988.0341 | BI12: 10045.316 | BJ12: 9318.5903 | BK12: 9302.6667 | BL12: 9746.9555 | BM12: 9512.3956 | BN12: 10206.043 | BO12: 10547.317 | BP12: 10709.563 | BQ12: 10575.12 | BR12: 10638.329 | BS12: 11488.839 | BT12: 10755.481 | BU12: 11818.153 | BV12: 11096.714 | BW12: 11085.972 | BX12: 11535.032 | BY12: 11304.302 | BZ12: 12000.354 | CA12: 12342.54 | CB12: 12504.792 | CC12: 12370.577 | CD12: 12435.442 | CE12: 13289.575 | CF12: 12561.082 | CG12: 13627.92 | CH12: 12907.302 | CI12: 12892.725 | CJ12: 13334.723 | CK12: 13094.763 | CL12: 13786.7 | CM12: 14132.849 | CN12: 14298.149 | CO12: 14169.767 | CP12: 14216.076 | CQ12: 15022.989 | CR12: 14309.029 | CS12: 15004.604 | CT12: 14575.378 | CU12: 15332.037 | CW12: -1
C13: Actual | CW13: 0
A14: Ac1201 | B14: adm | C14: Forecast | D14: 198.49594 | E14: 144.11947 | F14: 115.42723 | G14: 108.54698 | H14: 64.190599 | I14: 92.845479 | J14: 65.835985 | K14: 117.33493 | L14: 122.15502 | M14: 149.29868 | N14: 166.07288 | O14: 142.97887 | P14: 150.77343 | Q14: 124.86116 | R14: 106.29033 | S14: 109.9962 | T14: 70.435095 | U14: 104.72886 | V14: 84.142911 | W14: 142.71383 | X14: 155.61478 | Y14: 190.30032 | Z14: 213.28368 | AA14: 194.5459 | AB14: 204.71984 | AC14: 179.62813 | AD14: 160.92788 | AE14: 164.16545 | AF14: 124.2829 | AG14: 158.67668 | AH14: 138.70102 | AI14: 198.35832 | AJ14: 212.73411 | AK14: 249.18679 | AL14: 274.13946 | AM14: 257.48637 | AN14: 269.77256 | AO14: 246.73558 | AP14: 229.96152 | AQ14: 234.95212 | AR14: 196.63803 | AS14: 232.43509 | AT14: 213.73662 | AU14: 274.5894 | AV14: 290.11612 | AW14: 327.69854 | AX14: 353.76895 | AY14: 338.22051 | AZ14: 351.59217 | BA14: 329.61471 | BB14: 313.86889 | BC14: 319.85299 | BD14: 282.49552 | BE14: 319.21064 | BF14: 301.39001 | BG14: 363.07859 | BH14: 379.39725 | BI14: 417.72644 | BJ14: 444.4984 | BK14: 429.60844 | BL14: 443.60027 | BM14: 422.21145 | BN14: 407.02969 | BO14: 413.55769 | BP14: 376.7237 | BQ14: 413.93686 | BR14: 396.58204 | BS14: 458.70055 | BT14: 475.41725 | BU14: 514.1245 | BV14: 541.26858 | BW14: 526.75027 | BX14: 541.10005 | BY14: 520.02082 | BZ14: 505.05479 | CA14: 511.67039 | CB14: 474.79724 | CC14: 511.89632 | CD14: 494.43867 | CE14: 556.55331 | CF14: 573.41023 | CG14: 612.35463 | CH14: 639.7482 | CI14: 625.38862 | CJ14: 639.72793 | CK14: 618.72007 | CL14: 603.83651 | CM14: 610.84907 | CN14: 575.17925 | CO14: 611.75601 | CP14: 594.31018 | CQ14: 655.09536 | CR14: 662.88751 | CS14: 709.45294 | CT14: 727.74577 | CU14: 728.35703 | CW14: 1
C15: Actual | CW15: 0
A16: Ac1201 | B16: desl | C16: Forecast | D16: 166.81955 | E16: 155.88785 | F16: 176.21354 | G16: 176.57935 | H16: 186.1051 | I16: 168.48317 | J16: 157.14191 | K16: 150.33865 | L16: 105.27933 | M16: 136.70158 | N16: 105.38851 | O16: 113.98482 | P16: 129.7727 | Q16: 119.12989 | R16: 153.30491 | S16: 166.00406 | T16: 184.49364 | U16: 175.4518 | V16: 170.84925 | W16: 169.93373 | X16: 130.12833 | Y16: 166.7897 | Z16: 140.83019 | AA16: 154.65718 | AB16: 175.36739 | AC16: 169.17924 | AD16: 207.26663 | AE16: 223.38452 | AF16: 244.89709 | AG16: 238.57816 | AH16: 236.47003 | AI16: 237.8614 | AJ16: 200.19758 | AK16: 238.85633 | AL16: 214.7801 | AM16: 230.41312 | AN16: 252.8859 | AO16: 248.43778 | AP16: 288.2464 | AQ16: 306.05609 | AR16: 329.21368 | AS16: 324.47705 | AT16: 323.87941 | AU16: 326.70849 | AV16: 290.41442 | AW16: 330.38199 | AX16: 307.55981 | AY16: 324.39602 | AZ16: 348.02316 | BA16: 344.68181 | BB16: 385.55104 | BC16: 404.37727 | BD16: 428.50973 | BE16: 424.70861 | BF16: 425.00874 | BG16: 428.69878 | BH16: 393.22919 | BI16: 433.9848 | BJ16: 411.91414 | BK16: 429.46533 | BL16: 453.77104 | BM16: 451.07224 | BN16: 492.54878 | BO16: 511.94824 | BP16: 536.6211 | BQ16: 533.32835 | BR16: 534.10464 | BS16: 538.23744 | BT16: 503.17564 | BU16: 544.3036 | BV16: 522.57215 | BW16: 540.43518 | BX16: 565.0335 | BY16: 562.61572 | BZ16: 604.36479 | CA16: 624.02415 | CB16: 648.93345 | CC16: 645.83766 | CD16: 646.75986 | CE16: 650.9855 | CF16: 615.96661 | CG16: 657.1053 | CH16: 635.34388 | CI16: 653.12031 | CJ16: 677.58916 | CK16: 674.83045 | CL16: 716.21977 | CM16: 735.58901 | CN16: 759.62138 | CO16: 756.97966 | CP16: 757.86589 | CQ16: 761.56457 | CR16: 730.93495 | CS16: 757.25446 | CT16: 745.44983 | CU16: 782.0434 | CW16: -1
C17: Actual | CW17: 0
A18: Ac1202 | B18: adm | C18: Forecast | D18: 1937.345 | E18: 1631.7273 | F18: 1401.5383 | G18: 1415.6651 | H18: 1053.4316 | I18: 1414.5531 | J18: 1299.9466 | K18: 1681.7631 | L18: 1543.2649 | M18: 1675.9054 | N18: 1731.7795 | O18: 1623.1263 | P18: 1746.0996 | Q18: 1596.1864 | R18: 1400.9671 | S18: 1461.9041 | T18: 1143.2439 | U18: 1543.0674 | V18: 1474.7744 | W18: 1897.9276 | X18: 1797.4243 | Y18: 1963.7443 | Z18: 2046.3831 | AA18: 1958.3349 | AB18: 2096.0982 | AC18: 1956.6629 | AD18: 1769.6354 | AE18: 1838.1032 | AF18: 1527.4579 | AG18: 1936.2657 | AH18: 1877.9141 | AI18: 2311.6911 | AJ18: 2222.1431 | AK18: 2399.459 | AL18: 2492.9345 | AM18: 2415.4267 | AN18: 2563.3241 | AO18: 2433.5159 | AP18: 2255.5306 | AQ18: 2332.4234 | AR18: 2029.6142 | AS18: 2445.752 | AT18: 2394.337 | AU18: 2834.7685 | AV18: 2751.676 | AW18: 2935.2922 | AX18: 3034.9199 | AY18: 2963.4009 | AZ18: 3117.1 | BA18: 2992.8866 | BB18: 2820.2773 | BC18: 2902.3239 | BD18: 2604.4488 | BE18: 3025.3059 | BF18: 2978.4006 | BG18: 3423.1356 | BH18: 3344.1415 | BI18: 3531.6498 | BJ18: 3634.9626 | BK18: 3566.9258 | BL18: 3723.9168 | BM18: 3602.8269 | BN18: 3433.1994 | BO18: 3518.1073 | BP18: 3222.978 | BQ18: 3646.4495 | BR18: 3601.9963 | BS18: 4048.9928 | BT18: 3972.0643 | BU18: 4161.4712 | BV18: 4266.5678 | BW18: 4200.2414 | BX18: 4358.8598 | BY18: 4239.2273 | BZ18: 4070.7437 | CA18: 4156.3512 | CB18: 3861.4507 | CC18: 4284.8458 | CD18: 4240.3224 | CE18: 4687.611 | CF18: 4611.5919 | CG18: 4802.3473 | CH18: 4908.8845 | CI18: 4843.5728 | CJ18: 5001.7805 | CK18: 4881.6792 | CL18: 4711.5053 | CM18: 4795.0268 | CN18: 4504.2493 | CO18: 4921.2396 | CP18: 4875.0123 | CQ18: 5331.4111 | CR18: 5193.4635 | CS18: 5465.5476 | CT18: 5473.8773 | CU18: 5388.7154 | CW18: 1
C19: Actual | CW19: 0
A20: Ac1202 | B20: desl | C20: Forecast | D20: 1499.8276 | E20: 1369.5218 | F20: 1615.041 | G20: 1621.2071 | H20: 1744.3109 | I20: 1561.4663 | J20: 1491.8081 | K20: 1595.98 | L20: 1259.3958 | M20: 1625.9774 | N20: 1242.3275 | O20: 1300.2426 | P20: 1341.575 | Q20: 1239.9944 | R20: 1563.9987 | S20: 1630.6541 | T20: 1810.6153 | U20: 1681.1198 | V20: 1653.71 | W20: 1800.6081 | X20: 1501.4849 | Y20: 1899.5322 | Z20: 1542.2686 | AA20: 1621.4553 | AB20: 1680.5916 | AC20: 1594.9137 | AD20: 1933.867 | AE20: 2015.0189 | AF20: 2209.1552 | AG20: 2093.496 | AH20: 2079.532 | AI20: 2239.4958 | AJ20: 1953.1303 | AK20: 2363.6919 | AL20: 2018.7016 | AM20: 2109.844 | AN20: 2180.4979 | AO20: 2105.7945 | AP20: 2455.1313 | AQ20: 2546.0955 | AR20: 2749.5428 | AS20: 2642.7813 | AT20: 2637.3772 | AU20: 2805.6095 | AV20: 2527.2383 | AW20: 2945.5194 | AX20: 2607.9679 | AY20: 2706.2665 | AZ20: 2783.798 | BA20: 2715.701 | BB20: 3071.3807 | BC20: 3168.4307 | BD20: 3377.7114 | BE20: 3276.5348 | BF20: 3276.4695 | BG20: 3449.7948 | BH20: 3176.269 | BI20: 3599.1455 | BJ20: 3265.9428 | BK20: 3368.3568 | BL20: 3449.7948 | BM20: 3385.4251 | BN20: 3744.6755 | BO20: 3845.1415 | BP20: 4057.6596 | BQ20: 3959.5011 | BR20: 3962.2004 | BS20: 4138.0356 | BT20: 3866.8093 | BU20: 4291.8509 | BV20: 3960.7416 | BW20: 4065.1742 | BX20: 4148.457 | BY20: 4085.5898 | BZ20: 4445.8482 | CA20: 4546.8069 | CB20: 4759.4954 | CC20: 4661.5485 | CD20: 4664.8954 | CE20: 4842.0027 | CF20: 4572.4476 | CG20: 4998.9764 | CH20: 4668.315 | CI20: 4771.6881 | CJ20: 4853.041 | CK20: 4787.3022 | CL20: 5146.278 | CM20: 5248.6627 | CN20: 5460.7408 | CO20: 5364.8271 | CP20: 5361.8058 | CQ20: 5514.1215 | CR20: 5270.294 | CS20: 5548.4516 | CT20: 5334.3417 | CU20: 5700.0219 | CW20: -1
C21: Actual | CW21: 0
A22: Am1301 | B22: adm | C22: Forecast | D22: 10.165988 | E22: 5.1848812 | F22: 8.4464209 | G22: 15.440655 | H22: 10.783111 | I22: 34.82025 | J22: 15.662345 | K22: 24.84044 | L22: 15.985205 | M22: 13.352769 | N22: 17.049977 | O22: 9.8772434 | P22: 10.007646 | Q22: 6.5904483 | R22: 3.9234946 | S22: 12.164559 | T22: 8.2465475 | U22: 32.073879 | V22: 13.38349 | W22: 22.383948 | X22: 13.808541 | Y22: 11.349923 | Z22: 15.175287 | AA22: 8.1569596 | AB22: 8.3704789 | AC22: 5.0025154 | AD22: 2.3804052 | AE22: 10.663666 | AF22: 6.7932016 | AG22: 30.676271 | AH22: 12.046643 | AI22: 21.10735 | AJ22: 12.588352 | AK22: 10.182323 | AL22: 14.058257 | AM22: 7.0906695 | AN22: 7.3559525 | AO22: 4.0400022 | AP22: 1.4685899 | AQ22: 9.7996586 | AR22: 5.9732231 | AS22: 29.896674 | AT22: 11.304682 | AU22: 20.401404 | AV22: 11.917632 | AW22: 9.5463373 | AX22: 13.456325 | AY22: 6.521699 | AZ22: 6.8185058 | BA22: 3.5325516 | BB22: 0.98979353 | BC22: 9.3485096 | BD22: 5.5489977 | BE22: 29.498706 | BF22: 10.932081 | BG22: 20.052865 | BH22: 11.591477 | BI22: 9.2407968 | BJ22: 13.169969 | BK22: 6.2537904 | BL22: 6.569029 | BM22: 3.3018111 | BN22: 0.77769333 | BO22: 9.1538841 | BP22: 5.3694592 | BQ22: 29.3313 | BR22: 10.774607 | BS22: 19.905207 | BT22: 11.456044 | BU22: 9.121397 | BV22: 13.069225 | BW22: 6.1702686 | BX22: 6.495884 | BY22: 3.2284202 | BZ22: 0.6944854 | CA22: 9.058068 | CB22: 5.2685133 | CC22: 29.241518 | CD22: 10.711706 | CE22: 19.874026 | CF22: 11.44273 | CG22: 9.0933602 | CH22: 13.001163 | CI22: 6.0454255 | CJ22: 6.3361868 | CK22: 3.1489504 | CL22: 0.67493743 | CM22: 9.1732612 | CN22: 5.5457238 | CO22: 29.102108 | CP22: 10.643607 | CQ22: 18.773127 | CR22: 9.1418563 | CS22: 14.401573 | CT22: 8.7064088 | CU22: 3.0146249 | CW22: 1
C23: Actual | CW23: 0
A24: Am1301 | B24: desl | C24: Forecast | D24: 2.9674554 | E24: 16.621937 | F24: 24.716662 | G24: 21.821683 | H24: 37.580794 | I24: 18.472147 | J24: 27.684585 | K24: 13.658908 | L24: 19.777663 | M24: 13.962843 | N24: 8.4119978 | O24: 9.7382209 | P24: 4.4378114 | Q24: 8.8613118 | R24: 18.886739 | S24: 17.307597 | T24: 32.477001 | U24: 13.994425 | V24: 23.005724 | W24: 9.1888389 | X24: 15.305977 | Y24: 9.3951612 | Z24: 3.8336358 | AA24: 5.14486 | AB24: -0.12075923 | AC24: 4.382597 | AD24: 14.490199 | AE24: 12.980936 | AF24: 28.200947 | AG24: 9.7504192 | AH24: 18.781878 | AI24: 4.9808371 | AJ24: 11.114656 | AK24: 5.2219946 | AL24: -0.32202183 | AM24: 1.0036096 | AN24: -4.2515779 | AO24: 0.25945695 | AP24: 10.374255 | AQ24: 8.8737555 | AR24: 24.105078 | AS24: 5.6680769 | AT24: 14.714043 | AU24: 0.92708441 | AV24: 7.0735996 | AW24: 1.191979 | AX24: -4.3423499 | AY24: -3.0078395 | AZ24: -8.2544762 | BA24: -3.7349635 | BB24: 6.3882672 | BC24: 4.8960422 | BD24: 20.13532 | BE24: 1.7058038 | BF24: 10.758675 | BG24: -3.0219901 | BH24: 3.1303028 | BI24: -2.7458017 | BJ24: -8.2745087 | BK24: -6.9339389 | BL24: -12.173992 | BM24: -7.647679 | BN24: 2.4819171 | BO24: 0.9949285 | BP24: 16.238032 | BQ24: -2.1885869 | BR24: 6.8674493 | BS24: -6.9084521 | BT24: -0.74926803 | BU24: -6.6174113 | BV24: -12.139742 | BW24: -10.797569 | BX24: -16.042587 | BY24: -11.526355 | BZ24: -1.4067642 | CA24: -2.896399 | CB24: 12.357074 | CC24: -6.0464245 | CD24: 3.0382312 | CE24: -10.716222 | CF24: -4.5531062 | CG24: -10.436922 | CH24: -15.986117 | CI24: -14.651144 | CJ24: -19.858709 | CK24: -15.288043 | CL24: -5.0584265 | CM24: -6.5315959 | CN24: 8.6537164 | CO24: -9.9951154 | CP24: -1.3925462 | CQ24: -15.208658 | CR24: -7.2152418 | CS24: -18.317073 | CT24: -16.093762 | CU24: -10.014338 | CW24: -1
C25: Actual | CW25: 0
A26: Am1302 | B26: adm | C26: Forecast | D26: 24.364513 | E26: 19.867641 | F26: 17.729604 | G26: 20.052164 | H26: 16.390056 | I26: 22.325766 | J26: 17.785933 | K26: 24.606544 | L26: 21.152714 | M26: 24.059007 | N26: 25.211101 | O26: 23.123121 | P26: 24.814346 | Q26: 23.24778 | R26: 21.174164 | S26: 23.459534 | T26: 20.476097 | U26: 26.876396 | V26: 22.996451 | W26: 30.401762 | X26: 27.563716 | Y26: 31.01365 | Z26: 32.566962 | AA26: 30.756024 | AB26: 32.616502 | AC26: 31.158593 | AD26: 29.185526 | AE26: 31.592032 | AF26: 28.759167 | AG26: 35.334732 | AH26: 31.643606 | AI26: 39.241238 | AJ26: 36.59377 | AK26: 40.23174 | AL26: 41.971337 | AM26: 40.344611 | AN26: 42.38473 | AO26: 41.098097 | AP26: 39.284686 | AQ26: 41.83795 | AR26: 39.140015 | AS26: 45.841442 | AT26: 42.270322 | AU26: 49.984619 | AV26: 47.451709 | AW26: 51.202162 | AX26: 53.051502 | AY26: 51.531005 | AZ26: 53.67334 | BA26: 52.484772 | BB26: 50.76538 | BC26: 53.408783 | BD26: 50.797228 | BE26: 57.581327 | BF26: 54.089195 | BG26: 61.878817 | BH26: 59.417573 | BI26: 63.235995 | BJ26: 65.149544 | BK26: 63.689492 | BL26: 65.888705 | BM26: 64.753915 | BN26: 63.085858 | BO26: 65.778736 | BP26: 63.214959 | BQ26: 70.044664 | BR26: 66.594979 | BS26: 74.422892 | BT26: 71.99548 | BU26: 75.84414 | BV26: 77.786178 | BW26: 76.354734 | BX26: 78.583145 | BY26: 77.476137 | BZ26: 75.830192 | CA26: 78.534828 | CB26: 75.970322 | CC26: 82.789986 | CD26: 79.329194 | CE26: 87.155551 | CF26: 84.743836 | CG26: 88.622565 | CH26: 90.597276 | CI26: 89.17817 | CJ26: 91.381987 | CK26: 90.232137 | CL26: 88.51553 | CM26: 91.180874 | CN26: 88.709741 | CO26: 95.49023 | CP26: 92.151581 | CQ26: 99.769469 | CR26: 96.840139 | CS26: 101.73236 | CT26: 100.50346 | CU26: 100.39741 | CW26: 1
C27: Actual | CW27: 0
A28: Am1302 | B28: desl | C28: Forecast | D28: 25.331391 | E28: 26.296828 | F28: 28.847357 | G28: 29.597226 | H28: 25.799681 | I28: 30.563795 | J28: 23.202961 | K28: 27.949436 | L28: 23.102051 | M28: 26.461124 | N28: 22.196779 | O28: 25.369504 | P28: 24.998605 | Q28: 26.384063 | R28: 29.173186 | S28: 30.360501 | T28: 26.530901 | U28: 31.476207 | V28: 24.075097 | W28: 28.94689 | X28: 24.336962 | Y28: 27.933284 | Z28: 23.919714 | AA28: 27.311984 | AB28: 27.120841 | AC28: 28.663927 | AD28: 31.59734 | AE28: 32.922081 | AF28: 29.224443 | AG28: 34.293939 | AH28: 27.005674 | AI28: 31.977215 | AJ28: 27.456242 | AK28: 31.135632 | AL28: 27.204267 | AM28: 30.681033 | AN28: 30.577176 | AO28: 32.208752 | AP28: 35.22938 | AQ28: 36.637883 | AR28: 33.019436 | AS28: 38.163552 | AT28: 30.946007 | AU28: 35.985129 | AV28: 31.529067 | AW28: 35.270802 | AX28: 31.399102 | AY28: 34.932744 | AZ28: 34.883008 | BA28: 36.566136 | BB28: 39.636003 | BC28: 41.091649 | BD28: 37.518388 | BE28: 42.705805 | BF28: 35.529728 | BG28: 40.608536 | BH28: 36.190393 | BI28: 39.968203 | BJ28: 36.130551 | BK28: 39.695991 | BL28: 39.675691 | BM28: 41.386035 | BN28: 44.481326 | BO28: 45.961155 | BP28: 42.41117 | BQ28: 47.620758 | BR28: 40.464919 | BS28: 45.560894 | BT28: 41.15608 | BU28: 44.943721 | BV28: 41.114149 | BW28: 44.688569 | BX28: 44.680414 | BY28: 46.40637 | BZ28: 49.518251 | CA28: 51.010971 | CB28: 47.465392 | CC28: 52.669421 | CD28: 45.501249 | CE28: 50.585078 | CF28: 46.178174 | CG28: 49.972564 | CH28: 46.153901 | CI28: 49.730187 | CJ28: 49.681689 | CK28: 51.355795 | CL28: 54.393702 | CM28: 55.734046 | CN28: 52.352294 | CO28: 57.439641 | CP28: 50.440334 | CQ28: 55.960788 | CR28: 50.042936 | CS28: 56.423647 | CT28: 52.642665 | CU28: 57.394841 | CW28: -1
C29: Actual | CW29: 0
A30: Am1303 | B30: adm | C30: Forecast | D30: 13076.681 | E30: 12434.54 | F30: 11437.751 | G30: 11646.232 | H30: 7777.8379 | I30: 10851.618 | J30: 8905.3759 | K30: 12652.545 | L30: 11921.171 | M30: 13080.678 | N30: 14477.861 | O30: 14078.746 | P30: 15906.057 | Q30: 15545.265 | R30: 14110.164 | S30: 14397.337 | T30: 10598.777 | U30: 13790.608 | V30: 12018.189 | W30: 15895.579 | X30: 15266.25 | Y30: 16474.636 | Z30: 17868.708 | AA30: 17436.175 | AB30: 19215.763 | AC30: 18811.169 | AD30: 17348.918 | AE30: 17628.451 | AF30: 13839.056 | AG30: 17051.602 | AH30: 15306.59 | AI30: 19214.833 | AJ30: 18618.021 | AK30: 19859.486 | AL30: 21286.039 | AM30: 20883.971 | AN30: 22690.625 | AO30: 22308.855 | AP30: 20865.22 | AQ30: 21160.053 | AR30: 17384.003 | AS30: 20609.29 | AT30: 18877.355 | AU30: 22799.392 | AV30: 22216.998 | AW30: 23473.156 | AX30: 24914.299 | AY30: 24526.442 | AZ30: 26346.793 | BA30: 25978.158 | BB30: 24547.086 | BC30: 24853.901 | BD30: 21089.244 | BE30: 24325.337 | BF30: 22603.64 | BG30: 26535.36 | BH30: 25962.084 | BI30: 27226.767 | BJ30: 28675.821 | BK30: 28295.313 | BL30: 30122.6 | BM30: 29760.723 | BN30: 28336.454 | BO30: 28650.2 | BP30: 24892.455 | BQ30: 28135.1 | BR30: 26419.218 | BS30: 30355.866 | BT30: 29786.879 | BU30: 31055.802 | BV30: 32509.648 | BW30: 32134.584 | BX30: 33967.187 | BY30: 33608.891 | BZ30: 32184.731 | CA30: 32494.323 | CB30: 28729.256 | CC30: 31964.784 | CD30: 30246.178 | CE30: 34187.633 | CF30: 33631.375 | CG30: 34915.634 | CH30: 36382.06 | CI30: 36011.23 | CJ30: 37833.861 | CK30: 37474.157 | CL30: 36043.228 | CM30: 36352.922 | CN30: 32669.739 | CO30: 35834.116 | CP30: 34141.163 | CQ30: 38091.049 | CR30: 36823.304 | CS30: 39271.926 | CT30: 39637.354 | CU30: 38794.482 | CW30: 1
C31: Actual | CW31: 0
A32: Am1303 | B32: desl | C32: Forecast | D32: 8712.3854 | E32: 8607.4415 | F32: 10928.305 | G32: 11957.367 | H32: 12292.948 | I32: 11153.619 | J32: 10559.762 | K32: 11770.864 | L32: 9828.2065 | M32: 12085.181 | N32: 10085.555 | O32: 9946.3006 | P32: 10906.121 | Q32: 10608.826 | R32: 12831.157 | S32: 13940.215 | T32: 14371.221 | U32: 13382.802 | V32: 12927.732 | W32: 14316.021 | X32: 12527.167 | Y32: 14899.17 | Z32: 12975.47 | AA32: 12877.463 | AB32: 13861.016 | AC32: 13587.785 | AD32: 15843.768 | AE32: 16998.489 | AF32: 17485.283 | AG32: 16558.718 | AH32: 16167.878 | AI32: 17620.844 | AJ32: 15896.698 | AK32: 18333.531 | AL32: 16474.432 | AM32: 16439.659 | AN32: 17483.544 | AO32: 17266.492 | AP32: 19574.029 | AQ32: 20776.079 | AR32: 21306.986 | AS32: 20422.479 | AT32: 20072.545 | AU32: 21565.701 | AV32: 19881.037 | AW32: 22356.407 | AX32: 20534.627 | AY32: 20535.778 | AZ32: 21614.142 | BA32: 21430.158 | BB32: 23769.411 | BC32: 25001.867 | BD32: 25561.887 | BE32: 24705.204 | BF32: 24381.792 | BG32: 25900.146 | BH32: 24239.322 | BI32: 26737.15 | BJ32: 24936.472 | BK32: 24957.495 | BL32: 26054.719 | BM32: 25888.839 | BN32: 28245.616 | BO32: 29494.987 | BP32: 30071.046 | BQ32: 29229.125 | BR32: 28918.897 | BS32: 30448.899 | BT32: 28798.677 | BU32: 31306.806 | BV32: 29516.683 | BW32: 29548.351 | BX32: 30655.192 | BY32: 30496.139 | BZ32: 32855.444 | CA32: 34102.939 | CB32: 34674.731 | CC32: 33829.856 | CD32: 33521.801 | CE32: 35060.823 | CF32: 33424.271 | CG32: 35944.515 | CH32: 34157.441 | CI32: 34179.848 | CJ32: 35268.81 | CK32: 35089.495 | CL32: 37444.071 | CM32: 38712.793 | CN32: 39311.426 | CO32: 38473.286 | CP32: 38125.682 | CQ32: 39551.168 | CR32: 37831.238 | CS32: 39353.211 | CT32: 38494.845 | CU32: 40703.487 | CW32: -1
C33: Actual | CW33: 0
A34: Am1304 | B34: adm | C34: Forecast | D34: 147.88497 | E34: 109.91692 | F34: 90.515936 | G34: 86.527501 | H34: 60.431949 | I34: 87.747656 | J34: 75.716779 | K34: 102.83992 | L34: 81.059739 | M34: 93.202814 | N34: 85.400504 | O34: 77.119204 | P34: 82.724717 | Q34: 66.452962 | R34: 55.935741 | S34: 60.226876 | T34: 41.484616 | U34: 74.576368 | V34: 67.820969 | W34: 99.074776 | X34: 80.763935 | Y34: 95.756679 | Z34: 90.206465 | AA34: 83.765294 | AB34: 90.881108 | AC34: 75.893374 | AD34: 66.530351 | AE34: 71.892829 | AF34: 54.162189 | AG34: 88.213405 | AH34: 82.366963 | AI34: 114.4806 | AJ34: 96.98299 | AK34: 112.74606 | AL34: 107.92628 | AM34: 102.17702 | AN34: 109.94634 | AO34: 95.573893 | AP34: 86.789638 | AQ34: 92.698037 | AR34: 75.485459 | AS34: 110.03204 | AT34: 104.66248 | AU34: 137.23714 | AV34: 120.18578 | AW34: 136.3803 | AX34: 131.97674 | AY34: 126.62811 | AZ34: 134.78241 | BA34: 120.77956 | BB34: 112.34997 | BC34: 118.59858 | BD34: 101.71221 | BE34: 136.57137 | BF34: 131.50097 | BG34: 164.36153 | BH34: 147.58288 | BI34: 164.03705 | BJ34: 159.88047 | BK34: 154.76687 | BL34: 163.14528 | BM34: 149.3566 | BN34: 141.13188 | BO34: 147.57593 | BP34: 130.87476 | BQ34: 165.90778 | BR34: 160.99942 | BS34: 194.01092 | BT34: 177.3741 | BU34: 193.96335 | BV34: 189.93612 | BW34: 184.94444 | BX34: 193.43267 | BY34: 179.73572 | BZ34: 171.58075 | CA34: 178.07423 | CB34: 161.41031 | CC34: 196.48182 | CD34: 191.6234 | CE34: 224.69732 | CF34: 208.12581 | CG34: 224.75863 | CH34: 220.74158 | CI34: 215.72652 | CJ34: 224.14922 | CK34: 210.45818 | CL34: 202.28908 | CM34: 208.80602 | CN34: 192.42321 | CO34: 226.9159 | CP34: 221.60258 | CQ34: 254.67496 | CR34: 234.51262 | CS34: 256.66638 | CT34: 246.65879 | CU34: 242.79246 | CW34: 1
C35: Actual | CW35: 0
A36: Am1304 | B36: desl | C36: Forecast | D36: 96.325959 | E36: 90.710778 | F36: 90.741475 | G36: 85.447372 | H36: 83.663615 | I36: 75.453126 | J36: 72.762738 | K36: 72.979955 | L36: 67.637246 | M36: 68.148412 | N36: 58.7829 | O36: 54.422722 | P36: 53.281252 | Q36: 51.810058 | R36: 59.536967 | S36: 62.795701 | T36: 66.982354 | U36: 64.541197 | V36: 66.283396 | W36: 70.343072 | X36: 68.228082 | Y36: 71.347151 | Z36: 64.172969 | AA36: 61.621867 | AB36: 61.998425 | AC36: 61.848222 | AD36: 70.754071 | AE36: 75.092735 | AF36: 80.287497 | AG36: 78.797138 | AH36: 81.440289 | AI36: 86.354959 | AJ36: 85.052482 | AK36: 88.944586 | AL36: 82.506101 | AM36: 80.654458 | AN36: 81.694702 | AO36: 82.173188 | AP36: 91.674436 | AQ36: 96.577966 | AR36: 102.31056 | AS36: 101.33462 | AT36: 104.47189 | AU36: 109.86258 | AV36: 109.01928 | AW36: 113.35424 | AX36: 107.34244 | AY36: 105.90134 | AZ36: 107.3361 | BA36: 108.19333 | BB36: 118.05788 | BC36: 123.3097 | BD36: 129.376 | BE36: 128.71959 | BF36: 132.16253 | BG36: 137.84525 | BH36: 137.28047 | BI36: 141.88059 | BJ36: 136.12092 | BK36: 134.91952 | BL36: 136.58239 | BM36: 137.65694 | BN36: 147.72856 | BO36: 153.17708 | BP36: 159.429 | BQ36: 158.94622 | BR36: 162.55034 | BS36: 168.38238 | BT36: 167.95679 | BU36: 172.68817 | BV36: 167.05318 | BW36: 165.96912 | BX36: 167.73878 | BY36: 168.90509 | BZ36: 179.05027 | CA36: 184.555 | CB36: 190.85178 | CC36: 190.4115 | CD36: 194.06326 | CE36: 199.94843 | CF36: 199.57139 | CG36: 204.32868 | CH36: 198.67931 | CI36: 197.53985 | CJ36: 199.23321 | CK36: 200.32295 | CL36: 210.45479 | CM36: 216.00892 | CN36: 222.34548 | CO36: 221.8946 | CP36: 225.19672 | CQ36: 230.35281 | CR36: 229.16708 | CS36: 231.60354 | CT36: 231.4434 | CU36: 238.71726 | CW36: -1
C37: Actual | CW37: 0
A38: Rr1401 | B38: adm | C38: Forecast | D38: 1653.7529 | E38: 1562.4766 | F38: 1460.4409 | G38: 1488.3553 | H38: 1252.724 | I38: 1534.3676 | J38: 1379.9132 | K38: 1630.4986 | L38: 1574.7121 | M38: 1612.316 | N38: 1720.8331 | O38: 1667.8612 | P38: 1754.8513 | Q38: 1718.8478 | R38: 1593.9492 | S38: 1645.9108 | T38: 1417.5458 | U38: 1714.2823 | V38: 1573.6082 | W38: 1834.8253 | X38: 1787.5039 | Y38: 1830.6172 | Z38: 1941.5659 | AA38: 1889.3576 | AB38: 1976.0818 | AC38: 1939.8093 | AD38: 1815.3732 | AE38: 1868.7273 | AF38: 1642.5502 | AG38: 1941.9937 | AH38: 1804.2863 | AI38: 2068.5494 | AJ38: 2024.2571 | AK38: 2070.3346 | AL38: 2184.1417 | AM38: 2134.6355 | AN38: 2223.8523 | AO38: 2189.828 | AP38: 2067.4001 | AQ38: 2122.5662 | AR38: 1898.0727 | AS38: 2199.1398 | AT38: 2063.0449 | AU38: 2328.9309 | AV38: 2286.2686 | AW38: 2333.9662 | AX38: 2449.3642 | AY38: 2401.4053 | AZ38: 2492.1184 | BA38: 2459.5379 | BB38: 2338.5015 | BC38: 2395.0081 | BD38: 2171.8055 | BE38: 2474.1161 | BF38: 2339.2196 | BG38: 2606.2608 | BH38: 2564.7103 | BI38: 2613.4742 | BJ38: 2729.8914 | BK38: 2682.9066 | BL38: 2774.5578 | BM38: 2742.8936 | BN38: 2622.767 | BO38: 2680.1841 | BP38: 2457.8861 | BQ38: 2761.0747 | BR38: 2627.0053 | BS38: 2894.8095 | BT38: 2853.9689 | BU38: 2903.4252 | BV38: 3020.5584 | BW38: 2974.33 | BX38: 3066.7433 | BY38: 3035.7585 | BZ38: 2916.1233 | CA38: 2973.7857 | CB38: 2751.5349 | CC38: 3054.7653 | CD38: 2920.9833 | CE38: 3189.522 | CF38: 3149.9209 | CG38: 3200.808 | CH38: 3319.2283 | CI38: 3273.7802 | CJ38: 3365.9659 | CK38: 3335.3499 | CL38: 3215.5554 | CM38: 3273.0806 | CN38: 3057.0092 | CO38: 3355.9962 | CP38: 3224.7047 | CQ38: 3499.9645 | CR38: 3409.1781 | CS38: 3553.4378 | CT38: 3564.2513 | CU38: 3477.5073 | CW38: 1
C39: Actual | CW39: 0
A40: Rr1401 | B40: desl | C40: Forecast | D40: 1541.5052 | E40: 1340.7305 | F40: 1474.8776 | G40: 1476.1222 | H40: 1363.6645 | I40: 1515.989 | J40: 1331.3008 | K40: 1668.6209 | L40: 1350.8942 | M40: 1653.5113 | N40: 1472.5038 | O40: 1465.1767 | P40: 1590.185 | Q40: 1455.4041 | R40: 1557.609 | S40: 1602.9558 | T40: 1491.9632 | U40: 1668.2816 | V40: 1495.9252 | W40: 1849.2155 | X40: 1542.9657 | Y40: 1853.4458 | Z40: 1676.9573 | AA40: 1671.9672 | AB40: 1798.2401 | AC40: 1665.0889 | AD40: 1769.7538 | AE40: 1818.4504 | AF40: 1711.4799 | AG40: 1892.1719 | AH40: 1724.2905 | AI40: 2082.0383 | AJ40: 1780.2047 | AK40: 2095.0535 | AL40: 1922.845 | AM40: 1921.9626 | AN40: 2052.0776 | AO40: 1922.4463 | AP40: 2030.3118 | AQ40: 2081.9481 | AR40: 1977.7435 | AS40: 2161.1101 | AT40: 1995.8657 | AU40: 2356.2305 | AV40: 2056.9829 | AW40: 2374.3643 | AX40: 2204.6142 | AY40: 2206.1049 | AZ40: 2338.5061 | BA40: 2211.0773 | BB40: 2321.0653 | BC40: 2374.7456 | BD40: 2272.5063 | BE40: 2457.7591 | BF40: 2294.3219 | BG40: 2656.4157 | BH40: 2358.8204 | BI40: 2677.7792 | BJ40: 2509.5353 | BK40: 2512.4679 | BL40: 2646.2571 | BM40: 2520.1734 | BN40: 2631.4709 | BO40: 2686.4236 | BP40: 2585.4087 | BQ40: 2771.822 | BR40: 2609.4707 | BS40: 2972.5799 | BT40: 2675.9511 | BU40: 2995.8568 | BV40: 2828.5582 | BW40: 2832.4196 | BX40: 2967.0663 | BY40: 2841.6918 | BZ40: 2953.4929 | CA40: 3008.7538 | CB40: 2907.9548 | CC40: 3094.6695 | CD40: 2932.8712 | CE40: 3296.8566 | CF40: 3001.3429 | CG40: 3322.3037 | CH40: 3155.743 | CI40: 3159.8443 | CJ40: 3294.3461 | CK40: 3169.1116 | CL40: 3281.2603 | CM40: 3338.0825 | CN40: 3241.3484 | CO40: 3425.7067 | CP40: 3266.5316 | CQ40: 3621.5121 | CR40: 3310.7875 | CS40: 3625.8329 | CT40: 3437.2553 | CU40: 3581.7258 | CW40: -1
C41: Actual | CW41: 0
A42: Rr1402 | B42: adm | C42: Forecast | D42: 77.643607 | E42: 61.410914 | F42: 48.552616 | G42: 42.965554 | H42: 35.634056 | I42: 45.534627 | J42: 43.97405 | K42: 56.202742 | L42: 55.163134 | M42: 55.874059 | N42: 60.023993 | O42: 53.932351 | P42: 54.337902 | Q42: 48.144251 | R42: 40.393272 | S42: 39.149709 | T42: 35.05189 | U42: 47.634453 | V42: 48.430502 | W42: 62.68179 | X42: 63.52595 | Y42: 65.811956 | Z42: 71.238987 | AA42: 66.122637 | AB42: 67.2407 | AC42: 61.578204 | AD42: 54.264085 | AE42: 53.425584 | AF42: 49.735735 | AG42: 62.741616 | AH42: 63.975315 | AI42: 78.673686 | AJ42: 79.971681 | AK42: 82.717933 | AL42: 88.611038 | AM42: 83.96327 | AN42: 85.5456 | AO42: 80.334431 | AP42: 73.451159 | AQ42: 73.018847 | AR42: 69.710445 | AS42: 83.076184 | AT42: 84.652733 | AU42: 99.681159 | AV42: 101.29918 | AW42: 104.35656 | AX42: 110.55192 | AY42: 106.19713 | AZ42: 108.06279 | BA42: 103.12525 | BB42: 96.505987 | BC42: 96.328181 | BD42: 93.264874 | BE42: 106.86637 | BF42: 108.66944 | BG42: 123.91526 | BH42: 125.74157 | BI42: 128.99799 | BJ42: 135.38284 | BK42: 131.20781 | BL42: 133.24385 | BM42: 128.46827 | BN42: 122.00419 | BO42: 121.9764 | BP42: 119.05875 | BQ42: 132.80096 | BR42: 134.7379 | BS42: 150.10854 | BT42: 152.04964 | BU42: 155.41226 | BV42: 161.89848 | BW42: 157.82408 | BX42: 159.9613 | BY42: 155.28336 | BZ42: 148.90378 | CA42: 148.93591 | CB42: 146.04691 | CC42: 159.79125 | CD42: 161.72091 | CE42: 177.10022 | CF42: 179.08549 | CG42: 182.52817 | CH42: 189.11453 | CI42: 185.10864 | CJ42: 187.25677 | CK42: 182.54978 | CL42: 176.0413 | CM42: 176.04329 | CN42: 173.20326 | CO42: 186.82379 | CP42: 189.28663 | CQ42: 203.80655 | CR42: 204.74289 | CS42: 210.27086 | CT42: 211.18284 | CU42: 206.70905 | CW42: 1
C43: Actual | CW43: 0
A44: Rr1402 | B44: desl | C44: Forecast | D44: 78.616373 | E44: 58.768955 | F44: 56.938877 | G44: 45.648924 | H44: 42.588491 | I44: 42.52483 | J44: 44.130187 | K44: 57.128044 | L44: 41.680162 | M44: 59.572909 | N44: 42.159 | O44: 45.414909 | P44: 47.050894 | Q44: 35.605162 | R44: 42.014478 | S44: 36.300318 | T44: 37.106489 | U44: 40.221022 | V44: 44.164009 | W44: 59.359332 | X44: 45.869322 | Y44: 65.540767 | Z44: 49.690272 | AA44: 54.241051 | AB44: 56.909788 | AC44: 46.28013 | AD44: 53.346465 | AE44: 48.195577 | AF44: 49.522209 | AG44: 53.14421 | AH44: 57.593607 | AI44: 73.29624 | AJ44: 60.314079 | AK44: 80.494783 | AL44: 65.156627 | AM44: 70.222909 | AN44: 73.40716 | AO44: 63.286746 | AP44: 70.848344 | AQ44: 66.172033 | AR44: 67.9488 | AS44: 71.996257 | AT44: 76.848942 | AU44: 92.936433 | AV44: 80.324184 | AW44: 100.86221 | AX44: 85.869895 | AY44: 91.270746 | AZ44: 94.778187 | BA44: 84.969542 | BB44: 92.831656 | BC44: 88.444913 | BD44: 90.500578 | BE44: 94.816415 | BF44: 99.926958 | BG44: 116.26167 | BH44: 103.88589 | BI44: 124.64953 | BJ44: 109.87203 | BK44: 115.47716 | BL44: 119.17883 | BM44: 109.55506 | BN44: 117.59349 | BO44: 113.37517 | BP44: 115.59161 | BQ44: 120.06038 | BR44: 125.3155 | BS44: 141.78599 | BT44: 129.53731 | BU44: 150.42031 | BV44: 135.75577 | BW44: 141.46846 | BX44: 145.27183 | BY44: 135.74147 | BZ44: 143.86106 | CA44: 139.70775 | CB44: 141.97186 | CC44: 146.4736 | CD44: 151.75348 | CE44: 168.24939 | CF44: 156.03113 | CG44: 176.94707 | CH44: 162.31236 | CI44: 168.03313 | CJ44: 171.83287 | CK44: 162.26617 | CL44: 170.32304 | CM44: 166.18661 | CN44: 168.36456 | CO44: 172.73717 | CP44: 178.32541 | CQ44: 193.57018 | CR44: 182.20481 | CS44: 199.97972 | CT44: 188.85917 | CU44: 200.44244 | CW44: -1
C45: Actual | CW45: 0
A46: Pa1501 | B46: adm | C46: Forecast | D46: 1313.1601 | E46: 1209.7906 | F46: 1053.8459 | G46: 1143.4892 | H46: 869.36107 | I46: 1090.2795 | J46: 954.85594 | K46: 1196.0752 | L46: 1142.4227 | M46: 1141.5055 | N46: 1261.3932 | O46: 1144.8215 | P46: 1265.3458 | Q46: 1265.1401 | R46: 1136.1889 | S46: 1260.5384 | T46: 1024.9253 | U46: 1272.1934 | V46: 1161.2467 | W46: 1416.6432 | X46: 1372.9329 | Y46: 1377.131 | Z46: 1498.0688 | AA46: 1381.3809 | AB46: 1502.0231 | AC46: 1503.4903 | AD46: 1378.5071 | AE46: 1508.7276 | AF46: 1280.023 | AG46: 1534.3917 | AH46: 1430.1531 | AI46: 1691.6084 | AJ46: 1653.3043 | AK46: 1662.3662 | AL46: 1787.7284 | AM46: 1675.0716 | AN46: 1799.3565 | AO46: 1804.0901 | AP46: 1682.0568 | AQ46: 1815.0181 | AR46: 1588.9677 | AS46: 1846.0013 | AT46: 1744.4833 | AU46: 2008.7038 | AV46: 1973.1609 | AW46: 1984.9209 | AX46: 2112.8709 | AY46: 2002.6681 | AZ46: 2129.2707 | BA46: 2136.1956 | BB46: 2016.2403 | BC46: 2151.1769 | BD46: 1927.007 | BE46: 2185.8321 | BF46: 2086.0212 | BG46: 2351.8669 | BH46: 2317.8661 | BI46: 2331.0815 | BJ46: 2460.3987 | BK46: 2351.4804 | BL46: 2479.3003 | BM46: 2487.3974 | BN46: 2368.5871 | BO46: 2504.6429 | BP46: 2281.5441 | BQ46: 2541.3521 | BR46: 2442.3981 | BS46: 2708.9647 | BT46: 2675.5827 | BU46: 2689.3831 | BV46: 2819.3162 | BW46: 2711.0553 | BX46: 2839.4974 | BY46: 2848.0315 | BZ46: 2729.3239 | CA46: 2865.108 | CB46: 2641.5102 | CC46: 2900.9343 | CD46: 2802.0917 | CE46: 3069.4665 | CF46: 3037.478 | CG46: 3052.6519 | CH46: 3183.2359 | CI46: 3074.4757 | CJ46: 3200.8926 | CK46: 3207.7132 | CL46: 3087.6708 | CM46: 3222.5899 | CN46: 3004.7639 | CO46: 3261.1764 | CP46: 3157.7099 | CQ46: 3432.8749 | CR46: 3346.6925 | CS46: 3427.818 | CT46: 3474.2901 | CU46: 3372.7968 | CW46: 1
C47: Actual | CW47: 0
A48: Pa1501 | B48: desl | C48: Forecast | D48: 958.523 | E48: 877.017 | F48: 1076.8055 | G48: 1198.9087 | H48: 1235.3524 | I48: 1220.0349 | J48: 1105.886 | K48: 1255.1718 | L48: 961.08559 | M48: 1182.4248 | N48: 910.97338 | O48: 847.66751 | P48: 905.02157 | Q48: 825.06841 | R48: 1049.1347 | S48: 1214.4931 | T48: 1298.8581 | U48: 1323.6883 | V48: 1241.9511 | W48: 1416.2996 | X48: 1140.5116 | Y48: 1371.4939 | Z48: 1103.7729 | AA48: 1040.8047 | AB48: 1097.9301 | AC48: 1019.7524 | AD48: 1248.6498 | AE48: 1421.6202 | AF48: 1515.4042 | AG48: 1550.3171 | AH48: 1478.4143 | AI48: 1661.871 | AJ48: 1394.3683 | AK48: 1632.9081 | AL48: 1372.1264 | AM48: 1315.5154 | AN48: 1378.3963 | AO48: 1305.3698 | AP48: 1538.8836 | AQ48: 1716.0823 | AR48: 1813.8896 | AS48: 1852.7825 | AT48: 1784.9091 | AU48: 1972.4555 | AV48: 1709.0497 | AW48: 1951.6143 | AX48: 1694.7142 | AY48: 1641.7998 | AZ48: 1708.1802 | BA48: 1638.4649 | BB48: 1875.1177 | BC48: 2055.2983 | BD48: 2155.9417 | BE48: 2197.5321 | BF48: 2132.2223 | BG48: 2322.1996 | BH48: 2061.091 | BI48: 2305.817 | BJ48: 2050.9456 | BK48: 1999.9397 | BL48: 2068.1329 | BM48: 2000.1621 | BN48: 2238.509 | BO48: 2420.326 | BP48: 2522.5111 | BQ48: 2565.4946 | BR48: 2501.3879 | BS48: 2692.3805 | BT48: 2432.158 | BU48: 2677.735 | BV48: 2423.7532 | BW48: 2373.6659 | BX48: 2442.6818 | BY48: 2375.2362 | BZ48: 2613.6401 | CA48: 2795.0437 | CB48: 2896.5964 | CC48: 2939.1792 | CD48: 2875.3532 | CE48: 3067.4779 | CF48: 2808.9163 | CG48: 3055.8815 | CH48: 2802.0408 | CI48: 2750.3811 | CJ48: 2816.5939 | CK48: 2745.988 | CL48: 2982.9353 | CM48: 3165.8015 | CN48: 3269.7609 | CO48: 3313.2811 | CP48: 3244.1885 | CQ48: 3423.0538 | CR48: 3157.8959 | CS48: 3315.8579 | CT48: 3127.9386 | CU48: 3316.2505 | CW48: -1
C49: Actual | CW49: 0
A50: Pa1502 | B50: adm | C50: Forecast | D50: 196.32367 | E50: 182.85624 | F50: 147.09903 | G50: 141.26617 | H50: 100.31725 | I50: 150.62294 | J50: 133.02309 | K50: 169.52518 | L50: 170.78744 | M50: 160.35503 | N50: 193.7254 | O50: 186.18293 | P50: 199.12169 | Q50: 197.56575 | R50: 159.83896 | S50: 152.10448 | T50: 109.21039 | U50: 156.3815 | V50: 136.76604 | W50: 171.01614 | X50: 170.2936 | Y50: 158.14851 | Z50: 189.98585 | AA50: 181.22018 | AB50: 193.15021 | AC50: 190.72097 | AD50: 152.21065 | AE50: 143.72288 | AF50: 100.07715 | AG50: 146.49766 | AH50: 126.14716 | AI50: 159.69264 | AJ50: 158.30151 | AK50: 145.52003 | AL50: 176.74476 | AM50: 167.38381 | AN50: 178.73466 | AO50: 175.74549 | AP50: 136.6994 | AQ50: 127.7035 | AR50: 83.577473 | AS50: 129.54243 | AT50: 108.75645 | AU50: 141.88221 | AV50: 140.08459 | AW50: 126.90922 | AX50: 157.75338 | AY50: 148.02625 | AZ50: 159.02596 | BA50: 155.70073 | BB50: 116.33314 | BC50: 107.02963 | BD50: 62.609204 | BE50: 108.29241 | BF50: 87.236851 | BG50: 120.10482 | BH50: 118.06102 | BI50: 104.65124 | BJ50: 135.27317 | BK50: 125.33639 | BL50: 136.139 | BM50: 132.62835 | BN50: 93.08542 | BO50: 83.614952 | BP50: 39.035191 | BQ50: 84.56767 | BR50: 63.372626 | BS50: 96.115404 | BT50: 93.962001 | BU50: 80.455915 | BV50: 110.98869 | BW50: 100.96232 | BX50: 111.67024 | BY50: 108.06211 | BZ50: 68.429815 | CA50: 58.893262 | CB50: 14.281914 | CC50: 59.819044 | CD50: 38.646946 | CE50: 71.402818 | CF50: 69.234491 | CG50: 55.673609 | CH50: 86.174968 | CI50: 76.17238 | CJ50: 86.959065 | CK50: 83.718979 | CL50: 44.250623 | CM50: 34.769802 | CN50: -9.107378 | CO50: 34.826329 | CP50: 14.549422 | CQ50: 46.507664 | CR50: 39.757206 | CS50: 51.42258 | CT50: 57.984401 | CU50: 27.10247 | CW50: 1
C51: Actual | CW51: 0
A52: Pa1502 | B52: desl | C52: Forecast | D52: 161.81412 | E52: 154.52612 | F52: 181.97334 | G52: 189.0723 | H52: 192.02906 | I52: 178.6186 | J52: 176.35937 | K52: 184.47685 | L52: 150.85138 | M52: 179.38442 | N52: 147.90708 | O52: 150.35679 | P52: 165.12355 | Q52: 153.57378 | R52: 178.23892 | S52: 184.7035 | T52: 184.98156 | U52: 169.70519 | V52: 165.00325 | W52: 171.07186 | X52: 135.83922 | Y52: 163.13271 | Z52: 130.95526 | AA52: 133.09675 | AB52: 147.81686 | AC52: 136.35675 | AD52: 161.09416 | AE52: 167.52484 | AF52: 167.64504 | AG52: 152.10992 | AH52: 147.08255 | AI52: 152.78686 | AJ52: 117.16869 | AK52: 144.06588 | AL52: 111.4905 | AM52: 113.24341 | AN52: 127.5968 | AO52: 115.8029 | AP52: 140.24495 | AQ52: 146.41664 | AR52: 146.30591 | AS52: 130.55696 | AT52: 125.32305 | AU52: 130.82193 | AV52: 94.997427 | AW52: 121.68843 | AX52: 88.909319 | AY52: 90.463084 | AZ52: 104.62323 | BA52: 92.642563 | BB52: 116.90467 | BC52: 122.90369 | BD52: 122.62806 | BE52: 106.72224 | BF52: 101.33919 | BG52: 106.69587 | BH52: 70.735286 | BI52: 97.296036 | BJ52: 64.393011 | BK52: 65.830267 | BL52: 79.881984 | BM52: 67.80025 | BN52: 91.966082 | BO52: 97.869869 | BP52: 97.496913 | BQ52: 81.491259 | BR52: 76.009355 | BS52: 81.274592 | BT52: 45.236161 | BU52: 71.734594 | BV52: 38.780087 | BW52: 40.166808 | BX52: 54.159555 | BY52: 42.009207 | BZ52: 66.108465 | CA52: 71.970051 | CB52: 71.600739 | CC52: 55.647432 | CD52: 50.241071 | CE52: 55.551785 | CF52: 19.468355 | CG52: 45.807677 | CH52: 12.594737 | CI52: 13.727496 | CJ52: 27.59906 | CK52: 15.42449 | CL52: 39.781412 | CM52: 46.005609 | CN52: 45.437942 | CO52: 29.766232 | CP52: 23.322964 | CQ52: 29.134488 | CR52: -5.1026452 | CS52: 8.3293651 | CT52: -9.6197188 | CU52: 13.27395 | CW52: -1
C53: Actual | CW53: 0
A54: Pa1503 | B54: adm | C54: Forecast | D54: 10738.317 | E54: 10637.575 | F54: 9783.461 | G54: 10073.691 | H54: 8488.2475 | I54: 9434.0005 | J54: 8687.3605 | K54: 9983.7977 | L54: 10215.718 | M54: 9956.095 | N54: 11000.664 | O54: 10365.124 | P54: 10988.934 | Q54: 11268.904 | R54: 10496.288 | S54: 11010.037 | T54: 9648.1798 | U54: 10773.019 | V54: 10203.686 | W54: 11638.567 | X54: 11982.122 | Y54: 11803.513 | Z54: 12900.773 | AA54: 12301.756 | AB54: 12953.691 | AC54: 13261.522 | AD54: 12522.039 | AE54: 13074.654 | AF54: 11755.513 | AG54: 12924.619 | AH54: 12399.501 | AI54: 13877.872 | AJ54: 14264.099 | AK54: 14127.303 | AL54: 15265.194 | AM54: 14705.016 | AN54: 15393.363 | AO54: 15734.818 | AP54: 15026.268 | AQ54: 15607.622 | AR54: 14315.699 | AS54: 15511.108 | AT54: 15011.75 | AU54: 16515.44 | AV54: 16926.454 | AW54: 16813.747 | AX54: 17974.894 | AY54: 17437.074 | AZ54: 18146.876 | BA54: 18508.913 | BB54: 17820.095 | BC54: 18420.35 | BD54: 17146.504 | BE54: 18359.182 | BF54: 17876.295 | BG54: 19395.666 | BH54: 19821.561 | BI54: 19722.927 | BJ54: 20897.346 | BK54: 20372.056 | BL54: 21093.768 | BM54: 21467.242 | BN54: 20789.501 | BO54: 21400.473 | BP54: 20136.851 | BQ54: 21359.037 | BR54: 20884.764 | BS54: 22411.85 | BT54: 22844.801 | BU54: 22752.948 | BV54: 23934.159 | BW54: 23415.577 | BX54: 24143.295 | BY54: 24521.097 | BZ54: 23845.188 | CA54: 24455.458 | CB54: 23189.734 | CC54: 24410.641 | CD54: 23938.154 | CE54: 25471.137 | CF54: 25913.194 | CG54: 25829.844 | CH54: 27015.501 | CI54: 26495.259 | CJ54: 27213.983 | CK54: 27587.473 | CL54: 26907.666 | CM54: 27516.925 | CN54: 26285.008 | CO54: 27459.461 | CP54: 26967.726 | CQ54: 28504.782 | CR54: 28616.619 | CS54: 29020.758 | CT54: 29738.317 | CU54: 29207.69 | CW54: 1
C55: Actual | CW55: 0
A56: Pa1503 | B56: desl | C56: Forecast | D56: 9015.4777 | E56: 8424.4732 | F56: 9698.4736 | G56: 10300.244 | H56: 10395.187 | I56: 9501.2857 | J56: 9069.7102 | K56: 9883.5573 | L56: 8593.0851 | M56: 9573.2038 | N56: 8506.6965 | O56: 7763.1803 | P56: 8532.3887 | Q56: 8293.8208 | R56: 9645.5112 | S56: 10593.552 | T56: 10950.268 | U56: 10336.938 | V56: 10121.413 | W56: 11137.783 | X56: 10017.281 | Y56: 11126 | Z56: 10158.581 | AA56: 9490.5125 | AB56: 10323.754 | AC56: 10149.618 | AD56: 11570.949 | AE56: 12593.734 | AF56: 13027.665 | AG56: 12490.89 | AH56: 12349.022 | AI56: 13435.423 | AJ56: 12381.755 | AK56: 13554.845 | AL56: 12649.692 | AM56: 12041.544 | AN56: 12931.782 | AO56: 12811.269 | AP56: 14282.827 | AQ56: 15352.887 | AR56: 15831.848 | AS56: 15338.546 | AT56: 15239.044 | AU56: 16366.836 | AV56: 15353.466 | AW56: 16565.542 | AX56: 15697.88 | AY56: 15125.646 | AZ56: 16050.24 | BA56: 15962.597 | BB56: 17465.623 | BC56: 18565.813 | BD56: 19073.611 | BE56: 18607.881 | BF56: 18534.701 | BG56: 19687.562 | BH56: 18697.988 | BI56: 19932.569 | BJ56: 19086.142 | BK56: 18533.965 | BL56: 19477.606 | BM56: 19408.191 | BN56: 20928.747 | BO56: 22045.732 | BP56: 22569.368 | BQ56: 22118.209 | BR56: 22058.104 | BS56: 23222.596 | BT56: 22243.605 | BU56: 23488.304 | BV56: 22651.959 | BW56: 22109.713 | BX56: 23062.307 | BY56: 22999.589 | BZ56: 24523.554 | CA56: 25640.699 | CB56: 26162.854 | CC56: 25711.337 | CD56: 25654.671 | CE56: 26827.326 | CF56: 25859.041 | CG56: 27112.021 | CH56: 26275.902 | CI56: 25723.178 | CJ56: 26658.592 | CK56: 26576.569 | CL56: 28091.932 | CM56: 29222.114 | CN56: 29755.114 | CO56: 29303.848 | CP56: 29226.535 | CQ56: 30277.004 | CR56: 29286.136 | CS56: 29912.068 | CT56: 29667.163 | CU56: 30829.277 | CW56: -1
C57: Actual | CW57: 0
A58: Pa1504 | B58: adm | C58: Forecast | D58: 1647.1807 | E58: 1580.8839 | F58: 1398.9102 | G58: 1531.0751 | H58: 1109.8196 | I58: 1385.0526 | J58: 1071.9863 | K58: 1552.4289 | L58: 1495.9725 | M58: 1512.3623 | N58: 1676.2662 | O58: 1494.1246 | P58: 1637.9644 | Q58: 1716.862 | R58: 1569.9273 | S58: 1749.9396 | T58: 1390.5322 | U58: 1710.863 | V58: 1439.6409 | W58: 1949.782 | X58: 1918.424 | Y58: 1950.299 | Z58: 2121.4778 | AA58: 1942.3539 | AB58: 2087.7288 | AC58: 2169.7022 | AD58: 2029.09 | AE58: 2218.3715 | AF58: 1870.0131 | AG58: 2201.9599 | AH58: 1942.0918 | AI58: 2462.9865 | AJ58: 2441.812 | AK58: 2483.4427 | AL58: 2663.9996 | AM58: 2493.7804 | AN58: 2647.4173 | AO58: 2736.8941 | AP58: 2603.0512 | AQ58: 2798.5307 | AR58: 2456.029 | AS58: 2793.6996 | AT58: 2539.5435 | AU58: 3066.1572 | AV58: 3050.6514 | AW58: 3097.8166 | AX58: 3283.7048 | AY58: 3118.5797 | AZ58: 3277.0713 | BA58: 3371.1779 | BB58: 3241.7564 | BC58: 3441.4606 | BD58: 3102.9941 | BE58: 3444.5162 | BF58: 3194.0328 | BG58: 3724.1406 | BH58: 3711.9444 | BI58: 3762.2245 | BJ58: 3951.0294 | BK58: 3788.6375 | BL58: 3949.7182 | BM58: 4046.3237 | BN58: 3919.3537 | BO58: 4121.4642 | BP58: 3785.3057 | BQ58: 4128.945 | BR58: 3880.3044 | BS58: 4411.9664 | BT58: 4401.124 | BU58: 4452.7226 | BV58: 4642.9594 | BW58: 4482.1259 | BX58: 4644.6934 | BY58: 4742.3446 | BZ58: 4615.6196 | CA58: 4817.0759 | CB58: 4479.712 | CC58: 4822.3867 | CD58: 4573.8868 | CE58: 5107.2614 | CF58: 5099.3914 | CG58: 5153.8122 | CH58: 5345.2456 | CI58: 5182.9199 | CJ58: 5341.1272 | CK58: 5435.4878 | CL58: 5306.0031 | CM58: 5508.1181 | CN58: 5182.3548 | CO58: 5515.9488 | CP58: 5267.3518 | CQ58: 5794.3757 | CR58: 5691.1065 | CS58: 5861.8741 | CT58: 5919.9363 | CU58: 5866.5274 | CW58: 1
C59: Actual | CW59: 0
A60: Pa1504 | B60: desl | C60: Forecast | D60: 1478.2984 | E60: 1242.075 | F60: 1419.0351 | G60: 1449.1055 | H60: 1463.6274 | I60: 1552.3426 | J60: 1370.0093 | K60: 1597.5593 | L60: 1188.0765 | M60: 1557.5141 | N60: 1204.8719 | O60: 1218.9585 | P60: 1254.3894 | Q60: 1076.9691 | R60: 1308.1015 | S60: 1417.749 | T60: 1492.5291 | U60: 1647.0618 | V60: 1520.0403 | W60: 1796.1562 | X60: 1428.6825 | Y60: 1831.6943 | Z60: 1505.8289 | AA60: 1540.0995 | AB60: 1591.0714 | AC60: 1427.0388 | AD60: 1671.2979 | AE60: 1794.9363 | AF60: 1884.8112 | AG60: 2055.1473 | AH60: 1944.0204 | AI60: 2235.6019 | AJ60: 1882.902 | AK60: 2299.9615 | AL60: 1987.4934 | AM60: 2034.5745 | AN60: 2097.7646 | AO60: 1945.3054 | AP60: 2200.4512 | AQ60: 2334.3055 | AR60: 2433.812 | AS60: 2613.3252 | AT60: 2511.0498 | AU60: 2811.2469 | AV60: 2466.9596 | AW60: 2892.2149 | AX60: 2587.6873 | AY60: 2642.4159 | AZ60: 2712.938 | BA60: 2567.4912 | BB60: 2829.3391 | BC60: 2969.5995 | BD60: 3075.2303 | BE60: 3260.5976 | BF60: 3163.9147 | BG60: 3469.4478 | BH60: 3130.2414 | BI60: 3560.3202 | BJ60: 3260.3573 | BK60: 3319.396 | BL60: 3393.99 | BM60: 3252.4054 | BN60: 3517.9375 | BO60: 3661.7244 | BP60: 3770.717 | BQ60: 3959.2449 | BR60: 3865.469 | BS60: 4173.6186 | BT60: 3836.7479 | BU60: 4268.9491 | BV60: 3970.9954 | BW60: 4032.0052 | BX60: 4108.5165 | BY60: 3968.6608 | BZ60: 4235.5213 | CA60: 4380.0596 | CB60: 4489.2277 | CC60: 4677.605 | CD60: 4583.7966 | CE60: 4892.4706 | CF60: 4556.8005 | CG60: 4990.5256 | CH60: 4693.5828 | CI60: 4754.1324 | CJ60: 4828.4983 | CK60: 4684.8713 | CL60: 4948.0057 | CM60: 5091.8916 | CN60: 5200.7801 | CO60: 5391.9671 | CP60: 5299.1991 | CQ60: 5593.3185 | CR60: 5252.7098 | CS60: 5610.097 | CT60: 5342.0236 | CU60: 5605.2381 | CW60: -1
C61: Actual | CW61: 0
A62: Pa1505 | B62: adm | C62: Forecast | D62: 1073.7408 | E62: 835.33088 | F62: 511.30425 | G62: 694.38123 | H62: 248.17319 | I62: 668.19828 | J62: 420.25832 | K62: 1016.3029 | L62: 1160.5795 | M62: 1123.1471 | N62: 1505.0585 | O62: 1085.939 | P62: 1195.1001 | Q62: 1147.9571 | R62: 838.42081 | S62: 1095.1051 | T62: 744.9492 | U62: 1263.9519 | V62: 1123.9306 | W62: 1818.736 | X62: 2053.2002 | Y62: 2083.7825 | Z62: 2507.2491 | AA62: 2107.9729 | AB62: 2221.6359 | AC62: 2172.1444 | AD62: 1861.1233 | AE62: 2121.7166 | AF62: 1782.3077 | AG62: 2318.0383 | AH62: 2198.8922 | AI62: 2917.0339 | AJ62: 3176.1967 | AK62: 3232.1905 | AL62: 3681.2542 | AM62: 3307.1469 | AN62: 3444.8426 | AO62: 3417.6072 | AP62: 3126.7014 | AQ62: 3405.2968 | AR62: 3082.1583 | AS62: 3632.9978 | AT62: 3528.3542 | AU62: 4260.7779 | AV62: 4534.1669 | AW62: 4604.3127 | AX62: 5067.3375 | AY62: 4706.8692 | AZ62: 4857.787 | BA62: 4843.3107 | BB62: 4564.6917 | BC62: 4855.1096 | BD62: 4543.3406 | BE62: 5105.1032 | BF62: 5010.9339 | BG62: 5753.368 | BH62: 6036.2778 | BI62: 6115.4296 | BJ62: 6586.9443 | BK62: 6234.4966 | BL62: 6393.0686 | BM62: 6386.0156 | BN62: 6114.7021 | BO62: 6412.3341 | BP62: 6107.5947 | BQ62: 6676.0226 | BR62: 6587.9885 | BS62: 7336.0036 | BT62: 7624.1288 | BU62: 7708.4749 | BV62: 8185.4608 | BW62: 7838.7472 | BX62: 8002.8199 | BY62: 8000.1387 | BZ62: 7731.1728 | CA62: 8028.8064 | CB62: 7722.4239 | CC62: 8289.3178 | CD62: 8201.9478 | CE62: 8954.1815 | CF62: 9249.766 | CG62: 9342.3114 | CH62: 9825.2106 | CI62: 9479.9144 | CJ62: 9641.0264 | CK62: 9637.5743 | CL62: 9371.3479 | CM62: 9680.4361 | CN62: 9401.2909 | CO62: 9961.0851 | CP62: 9860.606 | CQ62: 10568.577 | CR62: 10716.586 | CS62: 10920.493 | CT62: 11187.685 | CU62: 10980.02 | CW62: 1
C63: Actual | CW63: 0
A64: Pa1505 | B64: desl | C64: Forecast | D64: 1565.3095 | E64: 1531.526 | F64: 1608.0551 | G64: 1674.2096 | H64: 1725.7723 | I64: 1318.8005 | J64: 1469.3099 | K64: 1374.8223 | L64: 1219.1302 | M64: 1239.3826 | N64: 968.6841 | O64: 865.83411 | P64: 932.6601 | Q64: 991.85497 | R64: 1253.5787 | S64: 1439.6677 | T64: 1636.8298 | U64: 1345.6317 | V64: 1587.4857 | W64: 1574.1593 | X64: 1484.7823 | Y64: 1564.5108 | Z64: 1346.9965 | AA64: 1293.9404 | AB64: 1409.4731 | AC64: 1516.8034 | AD64: 1825.767 | AE64: 2057.4173 | AF64: 2297.583 | AG64: 2046.2454 | AH64: 2324.5062 | AI64: 2344.215 | AJ64: 2284.9024 | AK64: 2392.2584 | AL64: 2200.4402 | AM64: 2171.5595 | AN64: 2310.0707 | AO64: 2439.4421 | AP64: 2769.7101 | AQ64: 3022.07 | AR64: 3282.4311 | AS64: 3050.7951 | AT64: 3348.2325 | AU64: 3386.5298 | AV64: 3345.1489 | AW64: 3469.7286 | AX64: 3294.405 | AY64: 3281.2983 | AZ64: 3434.8911 | BA64: 3578.6884 | BB64: 3922.7648 | BC64: 4188.3519 | BD64: 4461.3931 | BE64: 4241.9225 | BF64: 4551.0382 | BG64: 4600.5451 | BH64: 4569.9103 | BI64: 4704.7675 | BJ64: 4539.246 | BK64: 4535.4694 | BL64: 4697.9441 | BM64: 4850.2164 | BN64: 5202.4035 | BO64: 5475.756 | BP64: 5756.1939 | BQ64: 5543.6863 | BR64: 5859.2538 | BS64: 5914.6599 | BT64: 5889.4092 | BU64: 6029.2579 | BV64: 5868.4962 | BW64: 5869.3577 | BX64: 6036.3214 | BY64: 6192.7483 | BZ64: 6548.4938 | CA64: 6824.6409 | CB64: 7107.2085 | CC64: 6896.5701 | CD64: 7214.3348 | CE64: 7272.6962 | CF64: 7251.024 | CG64: 7394.1937 | CH64: 7234.8911 | CI64: 7234.1318 | CJ64: 7396.299 | CK64: 7544.9719 | CL64: 7894.3278 | CM64: 8167.9084 | CN64: 8450.3239 | CO64: 8249.707 | CP64: 8565.2706 | CQ64: 8613.1272 | CR64: 8581.0737 | CS64: 8534.4089 | CT64: 8594.9698 | CU64: 8869.0357 | CW64: -1
C65: Actual | CW65: 0
A66: Pa1506 | B66: adm | C66: Forecast | D66: 7857.333 | E66: 7480.7938 | F66: 6456.1354 | G66: 6628.9684 | H66: 4823.1299 | I66: 6351.4188 | J66: 5604.0506 | K66: 7300.0724 | L66: 7358.2126 | M66: 7240.6524 | N66: 8351.5906 | O66: 7657.9611 | P66: 8358.6081 | Q66: 8255.4856 | R66: 7121.0177 | S66: 7375.0373 | T66: 5655.9436 | U66: 7274.7608 | V66: 6647.9724 | W66: 8437.3554 | X66: 8579.7891 | Y66: 8528.1475 | Z66: 9684.0173 | AA66: 9021.2044 | AB66: 9741.0167 | AC66: 9650.9841 | AD66: 8529.4464 | AE66: 8799.2363 | AF66: 7100.025 | AG66: 8742.6802 | AH66: 8142.7344 | AI66: 9960.7418 | AJ66: 10132.427 | AK66: 10109.756 | AL66: 11293.646 | AM66: 10657.428 | AN66: 11402.089 | AO66: 11334.988 | AP66: 10234.486 | AQ66: 10523.616 | AR66: 8842.3801 | AS66: 10502.021 | AT66: 9918.4099 | AU66: 11752.338 | AV66: 11939.647 | AW66: 11932.314 | AX66: 13131.201 | AY66: 12509.56 | AZ66: 13268.301 | BA66: 13214.733 | BB66: 12127.192 | BC66: 12428.71 | BD66: 10759.305 | BE66: 12430.24 | BF66: 11857.398 | BG66: 13701.571 | BH66: 13898.587 | BI66: 13900.412 | BJ66: 15107.92 | BK66: 14494.409 | BL66: 15260.876 | BM66: 15214.727 | BN66: 14134.362 | BO66: 14442.807 | BP66: 12779.989 | BQ66: 14457.042 | BR66: 13889.757 | BS66: 15738.955 | BT66: 15940.638 | BU66: 15947.012 | BV66: 17159.097 | BW66: 16550.078 | BX66: 17320.513 | BY66: 17277.171 | BZ66: 16197.959 | CA66: 16505.918 | CB66: 14841.703 | CC66: 16517.835 | CD66: 15951.38 | CE66: 17803.674 | CF66: 18010.133 | CG66: 18020.485 | CH66: 19234.399 | CI66: 18624.073 | CJ66: 19388.803 | CK66: 19346.378 | CL66: 18265.312 | CM66: 18573.672 | CN66: 16942.276 | CO66: 18569.853 | CP66: 18004.714 | CQ66: 19858.053 | CR66: 19746.215 | CS66: 20396.993 | CT66: 20953.991 | CU66: 20127.387 | CW66: 1
C67: Actual | CW67: 0
A68: Pa1506 | B68: desl | C68: Forecast | D68: 6055.217 | E68: 5798.7583 | F68: 6900.2292 | G68: 7568.2281 | H68: 7611.5277 | I68: 7039.9385 | J68: 6620.5866 | K68: 7233.08 | L68: 6188.7024 | M68: 6940.7433 | N68: 6107.7899 | O68: 5541.0268 | P68: 6219.528 | Q68: 6059.4278 | R68: 7177.8799 | S68: 8039.0219 | T68: 8209.1316 | U68: 7801.3545 | V68: 7493.2254 | W68: 8214.5143 | X68: 7256.6662 | Y68: 8068.6819 | Z68: 7278.443 | AA68: 6742.1332 | AB68: 7448.1633 | AC68: 7320.9525 | AD68: 8480.2884 | AE68: 9389.1193 | AF68: 9610.6638 | AG68: 9254.7611 | AH68: 8996.5588 | AI68: 9764.7899 | AJ68: 8850.9395 | AK68: 9704.4609 | AL68: 8953.56 | AM68: 8454.4041 | AN68: 9195.1936 | AO68: 9100.2421 | AP68: 10289.522 | AQ68: 11226.451 | AR68: 11474.846 | AS68: 11145.069 | AT68: 10912.568 | AU68: 11706.112 | AV68: 10817.036 | AW68: 11694.57 | AX68: 10966.741 | AY68: 10489.626 | AZ68: 11251.422 | BA68: 11176.491 | BB68: 12384.866 | BC68: 13340.014 | BD68: 13605.789 | BE68: 13292.583 | BF68: 13075.865 | BG68: 13884.416 | BH68: 13009.568 | BI68: 13900.545 | BJ68: 13185.381 | BK68: 12720.202 | BL68: 13493.306 | BM68: 13429.171 | BN68: 14647.909 | BO68: 15612.967 | BP68: 15888.059 | BQ68: 15583.36 | BR68: 15374.164 | BS68: 16189.252 | BT68: 15320.186 | BU68: 16216.583 | BV68: 15506.81 | BW68: 15047.011 | BX68: 15825.035 | BY68: 15764.58 | BZ68: 16985.058 | CA68: 17949.845 | CB68: 18223.571 | CC68: 17918.119 | CD68: 17710.541 | CE68: 18530.312 | CF68: 17667.765 | CG68: 18569.25 | CH68: 17859.015 | CI68: 17391.325 | CJ68: 18155.632 | CK68: 18078.595 | CL68: 19290.305 | CM68: 20258.439 | CN68: 20542.032 | CO68: 20245.255 | CP68: 20020.542 | CQ68: 20796.164 | CR68: 19877.574 | CS68: 20297.927 | CT68: 20061.796 | CU68: 20908.878 | CW68: -1
C69: Actual | CW69: 0
A70: Ap1601 | B70: adm | C70: Forecast | D70: 58.892071 | E70: 72.376582 | F70: 61.006558 | G70: 49.473245 | H70: 11.628153 | I70: 18.399112 | J70: 9.0990977 | K70: 41.441739 | L70: 46.392246 | M70: 61.906489 | N70: 78.760408 | O70: 85.721585 | P70: 103.81176 | Q70: 105.93174 | R70: 88.728073 | S70: 73.069381 | T70: 32.789327 | U70: 37.244428 | V70: 26.233686 | W70: 57.152868 | X70: 60.94029 | Y70: 75.510125 | Z70: 91.52424 | AA70: 97.757778 | AB70: 115.2105 | AC70: 116.75966 | AD70: 99.034497 | AE70: 82.87718 | AF70: 42.102335 | AG70: 46.05933 | AH70: 34.550901 | AI70: 64.98349 | AJ70: 68.306665 | AK70: 82.44186 | AL70: 98.052412 | AM70: 103.91037 | AN70: 121.01048 | AO70: 122.22532 | AP70: 104.18094 | AQ70: 87.717799 | AR70: 46.649613 | AS70: 50.324937 | AT70: 38.545466 | AU70: 68.716484 | AV70: 71.786637 | AW70: 85.67694 | AX70: 101.05083 | AY70: 106.68075 | AZ70: 123.56188 | BA70: 124.56703 | BB70: 106.32232 | BC70: 89.668164 | BD70: 48.41819 | BE70: 51.920771 | BF70: 39.977171 | BG70: 69.991886 | BH70: 72.912519 | BI70: 86.659162 | BJ70: 101.89496 | BK70: 107.39306 | BL70: 124.15017 | BM70: 125.04074 | BN70: 106.69151 | BO70: 89.94173 | BP70: 48.60209 | BQ70: 52.017582 | BR70: 39.98769 | BS70: 69.918449 | BT70: 72.762389 | BU70: 86.445615 | BV70: 101.63432 | BW70: 107.09809 | BX70: 123.823 | BY70: 124.66985 | BZ70: 106.25697 | CA70: 89.428293 | CB70: 48.014913 | CC70: 51.39276 | CD70: 39.384688 | CE70: 69.396632 | CF70: 72.352039 | CG70: 86.115534 | CH70: 101.31465 | CI70: 106.70059 | CJ70: 123.28655 | CK70: 124.14518 | CL70: 105.80207 | CM70: 89.158173 | CN70: 48.445701 | CO70: 51.405198 | CP70: 39.803323 | CQ70: 69.300756 | CR70: 69.299621 | CS70: 91.67565 | CT70: 99.054968 | CU70: 95.398719 | CW70: 1
C71: Actual | CW71: 0
A72: Ap1601 | B72: desl | C72: Forecast | D72: 8.8785334 | E72: 16.566544 | F72: 57.051986 | G72: 72.321495 | H72: 111.82161 | I72: 55.697519 | J72: 57.334267 | K72: 25.636406 | L72: 22.481928 | M72: 35.150474 | N72: 26.183122 | O72: 31.179982 | P72: 38.288762 | Q72: 49.321215 | R72: 85.329505 | S72: 93.775012 | T72: 128.83815 | U72: 69.001155 | V72: 67.310194 | W72: 33.216796 | X72: 27.917754 | Y72: 38.85339 | Z72: 28.53486 | AA72: 32.489321 | AB72: 38.87163 | AC72: 49.431589 | AD72: 85.114526 | AE72: 93.285057 | AF72: 128.05296 | AG72: 67.865566 | AH72: 65.763649 | AI72: 31.215513 | AJ72: 25.442868 | AK72: 35.908151 | AL72: 25.137073 | AM72: 28.663204 | AN72: 34.642957 | AO72: 44.826449 | AP72: 80.159412 | AQ72: 88.006546 | AR72: 122.47636 | AS72: 62.012942 | AT72: 59.65209 | AU72: 24.856608 | AV72: 18.843529 | AW72: 29.072447 | AX72: 18.06832 | AY72: 21.36559 | AZ72: 27.12233 | BA72: 37.090302 | BB72: 72.216365 | BC72: 79.865677 | BD72: 114.14664 | BE72: 53.502836 | BF72: 50.969479 | BG72: 16.00883 | BH72: 9.8376357 | BI72: 19.915553 | BJ72: 8.7678991 | BK72: 11.929533 | BL72: 17.558622 | BM72: 27.406359 | BN72: 62.418315 | BO72: 69.958018 | BP72: 104.13267 | BQ72: 43.385841 | BR72: 40.754175 | BS72: 5.7021618 | BT72: -0.5518533 | BU72: 9.4512046 | BV72: -1.7666234 | BW72: 1.3247067 | BX72: 6.8798518 | BY72: 16.651326 | BZ72: 51.592297 | CA72: 59.07866 | CB72: 93.229982 | CC72: 32.491641 | CD72: 29.891411 | CE72: -5.1262548 | CF72: -11.370252 | CG72: -1.3826077 | CH72: -12.652486 | CI72: -9.6204086 | CJ72: -4.0264004 | CK72: 5.6648611 | CL72: 40.717836 | CM72: 48.414697 | CN72: 81.915934 | CO72: 21.89214 | CP72: 18.698529 | CQ72: -17.636469 | CR72: -14.34647 | CS72: -26.809273 | CT72: -25.37097 | CU72: 2.5174506 | CW72: -1
C73: Actual | CW73: 0
A74: Ap1602 | B74: adm | C74: Forecast | D74: 1966.4416 | E74: 1813.8521 | F74: 1651.478 | G74: 1697.1053 | H74: 1238.7289 | I74: 1372.0805 | J74: 1183.7359 | K74: 1552.9679 | L74: 1466.8139 | M74: 1504.1471 | N74: 1719.6301 | O74: 1461.2018 | P74: 1809.6329 | Q74: 1763.1425 | R74: 1684.4692 | S74: 1844.6681 | T74: 1463.3752 | U74: 1674.2403 | V74: 1551.3693 | W74: 1973.9155 | X74: 1930.8979 | Y74: 2000.8018 | Z74: 2239.895 | AA74: 1998.845 | AB74: 2360.7367 | AC74: 2326.4378 | AD74: 2260.3521 | AE74: 2434.0947 | AF74: 2067.1946 | AG74: 2292.8345 | AH74: 2184.6665 | AI74: 2621.5557 | AJ74: 2592.4006 | AK74: 2675.6573 | AL74: 2927.5613 | AM74: 2698.7076 | AN74: 3072.0892 | AO74: 3048.5161 | AP74: 2992.4119 | AQ74: 3175.4931 | AR74: 2817.4385 | AS74: 3051.5806 | AT74: 2951.68 | AU74: 3396.6514 | AV74: 3375.391 | AW74: 3466.3235 | AX74: 3725.6483 | AY74: 3503.9352 | AZ74: 3884.1674 | BA74: 3867.1574 | BB74: 3817.3367 | BC74: 4006.4309 | BD74: 3654.1279 | BE74: 3893.7676 | BF74: 3799.1163 | BG74: 4249.0902 | BH74: 4232.5836 | BI74: 4328.0184 | BJ74: 4591.5979 | BK74: 4373.9085 | BL74: 4757.9643 | BM74: 4744.6147 | BN74: 4698.3178 | BO74: 4890.7989 | BP74: 4541.7121 | BQ74: 4784.3439 | BR74: 4692.4178 | BS74: 5144.8524 | BT74: 5130.603 | BU74: 5228.1893 | BV74: 5493.8873 | BW74: 5278.2632 | BX74: 5664.1835 | BY74: 5652.2625 | BZ74: 5606.759 | CA74: 5799.3854 | CB74: 5450.0655 | CC74: 5692.6096 | CD74: 5601.2654 | CE74: 6055.1942 | CF74: 6043.1072 | CG74: 6142.5965 | CH74: 6409.0826 | CI74: 6192.5871 | CJ74: 6575.8693 | CK74: 6562.1344 | CL74: 6515.1955 | CM74: 6708.4831 | CN74: 6366.8421 | CO74: 6599.8754 | CP74: 6506.2877 | CQ74: 6950.6508 | CR74: 6869.5662 | CS74: 7027.6395 | CT74: 7243.0083 | CU74: 7144.7852 | CW74: 1
C75: Actual | CW75: 0
A76: Ap1602 | B76: desl | C76: Forecast | D76: 1639.3292 | E76: 1406.8673 | F76: 1617.4691 | G76: 1690.8611 | H76: 1692.5687 | I76: 1638.7893 | J76: 1446.5897 | K76: 1680.2418 | L76: 1238.2915 | M76: 1608.9696 | N76: 1241.5727 | O76: 1178.1422 | P76: 1306.2031 | Q76: 1149.3662 | R76: 1476.0635 | S76: 1642.671 | T76: 1742.8174 | U76: 1781.7978 | V76: 1663.6194 | W76: 1963.3853 | X76: 1576.6215 | Y76: 1991.014 | Z76: 1657.4626 | AA76: 1620.0475 | AB76: 1769.3651 | AC76: 1632.0334 | AD76: 1978.3331 | AE76: 2165.2536 | AF76: 2286.1538 | AG76: 2345.7337 | AH76: 2247.4576 | AI76: 2566.1502 | AJ76: 2197.3399 | AK76: 2628.8518 | AL76: 2311.7047 | AM76: 2289.9921 | AN76: 2454.2366 | AO76: 2330.9774 | AP76: 2690.4865 | AQ76: 2889.8392 | AR76: 3022.5484 | AS76: 3093.4806 | AT76: 3006.2253 | AU76: 3335.6643 | AV76: 2977.3201 | AW76: 3418.9767 | AX76: 3111.6079 | AY76: 3099.2796 | AZ76: 3272.5093 | BA76: 3157.8481 | BB76: 3525.586 | BC76: 3732.8151 | BD76: 3873.0616 | BE76: 3951.2014 | BF76: 3870.831 | BG76: 4206.8354 | BH76: 3854.7365 | BI76: 4302.3163 | BJ76: 4000.5511 | BK76: 3993.5219 | BL76: 4171.7766 | BM76: 4061.9055 | BN76: 4434.231 | BO76: 4645.851 | BP76: 4790.2602 | BQ76: 4872.276 | BR76: 4795.4401 | BS76: 5134.626 | BT76: 4785.4121 | BU76: 5235.6899 | BV76: 4936.5404 | BW76: 4932.0646 | BX76: 5112.6923 | BY76: 5004.7785 | BZ76: 5378.4047 | CA76: 5590.588 | CB76: 5735.0379 | CC76: 5817.0622 | CD76: 5740.7769 | CE76: 6081.3993 | CF76: 5734.2863 | CG76: 6186.5123 | CH76: 5888.0096 | CI76: 5882.0072 | CJ76: 6059.3971 | CK76: 5947.1443 | CL76: 6317.6235 | CM76: 6531.1229 | CN76: 6676.7547 | CO76: 6759.8429 | CP76: 6680.7039 | CQ76: 6992.0216 | CR76: 6644.9827 | CS76: 6972.8487 | CT76: 6748.3013 | CU76: 7062.1314 | CW76: -1
C77: Actual | CW77: 0
A78: To1701 | B78: adm | C78: Forecast | D78: 2732.6107 | E78: 2507.0728 | F78: 2257.0195 | G78: 2335.3284 | H78: 1834.5444 | I78: 2416.3308 | J78: 2294.0632 | K78: 2835.5102 | L78: 2708.3082 | M78: 2706.7509 | N78: 2845.6615 | O78: 2625.7604 | P78: 2802.0373 | Q78: 2671.9716 | R78: 2382.495 | S78: 2495.9504 | T78: 2028.6448 | U78: 2642.5402 | V78: 2562.0867 | W78: 3138.2845 | X78: 3038.1355 | Y78: 3055.053 | Z78: 3203.5927 | AA78: 2988.6709 | AB78: 3167.9114 | AC78: 3041.3584 | AD78: 2757.4521 | AE78: 2878.5228 | AF78: 2420.3041 | AG78: 3044.0419 | AH78: 2973.6544 | AI78: 3559.8992 | AJ78: 3469.693 | AK78: 3496.3768 | AL78: 3654.3527 | AM78: 3448.3174 | AN78: 3635.6982 | AO78: 3516.4546 | AP78: 3239.092 | AQ78: 3366.1243 | AR78: 2913.5128 | AS78: 3542.6978 | AT78: 3477.7103 | AU78: 4069.3329 | AV78: 3984.4471 | AW78: 4016.3368 | AX78: 4179.3559 | AY78: 3978.176 | AZ78: 4170.2186 | BA78: 4055.4478 | BB78: 3782.3746 | BC78: 3913.5166 | BD78: 3464.837 | BE78: 4097.7772 | BF78: 4036.3684 | BG78: 4631.3902 | BH78: 4549.7188 | BI78: 4584.636 | BJ78: 4750.5049 | BK78: 4552.0229 | BL78: 4746.6515 | BM78: 4634.3943 | BN78: 4363.7803 | BO78: 4497.3081 | BP78: 4050.8879 | BQ78: 4685.9017 | BR78: 4626.3556 | BS78: 5223.0714 | BT78: 5143.0301 | BU78: 5179.6272 | BV78: 5347.262 | BW78: 5150.5171 | BX78: 5346.5885 | BY78: 5235.1623 | BZ78: 4964.5846 | CA78: 5097.476 | CB78: 4650.2192 | CC78: 5284.9071 | CD78: 5226.0954 | CE78: 5824.6782 | CF78: 5747.133 | CG78: 5785.5846 | CH78: 5953.7925 | CI78: 5756.3249 | CJ78: 5950.4501 | CK78: 5840.3224 | CL78: 5571.3777 | CM78: 5707.0707 | CN78: 5273.6909 | CO78: 5887.4292 | CP78: 5823.6212 | CQ78: 6419.5857 | CR78: 6220.8519 | CS78: 6439.9012 | CT78: 6477.6969 | CU78: 6240.1813 | CW78: 1
C79: Actual | CW79: 0
A80: To1701 | B80: desl | C80: Forecast | D80: 2373.3899 | E80: 2288.0369 | F80: 2582.1192 | G80: 2751.0474 | H80: 2674.9309 | I80: 2311.495 | J80: 2230.8507 | K80: 2495.5133 | L80: 2255.4214 | M80: 2531.8694 | N80: 2305.7109 | O80: 2060.0946 | P80: 2345.0003 | Q80: 2306.6276 | R80: 2667.9004 | S80: 2927.7785 | T80: 2908.5056 | U80: 2602.9478 | V80: 2559.2354 | W80: 2859.5647 | X80: 2646.7663 | Y80: 2939.1948 | Z80: 2721.4426 | AA80: 2478.546 | AB80: 2764.5547 | AC80: 2729.5137 | AD80: 3097.7372 | AE80: 3367.9622 | AF80: 3361.3073 | AG80: 3069.2765 | AH80: 3038.9665 | AI80: 3352.1087 | AJ80: 3151.5241 | AK80: 3455.7222 | AL80: 3249.3677 | AM80: 3017.394 | AN80: 3313.6477 | AO80: 3288.0192 | AP80: 3664.8146 | AQ80: 3942.9195 | AR80: 3943.6926 | AS80: 3658.8728 | AT80: 3635.7073 | AU80: 3955.9653 | AV80: 3762.4166 | AW80: 4073.4808 | AX80: 3873.7426 | AY80: 3648.0914 | AZ80: 3950.3671 | BA80: 3930.4757 | BB80: 4312.745 | BC80: 4596.078 | BD80: 4601.8445 | BE80: 4321.7891 | BF80: 4303.1603 | BG80: 4627.7229 | BH80: 4438.237 | BI80: 4753.1137 | BJ80: 4556.9413 | BK80: 4334.6356 | BL80: 4640.0859 | BM80: 4623.255 | BN80: 5008.5043 | BO80: 5294.7196 | BP80: 5303.1961 | BQ80: 5025.5753 | BR80: 5009.0332 | BS80: 5335.3538 | BT80: 5147.4279 | BU80: 5463.8588 | BV80: 5269.375 | BW80: 5048.8548 | BX80: 5355.9182 | BY80: 5340.111 | BZ80: 5725.4539 | CA80: 6010.8386 | CB80: 6018.0646 | CC80: 5739.6486 | CD80: 5723.6127 | CE80: 6052.0144 | CF80: 5867.068 | CG80: 6185.7822 | CH80: 5991.0632 | CI80: 5767.1918 | CJ80: 6068.8666 | CK80: 6047.5242 | CL80: 6431.7014 | CM80: 6721.5005 | CN80: 6735.3446 | CO80: 6459.3152 | CP80: 6432.2965 | CQ80: 6740.4041 | CR80: 6531.6228 | CS80: 6645.025 | CT80: 6660.1841 | CU80: 6948.4244 | CW80: -1
C81: Actual | CW81: 0
A82: To1702 | B82: adm | C82: Forecast | D82: 3052.6667 | E82: 2676.7846 | F82: 2390.8138 | G82: 2427.3885 | H82: 1792.0629 | I82: 2390.2754 | J82: 2248.0117 | K82: 2961.4276 | L82: 2831.0685 | M82: 2987.3316 | N82: 3176.9348 | O82: 2931.3294 | P82: 3205.9317 | Q82: 2990.7869 | R82: 2655.7288 | S82: 2749.9906 | T82: 2159.0549 | U82: 2806.425 | V82: 2723.3091 | W82: 3486.336 | X82: 3398.5199 | Y82: 3585.5663 | Z82: 3792.781 | AA82: 3555.7136 | AB82: 3832.7918 | AC82: 3618.3053 | AD82: 3285.3126 | AE82: 3384.4455 | AF82: 2801.3436 | AG82: 3458.8865 | AH82: 3387.4454 | AI82: 4162.9743 | AJ82: 4088.0376 | AK82: 4288.047 | AL82: 4508.0351 | AM82: 4283.2422 | AN82: 4571.7863 | AO82: 4367.736 | AP82: 4044.0945 | AQ82: 4151.6171 | AR82: 3576.1903 | AS82: 4240.9741 | AT82: 4176.5695 | AU82: 4959.0618 | AV82: 4891.0474 | AW82: 5097.9027 | AX82: 5324.5992 | AY82: 5106.322 | AZ82: 5401.1542 | BA82: 5203.1479 | BB82: 4885.3016 | BC82: 4998.3706 | BD82: 4428.2445 | BE82: 5098.0881 | BF82: 5038.5069 | BG82: 5825.5862 | BH82: 5761.9162 | BI82: 5972.863 | BJ82: 6203.395 | BK82: 5988.7149 | BL82: 6286.95 | BM82: 6092.2161 | BN82: 5777.5681 | BO82: 5893.7798 | BP82: 5326.7002 | BQ82: 5999.4073 | BR82: 5942.4185 | BS82: 6731.7926 | BT82: 6670.194 | BU82: 6883.146 | BV82: 7115.7649 | BW82: 6903.2662 | BX82: 7203.5653 | BY82: 7010.3665 | BZ82: 6696.2975 | CA82: 6811.9614 | CB82: 6243.5184 | CC82: 6914.8945 | CD82: 6857.6365 | CE82: 7648.5226 | CF82: 7590.2 | CG82: 7806.902 | CH82: 8042.2995 | CI82: 7830.4088 | CJ82: 8128.332 | CK82: 7934.1944 | CL82: 7619.4332 | CM82: 7736.8558 | CN82: 7184.5371 | CO82: 7843.9982 | CP82: 7785.3215 | CQ82: 8573.4379 | CR82: 8387.0936 | CS82: 8751.2144 | CT82: 8822.8936 | CU82: 8591.6745 | CW82: 1
C83: Actual | CW83: 0
A84: To1702 | B84: desl | C84: Forecast | D84: 2619.1532 | E84: 2556.2312 | F84: 2731.1251 | G84: 2765.6895 | H84: 2782.6375 | I84: 2387.1565 | J84: 2490.8433 | K84: 2524.8118 | L84: 2426.8065 | M84: 2684.1498 | N84: 2478.0197 | O84: 2505.8086 | P84: 2637.6941 | Q84: 2671.1076 | R84: 2906.6621 | S84: 3000.9035 | T84: 3083.0272 | U84: 2743.538 | V84: 2895.0819 | W84: 2973.994 | X84: 2912.6955 | Y84: 3199.9164 | Z84: 3016.3078 | AA84: 3061.0409 | AB84: 3206.6414 | AC84: 3252.9184 | AD84: 3501.9292 | AE84: 3610.7058 | AF84: 3708.1331 | AG84: 3384.1573 | AH84: 3550.8874 | AI84: 3644.3863 | AJ84: 3597.0437 | AK84: 3897.6838 | AL84: 3727.0322 | AM84: 3784.2392 | AN84: 3941.7339 | AO84: 3999.2281 | AP84: 4258.748 | AQ84: 4377.3852 | AR84: 4484.1522 | AS84: 4169.1399 | AT84: 4344.5694 | AU84: 4446.5572 | AV84: 4407.4906 | AW84: 4716.159 | AX84: 4553.2484 | AY84: 4617.8844 | AZ84: 4782.4907 | BA84: 4846.7882 | BB84: 5112.8176 | BC84: 5237.6834 | BD84: 5350.4071 | BE84: 5041.086 | BF84: 5221.9454 | BG84: 5329.1035 | BH84: 5294.9469 | BI84: 5608.2636 | BJ84: 5449.7422 | BK84: 5518.5209 | BL84: 5687.0485 | BM84: 5755.0789 | BN84: 6024.6802 | BO84: 6152.9626 | BP84: 6268.9226 | BQ84: 5962.609 | BR84: 6146.2005 | BS84: 6255.8031 | BT84: 6223.8465 | BU84: 6539.2064 | BV84: 6382.6569 | BW84: 6453.354 | BX84: 6623.6516 | BY84: 6693.1124 | BZ84: 6963.6067 | CA84: 7092.1824 | CB84: 7208.019 | CC84: 6901.5733 | CD84: 7085.5285 | CE84: 7196.2773 | CF84: 7166.1006 | CG84: 7483.2595 | CH84: 7327.3832 | CI84: 7397.1958 | CJ84: 7565.3137 | CK84: 7631.0088 | CL84: 7900.6261 | CM84: 8029.5213 | CN84: 8145.581 | CO84: 7846.5091 | CP84: 8014.9326 | CQ84: 8121.537 | CR84: 8107.4221 | CS84: 8227.9263 | CT84: 8248.5981 | CU84: 8552.699 | CW84: -1
C85: Actual | CW85: 0
A86: Ma2101 | B86: adm | C86: Forecast | D86: 6910.9573 | E86: 5880.4498 | F86: 5180.2108 | G86: 5438.8534 | H86: 3831.0556 | I86: 4673.7067 | J86: 3790.4166 | K86: 5543.8561 | L86: 5066.3981 | M86: 5597.824 | N86: 6242.3658 | O86: 5415.3821 | P86: 6370.7085 | Q86: 6046.0446 | R86: 5507.374 | S86: 6101.5557 | T86: 4752.1327 | U86: 5835.0385 | V86: 5194.1552 | W86: 7159.316 | X86: 6880.1143 | Y86: 7579.4667 | Z86: 8358.6771 | AA86: 7637.2303 | AB86: 8672.7308 | AC86: 8412.7084 | AD86: 7932.3742 | AE86: 8584.3838 | AF86: 7295.5113 | AG86: 8442.38 | AH86: 7868.0661 | AI86: 9901.1341 | AJ86: 9690.0656 | AK86: 10456.989 | AL86: 11302.591 | AM86: 10645.724 | AN86: 11743.294 | AO86: 11542.186 | AP86: 11117.218 | AQ86: 11821.017 | AR86: 10580.688 | AS86: 11773.413 | AT86: 11242.878 | AU86: 13318.143 | AV86: 13147.993 | AW86: 13954.665 | AX86: 14838.827 | AY86: 14219.261 | AZ86: 15352.798 | BA86: 15186.286 | BB86: 14794.529 | BC86: 15530.165 | BD86: 14320.323 | BE86: 15542.215 | BF86: 15039.554 | BG86: 17141.418 | BH86: 16996.589 | BI86: 17827.293 | BJ86: 18734.193 | BK86: 18136.109 | BL86: 19289.977 | BM86: 19142.8 | BN86: 18769.55 | BO86: 19522.959 | BP86: 18330.115 | BQ86: 19568.056 | BR86: 19080.265 | BS86: 21195.682 | BT86: 21063.174 | BU86: 21905.296 | BV86: 22823.125 | BW86: 22235.701 | BX86: 23399.715 | BY86: 23261.392 | BZ86: 22894.679 | CA86: 23651.632 | CB86: 22459.614 | CC86: 23697.229 | CD86: 23210.272 | CE86: 25329.725 | CF86: 25205.089 | CG86: 26056.66 | CH86: 26981.929 | CI86: 26396.26 | CJ86: 27553.344 | CK86: 27406.371 | CL86: 27029.272 | CM86: 27781.118 | CN86: 26614.336 | CO86: 27833.413 | CP86: 27346.608 | CQ86: 29471.405 | CR86: 29105.813 | CS86: 30116.145 | CT86: 30611.587 | CU86: 30503.562 | CW86: 1
C87: Actual | CW87: 0
A88: Ma2101 | B88: desl | C88: Forecast | D88: 5522.4102 | E88: 4746.437 | F88: 5237.0418 | G88: 5567.8519 | H88: 5529.5659 | I88: 5635.301 | J88: 5109.0159 | K88: 5956.6581 | L88: 4791.5754 | M88: 5514.8875 | N88: 4708.6372 | O88: 3880.08 | P88: 4304.4275 | Q88: 3576.6137 | R88: 4366.823 | S88: 5121.3066 | T88: 5396.0963 | U88: 5867.1159 | V88: 5648.8049 | W88: 6789.786 | X88: 5884.3954 | Y88: 6825.2298 | Z88: 6201.3883 | AA88: 5521.7434 | AB88: 6070.4164 | AC88: 5452.8522 | AD88: 6346.1424 | AE88: 7200.9135 | AF88: 7574.9687 | AG88: 8144.1428 | AH88: 8022.2038 | AI88: 9257.228 | AJ88: 8443.3727 | AK88: 9473.2378 | AL88: 8935.8315 | AM88: 8339.6803 | AN88: 8968.385 | AO88: 8426.9329 | AP88: 9392.2278 | AQ88: 10315.06 | AR88: 10753.684 | AS88: 11384.511 | AT88: 11321.831 | AU88: 12614.078 | AV88: 11855.576 | AW88: 12938.95 | AX88: 12453.173 | AY88: 11906.733 | AZ88: 12583.225 | BA88: 12087.657 | BB88: 13096.973 | BC88: 14062.005 | BD88: 14541.052 | BE88: 15210.565 | BF88: 15184.873 | BG88: 16512.434 | BH88: 15787.577 | BI88: 16902.924 | BJ88: 16447.459 | BK88: 15929.729 | BL88: 16633.449 | BM88: 16163.798 | BN88: 17197.875 | BO88: 18186.575 | BP88: 18688.119 | BQ88: 19378.757 | BR88: 19372.603 | BS88: 20718.036 | BT88: 20009.553 | BU88: 21140.167 | BV88: 20699.273 | BW88: 20195.556 | BX88: 20912.355 | BY88: 20453.981 | BZ88: 21496.555 | CA88: 22490.518 | CB88: 22994.717 | CC88: 23687.204 | CD88: 23684.406 | CE88: 25036.384 | CF88: 24337.433 | CG88: 25477.715 | CH88: 25042.423 | CI88: 24536.846 | CJ88: 25244.245 | CK88: 24772.472 | CL88: 25804.444 | CM88: 26798.98 | CN88: 27315.536 | CO88: 28002.787 | CP88: 27996.62 | CQ88: 29279.553 | CR88: 28496.732 | CS88: 29282.466 | CT88: 29012.49 | CU88: 29656.133 | CW88: -1
C89: Actual | CW89: 0
A90: Ma2102 | B90: adm | C90: Forecast | D90: 2840.7631 | E90: 2566.5283 | F90: 2301.7781 | G90: 2444.4962 | H90: 1843.5245 | I90: 2369.0131 | J90: 2017.0546 | K90: 2640.6777 | L90: 2440.6897 | M90: 2526.9938 | N90: 2785.6533 | O90: 2511.4256 | P90: 2818.0075 | Q90: 2707.3566 | R90: 2421.2912 | S90: 2625.4399 | T90: 2072.2282 | U90: 2647.2625 | V90: 2352.1001 | W90: 3021.9895 | X90: 2865.9373 | Y90: 2988.5543 | Z90: 3276.0812 | AA90: 3025.891 | AB90: 3352.6767 | AC90: 3260.6683 | AD90: 2993.3693 | AE90: 3216.8426 | AF90: 2683.4225 | AG90: 3278.2925 | AH90: 3002.5744 | AI90: 3691.2245 | AJ90: 3553.1252 | AK90: 3692.8701 | AL90: 3996.7008 | AM90: 3761.9654 | AN90: 4103.3105 | AO90: 4024.9404 | AP90: 3770.3962 | AQ90: 4005.8487 | AR90: 3483.7836 | AS90: 4089.5378 | AT90: 3824.3499 | AU90: 4523.2376 | AV90: 4395.0938 | AW90: 4544.4916 | AX90: 4857.6438 | AY90: 4631.8773 | AZ90: 4981.8314 | BA90: 4911.7136 | BB90: 4665.0741 | BC90: 4908.0936 | BD90: 4393.2683 | BE90: 5005.9456 | BF90: 4747.3745 | BG90: 5452.581 | BH90: 5330.4621 | BI90: 5485.5912 | BJ90: 5804.1823 | BK90: 5583.571 | BL90: 5938.4175 | BM90: 5872.961 | BN90: 5630.7833 | BO90: 5878.0806 | BP90: 5367.3371 | BQ90: 5983.8616 | BR90: 5728.857 | BS90: 6437.327 | BT90: 6318.1944 | BU90: 6476.1067 | BV90: 6797.3629 | BW90: 6579.3356 | BX90: 6936.6216 | BY90: 6873.2907 | BZ90: 6632.7202 | CA90: 6880.9917 | CB90: 6370.6792 | CC90: 6987.4556 | CD90: 6732.9982 | CE90: 7442.6871 | CF90: 7325.5426 | CG90: 7485.5903 | CH90: 7808.4667 | CI90: 7590.8649 | CJ90: 7946.3624 | CK90: 7881.8908 | CL90: 7639.092 | CM90: 7885.4422 | CN90: 7385.1919 | CO90: 7991.9239 | CP90: 7738.9141 | CQ90: 8461.5541 | CR90: 8240.7454 | CS90: 8546.0414 | CT90: 8652.8447 | CU90: 8482.6176 | CW90: 1
C91: Actual | CW91: 0
A92: Ma2102 | B92: desl | C92: Forecast | D92: 2304.3975 | E92: 2078.4224 | F92: 2353.6465 | G92: 2492.1943 | H92: 2492.9302 | I92: 2643.7982 | J92: 2390.2038 | K92: 2690.0482 | L92: 2254.5633 | M92: 2541.4822 | N92: 2241.6313 | O92: 1973.1139 | P92: 2118.7293 | Q92: 1811.6837 | R92: 2113.5378 | S92: 2357.4796 | T92: 2413.3166 | U92: 2650.6986 | V92: 2469.3369 | W92: 2840.4676 | X92: 2469.8337 | Y92: 2811.0328 | Z92: 2557.6878 | AA92: 2327.9511 | AB92: 2506.791 | AC92: 2230.0995 | AD92: 2560.8066 | AE92: 2833.0291 | AF92: 2916.9581 | AG92: 3182.1443 | AH92: 3028.091 | AI92: 3425.8424 | AJ92: 3081.0175 | AK92: 3447.128 | AL92: 3217.7064 | AM92: 3010.793 | AN92: 3211.2509 | AO92: 2954.9233 | AP92: 3304.7759 | AQ92: 3595.0423 | AR92: 3696.0815 | AS92: 3977.6191 | AT92: 3839.3003 | AU92: 4252.2592 | AV92: 3922.1546 | AW92: 4302.5031 | AX92: 4086.8269 | AY92: 3893.1554 | AZ92: 4106.346 | BA92: 3862.243 | BB92: 4223.8177 | BC92: 4525.3138 | BD92: 4637.1037 | BE92: 4928.9283 | BF92: 4800.4463 | BG92: 5222.7996 | BH92: 4901.6468 | BI92: 5290.5013 | BJ92: 5082.8882 | BK92: 4896.8571 | BL92: 5117.3066 | BM92: 4880.1339 | BN92: 5248.3543 | BO92: 5556.2214 | BP92: 5674.0711 | BQ92: 5971.5744 | BR92: 5848.3262 | BS92: 6275.4582 | BT92: 5958.701 | BU92: 6351.7012 | BV92: 6148.1045 | BW92: 5965.9714 | BX92: 6190.0405 | BY92: 5955.9093 | BZ92: 6326.2989 | CA92: 6635.3795 | CB92: 6753.7739 | CC92: 7051.7908 | CD92: 6929.7456 | CE92: 7359.204 | CF92: 7045.655 | CG92: 7441.6726 | CH92: 7239.6109 | CI92: 7056.5908 | CJ92: 7277.5823 | CK92: 7039.8915 | CL92: 7407.4916 | CM92: 7718.4701 | CN92: 7841.7272 | CO92: 8135.0137 | CP92: 8013.483 | CQ92: 8420.2297 | CR92: 8069.8021 | CS92: 8372.6673 | CT92: 8205.6863 | CU92: 8388.0551 | CW92: -1
C93: Actual | CW93: 0
A94: Ma2103 | B94: adm | C94: Forecast | D94: 667.54579 | E94: 571.0881 | F94: 516.93332 | G94: 546.13172 | H94: 368.85816 | I94: 498.777 | J94: 375.33666 | K94: 570.82287 | L94: 490.63883 | M94: 545.4411 | N94: 590.99659 | O94: 503.33429 | P94: 609.22283 | Q94: 561.87027 | R94: 522.7257 | S94: 585.76427 | T94: 428.68145 | U94: 580.87233 | V94: 477.93308 | W94: 691.56487 | X94: 627.70735 | Y94: 695.44194 | Z94: 750.94673 | AA94: 670.94281 | AB94: 782.88995 | AC94: 741.01757 | AD94: 707.41351 | AE94: 776.28426 | AF94: 625.3184 | AG94: 783.75044 | AH94: 687.00879 | AI94: 906.68674 | AJ94: 848.68327 | AK94: 922.07365 | AL94: 983.02522 | AM94: 908.22697 | AN94: 1025.0942 | AO94: 987.82331 | AP94: 958.5007 | AQ94: 1031.3668 | AR94: 884.16821 | AS94: 1046.2023 | AT94: 952.94651 | AU94: 1176.0205 | AV94: 1121.3277 | AW94: 1197.9345 | AX94: 1261.9957 | AY94: 1190.1909 | AZ94: 1309.9322 | BA94: 1275.4176 | BB94: 1248.7369 | BC94: 1324.1344 | BD94: 1179.3596 | BE94: 1343.7117 | BF94: 1252.6692 | BG94: 1477.852 | BH94: 1425.1636 | BI94: 1503.6714 | BJ94: 1569.5334 | BK94: 1499.437 | BL94: 1620.8046 | BM94: 1587.8454 | BN94: 1562.6557 | BO94: 1639.4776 | BP94: 1496.0497 | BQ94: 1661.6565 | BR94: 1571.7684 | BS94: 1798.0118 | BT94: 1746.3137 | BU94: 1825.7707 | BV94: 1892.5575 | BW94: 1823.3453 | BX94: 1945.5037 | BY94: 1913.1686 | BZ94: 1888.3838 | CA94: 1965.4027 | CB94: 1822.0572 | CC94: 1987.792 | CD94: 1898.2179 | CE94: 2125.0012 | CF94: 2073.9802 | CG94: 2153.9706 | CH94: 2220.9544 | CI94: 2151.5507 | CJ94: 2273.0646 | CK94: 2240.6117 | CL94: 2215.8793 | CM94: 2293.1638 | CN94: 2153.1357 | CO94: 2314.9442 | CP94: 2224.0077 | CQ94: 2452.1174 | CR94: 2371.6506 | CS94: 2486.2194 | CT94: 2507.514 | CU94: 2484.1519 | CW94: 1
C95: Actual | CW95: 0
A96: Ma2103 | B96: desl | C96: Forecast | D96: 600.1771 | E96: 497.87694 | F96: 493.79941 | G96: 540.36718 | H96: 498.3647 | I96: 569.67214 | J96: 501.4501 | K96: 586.99404 | L96: 489.04977 | M96: 524.5002 | N96: 484.82028 | O96: 403.19759 | P96: 429.49869 | Q96: 372.97782 | R96: 391.91319 | S96: 475.2918 | T96: 462.601 | U96: 562.99137 | V96: 521.59788 | W96: 630.52788 | X96: 553.98764 | Y96: 607.62273 | Z96: 583.34039 | AA96: 514.76766 | AB96: 552.26438 | AC96: 505.8811 | AD96: 534.45282 | AE96: 627.22785 | AF96: 623.76013 | AG96: 733.12758 | AH96: 700.36227 | AI96: 817.50552 | AJ96: 748.75606 | AK96: 809.79399 | AL96: 792.56937 | AM96: 730.73522 | AN96: 774.65544 | AO96: 734.37587 | AP96: 768.73493 | AQ96: 867.00162 | AR96: 868.76639 | AS96: 983.14978 | AT96: 955.22075 | AU96: 1077.0437 | AV96: 1012.8252 | AW96: 1078.2426 | AX96: 1065.2388 | AY96: 1007.4616 | AZ96: 1055.2735 | BA96: 1018.7232 | BB96: 1056.6541 | BC96: 1158.3413 | BD96: 1163.381 | BE96: 1280.8995 | BF96: 1255.9702 | BG96: 1380.6604 | BH96: 1319.1773 | BI96: 1387.1972 | BJ96: 1376.6628 | BK96: 1321.2247 | BL96: 1371.2545 | BM96: 1336.8141 | BN96: 1376.7605 | BO96: 1480.3752 | BP96: 1487.249 | BQ96: 1606.4905 | BR96: 1583.1527 | BS96: 1709.2929 | BT96: 1649.13 | BU96: 1718.3744 | BV96: 1709.01 | BW96: 1654.7097 | BX96: 1705.8235 | BY96: 1672.3449 | BZ96: 1713.0423 | CA96: 1817.1418 | CB96: 1824.2649 | CC96: 1943.6583 | CD96: 1920.5691 | CE96: 2047.2121 | CF96: 1987.8173 | CG96: 2057.8567 | CH96: 2048.9592 | CI96: 1994.4603 | CJ96: 2044.5554 | CK96: 2009.7389 | CL96: 2049.0762 | CM96: 2152.8313 | CN96: 2161.7649 | CO96: 2280.6494 | CP96: 2258.7494 | CQ96: 2383.3439 | CR96: 2306.3318 | CS96: 2367.2267 | CT96: 2345.7892 | CU96: 2366.1075 | CW96: -1
C97: Actual | CW97: 0
A98: Ma2104 | B98: adm | C98: Forecast | D98: 1233.4886 | E98: 856.16751 | F98: 674.84403 | G98: 758.94673 | H98: 429.84759 | I98: 645.14256 | J98: 527.40165 | K98: 970.76827 | L98: 813.07414 | M98: 1010.0565 | N98: 998.16404 | O98: 924.93234 | P98: 1038.4148 | Q98: 1000.076 | R98: 836.63817 | S98: 924.10874 | T98: 613.98373 | U98: 834.24261 | V98: 730.38686 | W98: 1181.8827 | X98: 1032.4528 | Y98: 1234.286 | Z98: 1222.7717 | AA98: 1147.7107 | AB98: 1258.4486 | AC98: 1218.1077 | AD98: 1054.518 | AE98: 1143.5913 | AF98: 836.27678 | AG98: 1059.9436 | AH98: 959.66822 | AI98: 1414.7548 | AJ98: 1268.9406 | AK98: 1474.4721 | AL98: 1466.7234 | AM98: 1395.3788 | AN98: 1509.6168 | AO98: 1472.4273 | AP98: 1311.6012 | AQ98: 1403.11 | AR98: 1098.0212 | AS98: 1323.8259 | AT98: 1225.6825 | AU98: 1682.9214 | AV98: 1539.2609 | AW98: 1746.9094 | AX98: 1741.2072 | AY98: 1671.821 | AZ98: 1787.928 | BA98: 1752.5241 | BB98: 1593.4066 | BC98: 1686.5492 | BD98: 1383.0196 | BE98: 1610.3086 | BF98: 1513.575 | BG98: 1972.1483 | BH98: 1829.743 | BI98: 2038.5608 | BJ98: 2033.9384 | BK98: 1965.5487 | BL98: 2082.5896 | BM98: 2048.0876 | BN98: 1889.8668 | BO98: 1983.9063 | BP98: 1681.2465 | BQ98: 1909.3251 | BR98: 1813.2477 | BS98: 2272.3269 | BT98: 2130.3204 | BU98: 2339.5245 | BV98: 2335.3728 | BW98: 2267.5665 | BX98: 2385.2103 | BY98: 2351.1259 | BZ98: 2192.914 | CA98: 2286.459 | CB98: 1982.9552 | CC98: 2210.2625 | CD98: 2114.0033 | CE98: 2573.8119 | CF98: 2433.3533 | CG98: 2644.2258 | CH98: 2640.8698 | CI98: 2572.4086 | CJ98: 2687.658 | CK98: 2651.1967 | CL98: 2491.7742 | CM98: 2585.3992 | CN98: 2288.3235 | CO98: 2518.0166 | CP98: 2416.5506 | CQ98: 2883.2648 | CR98: 2694.1831 | CS98: 2930.5321 | CT98: 2861.6002 | CU98: 2874.2286 | CW98: 1
C99: Actual | CW99: 0
A100: Ma2104 | B100: desl | C100: Forecast | D100: 632.82617 | E100: 821.40596 | F100: 1081.2981 | G100: 959.76891 | H100: 998.77076 | I100: 1018.2188 | J100: 731.58238 | K100: 749.95314 | L100: 553.78642 | M100: 853.95185 | N100: 658.46229 | O100: 848.30713 | P100: 877.69366 | Q100: 764.81526 | R100: 1036.6533 | S100: 947.8155 | T100: 989.76916 | U100: 1034.6357 | V100: 762.87398 | W100: 802.96758 | X100: 625.94202 | Y100: 944.6571 | Z100: 767.46905 | AA100: 973.82056 | AB100: 1017.5968 | AC100: 916.90468 | AD100: 1198.6019 | AE100: 1117.891 | AF100: 1166.8972 | AG100: 1218.213 | AH100: 952.58126 | AI100: 998.59965 | AJ100: 827.31376 | AK100: 1151.5762 | AL100: 979.75555 | AM100: 1191.3313 | AN100: 1240.2276 | AO100: 1144.5642 | AP100: 1431.1726 | AQ100: 1355.2042 | AR100: 1408.7335 | AS100: 1464.3241 | AT100: 1202.7197 | AU100: 1252.5442 | AV100: 1084.8813 | AW100: 1412.6191 | AX100: 1244.1502 | AY100: 1458.9655 | AZ100: 1510.9919 | BA100: 1418.3489 | BB100: 1707.8683 | BC100: 1634.7033 | BD100: 1690.93 | BE100: 1749.1129 | BF100: 1489.9961 | BG100: 1542.2056 | BH100: 1376.8295 | BI100: 1706.7627 | BJ100: 1540.4036 | BK100: 1757.2437 | BL100: 1811.2036 | BM100: 1720.392 | BN100: 2011.6329 | BO100: 1940.0827 | BP100: 1997.8365 | BQ100: 2057.4884 | BR100: 1799.8091 | BS100: 1853.4297 | BT100: 1689.4134 | BU100: 2020.6061 | BV100: 1855.3596 | BW100: 2073.1559 | BX100: 2127.965 | BY100: 2037.9947 | BZ100: 2330.1696 | CA100: 2259.6774 | CB100: 2318.5243 | CC100: 2379.101 | CD100: 2121.9551 | CE100: 2175.6115 | CF100: 2011.255 | CG100: 2342.1206 | CH100: 2177.0257 | CI100: 2395.6939 | CJ100: 2452.0781 | CK100: 2363.5113 | CL100: 2656.4013 | CM100: 2585.1534 | CN100: 2641.0809 | CO100: 2699.6634 | CP100: 2442.6494 | CQ100: 2492.155 | CR100: 2345.7219 | CS100: 2676.5831 | CT100: 2492.3473 | CU100: 2718.419 | CW100: -1
C101: Actual | CW101: 0
...

Sheet CF-6
A1: GVAR Conditional Forecasts
A2: Last in-sample estimation date: | B2: 2017M07
A3: Last forecast date: | B3: 2025M7
D5: 2017M8 | E5: 2017M9 | F5: 2017M10 | G5: 2017M11 | H5: 2017M12 | I5: 2018M1 | J5: 2018M2 | K5: 2018M3 | L5: 2018M4 | M5: 2018M5 | N5: 2018M6 | O5: 2018M7 | P5: 2018M8 | Q5: 2018M9 | R5: 2018M10 | S5: 2018M11 | T5: 2018M12 | U5: 2019M1 | V5: 2019M2 | W5: 2019M3 | X5: 2019M4 | Y5: 2019M5 | Z5: 2019M6 | AA5: 2019M7 | AB5: 2019M8 | AC5: 2019M9 | AD5: 2019M10 | AE5: 2019M11 | AF5: 2019M12 | AG5: 2020M1 | AH5: 2020M2 | AI5: 2020M3 | AJ5: 2020M4 | AK5: 2020M5 | AL5: 2020M6 | AM5: 2020M7 | AN5: 2020M8 | AO5: 2020M9 | AP5: 2020M10 | AQ5: 2020M11 | AR5: 2020M12 | AS5: 2021M1 | AT5: 2021M2 | AU5: 2021M3 | AV5: 2021M4 | AW5: 2021M5 | AX5: 2021M6 | AY5: 2021M7 | AZ5: 2021M8 | BA5: 2021M9 | BB5: 2021M10 | BC5: 2021M11 | BD5: 2021M12 | BE5: 2022M1 | BF5: 2022M2 | BG5: 2022M3 | BH5: 2022M4 | BI5: 2022M5 | BJ5: 2022M6 | BK5: 2022M7 | BL5: 2022M8 | BM5: 2022M9 | BN5: 2022M10 | BO5: 2022M11 | BP5: 2022M12 | BQ5: 2023M1 | BR5: 2023M2 | BS5: 2023M3 | BT5: 2023M4 | BU5: 2023M5 | BV5: 2023M6 | BW5: 2023M7 | BX5: 2023M8 | BY5: 2023M9 | BZ5: 2023M10 | CA5: 2023M11 | CB5: 2023M12 | CC5: 2024M1 | CD5: 2024M2 | CE5: 2024M3 | CF5: 2024M4 | CG5: 2024M5 | CH5: 2024M6 | CI5: 2024M7 | CJ5: 2024M8 | CK5: 2024M9 | CL5: 2024M10 | CM5: 2024M11 | CN5: 2024M12 | CO5: 2025M1 | CP5: 2025M2 | CQ5: 2025M3 | CR5: 2025M4 | CS5: 2025M5 | CT5: 2025M6 | CU5: 2025M7 | CW5: Seletor
A6: Ro1101 | B6: adm | C6: Forecast | D6: 3387.86 | E6: 3076.8455 | F6: 2578.5728 | G6: 2382.4548 | H6: 1402.9919 | I6: 2072.6512 | J6: 1876.0426 | K6: 2751.8084 | L6: 2656.7408 | M6: 3064.0068 | N6: 3323.6963 | O6: 3303.1474 | P6: 3560.6712 | Q6: 3331.0133 | R6: 2794.0553 | S6: 2623.7955 | T6: 1686.5705 | U6: 2410.4267 | V6: 2298.6784 | W6: 3263.2864 | X6: 3259.1672 | Y6: 3750.5814 | Z6: 4080.6222 | AA6: 4116.4558 | AB6: 4417.1637 | AC6: 4220.7902 | AD6: 3711.4689 | AE6: 3566.5383 | AF6: 2654.609 | AG6: 3404.8616 | AH6: 3321.0034 | AI6: 4315.014 | AJ6: 4341.6492 | AK6: 4864.9004 | AL6: 5227.4606 | AM6: 5295.9597 | AN6: 5628.8671 | AO6: 5463.6532 | AP6: 4984.0411 | AQ6: 4867.1965 | AR6: 3981.7884 | AS6: 4757.2159 | AT6: 4697.4641 | AU6: 5714.7621 | AV6: 5764.037 | AW6: 6309.3673 | AX6: 6693.4701 | AY6: 6782.9682 | AZ6: 7136.3159 | BA6: 6990.9718 | BB6: 6530.6508 | BC6: 6432.5103 | BD6: 5565.2086 | BE6: 6358.1319 | BF6: 6315.2531 | BG6: 7348.7919 | BH6: 7413.672 | BI6: 7973.977 | BJ6: 8372.441 | BK6: 8475.7187 | BL6: 8842.3101 | BM6: 8709.7263 | BN6: 8261.7285 | BO6: 8175.5006 | BP6: 7319.701 | BQ6: 8123.698 | BR6: 8091.4486 | BS6: 9135.183 | BT6: 9209.8703 | BU6: 9779.654 | BV6: 10187.293 | BW6: 10299.373 | BX6: 10674.209 | BY6: 10549.047 | BZ6: 10107.421 | CA6: 10026.47 | CB6: 9175.0886 | CC6: 9983.1965 | CD6: 9955.3945 | CE6: 11004.385 | CF6: 11085.348 | CG6: 11661.919 | CH6: 12076.444 | CI6: 12195.413 | CJ6: 12576.131 | CK6: 12459.107 | CL6: 12025.6 | CM6: 11949.215 | CN6: 11114.343 | CO6: 11907.81 | CP6: 11865.765 | CQ6: 12930.03 | CR6: 12902.143 | CS6: 13683.52 | CT6: 13920.196 | CU6: 13814.885 | CW6: 1
C7: Actual | CW7: 0
A8: Ro1101 | B8: desl | C8: Forecast | D8: 2987.6073 | E8: 2821.8777 | F8: 2937.5748 | G8: 2866.6134 | H8: 2647.7696 | I8: 2418.6586 | J8: 2245.1588 | K8: 2461.4051 | L8: 2217.6358 | M8: 2667.3847 | N8: 2408.1984 | O8: 2598.9462 | P8: 2656.4731 | Q8: 2633.6458 | R8: 2796.3243 | S8: 2824.4524 | T8: 2699.9544 | U8: 2574.8306 | V8: 2511.7618 | W8: 2845.2699 | X8: 2717.6958 | Y8: 3277.7264 | Z8: 3117.2227 | AA8: 3392.9536 | AB8: 3521.7562 | AC8: 3558.9206 | AD8: 3773.2809 | AE8: 3847.704 | AF8: 3766.3877 | AG8: 3682.7767 | AH8: 3660.3423 | AI8: 4034.0351 | AJ8: 3946.4496 | AK8: 4546.4187 | AL8: 4425.8029 | AM8: 4741.1845 | AN8: 4909.0531 | AO8: 4984.2805 | AP8: 5235.3277 | AQ8: 5344.8283 | AR8: 5296.9252 | AS8: 5245.162 | AT8: 5253.1971 | AU8: 5656.183 | AV8: 5596.8783 | AW8: 6224.2225 | AX8: 6130.1319 | AY8: 6471.214 | AZ8: 6663.9712 | BA8: 6763.2867 | BB8: 7037.6334 | BC8: 7169.6541 | BD8: 7143.4971 | BE8: 7112.707 | BF8: 7140.9413 | BG8: 7563.3517 | BH8: 7522.6974 | BI8: 8167.9221 | BJ8: 8090.9522 | BK8: 8448.4163 | BL8: 8656.8516 | BM8: 8771.1881 | BN8: 9059.9482 | BO8: 9205.8129 | BP8: 9192.9434 | BQ8: 9174.8707 | BR8: 9215.2244 | BS8: 9649.1407 | BT8: 9619.4009 | BU8: 10275.011 | BV8: 10207.975 | BW8: 10574.955 | BX8: 10792.426 | BY8: 10915.143 | BZ8: 11211.393 | CA8: 11363.69 | CB8: 11356.222 | CC8: 11342.818 | CD8: 11387.627 | CE8: 11826.296 | CF8: 11801.895 | CG8: 12463.238 | CH8: 12401.645 | CI8: 12773.324 | CJ8: 12994.272 | CK8: 13119.408 | CL8: 13419.237 | CM8: 13574.984 | CN8: 13573.304 | CO8: 13563.704 | CP8: 13597.749 | CQ8: 14035.596 | CR8: 13988.765 | CS8: 14556.629 | CT8: 14583.02 | CU8: 15111.039 | CW8: -1
C9: Actual | CW9: 0
A10: Ro1102 | B10: adm | C10: Forecast | D10: 5862.0419 | E10: 5026.9574 | F10: 4366.3855 | G10: 4337.8851 | H10: 3466.2412 | I10: 4449.7572 | J10: 4090.1043 | K10: 5141.6437 | L10: 4719.5463 | M10: 5018.3454 | N10: 5051.468 | O10: 4644.5967 | P10: 4774.0502 | Q10: 4366.9666 | R10: 3889.1711 | S10: 4057.1296 | T10: 3359.2916 | U10: 4493.6453 | V10: 4279.8403 | W10: 5448.8594 | X10: 5125.6613 | Y10: 5500.0616 | Z10: 5584.2261 | AA10: 5209.687 | AB10: 5358.2506 | AC10: 4964.2755 | AD10: 4499.9173 | AE10: 4684.8643 | AF10: 4008.3342 | AG10: 5167.4495 | AH10: 4980.4055 | AI10: 6176.8789 | AJ10: 5880.9839 | AK10: 6282.1105 | AL10: 6392.1733 | AM10: 6042.4321 | AN10: 6214.3597 | AO10: 5842.0215 | AP10: 5397.4621 | AQ10: 5600.5089 | AR10: 4940.7286 | AS10: 6115.6843 | AT10: 5943.9661 | AU10: 7155.5037 | AV10: 6874.4973 | AW10: 7290.2936 | AX10: 7414.7023 | AY10: 7078.8795 | AZ10: 7264.2296 | BA10: 6904.7904 | BB10: 6472.6066 | BC10: 6687.5179 | BD10: 6039.1054 | BE10: 7224.9444 | BF10: 7063.6337 | BG10: 8285.1073 | BH10: 8013.5633 | BI10: 8438.3443 | BJ10: 8571.265 | BK10: 8243.5094 | BL10: 8436.5411 | BM10: 8084.4795 | BN10: 7659.4437 | BO10: 7881.3018 | BP10: 7239.5908 | BQ10: 8431.779 | BR10: 8276.3488 | BS10: 9503.185 | BT10: 9236.5601 | BU10: 9666.0025 | BV10: 9803.5216 | BW10: 9480.3528 | BX10: 9677.7467 | BY10: 9329.3573 | BZ10: 8906.7894 | CA10: 9129.673 | CB10: 8487.8737 | CC10: 9679.8528 | CD10: 9525.3486 | CE10: 10755.18 | CF10: 10493.646 | CG10: 10928.768 | CH10: 11070.714 | CI10: 10748.891 | CJ10: 10943.354 | CK10: 10592.573 | CL10: 10166.436 | CM10: 10389.375 | CN10: 9762.8534 | CO10: 10940.047 | CP10: 10782.681 | CQ10: 11999.781 | CR10: 11595.014 | CS10: 12212.047 | CT10: 12105.88 | CU10: 11794.377 | CW10: 1
C11: Actual | CW11: 0
A12: Ro1102 | B12: desl | C12: Forecast | D12: 4839.0291 | E12: 4330.1046 | F12: 4716.3249 | G12: 4789.3136 | H12: 4681.6437 | I12: 4299.5276 | J12: 4142.753 | K12: 4776.8405 | L12: 3857.3768 | M12: 4696.2957 | N12: 3877.0745 | O12: 3826.1339 | P12: 4061.2303 | Q12: 3726.1209 | R12: 4306.1641 | S12: 4550.8353 | T12: 4600.4075 | U12: 4355.6313 | V12: 4308.3766 | W12: 5045.6944 | X12: 4211.6093 | Y12: 5117.7223 | Z12: 4350.3392 | AA12: 4338.7744 | AB12: 4606.501 | AC12: 4302.3699 | AD12: 4914.1894 | AE12: 5191.8043 | AF12: 5274.7554 | AG12: 5062.7799 | AH12: 5046.9962 | AI12: 5814.2649 | AJ12: 5008.8481 | AK12: 5942.6738 | AL12: 5202.194 | AM12: 5216.6016 | AN12: 5509.1018 | AO12: 5228.3274 | AP12: 5862.0502 | AQ12: 6160.2762 | AR12: 6262.8305 | AS12: 6069.7403 | AT12: 6072.3235 | AU12: 6857.5131 | AV12: 6069.5413 | AW12: 7020.2606 | AX12: 6296.056 | AY12: 6326.0922 | AZ12: 6633.5836 | BA12: 6367.1924 | BB12: 7014.7219 | BC12: 7326.2017 | BD12: 7441.4716 | BE12: 7260.5689 | BF12: 7274.8184 | BG12: 8071.1548 | BH12: 7293.8065 | BI12: 8254.6216 | BJ12: 7539.9936 | BK12: 7579.1211 | BL12: 7895.2814 | BM12: 7637.2118 | BN12: 8292.7678 | BO12: 8611.9729 | BP12: 8734.5896 | BQ12: 8560.5342 | BR12: 8581.0346 | BS12: 9383.028 | BT12: 8610.8789 | BU12: 9576.6592 | BV12: 8866.9481 | BW12: 8910.941 | BX12: 9231.6421 | BY12: 8977.3239 | BZ12: 9635.4305 | CA12: 9955.9492 | CB12: 10079.192 | CC12: 9906.0897 | CD12: 9928.9183 | CE12: 10735.039 | CF12: 9968.0886 | CG12: 10938.344 | CH12: 10230.019 | CI12: 10271.166 | CJ12: 10586.11 | CK12: 10324.336 | CL12: 10979.595 | CM12: 11304.539 | CN12: 11431.84 | CO12: 11265.14 | CP12: 11273.716 | CQ12: 12041.225 | CR12: 11286.632 | CS12: 11956.987 | CT12: 11487.34 | CU12: 12181.428 | CW12: -1
C13: Actual | CW13: 0
A14: Ac1201 | B14: adm | C14: Forecast | D14: 194.73158 | E14: 143.4531 | F14: 114.02576 | G14: 106.93704 | H14: 64.197254 | I14: 92.547025 | J14: 65.074332 | K14: 115.0897 | L14: 116.84868 | M14: 143.1293 | N14: 155.96225 | O14: 132.89477 | P14: 137.03683 | Q14: 110.21768 | R14: 90.935319 | S14: 93.852283 | T14: 55.962354 | U14: 90.342835 | V14: 69.57685 | W14: 126.88891 | X14: 136.68249 | Y14: 170.19148 | Z14: 188.74537 | AA14: 169.42426 | AB14: 175.30276 | AC14: 148.68229 | AD14: 128.6962 | AE14: 130.6302 | AF14: 91.962991 | AG14: 126.04245 | AH14: 105.53547 | AI14: 163.62549 | AJ14: 174.61926 | AK14: 209.64317 | AL14: 229.92465 | AM14: 212.44702 | AN14: 220.19112 | AO14: 195.37223 | AP14: 177.05549 | AQ14: 180.48691 | AR14: 143.13883 | AS14: 178.38221 | AT14: 158.92497 | AU14: 217.99527 | AV14: 229.9365 | AW14: 265.89759 | AX14: 287.11435 | AY14: 270.56839 | AZ14: 279.23392 | BA14: 255.31876 | BB14: 237.88202 | BC14: 242.16554 | BD14: 205.63886 | BE14: 241.67085 | BF14: 222.9676 | BG14: 282.75558 | BH14: 295.37673 | BI14: 331.97915 | BJ14: 353.79914 | BK14: 337.82075 | BL14: 347.02293 | BM14: 323.61989 | BN14: 306.67709 | BO14: 311.44014 | BP14: 275.378 | BQ14: 311.85454 | BR14: 293.56923 | BS14: 353.74478 | BT14: 366.72618 | BU14: 403.67168 | BV14: 425.82951 | BW14: 410.1881 | BX14: 419.71444 | BY14: 396.59251 | BZ14: 379.84927 | CA14: 384.70331 | CB14: 348.62948 | CC14: 385.04238 | CD14: 366.72141 | CE14: 426.96732 | CF14: 440.16119 | CG14: 477.41275 | CH14: 499.88467 | CI14: 484.46443 | CJ14: 494.04409 | CK14: 471.01339 | CL14: 454.35027 | CM14: 459.52184 | CN14: 424.41181 | CO14: 460.33275 | CP14: 441.89056 | CQ14: 500.89477 | CR14: 506.46671 | CS14: 549.95269 | CT14: 565.37691 | CU14: 562.40809 | CW14: 1
C15: Actual | CW15: 0
A16: Ac1201 | B16: desl | C16: Forecast | D16: 165.67495 | E16: 154.33519 | F16: 172.54243 | G16: 171.27006 | H16: 178.75673 | I16: 159.98632 | J16: 147.6971 | K16: 139.85934 | L16: 94.489692 | M16: 122.74324 | N16: 92.323328 | O16: 102.06949 | P16: 114.59811 | Q16: 104.76067 | R16: 136.41198 | S16: 146.19032 | T16: 162.00406 | U16: 151.12162 | V16: 144.96972 | W16: 142.49862 | X16: 101.9427 | Y16: 135.03228 | Z16: 109.55422 | AA16: 124.11304 | AB16: 141.14584 | AC16: 135.34598 | AD16: 170.50024 | AE16: 183.29659 | AF16: 201.73911 | AG16: 193.19105 | AH16: 189.15194 | AI16: 188.61662 | AJ16: 149.84603 | AK16: 184.59502 | AL16: 160.68178 | AM16: 176.74648 | AN16: 195.25727 | AO16: 190.92532 | AP16: 227.53869 | AQ16: 241.77344 | AR16: 261.61603 | AS16: 254.41398 | AT16: 251.65807 | AU16: 252.34218 | AV16: 214.73192 | AW16: 250.58887 | AX16: 227.7371 | AY16: 244.82061 | AZ16: 264.30961 | BA16: 260.91655 | BB16: 298.43095 | BC16: 313.53078 | BD16: 334.2047 | BE16: 327.8022 | BF16: 325.81537 | BG16: 327.23875 | BH16: 290.33806 | BI16: 326.87471 | BJ16: 304.67258 | BK16: 322.37559 | BL16: 342.45398 | BM16: 339.62054 | BN16: 377.66552 | BO16: 393.26799 | BP16: 414.4178 | BQ16: 408.46527 | BR16: 406.90251 | BS16: 408.72317 | BT16: 372.19178 | BU16: 409.06961 | BV16: 387.18274 | BW16: 405.18023 | BX16: 425.53933 | BY16: 422.97903 | BZ16: 461.29141 | CA16: 477.15078 | CB16: 498.53629 | CC16: 492.78356 | CD16: 491.37444 | CE16: 493.30166 | CF16: 456.83444 | CG16: 493.75167 | CH16: 471.87544 | CI16: 489.8435 | CJ16: 510.14601 | CK16: 507.36543 | CL16: 545.45299 | CM16: 561.1646 | CN16: 581.94164 | CO16: 576.69438 | CP16: 575.41863 | CQ16: 577.04167 | CR16: 544.32976 | CS16: 569.17798 | CT16: 555.22028 | CU16: 589.03051 | CW16: -1
C17: Actual | CW17: 0
A18: Ac1202 | B18: adm | C18: Forecast | D18: 1872.5363 | E18: 1589.4395 | F18: 1373.9879 | G18: 1378.651 | H18: 1017.8516 | I18: 1372.2775 | J18: 1249.617 | K18: 1625.189 | L18: 1468.7107 | M18: 1605.4839 | N18: 1635.281 | O18: 1519.6621 | P18: 1603.8144 | Q18: 1461.3922 | R18: 1275.9811 | S18: 1328.6037 | T18: 1009.4312 | U18: 1402.7564 | V18: 1325.4399 | W18: 1740.6319 | X18: 1620.2349 | Y18: 1788.0044 | Z18: 1841.6628 | AA18: 1743.6704 | AB18: 1839.711 | AC18: 1705.0977 | AD18: 1525.4496 | AE18: 1583.3988 | AF18: 1270.2264 | AG18: 1670.6711 | AH18: 1601.5561 | AI18: 2025.7355 | AJ18: 1914.7413 | AK18: 2092.0175 | AL18: 2155.065 | AM18: 2066.1901 | AN18: 2170.9581 | AO18: 2044.5832 | AP18: 1872.6157 | AQ18: 1937.6683 | AR18: 1631.0614 | AS18: 2037.6232 | AT18: 1974.2916 | AU18: 2404.0294 | AV18: 2298.4478 | AW18: 2481.0301 | AX18: 2549.2812 | AY18: 2465.4896 | AZ18: 2575.1953 | BA18: 2453.591 | BB18: 2286.2137 | BC18: 2355.6711 | BD18: 2053.2846 | BE18: 2463.886 | BF18: 2404.4178 | BG18: 2837.8462 | BH18: 2735.784 | BI18: 2921.7141 | BJ18: 2993.1422 | BK18: 2912.3614 | BL18: 3024.9242 | BM18: 2906.0435 | BN18: 2741.2797 | BO18: 2813.2586 | BP18: 2513.3043 | BQ18: 2926.2324 | BR18: 2868.9557 | BS18: 3304.4136 | BT18: 3204.2137 | BU18: 3391.8648 | BV18: 3464.9195 | BW18: 3385.709 | BX18: 3499.7779 | BY18: 3382.2648 | BZ18: 3218.6081 | CA18: 3291.3265 | CB18: 2991.7328 | CC18: 3404.8003 | CD18: 3347.7248 | CE18: 3783.7569 | CF18: 3684.7091 | CG18: 3873.9063 | CH18: 3948.5518 | CI18: 3870.4852 | CJ18: 3984.3883 | CK18: 3866.5244 | CL18: 3701.4621 | CM18: 3772.4277 | CN18: 3476.291 | CO18: 3884.2465 | CP18: 3825.854 | CQ18: 4269.6059 | CR18: 4119.9254 | CS18: 4375.9299 | CT18: 4373.5076 | CU18: 4276.6514 | CW18: 1
C19: Actual | CW19: 0
A20: Ac1202 | B20: desl | C20: Forecast | D20: 1497.7626 | E20: 1366.4715 | F20: 1588.8353 | G20: 1592.2593 | H20: 1704.2665 | I20: 1514.3994 | J20: 1435.8754 | K20: 1527.6083 | L20: 1186.6239 | M20: 1521.303 | N20: 1149.6625 | O20: 1228.8116 | P20: 1243.3826 | Q20: 1145.0324 | R20: 1444.6903 | S20: 1504.9554 | T20: 1671.9824 | U20: 1532.1097 | V20: 1493.4655 | W20: 1625.1102 | X20: 1318.2845 | Y20: 1681.2793 | Z20: 1332.8633 | AA20: 1430.2503 | AB20: 1459.7647 | AC20: 1374.581 | AD20: 1686.568 | AE20: 1758.8179 | AF20: 1937.6236 | AG20: 1809.3176 | AH20: 1781.977 | AI20: 1924.6611 | AJ20: 1628.6608 | AK20: 2002.3078 | AL20: 1664.3551 | AM20: 1771.9319 | AN20: 1811.2432 | AO20: 1735.3663 | AP20: 2056.1295 | AQ20: 2136.6494 | AR20: 2323.2895 | AS20: 2202.4681 | AT20: 2182.3343 | AU20: 2331.9912 | AV20: 2042.7451 | AW20: 2422.926 | AX20: 2091.2804 | AY20: 2204.9345 | AZ20: 2250.0955 | BA20: 2179.8459 | BB20: 2506.02 | BC20: 2591.7386 | BD20: 2783.3688 | BE20: 2667.3317 | BF20: 2651.7783 | BG20: 2805.8122 | BH20: 2520.738 | BI20: 2904.8849 | BJ20: 2577.0028 | BK20: 2694.2304 | BL20: 2742.7972 | BM20: 2675.8121 | BN20: 3005.1283 | BO20: 3093.8669 | BP20: 3288.3718 | BQ20: 3175.0264 | BR20: 3161.9509 | BS20: 3318.2482 | BT20: 3035.2641 | BU20: 3421.3962 | BV20: 3095.4511 | BW20: 3214.5647 | BX20: 3264.8793 | BY20: 3199.3568 | BZ20: 3529.7219 | CA20: 3619.0871 | CB20: 3813.9763 | CC20: 3701.1004 | CD20: 3688.9228 | CE20: 3846.6942 | CF20: 3565.5321 | CG20: 3953.2881 | CH20: 3628.0017 | CI20: 3746.3976 | CJ20: 3795.1822 | CK20: 3727.3668 | CL20: 4056.8488 | CM20: 4147.7492 | CN20: 4342.6015 | CO20: 4231.8881 | CP20: 4214.8298 | CQ20: 4352.3961 | CR20: 4092.5422 | CS20: 4360.8067 | CT20: 4130.3331 | CU20: 4472.7479 | CW20: -1
C21: Actual | CW21: 0
A22: Am1301 | B22: adm | C22: Forecast | D22: 9.4285678 | E22: 7.5953441 | F22: 9.506837 | G22: 15.826265 | H22: 11.7948 | I22: 35.432003 | J22: 16.279622 | K22: 25.330665 | L22: 16.241534 | M22: 14.668713 | N22: 16.650481 | O22: 9.8825188 | P22: 10.847475 | Q22: 8.4379277 | R22: 5.309137 | S22: 13.128837 | T22: 9.525913 | U22: 33.0437 | V22: 14.290862 | W22: 23.190579 | X22: 14.372282 | Y22: 12.948339 | Z22: 15.049131 | AA22: 8.4184262 | AB22: 9.4497998 | AC22: 7.0777225 | AD22: 3.9820325 | AE22: 11.832991 | AF22: 8.2669926 | AG22: 31.829872 | AH22: 13.127414 | AI22: 22.077543 | AJ22: 13.306604 | AK22: 11.926968 | AL22: 14.070608 | AM22: 7.4831883 | AN22: 8.558908 | AO22: 6.2314014 | AP22: 3.1790125 | AQ22: 11.07056 | AR22: 7.5416756 | AS22: 31.138386 | AT22: 12.467368 | AU22: 21.447614 | AV22: 12.706241 | AW22: 11.35588 | AX22: 13.528315 | AY22: 6.9688227 | AZ22: 8.0712795 | BA22: 5.7692361 | BB22: 2.7412026 | BC22: 10.656294 | BD22: 7.1503884 | BE22: 30.769548 | BF22: 12.120235 | BG22: 21.121069 | BH22: 12.398835 | BI22: 11.066103 | BJ22: 13.254981 | BK22: 6.7113791 | BL22: 7.8298198 | BM22: 5.5441228 | BN22: 2.5324142 | BO22: 10.462833 | BP22: 6.970161 | BQ22: 30.599976 | BR22: 11.959441 | BS22: 20.969051 | BT22: 12.25782 | BU22: 10.939493 | BV22: 13.145026 | BW22: 6.6166524 | BX22: 7.7441062 | BY22: 5.4580096 | BZ22: 2.4376909 | CA22: 10.357605 | CB22: 6.8618173 | CC22: 30.503613 | CD22: 11.889353 | CE22: 20.92939 | CF22: 12.235836 | CG22: 10.905928 | CH22: 13.076945 | CI22: 6.5001632 | CJ22: 7.5994649 | CK22: 5.383805 | CL22: 2.4208709 | CM22: 10.457251 | CN22: 7.0953624 | CO22: 30.381336 | CP22: 11.80676 | CQ22: 19.991302 | CR22: 10.300359 | CS22: 15.252864 | CT22: 9.7225902 | CU22: 4.0333653 | CW22: 1
C23: Actual | CW23: 0
A24: Am1301 | B24: desl | C24: Forecast | D24: 6.4419299 | E24: 17.810264 | F24: 25.212373 | G24: 23.247065 | H24: 38.605748 | I24: 19.459651 | J24: 28.723873 | K24: 14.619144 | L24: 21.025523 | M24: 14.334545 | N24: 10.084476 | O24: 11.788572 | P24: 7.4714644 | Q24: 11.085107 | R24: 20.858013 | S24: 19.679075 | T24: 34.606509 | U24: 16.003773 | V24: 25.074907 | W24: 11.164947 | X24: 17.546743 | Y24: 10.767403 | Z24: 6.5075581 | AA24: 8.1967369 | AB24: 3.9168373 | AC24: 7.608175 | AD24: 17.459931 | AE24: 16.347489 | AF24: 31.322468 | AG24: 12.749363 | AH24: 21.838454 | AI24: 7.9419398 | AJ24: 14.337569 | AK24: 7.5731111 | AL24: 3.3273725 | AM24: 5.0277871 | AN24: 0.75563582 | AO24: 4.4524981 | AP24: 14.309685 | AQ24: 13.204419 | AR24: 28.18912 | AS24: 9.6278651 | AT24: 18.72971 | AU24: 4.8455133 | AV24: 11.252133 | AW24: 4.4971097 | AX24: 0.25955087 | AY24: 1.9674098 | AZ24: -2.2975826 | BA24: 1.4063886 | BB24: 11.270659 | BC24: 10.172349 | BD24: 25.163738 | BE24: 6.6087706 | BF24: 15.716416 | BG24: 1.837516 | BH24: 8.2490218 | BI24: 1.4987055 | BJ24: -2.7339992 | BK24: -1.0208555 | BL24: -5.2800767 | BM24: -1.5701476 | BN24: 8.2996639 | BO24: 7.2058483 | BP24: 22.200437 | BQ24: 3.6478212 | BR24: 12.758046 | BS24: -1.1168653 | BT24: 5.3004939 | BU24: -1.4430643 | BV24: -5.6704569 | BW24: -3.9562068 | BX24: -8.2199752 | BY24: -4.5187687 | BZ24: 5.3429004 | CA24: 4.2479904 | CB24: 19.253339 | CC24: 0.72269729 | CD24: 9.8591419 | CE24: -3.9969494 | CF24: 2.4224521 | CG24: -4.3374251 | CH24: -8.591455 | CI24: -6.8870448 | CJ24: -11.121929 | CK24: -7.3757039 | CL24: 2.5760839 | CM24: 1.4917858 | CN24: 16.430256 | CO24: -2.3109548 | CP24: 6.4159749 | CQ24: -7.4799002 | CR24: 0.46064835 | CS24: -10.460371 | CT24: -8.4360718 | CU24: -2.5983503 | CW24: -1
C25: Actual | CW25: 0
A26: Am1302 | B26: adm | C26: Forecast | D26: 23.213192 | E26: 19.220954 | F26: 17.138251 | G26: 19.152736 | H26: 15.457648 | I26: 21.242701 | J26: 16.536383 | K26: 23.171972 | L26: 19.485544 | M26: 22.37823 | N26: 22.880764 | O26: 20.902039 | P26: 22.175561 | Q26: 20.613188 | R26: 18.422362 | S26: 20.525156 | T26: 17.466819 | U26: 23.715338 | V26: 19.643709 | W26: 26.835376 | X26: 23.722111 | Y26: 27.101809 | Z26: 27.948747 | AA26: 26.193016 | AB26: 27.58604 | AC26: 26.088531 | AD26: 23.958513 | AE26: 26.145338 | AF26: 23.20246 | AG26: 29.593009 | AH26: 25.679089 | AI26: 33.034169 | AJ26: 30.084474 | AK26: 33.626479 | AL26: 34.634559 | AM26: 33.03799 | AN26: 34.585568 | AO26: 33.23442 | AP26: 31.239701 | AQ26: 33.549851 | AR26: 30.719615 | AS26: 37.214923 | AT26: 33.401 | AU26: 40.853694 | AV26: 38.000355 | AW26: 41.63743 | AX26: 42.738619 | AY26: 41.232425 | AZ26: 42.867135 | BA26: 41.599706 | BB26: 39.685355 | BC26: 42.072646 | BD26: 39.316409 | BE26: 45.882606 | BF26: 42.136479 | BG26: 49.6539 | BH26: 46.862235 | BI26: 50.557916 | BJ26: 51.714604 | BK26: 50.260823 | BL26: 51.945054 | BM26: 50.724686 | BN26: 48.85552 | BO26: 51.286625 | BP26: 48.572939 | BQ26: 55.179963 | BR26: 51.472018 | BS26: 59.02407 | BT26: 56.263218 | BU26: 59.986683 | BV26: 61.169791 | BW26: 59.742728 | BX26: 61.454377 | BY26: 60.260336 | BZ26: 58.412673 | CA26: 60.856445 | CB26: 58.144956 | CC26: 64.746824 | CD26: 61.033931 | CE26: 68.590663 | CF26: 65.850583 | CG26: 69.607782 | CH26: 70.826343 | CI26: 69.41586 | CJ26: 71.110399 | CK26: 69.881449 | CL26: 67.975559 | CM26: 70.388853 | CN26: 67.759785 | CO26: 74.338267 | CP26: 70.731507 | CQ26: 78.122959 | CR26: 74.943511 | CS26: 79.539807 | CT26: 78.158396 | CU26: 77.822557 | CW26: 1
C27: Actual | CW27: 0
A28: Am1302 | B28: desl | C28: Forecast | D28: 24.939843 | E28: 26.566257 | F28: 28.425094 | G28: 29.334999 | H28: 25.483484 | I28: 30.109291 | J28: 22.73566 | K28: 27.45121 | L28: 22.345453 | M28: 26.046726 | N28: 21.670621 | O28: 24.970118 | P28: 24.315256 | Q28: 25.929948 | R28: 28.176272 | S28: 29.445588 | T28: 25.550299 | U28: 30.312764 | V28: 22.875894 | W28: 27.705326 | X28: 22.80945 | Y28: 26.725646 | Z28: 22.57911 | AA28: 26.076452 | AB28: 25.582178 | AC28: 27.335955 | AD28: 29.707669 | AE28: 31.094812 | AF28: 27.311242 | AG28: 32.177622 | AH28: 24.833959 | AI28: 29.744737 | AJ28: 24.920923 | AK28: 28.90469 | AL28: 24.825911 | AM28: 28.393979 | AN28: 27.973655 | AO28: 29.802942 | AP28: 32.249283 | AQ28: 33.708077 | AR28: 29.992117 | AS28: 34.922062 | AT28: 27.638543 | AU28: 32.606753 | AV28: 27.838097 | AW28: 31.874848 | AX28: 27.846794 | AY28: 31.463247 | AZ28: 31.08902 | BA28: 32.962303 | BB28: 35.450779 | BC28: 36.950045 | BD28: 33.273008 | BE28: 38.240382 | BF28: 30.992828 | BG28: 35.995569 | BH28: 31.26001 | BI28: 35.328345 | BJ28: 31.33019 | BK28: 34.974656 | BL28: 34.626462 | BM28: 36.523935 | BN28: 39.035151 | BO28: 40.556204 | BP28: 36.900304 | BQ28: 41.887982 | BR28: 34.659166 | BS28: 39.678088 | BT28: 34.955509 | BU28: 39.033981 | BV28: 35.044714 | BW28: 38.699167 | BX28: 38.363994 | BY28: 40.277634 | BZ28: 42.805771 | CA28: 44.340198 | CB28: 40.689852 | CC28: 45.674055 | CD28: 38.435803 | CE28: 43.445791 | CF28: 38.72356 | CG28: 42.810891 | CH28: 38.834563 | CI28: 42.494386 | CJ28: 42.128788 | CK28: 44.001852 | CL28: 46.472374 | CM28: 47.88827 | CN28: 44.383018 | CO28: 49.291534 | CP28: 42.203063 | CQ28: 47.59791 | CR28: 41.617788 | CS28: 47.81802 | CT28: 43.878836 | CU28: 48.424044 | CW28: -1
C29: Actual | CW29: 0
A30: Am1303 | B30: adm | C30: Forecast | D30: 12501.9 | E30: 11963.912 | F30: 10966.619 | G30: 11091.36 | H30: 7235.9655 | I30: 10246.267 | J30: 8263.113 | K30: 11971.448 | L30: 11101.83 | M30: 12406.493 | N30: 13575.725 | O30: 13117.708 | P30: 14591.807 | Q30: 14214.283 | R30: 12810.9 | S30: 13039.202 | T30: 9262.2159 | U30: 12402.839 | V30: 10592.019 | W30: 14423.064 | X30: 13644.547 | Y30: 14984.075 | Z30: 16137.997 | AA30: 15636.105 | AB30: 17054.074 | AC30: 16626.298 | AD30: 15190.522 | AE30: 15406.778 | AF30: 11635.217 | AG30: 14793.38 | AH30: 13007.251 | AI30: 16866.675 | AJ30: 16118.178 | AK30: 17488.038 | AL30: 18671.328 | AM30: 18196.453 | AN30: 19637.851 | AO30: 19229.253 | AP30: 17808.603 | AQ30: 18036.914 | AR30: 14275.721 | AS30: 17443.88 | AT30: 15668.266 | AU30: 19539.065 | AV30: 18802.687 | AW30: 20185.051 | AX30: 21380.847 | AY30: 20918.201 | AZ30: 22371.399 | BA30: 21974.115 | BB30: 20564.272 | BC30: 20802.869 | BD30: 17051.431 | BE30: 20228.823 | BF30: 18461.943 | BG30: 22340.996 | BH30: 21612.397 | BI30: 23002.048 | BJ30: 24204.634 | BK30: 23748.33 | BL30: 25207.567 | BM30: 24816.227 | BN30: 23412.425 | BO30: 23657.216 | BP30: 19911.979 | BQ30: 23095.248 | BR30: 21333.572 | BS30: 25217.015 | BT30: 24492.208 | BU30: 25885.585 | BV30: 27092.366 | BW30: 26640.819 | BX30: 28104.694 | BY30: 27716.485 | BZ30: 26312.848 | CA30: 26554.263 | CB30: 22803.22 | CC30: 25981.338 | CD30: 24218.883 | CE30: 28108.546 | CF30: 27396.976 | CG30: 28805.582 | CH30: 30024.377 | CI30: 29576.496 | CJ30: 31030.794 | CK30: 30639.012 | CL30: 29227.485 | CM30: 29466.856 | CN30: 25781.759 | CO30: 28900.082 | CP30: 27154.472 | CQ30: 31049.496 | CR30: 29747.242 | CS30: 32112.475 | CT30: 32462.117 | CU30: 31611.955 | CW30: 1
C31: Actual | CW31: 0
A32: Am1303 | B32: desl | C32: Forecast | D32: 8649.6299 | E32: 8505.535 | F32: 10680.454 | G32: 11666.454 | H32: 11927.716 | I32: 10718.396 | J32: 10052.603 | K32: 11181.895 | L32: 9168.7115 | M32: 11218.429 | N32: 9323.4704 | O32: 9391.6951 | P32: 10107.062 | Q32: 9740.9176 | R32: 11835.629 | S32: 12890.82 | T32: 13243.953 | U32: 12175.317 | V32: 11640.683 | W32: 12931.574 | X32: 11052.588 | Y32: 13197.514 | Z32: 11359.297 | AA32: 11451.212 | AB32: 12174.789 | AC32: 11818.577 | AD32: 13933.747 | AE32: 15022.138 | AF32: 15419.315 | AG32: 14401.595 | AH32: 13921.075 | AI32: 15267.214 | AJ32: 13443.953 | AK32: 15644.915 | AL32: 13862.515 | AM32: 14008.85 | AN32: 14783.992 | AO32: 14475.385 | AP32: 16633.857 | AQ32: 17761.728 | AR32: 18195.585 | AS32: 17212.877 | AT32: 16766.553 | AU32: 18146.473 | AV32: 16356.567 | AW32: 18590.217 | AX32: 16839.565 | AY32: 17016.527 | AZ32: 17821.114 | BA32: 17540.786 | BB32: 19726.414 | BC32: 20880.346 | BD32: 21339.181 | BE32: 20380.366 | BF32: 19956.844 | BG32: 21358.458 | BH32: 19589.115 | BI32: 21842.185 | BJ32: 20109.844 | BK32: 20304.125 | BL32: 21125.238 | BM32: 20860.873 | BN32: 23062.046 | BO32: 24231.065 | BP32: 24704.273 | BQ32: 23758.747 | BR32: 23347.156 | BS32: 24759.385 | BT32: 22999.786 | BU32: 25262.395 | BV32: 23539.878 | BW32: 23744.118 | BX32: 24574.336 | BY32: 24316.683 | BZ32: 26520.915 | CA32: 27689.352 | CB32: 28160.233 | CC32: 27213.98 | CD32: 26806.594 | CE32: 28229.296 | CF32: 26484.206 | CG32: 28759.596 | CH32: 27041.325 | CI32: 27238.364 | CJ32: 28053.352 | CK32: 27778.526 | CL32: 29979.259 | CM32: 31166.865 | CN32: 31662.215 | CO32: 30723.477 | CP32: 30282.956 | CQ32: 31609.578 | CR32: 29794.072 | CS32: 31261.92 | CT32: 30304.676 | CU32: 32354.319 | CW32: -1
C33: Actual | CW33: 0
A34: Am1304 | B34: adm | C34: Forecast | D34: 143.52326 | E34: 108.61223 | F34: 90.260231 | G34: 85.789694 | H34: 59.949478 | I34: 86.931928 | J34: 74.493436 | K34: 101.30474 | L34: 78.582955 | M34: 91.141868 | N34: 81.792748 | O34: 73.490015 | P34: 76.529647 | Q34: 62.039373 | R34: 52.280846 | S34: 56.249543 | T34: 37.577822 | U34: 70.25025 | V34: 62.922918 | W34: 93.691762 | X34: 74.270138 | Y34: 89.489127 | Z34: 82.21467 | AA34: 75.583447 | AB34: 79.973186 | AC34: 66.618457 | AD34: 57.873914 | AE34: 62.780608 | AF34: 44.993395 | AG34: 78.503848 | AH34: 71.969417 | AI34: 103.48678 | AJ34: 84.771037 | AK34: 100.6562 | AL34: 94.010675 | AM34: 87.972359 | AN34: 92.919264 | AO34: 80.086522 | AP34: 71.830884 | AQ34: 77.197308 | AR34: 59.845679 | AS34: 93.772607 | AT34: 87.639549 | AU34: 119.54561 | AV34: 101.2068 | AW34: 117.45701 | AX34: 111.16413 | AY34: 105.46562 | AZ34: 110.73936 | BA34: 98.220661 | BB34: 90.266613 | BC34: 95.922589 | BD34: 78.848854 | BE34: 113.04233 | BF34: 107.1647 | BG34: 139.31519 | BH34: 121.2099 | BI34: 137.68289 | BJ34: 131.60242 | BK34: 126.10662 | BL34: 131.57428 | BM34: 119.24159 | BN34: 111.46617 | BO34: 117.29322 | BP34: 100.38221 | BQ34: 134.72904 | BR34: 128.99491 | BS34: 161.2797 | BT34: 143.30128 | BU34: 159.89578 | BV34: 153.93235 | BW34: 148.54761 | BX34: 154.11627 | BY34: 141.8694 | BZ34: 134.16157 | CA34: 140.03989 | CB34: 123.17156 | CC34: 157.56456 | CD34: 151.889 | CE34: 184.24511 | CF34: 166.3413 | CG34: 182.99119 | CH34: 177.05267 | CI34: 171.66206 | CJ34: 177.18851 | CK34: 164.95848 | CL34: 157.25457 | CM34: 163.16727 | CN34: 146.54655 | CO34: 180.47436 | CP34: 174.42518 | CQ34: 206.78707 | CR34: 185.96343 | CS34: 207.202 | CT34: 196.63194 | CU34: 192.06448 | CW34: 1
C35: Actual | CW35: 0
A36: Am1304 | B36: desl | C36: Forecast | D36: 96.963686 | E36: 90.867996 | F36: 90.088804 | G36: 85.134126 | H36: 83.087028 | I36: 74.49035 | J36: 71.475394 | K36: 71.160679 | L36: 65.304023 | M36: 65.042075 | N36: 56.043234 | O36: 52.184077 | P36: 50.484919 | Q36: 48.566841 | R36: 55.881489 | S36: 59.072855 | T36: 62.913668 | U36: 59.902543 | V36: 61.158539 | W36: 64.526585 | X36: 61.711384 | Y36: 63.880898 | Z36: 56.898873 | AA36: 54.677188 | AB36: 54.334919 | AC36: 53.584346 | AD36: 61.932095 | AE36: 66.064743 | AF36: 70.781379 | AG36: 68.594749 | AH36: 70.63083 | AI36: 74.73787 | AJ36: 72.623457 | AK36: 75.457976 | AL36: 69.106906 | AM36: 67.483035 | AN36: 67.705941 | AO36: 67.488852 | AP36: 76.340291 | AQ36: 80.94971 | AR36: 86.119719 | AS36: 84.366614 | AT36: 86.819352 | AU36: 91.32824 | AV36: 89.601986 | AW36: 92.811394 | AX36: 86.821993 | AY36: 85.546533 | AZ36: 86.104624 | BA36: 86.209654 | BB36: 95.370413 | BC36: 100.27669 | BD36: 105.73148 | BE36: 104.25141 | BF36: 106.96573 | BG36: 111.72494 | BH36: 110.23787 | BI36: 113.67548 | BJ36: 107.9036 | BK36: 106.83554 | BL36: 107.59165 | BM36: 107.88603 | BN36: 117.22792 | BO36: 122.30696 | BP36: 127.92548 | BQ36: 126.59929 | BR36: 129.45723 | BS36: 134.35035 | BT36: 132.98905 | BU36: 136.54627 | BV36: 130.889 | BW36: 129.92984 | BX36: 130.78626 | BY36: 131.16846 | BZ36: 140.583 | CA36: 145.72054 | CB36: 151.38898 | CC36: 150.11223 | CD36: 153.02569 | CE36: 157.98039 | CF36: 156.67739 | CG36: 160.27338 | CH36: 154.6199 | CI36: 153.62919 | CJ36: 154.43715 | CK36: 154.77374 | CL36: 164.19939 | CM36: 169.40435 | CN36: 175.13271 | CO36: 173.87101 | CP36: 176.51082 | CQ36: 180.87325 | CR36: 178.92085 | CS36: 180.66779 | CT36: 179.57967 | CU36: 185.72986 | CW36: -1
C37: Actual | CW37: 0
A38: Rr1401 | B38: adm | C38: Forecast | D38: 1618.919 | E38: 1541.3468 | F38: 1440.1891 | G38: 1464.01 | H38: 1229.7006 | I38: 1507.2436 | J38: 1350.8987 | K38: 1599.9344 | L38: 1534.5088 | M38: 1584.4731 | N38: 1672.455 | O38: 1616.0579 | P38: 1686.7149 | Q38: 1654.0412 | R38: 1532.4945 | S38: 1580.6753 | T38: 1354.1634 | U38: 1646.9517 | V38: 1503.8762 | W38: 1762.7958 | X38: 1704.9759 | Y38: 1759.3806 | Z38: 1848.88 | AA38: 1792.4184 | AB38: 1862.1108 | AC38: 1828.5857 | AD38: 1706.9935 | AE38: 1756.1067 | AF38: 1531.3595 | AG38: 1826.4617 | AH38: 1685.9861 | AI38: 1947.6017 | AJ38: 1892.4661 | AK38: 1949.4847 | AL38: 2041.4808 | AM38: 1987.3494 | AN38: 2059.1585 | AO38: 2027.5112 | AP38: 1907.5698 | AQ38: 1958.1554 | AR38: 1734.7709 | AS38: 2031.1927 | AT38: 1892.0396 | AU38: 2154.9995 | AV38: 2101.2253 | AW38: 2159.6046 | AX38: 2252.9409 | AY38: 2200.1144 | AZ38: 2273.1854 | BA38: 2242.7543 | BB38: 2123.9835 | BC38: 2175.6948 | BD38: 1953.3924 | BE38: 2250.8549 | BF38: 2112.7034 | BG38: 2376.628 | BH38: 2323.7817 | BI38: 2383.0508 | BJ38: 2477.2378 | BK38: 2425.2253 | BL38: 2499.0816 | BM38: 2469.4202 | BN38: 2351.4164 | BO38: 2403.8976 | BP38: 2182.3608 | BQ38: 2480.5649 | BR38: 2343.1084 | BS38: 2607.6692 | BT38: 2555.4105 | BU38: 2615.2504 | BV38: 2710.0287 | BW38: 2658.643 | BX38: 2733.1315 | BY38: 2704.0307 | BZ38: 2586.4262 | CA38: 2639.1 | CB38: 2417.5993 | CC38: 2715.8582 | CD38: 2578.6982 | CE38: 2843.9668 | CF38: 2792.8589 | CG38: 2853.9968 | CH38: 2949.8972 | CI38: 2899.1256 | CJ38: 2973.3021 | CK38: 2944.3129 | CL38: 2826.3999 | CM38: 2878.8029 | CN38: 2662.2898 | CO38: 2956.9983 | CP38: 2821.6477 | CQ38: 3092.3821 | CR38: 2998.832 | CS38: 3136.3166 | CT38: 3146.416 | CU38: 3059.0357 | CW38: 1
C39: Actual | CW39: 0
A40: Rr1401 | B40: desl | C40: Forecast | D40: 1520.3006 | E40: 1338.5081 | F40: 1457.9634 | G40: 1461.7735 | H40: 1346.8803 | I40: 1494.5065 | J40: 1307.5422 | K40: 1639.5562 | L40: 1316.8582 | M40: 1615.0931 | N40: 1428.3551 | O40: 1437.4064 | P40: 1531.0297 | Q40: 1409.0811 | R40: 1504.3192 | S40: 1548.8451 | T40: 1436.6442 | U40: 1607.2751 | V40: 1432.1935 | W40: 1778.955 | X40: 1466.3778 | Y40: 1771.0713 | Z40: 1587.6186 | AA40: 1597.8549 | AB40: 1691.7716 | AC40: 1570.5701 | AD40: 1667.452 | AE40: 1714.5617 | AF40: 1605.666 | AG40: 1780.0033 | AH40: 1608.7765 | AI40: 1959.4088 | AJ40: 1650.6769 | AK40: 1959.1685 | AL40: 1779.4178 | AM40: 1793.1777 | AN40: 1890.3559 | AO40: 1772.1079 | AP40: 1871.6474 | AQ40: 1921.1808 | AR40: 1814.5618 | AS40: 1991.108 | AT40: 1822.0725 | AU40: 2174.8932 | AV40: 1868.3353 | AW40: 2178.9633 | AX40: 2001.2907 | AY40: 2017.0588 | AZ40: 2116.1727 | BA40: 1999.7899 | BB40: 2101.1266 | BC40: 2152.3903 | BD40: 2047.4342 | BE40: 2225.5756 | BF40: 2058.0681 | BG40: 2412.3509 | BH40: 2107.1909 | BI40: 2419.1548 | BJ40: 2242.7599 | BK40: 2259.754 | BL40: 2360.0513 | BM40: 2244.8192 | BN40: 2347.2795 | BO40: 2399.6377 | BP40: 2295.7362 | BQ40: 2474.8774 | BR40: 2308.3048 | BS40: 2663.4611 | BT40: 2359.1324 | BU40: 2671.9118 | BV40: 2496.3324 | BW40: 2514.129 | BX40: 2615.168 | BY40: 2500.5509 | BZ40: 2603.4533 | CA40: 2656.0953 | CB40: 2552.4162 | CC40: 2731.8777 | CD40: 2565.8672 | CE40: 2921.8802 | CF40: 2618.611 | CG40: 2932.3746 | CH40: 2757.4617 | CI40: 2775.4462 | CJ40: 2876.2986 | CK40: 2761.7117 | CL40: 2864.8353 | CM40: 2918.724 | CN40: 2818.3558 | CO40: 2995.8394 | CP40: 2831.7246 | CQ40: 3180.2026 | CR40: 2863.8843 | CS40: 3173.6217 | CT40: 2980.9216 | CU40: 3116.3441 | CW40: -1
C41: Actual | CW41: 0
A42: Rr1402 | B42: adm | C42: Forecast | D42: 76.574897 | E42: 60.933207 | F42: 48.392499 | G42: 42.839026 | H42: 35.519341 | I42: 45.153725 | J42: 43.405139 | K42: 55.150718 | L42: 53.614097 | M42: 54.248222 | N42: 57.135297 | O42: 50.638303 | P42: 50.342679 | Q42: 44.13266 | R42: 36.74295 | S42: 35.470912 | T42: 31.347848 | U42: 43.630719 | V42: 44.180213 | W42: 57.889029 | X42: 58.140919 | Y42: 60.238262 | Z42: 64.281739 | AA42: 58.635976 | AB42: 58.931913 | AC42: 53.137844 | AD42: 46.075184 | AE42: 45.103453 | AF42: 41.288575 | AG42: 53.900347 | AH42: 54.798879 | AI42: 68.871997 | AJ42: 69.5001 | AK42: 71.983992 | AL42: 76.422417 | AM42: 71.17562 | AN42: 71.867215 | AO42: 66.456937 | AP42: 59.759084 | AQ42: 59.129492 | AR42: 55.634366 | AS42: 68.5468 | AT42: 69.731448 | AU42: 84.080228 | AV42: 84.976176 | AW42: 87.721157 | AX42: 92.413888 | AY42: 87.414161 | AZ42: 88.345192 | BA42: 83.166547 | BB42: 76.69251 | BC42: 76.278941 | BD42: 72.992044 | BE42: 86.104917 | BF42: 87.482268 | BG42: 102.0161 | BH42: 103.08947 | BI42: 106.00412 | BJ42: 110.85856 | BK42: 106.01247 | BL42: 107.08941 | BM42: 102.04991 | BN42: 95.709689 | BO42: 95.426051 | BP42: 92.265857 | BQ42: 105.50157 | BR42: 106.99608 | BS42: 121.63933 | BT42: 122.81345 | BU42: 125.82147 | BV42: 130.76523 | BW42: 126.00804 | BX42: 127.17457 | BY42: 122.22171 | BZ42: 115.95688 | CA42: 115.72762 | CB42: 112.59563 | CC42: 125.83849 | CD42: 127.33513 | CE42: 141.99824 | CF42: 143.22683 | CG42: 146.32294 | CH42: 151.37202 | CI42: 146.69062 | CJ42: 147.8784 | CK42: 142.90655 | CL42: 136.53605 | CM42: 136.28219 | CN42: 133.1964 | CO42: 146.34591 | CP42: 148.29083 | CQ42: 162.26045 | CR42: 162.6096 | CS42: 167.43336 | CT42: 167.86614 | CU42: 162.89524 | CW42: 1
C43: Actual | CW43: 0
A44: Rr1402 | B44: desl | C44: Forecast | D44: 77.997939 | E44: 59.057282 | F44: 57.121018 | G44: 46.209622 | H44: 42.987974 | I44: 42.737552 | J44: 44.127914 | K44: 56.58424 | L44: 40.916956 | M44: 57.879007 | N44: 40.685207 | O44: 44.021673 | P44: 43.744068 | Q44: 33.258927 | R44: 39.41504 | S44: 33.878851 | T44: 34.445865 | U44: 37.266027 | V44: 40.929862 | W44: 55.50619 | X44: 41.7026 | Y44: 60.335383 | Z44: 44.582269 | AA44: 49.082923 | AB44: 49.706945 | AC44: 39.908711 | AD44: 46.596907 | AE44: 41.503662 | AF44: 42.475457 | AG44: 45.692432 | AH44: 49.757607 | AI44: 64.742241 | AJ44: 51.353577 | AK44: 70.408143 | AL44: 55.084213 | AM44: 60.020316 | AN44: 61.081956 | AO44: 51.716768 | AP44: 58.825723 | AQ44: 54.134536 | AR44: 55.486289 | AS44: 59.061145 | AT44: 63.464731 | AU44: 78.772007 | AV44: 65.693601 | AW44: 85.048308 | AX44: 70.01544 | AY44: 75.233713 | AZ44: 76.568485 | BA44: 67.467287 | BB44: 74.831165 | BC44: 70.386028 | BD44: 71.975126 | BE44: 75.778681 | BF44: 80.402253 | BG44: 95.920664 | BH44: 83.044405 | BI44: 102.59221 | BJ44: 87.743454 | BK44: 93.13712 | BL44: 94.639037 | BM44: 85.6974 | BN44: 93.213979 | BO44: 88.915251 | BP44: 90.644681 | BQ44: 94.582264 | BR44: 99.333045 | BS44: 114.97142 | BT44: 102.20796 | BU44: 121.86216 | BV44: 107.1146 | BW44: 112.60511 | BX44: 114.1991 | BY44: 105.34263 | BZ44: 112.9341 | CA44: 108.69682 | CB44: 110.47359 | CC44: 114.44724 | CD44: 119.229 | CE44: 134.90125 | CF44: 122.17837 | CG44: 141.8773 | CH44: 127.17274 | CI44: 132.68785 | CJ44: 134.29513 | CK44: 125.42399 | CL44: 132.97768 | CM44: 128.76876 | CN44: 130.48975 | CO44: 134.37305 | CP44: 139.42109 | CQ44: 154.08649 | CR44: 142.05728 | CS44: 159.26676 | CT44: 147.35141 | CU44: 158.02352 | CW44: -1
C45: Actual | CW45: 0
A46: Pa1501 | B46: adm | C46: Forecast | D46: 1261.7337 | E46: 1165.1473 | F46: 1018.4175 | G46: 1098.1508 | H46: 824.10277 | I46: 1039.6566 | J46: 898.73008 | K46: 1137.5916 | L46: 1072.4452 | M46: 1079.2081 | N46: 1181.2656 | O46: 1067.3045 | P46: 1166.8331 | Q46: 1160.494 | R46: 1038.2671 | S46: 1155.9765 | T46: 918.94916 | U46: 1159.9364 | V46: 1041.4581 | W46: 1292.4678 | X46: 1235.2389 | Y46: 1245.128 | Z46: 1346.7197 | AA46: 1231.495 | AB46: 1330.2591 | AC46: 1324.9088 | AD46: 1206.0337 | AE46: 1329.0017 | AF46: 1098.2616 | AG46: 1345.7247 | AH46: 1233.335 | AI46: 1489.7886 | AJ46: 1437.3472 | AK46: 1451.4699 | AL46: 1556.8438 | AM46: 1445.0057 | AN46: 1546.7816 | AO46: 1544.0973 | AP46: 1427.6128 | AQ46: 1552.806 | AR46: 1324.2434 | AS46: 1573.9251 | AT46: 1463.8321 | AU46: 1722.644 | AV46: 1672.5716 | AW46: 1689.0147 | AX46: 1796.6143 | AY46: 1686.884 | AZ46: 1790.6474 | BA46: 1789.8394 | BB46: 1675.1326 | BC46: 1802.0155 | BD46: 1575.0623 | BE46: 1826.2793 | BF46: 1717.6524 | BG46: 1977.8639 | BH46: 1929.1239 | BI46: 1946.8298 | BJ46: 2055.6212 | BK46: 1947.017 | BL46: 2051.8544 | BM46: 2052.0876 | BN46: 1938.4043 | BO46: 2066.2924 | BP46: 1840.3047 | BQ46: 2092.4103 | BR46: 1984.5611 | BS46: 2245.4314 | BT46: 2197.2632 | BU46: 2215.516 | BV46: 2324.8885 | BW46: 2216.9091 | BX46: 2322.3475 | BY46: 2323.0262 | BZ46: 2209.5057 | CA46: 2337.2456 | CB46: 2110.937 | CC46: 2362.8554 | CD46: 2255.2836 | CE46: 2517.0566 | CF46: 2470.2876 | CG46: 2489.8749 | CH46: 2599.8748 | CI46: 2491.4362 | CJ46: 2595.0505 | CK46: 2594.1344 | CL46: 2479.4379 | CM46: 2606.5302 | CN46: 2385.185 | CO46: 2634.9187 | CP46: 2523.6372 | CQ46: 2791.8941 | CR46: 2700.6515 | CS46: 2774.3198 | CT46: 2818.7909 | CU46: 2713.958 | CW46: 1
C47: Actual | CW47: 0
A48: Pa1501 | B48: desl | C48: Forecast | D48: 945.0567 | E48: 874.14895 | F48: 1058.6541 | G48: 1175.0593 | H48: 1205.7641 | I48: 1182.9662 | J48: 1061.4657 | K48: 1202.7106 | L48: 902.35282 | M48: 1105.5726 | N48: 841.34469 | O48: 804.31744 | P48: 842.60625 | Q48: 767.79594 | R48: 980.65249 | S48: 1141.0266 | T48: 1218.3007 | U48: 1234.0491 | V48: 1142.6083 | W48: 1306.2093 | X48: 1020.9397 | Y48: 1230.8983 | Z48: 967.97143 | AA48: 929.35074 | AB48: 965.9392 | AC48: 891.73285 | AD48: 1108.3905 | AE48: 1275.3993 | AF48: 1361.132 | AG48: 1386.0182 | AH48: 1303.4872 | AI48: 1475.2869 | AJ48: 1197.3931 | AK48: 1413.9843 | AL48: 1157.0511 | AM48: 1123.8318 | AN48: 1165.2319 | AO48: 1095.2699 | AP48: 1315.693 | AQ48: 1486.1419 | AR48: 1575.1689 | AS48: 1603.3549 | AT48: 1524.2107 | AU48: 1699.4863 | AV48: 1425.1 | AW48: 1645.1503 | AX48: 1391.5578 | AY48: 1361.5189 | AZ48: 1405.9271 | BA48: 1338.8087 | BB48: 1561.9259 | BC48: 1734.9341 | BD48: 1826.3968 | BE48: 1856.9024 | BF48: 1779.9668 | BG48: 1957.3424 | BH48: 1684.9476 | BI48: 1906.8797 | BJ48: 1655.0625 | BK48: 1626.7042 | BL48: 1672.7195 | BM48: 1607.1585 | BN48: 1831.7977 | BO48: 2006.284 | BP48: 2099.1456 | BQ48: 2130.9219 | BR48: 2055.0921 | BS48: 2233.4121 | BT48: 1961.8546 | BU48: 2184.6027 | BV48: 1933.6464 | BW48: 1906.1854 | BX48: 1953.0237 | BY48: 1888.0346 | BZ48: 2112.8496 | CA48: 2287.1232 | CB48: 2379.6152 | CC48: 2411.2668 | CD48: 2335.9454 | CE48: 2515.5322 | CF48: 2245.6796 | CG48: 2469.8313 | CH48: 2219.105 | CI48: 2190.2986 | CJ48: 2234.6768 | CK48: 2166.9662 | CL48: 2390.6249 | CM48: 2566.3751 | CN48: 2661.277 | CO48: 2694.1459 | CP48: 2614.7186 | CQ48: 2783.3882 | CR48: 2508.1568 | CS48: 2660.6143 | CT48: 2464.4774 | CU48: 2637.8182 | CW48: -1
C49: Actual | CW49: 0
A50: Pa1502 | B50: adm | C50: Forecast | D50: 191.01482 | E50: 179.83222 | F50: 146.28252 | G50: 140.26555 | H50: 100.2709 | I50: 150.67833 | J50: 133.56586 | K50: 170.39143 | L50: 171.46647 | M50: 165.06056 | N50: 194.71237 | O50: 185.35346 | P50: 197.01937 | Q50: 196.34037 | R50: 160.79532 | S50: 153.38449 | T50: 111.46583 | U50: 158.95998 | V50: 139.95863 | W50: 174.65776 | X50: 173.91858 | Y50: 165.95504 | Z50: 194.24293 | AA50: 183.82246 | AB50: 194.62678 | AC50: 193.21309 | AD50: 157.01373 | AE50: 148.97254 | AF50: 106.4215 | AG50: 153.28067 | AH50: 133.65561 | AI50: 167.75626 | AJ50: 166.44919 | AK50: 157.94507 | AL50: 185.71231 | AM50: 174.7857 | AN50: 185.09772 | AO50: 183.20874 | AP50: 146.55558 | AQ50: 138.08507 | AR50: 95.129071 | AS50: 141.6045 | AT50: 121.61243 | AU50: 155.35879 | AV50: 153.70784 | AW50: 144.86978 | AX50: 172.31381 | AY50: 161.07575 | AZ50: 171.08875 | BA50: 168.91322 | BB50: 131.98557 | BC50: 123.25202 | BD50: 80.043847 | BE50: 126.27749 | BF50: 106.05363 | BG50: 139.57786 | BH50: 137.71432 | BI50: 128.67336 | BJ50: 155.92454 | BK50: 144.50405 | BL50: 154.34496 | BM50: 152.00688 | BN50: 114.92475 | BO50: 106.04328 | BP50: 62.693071 | BQ50: 108.79148 | BR50: 88.441528 | BS50: 121.8515 | BT50: 119.88659 | BU50: 110.75501 | BV50: 137.9208 | BW50: 126.41353 | BX50: 136.16239 | BY50: 133.72948 | BZ50: 96.559791 | CA50: 87.611674 | CB50: 44.225437 | CC50: 90.319134 | CD50: 69.979115 | CE50: 103.38803 | CF50: 101.39447 | CG50: 92.197068 | CH50: 119.31432 | CI50: 107.80629 | CJ50: 117.60311 | CK50: 115.45742 | CL50: 78.404626 | CM50: 69.467841 | CN50: 26.636958 | CO50: 71.353475 | CP50: 51.670133 | CQ50: 84.437928 | CR50: 78.594954 | CS50: 90.189667 | CT50: 97.97486 | CU50: 68.790188 | CW50: 1
C51: Actual | CW51: 0
A52: Pa1502 | B52: desl | C52: Forecast | D52: 162.04315 | E52: 156.55943 | F52: 183.3879 | G52: 190.85453 | H52: 193.7534 | I52: 180.4714 | J52: 178.47945 | K52: 187.05979 | L52: 154.05291 | M52: 181.083 | N52: 152.46833 | O52: 157.89385 | P52: 169.99997 | Q52: 159.78746 | R52: 184.4414 | S52: 190.95065 | T52: 191.11974 | U52: 175.86078 | V52: 171.41314 | W52: 178.01636 | X52: 143.4894 | Y52: 169.41043 | Z52: 140.23064 | AA52: 145.46948 | AB52: 157.63874 | AC52: 147.60893 | AD52: 172.4147 | AE52: 178.96049 | AF52: 179.03479 | AG52: 163.57368 | AH52: 158.85123 | AI52: 165.136 | AJ52: 130.26665 | AK52: 155.83414 | AL52: 126.30052 | AM52: 131.19691 | AN52: 143.0472 | AO52: 132.73174 | AP52: 157.28935 | AQ52: 163.62131 | AR52: 163.50731 | AS52: 147.87244 | AT52: 142.98125 | AU52: 149.09645 | AV52: 114.05495 | AW52: 139.44886 | AX52: 109.74264 | AY52: 114.4696 | AZ52: 126.15506 | BA52: 115.68009 | BB52: 140.08398 | BC52: 146.26849 | BD52: 146.01385 | BE52: 130.24534 | BF52: 125.22721 | BG52: 131.22141 | BH52: 96.064023 | BI52: 121.34684 | BJ52: 91.534704 | BK52: 96.161827 | BL52: 107.75405 | BM52: 97.191738 | BN52: 121.51186 | BO52: 127.6129 | BP52: 127.27241 | BQ52: 111.41562 | BR52: 106.31015 | BS52: 112.22393 | BT52: 76.998636 | BU52: 102.22766 | BV52: 72.371404 | BW52: 76.954955 | BX52: 88.495542 | BY52: 77.872283 | BZ52: 102.13233 | CA52: 108.19357 | CB52: 107.85185 | CC52: 92.033897 | CD52: 86.983746 | CE52: 92.922005 | CF52: 57.638395 | CG52: 82.708385 | CH52: 52.611148 | CI52: 56.967042 | CJ52: 68.409241 | CK52: 57.791374 | CL52: 82.306046 | CM52: 88.713263 | CN52: 88.242745 | CO52: 72.664804 | CP52: 66.755042 | CQ52: 73.054579 | CR52: 39.33929 | CS52: 53.835343 | CT52: 36.138359 | CU52: 58.562554 | CW52: -1
C53: Actual | CW53: 0
A54: Pa1503 | B54: adm | C54: Forecast | D54: 10498.187 | E54: 10356.112 | F54: 9524.0182 | G54: 9775.066 | H54: 8184.2487 | I54: 9090.9986 | J54: 8308.2083 | K54: 9572.471 | L54: 9723.3706 | M54: 9505.0577 | N54: 10432.741 | O54: 9783.5576 | P54: 10295.572 | Q54: 10477.113 | R54: 9722.3941 | S54: 10202.652 | T54: 8828.8068 | U54: 9909.7847 | V54: 9295.0111 | W54: 10686.089 | X54: 10936.379 | Y54: 10786.225 | Z54: 11755.134 | AA54: 11132.149 | AB54: 11662.975 | AC54: 11863.981 | AD54: 11134.548 | AE54: 11646.239 | AF54: 10308.104 | AG54: 11426.784 | AH54: 10850.072 | AI54: 12278.794 | AJ54: 12566.079 | AK54: 12452.116 | AL54: 13456.037 | AM54: 12866.297 | AN54: 13428.034 | AO54: 13657.341 | AP54: 12953.754 | AQ54: 13489.356 | AR54: 12173.863 | AS54: 13314.495 | AT54: 12759.389 | AU54: 14209.455 | AV54: 14517.72 | AW54: 14424.211 | AX54: 15447.919 | AY54: 14877.227 | AZ54: 15457.266 | BA54: 15704.143 | BB54: 15017.413 | BC54: 15569.172 | BD54: 14269.142 | BE54: 15424.558 | BF54: 14883.567 | BG54: 16347.091 | BH54: 16668.156 | BI54: 16586.779 | BJ54: 17621.967 | BK54: 17062.16 | BL54: 17652.596 | BM54: 17909.516 | BN54: 17232.565 | BO54: 17793.833 | BP54: 16502.909 | BQ54: 17666.82 | BR54: 17133.55 | BS54: 18604.015 | BT54: 18931.458 | BU54: 18856.245 | BV54: 19897.638 | BW54: 19343.998 | BX54: 19940.023 | BY54: 20201.115 | BZ54: 19526.244 | CA54: 20087.532 | CB54: 18795.64 | CC54: 19959.591 | CD54: 19429.317 | CE54: 20906.537 | CF54: 21243.495 | CG54: 21177.007 | CH54: 22223.095 | CI54: 21668.264 | CJ54: 22256.361 | CK54: 22513.119 | CL54: 21834.652 | CM54: 22395.139 | CN54: 21131.548 | CO54: 22257.93 | CP54: 21711.063 | CQ54: 23192.48 | CR54: 23258.52 | CS54: 23597.133 | CT54: 24279.87 | CU54: 23710.82 | CW54: 1
C55: Actual | CW55: 0
A56: Pa1503 | B56: desl | C56: Forecast | D56: 8967.3472 | E56: 8327.1418 | F56: 9534.0732 | G56: 10111.613 | H56: 10160.483 | I56: 9216.642 | J56: 8737.7941 | K56: 9485.0237 | L56: 8148.121 | M56: 8988.159 | N56: 7979.4933 | O56: 7400.7542 | P56: 8014.7893 | Q56: 7696.7051 | R56: 9001.8448 | S56: 9907.0059 | T56: 10209.117 | U56: 9528.3784 | V56: 9250.399 | W56: 10182.6 | X56: 8995.5164 | Y56: 9945.5296 | Z56: 9018.778 | AA56: 8499.9244 | AB56: 9164.1469 | AC56: 8897.6632 | AD56: 10260.192 | AE56: 11228.248 | AF56: 11596.13 | AG56: 10981.003 | AH56: 10766.278 | AI56: 11758.594 | AJ56: 10628.794 | AK56: 11633.86 | AL56: 10760.214 | AM56: 10292.276 | AN56: 11004.713 | AO56: 10783.379 | AP56: 12188.042 | AQ56: 13195.683 | AR56: 13601.293 | AS56: 13022.686 | AT56: 12843.68 | AU56: 13871.017 | AV56: 12775.41 | AW56: 13813.623 | AX56: 12971.892 | AY56: 12534.557 | AZ56: 13276.292 | BA56: 13083.016 | BB56: 14514.57 | BC56: 15547.99 | BD56: 15978.305 | BE56: 15423.356 | BF56: 15266.975 | BG56: 16315.903 | BH56: 15240.839 | BI56: 16298.536 | BJ56: 15475.25 | BK56: 15055.409 | BL56: 15813.838 | BM56: 15636.622 | BN56: 17083.702 | BO56: 18132.07 | BP56: 18576.546 | BQ56: 18034.686 | BR56: 17890.121 | BS56: 18949.645 | BT56: 17884.321 | BU56: 18951.428 | BV56: 18137.607 | BW56: 17727.178 | BX56: 18494.231 | BY56: 18323.734 | BZ56: 19774.753 | CA56: 20824.382 | CB56: 21268.93 | CC56: 20728.426 | CD56: 20588.815 | CE56: 21657.57 | CF56: 20603.624 | CG56: 21679.687 | CH56: 20867.358 | CI56: 20448.69 | CJ56: 21201.464 | CK56: 21015.243 | CL56: 22460.338 | CM56: 23523.195 | CN56: 23979.988 | CO56: 23442.848 | CP56: 23287.8 | CQ56: 24256.296 | CR56: 23183.989 | CS56: 23756.044 | CT56: 23428.57 | CU56: 24459.498 | CW56: -1
C57: Actual | CW57: 0
A58: Pa1504 | B58: adm | C58: Forecast | D58: 1577.3874 | E58: 1515.7517 | F58: 1332.0066 | G58: 1459.2214 | H58: 1037.0825 | I58: 1301.596 | J58: 979.67661 | K58: 1450.9369 | L58: 1373.1589 | M58: 1400.3629 | N58: 1533.6941 | O58: 1364.4412 | P58: 1476.9697 | Q58: 1530.8879 | R58: 1383.1981 | S58: 1562.6244 | T58: 1201.4276 | U58: 1509.8783 | V58: 1227.1356 | W58: 1725.2358 | X58: 1669.0627 | Y58: 1708.196 | Z58: 1845.8882 | AA58: 1677.216 | AB58: 1789.2514 | AC58: 1844.518 | AD58: 1701.5414 | AE58: 1888.6764 | AF58: 1537.0201 | AG58: 1855.6532 | AH58: 1582.9151 | AI58: 2090.4856 | AJ58: 2043.242 | AK58: 2090.8718 | AL58: 2236.6614 | AM58: 2075.5998 | AN58: 2194.6161 | AO58: 2256.149 | AP58: 2118.7718 | AQ58: 2311.0103 | AR58: 1964.1869 | AS58: 2287.5782 | AT58: 2019.633 | AU58: 2532.0414 | AV58: 2489.621 | AW58: 2541.9755 | AX58: 2692.3235 | AY58: 2535.6197 | AZ58: 2658.7898 | BA58: 2724.2846 | BB58: 2590.6919 | BC58: 2786.5481 | BD58: 2443.1823 | BE58: 2769.8769 | BF58: 2505.0859 | BG58: 3020.5008 | BH58: 2980.9349 | BI58: 3035.9843 | BJ58: 3188.8653 | BK58: 3034.5474 | BL58: 3159.9916 | BM58: 3227.6964 | BN58: 3096.2857 | BO58: 3294.2947 | BP58: 2953.0014 | BQ58: 3281.603 | BR58: 3018.4781 | BS58: 3535.3069 | BT58: 3496.984 | BU58: 3553.255 | BV58: 3707.4694 | BW58: 3554.6074 | BX58: 3681.4537 | BY58: 3750.1827 | BZ58: 3619.1112 | CA58: 3816.7069 | CB58: 3474.5782 | CC58: 3802.6356 | CD58: 3540.0161 | CE58: 4058.7769 | CF58: 4023.4735 | CG58: 4082.5494 | CH58: 4237.9967 | CI58: 4083.8608 | CJ58: 4206.8457 | CK58: 4272.5594 | CL58: 4139.1369 | CM58: 4337.4708 | CN58: 4005.3522 | CO58: 4326.4295 | CP58: 4063.712 | CQ58: 4577.3175 | CR58: 4463.1923 | CS58: 4618.6707 | CT58: 4669.8259 | CU58: 4604.6057 | CW58: 1
C59: Actual | CW59: 0
A60: Pa1504 | B60: desl | C60: Forecast | D60: 1456.5907 | E60: 1240.9931 | F60: 1392.9185 | G60: 1418.654 | H60: 1423.717 | I60: 1503.2812 | J60: 1312.3173 | K60: 1527.6057 | L60: 1108.0272 | M60: 1456.9341 | N60: 1101.1222 | O60: 1132.156 | P60: 1139.2824 | Q60: 980.54854 | R60: 1190.5411 | S60: 1290.4385 | T60: 1354.8756 | U60: 1497.7076 | V60: 1359.1798 | W60: 1619.8465 | X60: 1238.4254 | Y60: 1616.9812 | Z60: 1284.0736 | AA60: 1331.6681 | AB60: 1351.1102 | AC60: 1202.8704 | AD60: 1423.3468 | AE60: 1534.7579 | AF60: 1611.9181 | AG60: 1768.2692 | AH60: 1643.44 | AI60: 1917.4679 | AJ60: 1548.8 | AK60: 1939.449 | AL60: 1618.0316 | AM60: 1676.5643 | AN60: 1706.3881 | AO60: 1567.932 | AP60: 1797.568 | AQ60: 1917.5437 | AR60: 2002.7657 | AS60: 2166.804 | AT60: 2049.4098 | AU60: 2330.7018 | AV60: 1969.154 | AW60: 2366.7614 | AX60: 2052.1009 | AY60: 2117.1509 | AZ60: 2153.2291 | BA60: 2020.7598 | BB60: 2256.1221 | BC60: 2381.5765 | BD60: 2472.0421 | BE60: 2641.0994 | BF60: 2528.5077 | BG60: 2814.3904 | BH60: 2457.2233 | BI60: 2859.0001 | BJ60: 2548.2968 | BK60: 2617.0965 | BL60: 2656.7321 | BM60: 2527.653 | BN60: 2766.2665 | BO60: 2894.8493 | BP60: 2988.3131 | BQ60: 3160.2036 | BR60: 3050.2327 | BS60: 3338.4914 | BT60: 2983.4655 | BU60: 3387.2108 | BV60: 3078.3937 | BW60: 3149.0641 | BX60: 3190.5397 | BY60: 3063.1498 | BZ60: 3303.115 | CA60: 3432.5624 | CB60: 3526.4144 | CC60: 3698.4493 | CD60: 3588.7777 | CE60: 3877.872 | CF60: 3524.3042 | CG60: 3929.7885 | CH60: 3622.2284 | CI60: 3692.8216 | CJ60: 3732.7015 | CK60: 3602.321 | CL60: 3839.3984 | CM60: 3968.6852 | CN60: 4062.9315 | CO60: 4238.0162 | CP60: 4129.9067 | CQ60: 4407.3647 | CR60: 4049.9186 | CS60: 4393.4656 | CT60: 4109.669 | CU60: 4351.0894 | CW60: -1
C61: Actual | CW61: 0
A62: Pa1505 | B62: adm | C62: Forecast | D62: 997.68758 | E62: 755.0768 | F62: 435.61424 | G62: 598.21265 | H62: 149.08057 | I62: 548.84891 | J62: 278.23497 | K62: 846.20755 | L62: 947.02277 | M62: 902.96959 | N62: 1223.2793 | O62: 803.92326 | P62: 877.63811 | Q62: 790.6099 | R62: 483.1809 | S62: 725.59125 | T62: 374.29436 | U62: 875.44861 | V62: 712.00916 | W62: 1375.7495 | X62: 1561.0042 | Y62: 1577.1526 | Z62: 1930.8995 | AA62: 1523.6017 | AB62: 1594.7919 | AC62: 1499.2912 | AD62: 1184.9891 | AE62: 1426.4948 | AF62: 1081.5939 | AG62: 1595.5254 | AH62: 1449.3737 | AI62: 2133.1606 | AJ62: 2340.0155 | AK62: 2378.5435 | AL62: 2754.8199 | AM62: 2369.5388 | AN62: 2461.5371 | AO62: 2385.0528 | AP62: 2087.684 | AQ62: 2344.1287 | AR62: 2012.5874 | AS62: 2538.8753 | AT62: 2404.6188 | AU62: 3100.2067 | AV62: 3318.9174 | AW62: 3369.3281 | AX62: 3757.3928 | AY62: 3383.6712 | AZ62: 3486.9005 | BA62: 3421.2663 | BB62: 3134.3499 | BC62: 3400.8504 | BD62: 3078.9746 | BE62: 3614.542 | BF62: 3489.1772 | BG62: 4193.2581 | BH62: 4420.0439 | BI62: 4478.0949 | BJ62: 4873.3704 | BK62: 4506.4775 | BL62: 4616.2499 | BM62: 4556.9953 | BN62: 4276.3927 | BO62: 4549.1579 | BP62: 4233.4048 | BQ62: 4774.7828 | BR62: 4654.7617 | BS62: 5363.6934 | BT62: 5595.0034 | BU62: 5657.5561 | BV62: 6057.5713 | BW62: 5695.6393 | BX62: 5810.1547 | BY62: 5754.6479 | BZ62: 5476.0473 | CA62: 5748.8511 | CB62: 5431.8745 | CC62: 5972.3802 | CD62: 5853.698 | CE62: 6567.316 | CF62: 6806.2402 | CG62: 6876.954 | CH62: 7282.8207 | CI62: 6922.3806 | CJ62: 7034.1445 | CK62: 6977.327 | CL62: 6700.3485 | CM62: 6982.0694 | CN62: 6687.0017 | CO62: 7220.6684 | CP62: 7088.8774 | CQ62: 7763.4983 | CR62: 7878.4152 | CS62: 8042.6403 | CT62: 8282.3388 | CU62: 8042.7418 | CW62: 1
C63: Actual | CW63: 0
A64: Pa1505 | B64: desl | C64: Forecast | D64: 1536.8894 | E64: 1461.363 | F64: 1547.2796 | G64: 1601.9735 | H64: 1633.3837 | I64: 1214.876 | J64: 1348.1627 | K64: 1238.1863 | L64: 1068.5726 | M64: 1049.4434 | N64: 803.16649 | O64: 716.37282 | P64: 749.85281 | Q64: 778.94331 | R64: 1034.4736 | S64: 1206.3204 | T64: 1375.0767 | U64: 1061.7943 | V64: 1277.489 | W64: 1239.4873 | X64: 1127.9439 | Y64: 1161.0109 | Z64: 961.3599 | AA64: 918.58895 | AB64: 995.4756 | AC64: 1067.6813 | AD64: 1365.5697 | AE64: 1578.1433 | AF64: 1785.106 | AG64: 1506.9343 | AH64: 1754.3555 | AI64: 1744.8063 | AJ64: 1658.8653 | AK64: 1715.2368 | AL64: 1537.1141 | AM64: 1514.5192 | AN64: 1610.5632 | AO64: 1701.1687 | AP64: 2016.8939 | AQ64: 2246.8702 | AR64: 2470.866 | AS64: 2209.3624 | AT64: 2473.0432 | AU64: 2479.2739 | AV64: 2408.5601 | AW64: 2479.5535 | AX64: 2315.4256 | AY64: 2306.2065 | AZ64: 2415.035 | BA64: 2517.8699 | BB64: 2845.3067 | BC64: 3086.5119 | BD64: 3321.2862 | BE64: 3070.1409 | BF64: 3343.7845 | BG64: 3359.598 | BH64: 3298.0909 | BI64: 3377.9087 | BJ64: 3222.2155 | BK64: 3221.0438 | BL64: 3337.5524 | BM64: 3447.7362 | BN64: 3782.227 | BO64: 4030.2065 | BP64: 4271.4525 | BQ64: 4026.4174 | BR64: 4305.7423 | BS64: 4326.7752 | BT64: 4270.0643 | BU64: 4354.3702 | BV64: 4203.0041 | BW64: 4206.096 | BX64: 4326.7773 | BY64: 4440.8729 | BZ64: 4778.7783 | CA64: 5029.5256 | CB64: 5272.9823 | CC64: 5029.9607 | CD64: 5311.6156 | CE64: 5335.6564 | CF64: 5282.4853 | CG64: 5370.0634 | CH64: 5220.2974 | CI64: 5222.2776 | CJ64: 5339.1313 | CK64: 5447.0683 | CL64: 5780.2915 | CM64: 6030.0866 | CN64: 6275.1434 | CO64: 6042.461 | CP64: 6324.3523 | CQ64: 6341.0205 | CR64: 6280.2455 | CS64: 6212.9575 | CT64: 6242.7024 | CU64: 6479.615 | CW64: -1
C65: Actual | CW65: 0
A66: Pa1506 | B66: adm | C66: Forecast | D66: 7580.0864 | E66: 7228.734 | F66: 6260.5308 | G66: 6405.8331 | H66: 4618.0328 | I66: 6118.289 | J66: 5349.8815 | K66: 7024.0225 | L66: 7012.5479 | M66: 6967.7267 | N66: 7939.5775 | O66: 7216.7178 | P66: 7790.168 | Q66: 7642.6304 | R66: 6562.5239 | S66: 6795.9643 | T66: 5091.0064 | U66: 6683.5275 | V66: 6031.6803 | W66: 7793.6632 | X66: 7860.0286 | Y66: 7872.7314 | Z66: 8881.3943 | AA66: 8181.47 | AB66: 8766.7861 | AC66: 8625.9454 | AD66: 7553.107 | AE66: 7797.2712 | AF66: 6107.6479 | AG66: 7719.8333 | AH66: 7090.9362 | AI66: 8877.8418 | AJ66: 8969.8701 | AK66: 9008.0047 | AL66: 10041.162 | AM66: 9364.3104 | AN66: 9970.9735 | AO66: 9849.6218 | AP66: 8794.4748 | AQ66: 9054.7689 | AR66: 7380.0643 | AS66: 9006.3387 | AT66: 8391.0322 | AU66: 10191.256 | AV66: 10296.434 | AW66: 10347.55 | AX66: 11393.457 | AY66: 10729.038 | AZ66: 11347.734 | BA66: 11237.96 | BB66: 10193.909 | BC66: 10464.812 | BD66: 8800.2424 | BE66: 10436.195 | BF66: 9830.124 | BG66: 11639.142 | BH66: 11752.665 | BI66: 11811.672 | BJ66: 12865.028 | BK66: 12207.664 | BL66: 12833.1 | BM66: 12729.837 | BN66: 11692.122 | BO66: 11969.173 | BP66: 10310.478 | BQ66: 11951.908 | BR66: 11350.833 | BS66: 13164.39 | BT66: 13282.148 | BU66: 13345.3 | BV66: 14402.84 | BW66: 13749.596 | BX66: 14378.704 | BY66: 14278.118 | BZ66: 13241.683 | CA66: 13518.68 | CB66: 11859.29 | CC66: 13500.641 | CD66: 12901.22 | CE66: 14718.555 | CF66: 14841.581 | CG66: 14909.207 | CH66: 15969.085 | CI66: 15315.148 | CJ66: 15939.579 | CK66: 15839.612 | CL66: 14801.723 | CM66: 15079.108 | CN66: 13446.89 | CO66: 15048.27 | CP66: 14448.578 | CQ66: 16267.009 | CR66: 16127.494 | CS66: 16723.295 | CT66: 17262.774 | CU66: 16418.699 | CW66: 1
C67: Actual | CW67: 0
A68: Pa1506 | B68: desl | C68: Forecast | D68: 6008.1505 | E68: 5722.501 | F68: 6766.1125 | G68: 7410.7347 | H68: 7419.9474 | I68: 6808.7415 | J68: 6355.6276 | K68: 6927.2191 | L68: 5846.614 | M68: 6500.6937 | N68: 5722.5832 | O68: 5294.6513 | P68: 5854.8072 | Q68: 5641.7604 | R68: 6724.5945 | S68: 7549.0387 | T68: 7681.7902 | U68: 7221.2618 | V68: 6868.3511 | W68: 7535.7196 | X68: 6527.1457 | Y68: 7228.1136 | Z68: 6481.1497 | AA68: 6073.6175 | AB68: 6652.7811 | AC68: 6464.9905 | AD68: 7581.5557 | AE68: 8446.8001 | AF68: 8624.3059 | AG68: 8209.2128 | AH68: 7900.0475 | AI68: 8608.3982 | AJ68: 7638.0106 | AK68: 8374.7521 | AL68: 7661.4435 | AM68: 7285.4567 | AN68: 7893.912 | AO68: 7733.1294 | AP68: 8874.6569 | AQ68: 9763.3029 | AR68: 9963.2311 | AS68: 9570.0696 | AT68: 9282.6077 | AU68: 10012.446 | AV68: 9063.1679 | AW68: 9820.417 | AX68: 9126.8342 | AY68: 8769.7012 | AZ68: 9396.1324 | BA68: 9252.4899 | BB68: 10410.376 | BC68: 11314.647 | BD68: 11529.499 | BE68: 11150.591 | BF68: 10876.735 | BG68: 11619.543 | BH68: 10682.598 | BI68: 11451.541 | BJ68: 10769.022 | BK68: 10422.367 | BL68: 11058.778 | BM68: 10924.718 | BN68: 12091.856 | BO68: 13005.022 | BP68: 13228.281 | BQ68: 12857.094 | BR68: 12590.119 | BS68: 13338.976 | BT68: 12407.467 | BU68: 13181.587 | BV68: 12504.289 | BW68: 12162.91 | BX68: 12804.253 | BY68: 12674.09 | BZ68: 13843.485 | CA68: 14757.233 | CB68: 14980.241 | CC68: 14609.494 | CD68: 14345.168 | CE68: 15099.411 | CF68: 14174.808 | CG68: 14954.373 | CH68: 14277.407 | CI68: 13929.643 | CJ68: 14559.479 | CK68: 14415.703 | CL68: 15578.72 | CM68: 16497.193 | CN68: 16731.083 | CO68: 16370.491 | CP68: 16093.942 | CQ68: 16812.457 | CR68: 15842.054 | CS68: 16231.668 | CT68: 15943.213 | CU68: 16699.288 | CW68: -1
C69: Actual | CW69: 0
A70: Ap1601 | B70: adm | C70: Forecast | D70: 54.008391 | E70: 66.730322 | F70: 56.126227 | G70: 44.952662 | H70: 7.8200075 | I70: 14.996102 | J70: 6.0667514 | K70: 38.654808 | L70: 43.527016 | M70: 60.56398 | N70: 76.300901 | O70: 82.353474 | P70: 97.016116 | Q70: 97.936263 | R70: 81.170892 | S70: 66.144338 | T70: 26.710055 | U70: 31.733528 | V70: 21.225215 | W70: 52.494645 | X70: 56.313316 | Y70: 72.508613 | Z70: 87.510838 | AA70: 92.939358 | AB70: 107.06038 | AC70: 107.49767 | AD70: 90.290309 | AE70: 74.837898 | AF70: 34.977469 | AG70: 39.569212 | AH70: 28.628347 | AI70: 59.475255 | AJ70: 62.89239 | AK70: 78.714006 | AL70: 93.371605 | AM70: 98.481393 | AN70: 112.30463 | AO70: 112.46047 | AP70: 94.984779 | AQ70: 79.275364 | AR70: 39.168251 | AS70: 43.522776 | AT70: 32.353166 | AU70: 62.978767 | AV70: 66.181269 | AW70: 81.794653 | AX70: 96.250629 | AY70: 101.16587 | AZ70: 114.80209 | BA70: 114.7787 | BB70: 97.13164 | BC70: 81.258667 | BD70: 40.995707 | BE70: 45.201904 | BF70: 33.891076 | BG70: 64.381849 | BH70: 67.454986 | BI70: 82.943668 | BJ70: 97.27939 | BK70: 102.07949 | BL70: 115.60708 | BM70: 115.483 | BN70: 97.743713 | BO70: 81.785803 | BP70: 41.442505 | BQ70: 45.569911 | BR70: 34.180284 | BS70: 64.593708 | BT70: 67.595418 | BU70: 83.023966 | BV70: 97.313483 | BW70: 102.07804 | BX70: 115.57125 | BY70: 115.40201 | BZ70: 97.59977 | CA70: 81.565959 | CB70: 41.152481 | CC70: 45.242831 | CD70: 33.869235 | CE70: 64.35009 | CF70: 67.442716 | CG70: 82.930065 | CH70: 97.210941 | CI70: 101.88523 | CJ70: 115.2338 | CK70: 115.04794 | CL70: 97.288557 | CM70: 81.400964 | CN70: 41.560169 | CO70: 45.293479 | CP70: 34.207882 | CQ70: 64.24103 | CR70: 64.817341 | CS70: 87.393355 | CT70: 95.381145 | CU70: 92.575896 | CW70: 1
C71: Actual | CW71: 0
A72: Ap1601 | B72: desl | C72: Forecast | D72: 13.671535 | E72: 17.894114 | F72: 56.327911 | G72: 70.875651 | H72: 109.7144 | I72: 53.944175 | J72: 55.766596 | K72: 24.214443 | L72: 22.778182 | M72: 32.2589 | N72: 26.188494 | O72: 34.404568 | P72: 42.970831 | Q72: 51.562781 | R72: 85.291469 | S72: 92.902109 | T72: 127.21902 | U72: 67.641749 | V72: 66.199273 | W72: 32.299521 | X72: 28.792858 | Y72: 36.651094 | Z72: 29.345359 | AA72: 36.643959 | AB72: 44.606142 | AC72: 52.835416 | AD72: 86.334981 | AE72: 93.753902 | AF72: 127.84879 | AG72: 67.987498 | AH72: 66.196036 | AI72: 31.900561 | AJ72: 27.977042 | AK72: 35.419926 | AL72: 27.71543 | AM72: 34.638813 | AN72: 42.25128 | AO72: 50.1567 | AP72: 83.358331 | AQ72: 90.504714 | AR72: 124.35055 | AS72: 64.259945 | AT72: 62.253768 | AU72: 27.752736 | AV72: 23.628381 | AW72: 30.872589 | AX72: 22.971063 | AY72: 29.700087 | AZ72: 37.122604 | BA72: 44.844162 | BB72: 77.869172 | BC72: 84.846663 | BD72: 118.53127 | BE72: 58.286677 | BF72: 56.133199 | BG72: 21.49106 | BH72: 17.231518 | BI72: 24.34649 | BJ72: 16.321965 | BK72: 22.934552 | BL72: 30.247219 | BM72: 37.864941 | BN72: 70.790927 | BO72: 77.672738 | BP72: 111.26396 | BQ72: 50.928337 | BR72: 48.687548 | BS72: 13.963895 | BT72: 9.6301256 | BU72: 16.677687 | BV72: 8.5896992 | BW72: 15.138578 | BX72: 22.384319 | BY72: 29.933231 | BZ72: 62.795333 | CA72: 69.628961 | CB72: 103.19804 | CC72: 42.86704 | CD72: 40.648532 | CE72: 5.9459841 | CF72: 1.6077127 | CG72: 8.6239874 | CH72: 0.47057499 | CI72: 6.9471738 | CJ72: 14.204342 | CK72: 21.673342 | CL72: 54.615891 | CM72: 61.618563 | CN72: 94.644601 | CO72: 34.896064 | CP72: 32.197911 | CQ72: -3.597694 | CR72: -0.075349675 | CS72: -11.314213 | CT72: -9.4846444 | CU72: 18.059186 | CW72: -1
C73: Actual | CW73: 0
A74: Ap1602 | B74: adm | C74: Forecast | D74: 1904.9252 | E74: 1739.0906 | F74: 1582.9897 | G74: 1612.6537 | H74: 1152.4258 | I74: 1272.8602 | J74: 1075.502 | K74: 1433.774 | L74: 1328.5021 | M74: 1365.4686 | N74: 1562.1135 | O74: 1312.1147 | P74: 1609.906 | Q74: 1538.4164 | R74: 1470.261 | S74: 1612.5455 | T74: 1228.2302 | U74: 1424.5487 | V74: 1289.7566 | W74: 1697.8999 | X74: 1632.0583 | Y74: 1697.6983 | Z74: 1914.3567 | AA74: 1678.4091 | AB74: 1986.6783 | AC74: 1924.6887 | AD74: 1866.627 | AE74: 2020.1127 | AF74: 1647.9721 | AG74: 1856.9607 | AH74: 1734.872 | AI74: 2155.444 | AJ74: 2101.6108 | AK74: 2178.7856 | AL74: 2406.4593 | AM74: 2180.9356 | AN74: 2498.9574 | AO74: 2446.0093 | AP74: 2396.3133 | AQ74: 2557.5982 | AR74: 2192.8408 | AS74: 2408.9412 | AT74: 2293.7944 | AU74: 2721.1819 | AV74: 2674.0315 | AW74: 2757.7228 | AX74: 2991.7096 | AY74: 2772.2688 | AZ74: 3096.1323 | BA74: 3048.7848 | BB74: 3004.4546 | BC74: 3170.8781 | BD74: 2811.0399 | BE74: 3031.8473 | BF74: 2921.2007 | BG74: 3352.8837 | BH74: 3309.8234 | BI74: 3397.3982 | BJ74: 3635.0663 | BK74: 3419.1203 | BL74: 3746.3201 | BM74: 3702.1831 | BN74: 3660.9596 | BO74: 3830.3834 | BP74: 3473.4064 | BQ74: 3696.8861 | BR74: 3588.6838 | BS74: 4022.5855 | BT74: 3981.574 | BU74: 4071.1154 | BV74: 4310.7332 | BW74: 4096.7026 | BX74: 4425.6538 | BY74: 4382.901 | BZ74: 4342.5285 | CA74: 4512.2743 | CB74: 4155.3446 | CC74: 4379.0677 | CD74: 4271.7617 | CE74: 4707.4002 | CF74: 4668.705 | CG74: 4760.2845 | CH74: 5000.8672 | CI74: 4786.2453 | CJ74: 5113.0048 | CK74: 5068.7108 | CL74: 5027.2327 | CM74: 5197.7366 | CN74: 4847.4719 | CO74: 5063.7239 | CP74: 4954.5238 | CQ74: 5382.4826 | CR74: 5287.0003 | CS74: 5428.2842 | CT74: 5630.5991 | CU74: 5515.1357 | CW74: 1
C75: Actual | CW75: 0
A76: Ap1602 | B76: desl | C76: Forecast | D76: 1611.2538 | E76: 1389.1539 | F76: 1579.2243 | G76: 1641.36 | H76: 1631.433 | I76: 1564.6684 | J76: 1360.2811 | K76: 1577.2331 | L76: 1124.3416 | M76: 1464.7621 | N76: 1100.1468 | O76: 1065.0416 | P76: 1155.7907 | Q76: 1003.3078 | R76: 1307.4657 | S76: 1460.8644 | T76: 1547.7447 | U76: 1569.5749 | V76: 1435.3752 | W76: 1714.0925 | X76: 1311.4381 | Y76: 1690.7171 | Z76: 1355.3969 | AA76: 1342.158 | AB76: 1450.4419 | AC76: 1314.0531 | AD76: 1634.6101 | AE76: 1805.2521 | AF76: 1909.9277 | AG76: 1949.5181 | AH76: 1832.5078 | AI76: 2127.558 | AJ76: 1740.3596 | AK76: 2134.3297 | AL76: 1813.0346 | AM76: 1813.164 | AN76: 1934.0959 | AO76: 1809.575 | AP76: 2141.2281 | AQ76: 2322.2895 | AR76: 2436.8612 | AS76: 2485.9831 | AT76: 2378.2552 | AU76: 2682.3879 | AV76: 2304.0614 | AW76: 2706.6499 | AX76: 2393.6741 | AY76: 2401.7955 | AZ76: 2530.3859 | BA76: 2413.1993 | BB76: 2751.8782 | BC76: 2939.6717 | BD76: 3060.6933 | BE76: 3115.9918 | BF76: 3014.1735 | BG76: 3323.9521 | BH76: 2951.0084 | BI76: 3358.7151 | BJ76: 3050.5964 | BK76: 3063.3279 | BL76: 3196.3085 | BM76: 3083.3273 | BN76: 3426.054 | BO76: 3617.7406 | BP76: 3742.4703 | BQ76: 3801.2377 | BR76: 3702.5999 | BS76: 4015.2615 | BT76: 3644.9555 | BU76: 4055.1543 | BV76: 3749.476 | BW76: 3764.6137 | BX76: 3899.8613 | BY76: 3788.8009 | BZ76: 4132.8959 | CA76: 4325.339 | CB76: 4450.4175 | CC76: 4509.5697 | CD76: 4411.8568 | CE76: 4726.2651 | CF76: 4358.2946 | CG76: 4770.6559 | CH76: 4465.9292 | CI76: 4480.0457 | CJ76: 4612.724 | CK76: 4498.1938 | CL76: 4839.9564 | CM76: 5034.0111 | CN76: 5160.8214 | CO76: 5221.6482 | CP76: 5122.1892 | CQ76: 5412.7719 | CR76: 5044.9645 | CS76: 5357.4306 | CT76: 5113.6125 | CU76: 5399.0027 | CW76: -1
C77: Actual | CW77: 0
A78: To1701 | B78: adm | C78: Forecast | D78: 2651.5037 | E78: 2451.2461 | F78: 2226.2856 | G78: 2294.6738 | H78: 1795.8156 | I78: 2365.3581 | J78: 2233.3489 | K78: 2766.4567 | L78: 2613.69 | M78: 2631.1218 | N78: 2737.5915 | O78: 2508.9603 | P78: 2638.338 | Q78: 2515.2889 | R78: 2251.2739 | S78: 2359.6204 | T78: 1893.0115 | U78: 2495.3626 | V78: 2403.7279 | W78: 2968.8313 | X78: 2840.2381 | Y78: 2872.9988 | Z78: 2986.3166 | AA78: 2760.2422 | AB78: 2890.4481 | AC78: 2769.0552 | AD78: 2508.9097 | AE78: 2623.2977 | AF78: 2164.3265 | AG78: 2775.1883 | AH78: 2692.3868 | AI78: 3266.3638 | AJ78: 3146.5556 | AK78: 3187.9077 | AL78: 3309.4582 | AM78: 3091.05 | AN78: 3228.1845 | AO78: 3112.9262 | AP78: 2858.2057 | AQ78: 2977.5002 | AR78: 2523.1423 | AS78: 3138.5104 | AT78: 3060.2126 | AU78: 3638.7109 | AV78: 3523.4036 | AW78: 3569.1784 | AX78: 3695.0251 | AY78: 3480.7594 | AZ78: 3621.8747 | BA78: 3510.4371 | BB78: 3259.3812 | BC78: 3382.1864 | BD78: 2931.1868 | BE78: 3549.7625 | BF78: 3474.5224 | BG78: 4055.9273 | BH78: 3943.3727 | BI78: 3991.746 | BJ78: 4120.0467 | BK78: 3908.115 | BL78: 4051.4806 | BM78: 3942.2442 | BN78: 3693.3545 | BO78: 3818.271 | BP78: 3369.2776 | BQ78: 3989.6986 | BR78: 3916.1194 | BS78: 4499.0376 | BT78: 4387.9413 | BU78: 4437.818 | BV78: 4567.6972 | BW78: 4357.317 | BX78: 4501.9747 | BY78: 4393.5007 | BZ78: 4144.7012 | CA78: 4269.1701 | CB78: 3819.6333 | CC78: 4440.0531 | CD78: 4367.4895 | CE78: 4952.4648 | CF78: 4843.9612 | CG78: 4895.7988 | CH78: 5026.3807 | CI78: 4815.4179 | CJ78: 4958.3349 | CK78: 4850.7568 | CL78: 4603.2207 | CM78: 4729.8765 | CN78: 4291.5623 | CO78: 4894.3709 | CP78: 4816.6439 | CQ78: 5399.1579 | CR78: 5190.6674 | CS78: 5392.8402 | CT78: 5423.087 | CU78: 5178.692 | CW78: 1
C79: Actual | CW79: 0
A80: To1701 | B80: desl | C80: Forecast | D80: 2359.0448 | E80: 2246.6084 | F80: 2525.8248 | G80: 2693.4568 | H80: 2611.8459 | I80: 2237.9988 | J80: 2147.5531 | K80: 2399.0146 | L80: 2146.704 | M80: 2383.8281 | N80: 2184.3189 | O80: 1992.9194 | P80: 2228.2647 | Q80: 2154.3697 | R80: 2509.7042 | S80: 2763.9077 | T80: 2738.3402 | U80: 2419.2854 | V80: 2363.0068 | W80: 2646.5761 | X80: 2417.0266 | Y80: 2666.0641 | Z80: 2471.3396 | AA80: 2279.572 | AB80: 2513.4878 | AC80: 2440.7074 | AD80: 2800.9269 | AE80: 3063.4923 | AF80: 3048.6235 | AG80: 2741.2682 | AH80: 2696.6688 | AI80: 2991.4159 | AJ80: 2772.4951 | AK80: 3031.7271 | AL80: 2846.8125 | AM80: 2664.3707 | AN80: 2906.9516 | AO80: 2842.0549 | AP80: 3209.3952 | AQ80: 3478.4787 | AR80: 3469.7618 | AS80: 3168.4149 | AT80: 3129.8166 | AU80: 3430.586 | AV80: 3217.6533 | AW80: 3482.7494 | AX80: 3303.496 | AY80: 3126.4691 | AZ80: 3374.2103 | BA80: 3314.2326 | BB80: 3686.2697 | BC80: 3959.8433 | BD80: 3955.4199 | BE80: 3658.1753 | BF80: 3623.4901 | BG80: 3927.9805 | BH80: 3718.5696 | BI80: 3986.9819 | BJ80: 3810.8439 | BK80: 3636.7561 | BL80: 3887.3047 | BM80: 3830.0522 | BN80: 4204.76 | BO80: 4480.931 | BP80: 4478.9619 | BQ80: 4183.9348 | BR80: 4151.1665 | BS80: 4457.2926 | BT80: 4249.3559 | BU80: 4519.2541 | BV80: 4344.7377 | BW80: 4172.3711 | BX80: 4424.4992 | BY80: 4368.3182 | BZ80: 4743.2999 | CA80: 5018.9724 | CB80: 5016.2005 | CC80: 4720.8512 | CD80: 4688.9766 | CE80: 4997.4123 | CF80: 4792.5417 | CG80: 5064.8019 | CH80: 4890.3169 | CI80: 4715.1353 | CJ80: 4962.6195 | CK80: 4901.7755 | CL80: 5276.0118 | CM80: 5555.9321 | CN80: 5559.4072 | CO80: 5266.7265 | CP80: 5225.8637 | CQ80: 5517.1248 | CR80: 5292.347 | CS80: 5398.3609 | CT80: 5396.2067 | CU80: 5652.4992 | CW80: -1
C81: Actual | CW81: 0
A82: To1702 | B82: adm | C82: Forecast | D82: 2948.0443 | E82: 2596.7847 | F82: 2334.3852 | G82: 2356.4737 | H82: 1726.6579 | I82: 2311.3214 | J82: 2157.8382 | K82: 2859.7574 | L82: 2699.3607 | M82: 2867.1825 | N82: 3016.4962 | O82: 2762.2014 | P82: 2969.1433 | Q82: 2756.2445 | R82: 2446.7089 | S82: 2532.5864 | T82: 1945.8812 | U82: 2582.194 | V82: 2486.4111 | W82: 3235.6897 | X82: 3114.464 | Y82: 3308.9849 | Z82: 3471.9038 | AA82: 3222.4585 | AB82: 3428.5646 | AC82: 3213.4859 | AD82: 2903.4988 | AE82: 2992 | AF82: 2411.0989 | AG82: 3055.7447 | AH82: 2969.9571 | AI82: 3730.1738 | AJ82: 3620.3217 | AK82: 3826.3053 | AL82: 4000.4676 | AM82: 3761.7307 | AN82: 3977.7189 | AO82: 3771.5079 | AP82: 3469.3519 | AQ82: 3564.7938 | AR82: 2990.1992 | AS82: 3640.7956 | AT82: 3560.8245 | AU82: 4326.8461 | AV82: 4222.8132 | AW82: 4434.5911 | AX82: 4614.4595 | AY82: 4381.2829 | AZ82: 4602.648 | BA82: 4401.6109 | BB82: 4104.4179 | BC82: 4204.61 | BD82: 3634.5543 | BE82: 4289.4829 | BF82: 4213.6421 | BG82: 4983.594 | BH82: 4883.2877 | BI82: 5098.5819 | BJ82: 5281.7563 | BK82: 5051.6935 | BL82: 5276.0215 | BM82: 5077.8533 | BN82: 4783.4842 | BO82: 4886.4676 | BP82: 4319.13 | BQ82: 4976.6208 | BR82: 4903.104 | BS82: 5675.1164 | BT82: 5576.6732 | BU82: 5793.773 | BV82: 5978.8271 | BW82: 5750.7291 | BX82: 5976.9211 | BY82: 5780.1602 | BZ82: 5486.3826 | CA82: 5589.0215 | CB82: 5020.7145 | CC82: 5677.3868 | CD82: 5604.1154 | CE82: 6378.037 | CF82: 6283.0734 | CG82: 6504.0009 | CH82: 6691.8526 | CI82: 6464.4122 | CJ82: 6688.4511 | CK82: 6490.5007 | CL82: 6195.768 | CM82: 6299.5402 | CN82: 5744.2968 | CO82: 6390.9182 | CP82: 6315.5415 | CQ82: 7086.5706 | CR82: 6885.3057 | CS82: 7228.069 | CT82: 7288.1948 | CU82: 7045.177 | CW82: 1
C83: Actual | CW83: 0
A84: To1702 | B84: desl | C84: Forecast | D84: 2595.9517 | E84: 2498.57 | F84: 2669.5894 | G84: 2693.5398 | H84: 2699.4927 | I84: 2296.1873 | J84: 2386.7124 | K84: 2410.5258 | L84: 2304.8696 | M84: 2523.537 | N84: 2338.2769 | O84: 2383.4398 | P84: 2477.2151 | Q84: 2483.0548 | R84: 2705.3151 | S84: 2791.5906 | T84: 2858.7112 | U84: 2509.2142 | V84: 2644.3081 | W84: 2709.7193 | X84: 2636.6861 | Y84: 2881.4391 | Z84: 2714.9543 | AA84: 2773.7615 | AB84: 2878.2397 | AC84: 2894.214 | AD84: 3127.361 | AE84: 3225.717 | AF84: 3305.7766 | AG84: 2969.5322 | AH84: 3117.6597 | AI84: 3195.6084 | AJ84: 3134.5631 | AK84: 3390.8233 | AL84: 3235.4192 | AM84: 3304.8549 | AN84: 3419.4212 | AO84: 3444.8626 | AP84: 3686.8402 | AQ84: 3793.4589 | AR84: 3881.341 | AS84: 3552.6177 | AT84: 3708.0691 | AU84: 3793.1914 | AV84: 3739.1628 | AW84: 4002.2468 | AX84: 3853.4339 | AY84: 3929.203 | AZ84: 4049.8384 | BA84: 4081.0916 | BB84: 4328.636 | BC84: 4440.5876 | BD84: 4533.5766 | BE84: 4209.7399 | BF84: 4369.8616 | BG84: 4459.4398 | BH84: 4409.653 | BI84: 4676.7642 | BJ84: 4531.767 | BK84: 4611.1522 | BL84: 4735.2268 | BM84: 4769.7715 | BN84: 5020.4827 | BO84: 5135.4797 | BP84: 5231.3683 | BQ84: 4910.2403 | BR84: 5072.8376 | BS84: 5164.6482 | BT84: 5116.8909 | BU84: 5385.9082 | BV84: 5242.7711 | BW84: 5323.9865 | BX84: 5449.7774 | BY84: 5485.7569 | BZ84: 5737.4526 | CA84: 5852.9384 | CB84: 5948.9933 | CC84: 5628.0773 | CD84: 5791.3727 | CE84: 5884.6009 | CF84: 5838.8129 | CG84: 6109.769 | CH84: 5967.5157 | CI84: 6048.1589 | CJ84: 6172.1744 | CK84: 6205.0493 | CL84: 6456.1142 | CM84: 6572.1831 | CN84: 6668.8492 | CO84: 6354.5322 | CP84: 6505.3943 | CQ84: 6595.1361 | CR84: 6562.897 | CS84: 6673.7495 | CT84: 6676.0077 | CU84: 6956.4106 | CW84: -1
C85: Actual | CW85: 0
A86: Ma2101 | B86: adm | C86: Forecast | D86: 6656.1408 | E86: 5630.9163 | F86: 4933.1516 | G86: 5141.0495 | H86: 3527.9553 | I86: 4325.2137 | J86: 3401.8237 | K86: 5111.8441 | L86: 4551.9899 | M86: 5061.6904 | N86: 5588.4904 | O86: 4795.1628 | P86: 5563.9413 | Q86: 5159.9093 | R86: 4633.6803 | S86: 5173.5029 | T86: 3806.9658 | U86: 4838.9874 | V86: 4147.3726 | W86: 6056.9629 | X86: 5680.7087 | Y86: 6341.2778 | Z86: 6985.5119 | AA86: 6280.5145 | AB86: 7113.1023 | AC86: 6758.5393 | AD86: 6276.5204 | AE86: 6861.013 | AF86: 5542.7268 | AG86: 6627.1787 | AH86: 5991.3034 | AI86: 7958.5826 | AJ86: 7640.7353 | AK86: 8359.5061 | AL86: 9060.9993 | AM86: 8411.6117 | AN86: 9297.4439 | AO86: 8993.1514 | AP86: 8558.095 | AQ86: 9186.2726 | AR86: 7908.7622 | AS86: 9031.6545 | AT86: 8432.4854 | AU86: 10435.215 | AV86: 10151.845 | AW86: 10904.214 | AX86: 11638.397 | AY86: 11020.707 | AZ86: 11937.166 | BA86: 11662.376 | BB86: 11255.678 | BC86: 11911.07 | BD86: 10659.644 | BE86: 11807.517 | BF86: 11232.247 | BG86: 13257.811 | BH86: 12996.213 | BI86: 13769.285 | BJ86: 14523.105 | BK86: 13924.025 | BL86: 14858.164 | BM86: 14600.267 | BN86: 14209.819 | BO86: 14880.896 | BP86: 13644.546 | BQ86: 14806.713 | BR86: 14244.746 | BS86: 16282.494 | BT86: 16032.041 | BU86: 16815.514 | BV86: 17579.364 | BW86: 16990.142 | BX86: 17933.748 | BY86: 17684.25 | BZ86: 17300.255 | CA86: 17975.29 | CB86: 16740.719 | CC86: 17903.932 | CD86: 17344.344 | CE86: 19387.555 | CF86: 19146.057 | CG86: 19939.811 | CH86: 20711.889 | CI86: 20125.484 | CJ86: 21063.954 | CK86: 20807.38 | CL86: 20414.987 | CM86: 21086.418 | CN86: 19873.931 | CO86: 21023.705 | CP86: 20465.016 | CQ86: 22513.538 | CR86: 22073.471 | CS86: 22999.603 | CT86: 23431.056 | CU86: 23235.662 | CW86: 1
C87: Actual | CW87: 0
A88: Ma2101 | B88: desl | C88: Forecast | D88: 5477.1167 | E88: 4713.1881 | F88: 5145.353 | G88: 5449.0783 | H88: 5375.9977 | I88: 5423.2181 | J88: 4850.1952 | K88: 5629.0016 | L88: 4398.2794 | M88: 5011.3212 | N88: 4181.3924 | O88: 3442.0176 | P88: 3748.1909 | Q88: 3007.7704 | R88: 3758.1743 | S88: 4454.4648 | T88: 4688.1577 | U88: 5083.2195 | V88: 4801.5896 | W88: 5854.5908 | X88: 4861.8626 | Y88: 5670.4191 | Z88: 5001.0919 | AA88: 4389.4177 | AB88: 4800.0095 | AC88: 4150.9886 | AD88: 4986.6075 | AE88: 5766.2005 | AF88: 6082.9835 | AG88: 6560.8246 | AH88: 6360.9656 | AI88: 7494.108 | AJ88: 6579.5988 | AK88: 7464.3282 | AL88: 6868.9353 | AM88: 6328.5611 | AN88: 6807.3037 | AO88: 6222.8689 | AP88: 7119.3718 | AQ88: 7956.3468 | AR88: 8327.4738 | AS88: 8857.1879 | AT88: 8707.2334 | AU88: 9888.6466 | AV88: 9020.9239 | AW88: 9950.9696 | AX88: 9399.3766 | AY88: 8901.2397 | AZ88: 9420.6394 | BA88: 8875.2918 | BB88: 9809.3386 | BC88: 10682.347 | BD88: 11088.03 | BE88: 11650.858 | BF88: 11532.608 | BG88: 12744.339 | BH88: 11905.556 | BI88: 12863.161 | BJ88: 12337.764 | BK88: 11864.514 | BL88: 12407.605 | BM88: 11884.903 | BN88: 12840.685 | BO88: 13734.564 | BP88: 14160.176 | BQ88: 14741.802 | BR88: 14641.02 | BS88: 15868.822 | BT88: 15044.865 | BU88: 16016.408 | BV88: 15504.429 | BW88: 15044.201 | BX88: 15599.584 | BY88: 15087.685 | BZ88: 16051.946 | CA88: 16951.628 | CB88: 17380.986 | CC88: 17965.94 | CD88: 17870.119 | CE88: 19105.919 | CF88: 18292.666 | CG88: 19274.93 | CH88: 18769.835 | CI88: 18309.605 | CJ88: 18858.098 | CK88: 18335.8 | CL88: 19292.325 | CM88: 20194.274 | CN88: 20636.338 | CO88: 21219.926 | CP88: 21123.198 | CQ88: 22303.767 | CR88: 21421.538 | CS88: 22120.203 | CT88: 21752.823 | CU88: 22262.631 | CW88: -1
C89: Actual | CW89: 0
A90: Ma2102 | B90: adm | C90: Forecast | D90: 2745.1286 | E90: 2492.2982 | F90: 2235.41 | G90: 2361.6275 | H90: 1761.8923 | I90: 2273.4332 | J90: 1911.9904 | K90: 2527.6669 | L90: 2302.2889 | M90: 2401.6355 | N90: 2614.2104 | O90: 2345.6889 | P90: 2596.5948 | Q90: 2475.4039 | R90: 2202.4454 | S90: 2390.7219 | T90: 1835.2315 | U90: 2394.893 | V90: 2086.5003 | W90: 2744.6161 | X90: 2559.0367 | Y90: 2690.1783 | Z90: 2927.4939 | AA90: 2679.1018 | AB90: 2946.6174 | AC90: 2840.7994 | AD90: 2583.5427 | AE90: 2788.2444 | AF90: 2249.7849 | AG90: 2826.6442 | AH90: 2535.1732 | AI90: 3209.6253 | AJ90: 3039.6502 | AK90: 3185.6258 | AL90: 3436.9928 | AM90: 3201.844 | AN90: 3481.7585 | AO90: 3387.4853 | AP90: 3140.9713 | AQ90: 3355.7295 | AR90: 2826.7927 | AS90: 3412.7899 | AT90: 3130.1815 | AU90: 3813.276 | AV90: 3651.7292 | AW90: 3805.8953 | AX90: 4065.1845 | AY90: 3837.6669 | AZ90: 4124.9124 | BA90: 4037.6709 | BB90: 3797.8965 | BC90: 4019.1108 | BD90: 3496.3556 | BE90: 4088.2698 | BF90: 3811.3236 | BG90: 4499.8335 | BH90: 4343.4597 | BI90: 4502.5576 | BJ90: 4766.5393 | BK90: 4543.4832 | BL90: 4834.9783 | BM90: 4751.803 | BN90: 4515.9383 | BO90: 4740.9182 | BP90: 4221.7714 | BQ90: 4817.1 | BR90: 4543.332 | BS90: 5234.7637 | BT90: 5081.0791 | BU90: 5242.7006 | BV90: 5509.117 | BW90: 5288.4399 | BX90: 5582.2025 | BY90: 5501.0352 | BZ90: 5266.7442 | CA90: 5492.7726 | CB90: 4974.2426 | CC90: 5570.0884 | CD90: 5297.1596 | CE90: 5990.0708 | CF90: 5838.5572 | CG90: 6002.46 | CH90: 6270.6357 | CI90: 6050.5774 | CJ90: 6342.975 | CK90: 6260.8776 | CL90: 6024.8216 | CM90: 6249.4181 | CN90: 5739.4863 | CO90: 6327.5144 | CP90: 6055.8622 | CQ90: 6759.7628 | CR90: 6522.9023 | CS90: 6806.0604 | CT90: 6902.1862 | CU90: 6716.2109 | CW90: 1
C91: Actual | CW91: 0
A92: Ma2102 | B92: desl | C92: Forecast | D92: 2297.79 | E92: 2090.7181 | F92: 2338.5728 | G92: 2469.9267 | H92: 2465.6406 | I92: 2599.1641 | J92: 2335.2049 | K92: 2616.0906 | L92: 2161.6515 | M92: 2420.0809 | N92: 2113.2489 | O92: 1877.2812 | P92: 1989.7506 | Q92: 1693.5567 | R92: 1979.4713 | S92: 2204.0765 | T92: 2254.4059 | U92: 2470.0314 | V92: 2273.828 | W92: 2620.9079 | X92: 2225.4788 | Y92: 2532.2594 | Z92: 2266.1218 | AA92: 2063.2471 | AB92: 2203.6504 | AC92: 1932.8131 | AD92: 2242.8733 | AE92: 2491.3201 | AF92: 2565.5359 | AG92: 2804.9767 | AH92: 2632.2867 | AI92: 3002.3535 | AJ92: 2629.228 | AK92: 2957.5126 | AL92: 2711.9702 | AM92: 2528.6653 | AN92: 2687.5162 | AO92: 2433.9696 | AP92: 2760.2132 | AQ92: 3023.862 | AR92: 3112.4688 | AS92: 3365.6614 | AT92: 3206.2205 | AU92: 3589.1178 | AV92: 3228.4387 | AW92: 3568.7863 | AX92: 3334.9103 | AY92: 3162.8607 | AZ92: 3332.5471 | BA92: 3089.4139 | BB92: 3425.652 | BC92: 3698.8837 | BD92: 3796.6733 | BE92: 4058.662 | BF92: 3907.6429 | BG92: 4298.5953 | BH92: 3945.6053 | BI92: 4293.2745 | BJ92: 4066.3563 | BK92: 3900.92 | BL92: 4076.9127 | BM92: 3839.826 | BN92: 4181.8883 | BO92: 4460.7278 | BP92: 4563.873 | BQ92: 4830.9 | BR92: 4684.5437 | BS92: 5079.7749 | BT92: 4730.7457 | BU92: 5082.1778 | BV92: 4858.9326 | BW92: 4697.0891 | BX92: 4876.4526 | BY92: 4642.2533 | BZ92: 4986.4698 | CA92: 5266.6744 | CB92: 5370.6693 | CC92: 5638.6078 | CD92: 5493.8576 | CE92: 5891.7423 | CF92: 5546.1488 | CG92: 5900.7996 | CH92: 5679.3714 | CI92: 5517.1088 | CJ92: 5694.0546 | CK92: 5457.0082 | CL92: 5799.1669 | CM92: 6081.4116 | CN92: 6190.125 | CO92: 6454.9127 | CP92: 6310.9839 | CQ92: 6690.4718 | CR92: 6314.6156 | CS92: 6595.2856 | CT92: 6403.7695 | CU92: 6549.5211 | CW92: -1
C93: Actual | CW93: 0
A94: Ma2103 | B94: adm | C94: Forecast | D94: 643.35506 | E94: 552.37401 | F94: 496.18836 | G94: 521.39652 | H94: 344.71812 | I94: 469.63321 | J94: 343.17969 | K94: 535.18169 | L94: 447.15387 | M94: 503.61063 | N94: 537.65257 | O94: 454.76269 | P94: 542.2018 | Q94: 491.36794 | R94: 453.40219 | S94: 511.56493 | T94: 354.69648 | U94: 501.35388 | V94: 394.4004 | W94: 603.32847 | X94: 530.20085 | Y94: 598.06078 | Z94: 640.62528 | AA94: 564.03859 | AB94: 656.30711 | AC94: 609.83039 | AD94: 576.35557 | AE94: 639.36074 | AF94: 487.67129 | AG94: 639.68123 | AH94: 538.08376 | AI94: 752.25586 | AJ94: 684.209 | AK94: 756.96935 | AL94: 804.23595 | AM94: 732.11954 | AN94: 828.58603 | AO94: 786.00878 | AP94: 756.13978 | AQ94: 822.49491 | AR94: 673.95847 | AS94: 828.98559 | AT94: 730.31607 | AU94: 947.35079 | AV94: 882.1042 | AW94: 957.59267 | AX94: 1007.5022 | AY94: 937.93383 | AZ94: 1036.8494 | BA94: 996.62289 | BB94: 969.00895 | BC94: 1037.5265 | BD94: 891.06223 | BE94: 1048.0729 | BF94: 951.29942 | BG94: 1170.1432 | BH94: 1106.6191 | BI94: 1183.7448 | BJ94: 1235.2097 | BK94: 1167.1219 | BL94: 1267.4529 | BM94: 1228.5863 | BN94: 1202.2821 | BO94: 1272.0567 | BP94: 1126.7861 | BQ94: 1284.9136 | BR94: 1189.1726 | BS94: 1408.9702 | BT94: 1346.3421 | BU94: 1424.3323 | BV94: 1476.6444 | BW94: 1409.3721 | BX94: 1510.44 | BY94: 1472.1689 | BZ94: 1446.276 | CA94: 1516.2928 | CB94: 1371.1836 | CC94: 1529.5357 | CD94: 1434.205 | CE94: 1654.6263 | CF94: 1592.7436 | CG94: 1671.3423 | CH94: 1723.9433 | CI94: 1656.5909 | CJ94: 1757.1707 | CK94: 1718.8379 | CL94: 1693.0529 | CM94: 1763.3668 | CN94: 1621.0673 | CO94: 1776.2514 | CP94: 1679.6818 | CQ94: 1901.1942 | CR94: 1815.0424 | CS94: 1922.3828 | CT94: 1939.0825 | CU94: 1908.8401 | CW94: 1
C95: Actual | CW95: 0
A96: Ma2103 | B96: desl | C96: Forecast | D96: 588.95635 | E96: 493.46576 | F96: 487.507 | G96: 529.96519 | H96: 486.1929 | I96: 552.95966 | J96: 481.03388 | K96: 562.13303 | L96: 457.56171 | M96: 487.85891 | N96: 442.35575 | O96: 366.9977 | P96: 384.58205 | Q96: 328.97754 | R96: 346.68259 | S96: 424.6175 | T96: 408.73013 | U96: 503.33193 | V96: 456.55904 | W96: 559.38865 | X96: 474.40102 | Y96: 521.02737 | Z96: 489.15217 | AA96: 425.15699 | AB96: 452.3681 | AC96: 405.43825 | AD96: 431.39189 | AE96: 517.39498 | AF96: 509.45105 | AG96: 611.79671 | AH96: 572.46632 | AI96: 682.3697 | AJ96: 604.0755 | AK96: 657.04346 | AL96: 631.19553 | AM96: 572.93668 | AN96: 605.59806 | AO96: 563.83097 | AP96: 594.66689 | AQ96: 685.29479 | AR96: 681.75499 | AS96: 788.32523 | AT96: 753.07431 | AU96: 866.93273 | AV96: 792.47521 | AW96: 849.15749 | AX96: 826.89395 | AY96: 772.08365 | AZ96: 808.05596 | BA96: 769.4642 | BB96: 803.34424 | BC96: 896.89025 | BD96: 896.14783 | BE96: 1005.3996 | BF96: 972.71855 | BG96: 1089.0377 | BH96: 1016.9324 | BI96: 1075.8577 | BJ96: 1055.7278 | BK96: 1002.9448 | BL96: 1040.8459 | BM96: 1004.0966 | BN96: 1039.7444 | BO96: 1134.9887 | BP96: 1135.8693 | BQ96: 1246.6527 | BR96: 1215.3931 | BS96: 1333.0151 | BT96: 1262.105 | BU96: 1322.1491 | BV96: 1303.0986 | BW96: 1251.375 | BX96: 1290.2963 | BY96: 1254.4668 | BZ96: 1290.8568 | CA96: 1386.62 | CB96: 1387.828 | CC96: 1498.8735 | CD96: 1467.9835 | CE96: 1586.2172 | CF96: 1516.1597 | CG96: 1577.0754 | CH96: 1558.5909 | CI96: 1506.8285 | CJ96: 1544.9836 | CK96: 1508.1116 | CL96: 1543.4874 | CM96: 1639.1549 | CN96: 1642.1382 | CO96: 1753.1009 | CP96: 1723.4275 | CQ96: 1840.1376 | CR96: 1755.5676 | CS96: 1809.2085 | CT96: 1780.9503 | CU96: 1791.6187 | CW96: -1
C97: Actual | CW97: 0
A98: Ma2104 | B98: adm | C98: Forecast | D98: 1165.3844 | E98: 807.09483 | F98: 640.87939 | G98: 722.6752 | H98: 394.95567 | I98: 608.56531 | J98: 484.40548 | K98: 925.89559 | L98: 756.7503 | M98: 955.1982 | N98: 928.1316 | O98: 866.4529 | P98: 940.25765 | Q98: 897.85764 | R98: 743.3374 | S98: 835.19026 | T98: 524.96733 | U98: 744.29062 | V98: 632.94548 | W98: 1081.5069 | X98: 919.28185 | Y98: 1121.0333 | Z98: 1093.0679 | AA98: 1028.5259 | AB98: 1098.6983 | AC98: 1053.5572 | AD98: 898.18997 | AE98: 990.9746 | AF98: 682.92767 | AG98: 905.07953 | AH98: 796.79865 | AI98: 1248.4848 | AJ98: 1089.4326 | AK98: 1294.4362 | AL98: 1269.7708 | AM98: 1208.4593 | AN98: 1281.6382 | AO98: 1239.164 | AP98: 1086.0998 | AQ98: 1180.8898 | AR98: 874.66861 | AS98: 1098.5833 | AT98: 992.07875 | AU98: 1445.5773 | AV98: 1288.3537 | AW98: 1495.1646 | AX98: 1472.2522 | AY98: 1412.6218 | AZ98: 1487.4076 | BA98: 1446.4708 | BB98: 1294.8791 | BC98: 1391.0787 | BD98: 1086.2035 | BE98: 1311.4005 | BF98: 1206.1155 | BG98: 1660.7703 | BH98: 1504.637 | BI98: 1712.4672 | BJ98: 1690.5005 | BK98: 1631.7488 | BL98: 1707.365 | BM98: 1667.2376 | BN98: 1516.4573 | BO98: 1613.4734 | BP98: 1309.3936 | BQ98: 1535.3159 | BR98: 1430.638 | BS98: 1885.7677 | BT98: 1730.017 | BU98: 1938.2235 | BV98: 1916.7134 | BW98: 1858.5228 | BX98: 1934.7206 | BY98: 1895.0146 | BZ98: 1744.3019 | CA98: 1840.9581 | CB98: 1536.2394 | CC98: 1761.6261 | CD98: 1656.9716 | CE98: 2112.9513 | CF98: 1958.7615 | CG98: 2168.5881 | CH98: 2147.8563 | CI98: 2089.0803 | CJ98: 2163.1227 | CK98: 2121.2363 | CL98: 1969.4252 | CM98: 2066.2213 | CN98: 1767.022 | CO98: 1994.6242 | CP98: 1885.6921 | CQ98: 2347.0259 | CR98: 2152.5783 | CS98: 2382.5967 | CT98: 2311.1067 | CU98: 2317.1918 | CW98: 1
C99: Actual | CW99: 0
A100: Ma2104 | B100: desl | C100: Forecast | D100: 652.601 | E100: 849.5538 | F100: 1059.626 | G100: 937.38205 | H100: 977.80464 | I100: 992.27994 | J100: 707.60189 | K100: 722.52239 | L100: 527.82087 | M100: 824.7271 | N100: 624.21432 | O100: 812.47799 | P100: 839.36311 | Q100: 744.02621 | R100: 975.48653 | S100: 877.62366 | T100: 922.30495 | U100: 960.28804 | V100: 690.22281 | W100: 725.95872 | X100: 549.61632 | Y100: 864.24286 | Z100: 681.03635 | AA100: 884.61498 | AB100: 924.69684 | AC100: 840.30813 | AD100: 1080.4307 | AE100: 989.55272 | AF100: 1040.194 | AG100: 1083.5757 | AH100: 818.62952 | AI100: 859.32266 | AJ100: 687.80262 | AK100: 1007.1118 | AL100: 828.45701 | AM100: 1036.485 | AN100: 1080.9423 | AO100: 1000.8588 | AP100: 1245.1853 | AQ100: 1158.3585 | AR100: 1212.8502 | AS100: 1259.856 | AT100: 998.31117 | AU100: 1042.2099 | AV100: 873.73715 | AW100: 1195.9695 | AX100: 1020.137 | AY100: 1230.8968 | AZ100: 1277.9978 | BA100: 1200.4693 | BB100: 1447.2619 | BC100: 1362.8134 | BD100: 1419.5964 | BE100: 1468.807 | BF100: 1209.3801 | BG100: 1255.3113 | BH100: 1088.7896 | BI100: 1412.8973 | BJ100: 1238.8694 | BK100: 1451.3634 | BL100: 1500.1228 | BM100: 1424.1671 | BN100: 1672.4406 | BO100: 1589.3845 | BP100: 1647.4893 | BQ100: 1697.9775 | BR100: 1439.8073 | BS100: 1486.9784 | BT100: 1321.6557 | BU100: 1646.8772 | BV100: 1473.8362 | BW100: 1687.183 | BX100: 1736.7059 | BY100: 1661.5135 | BZ100: 1910.6381 | CA100: 1828.5457 | CB100: 1887.644 | CC100: 1938.9734 | CD100: 1681.2967 | CE100: 1728.5278 | CF100: 1562.9526 | CG100: 1887.9639 | CH100: 1715.1707 | CI100: 1929.4311 | CJ100: 1980.4892 | CK100: 1906.6736 | CL100: 2156.5146 | CM100: 2073.8196 | CN100: 2130.4362 | CO100: 2180.0718 | CP100: 1922.5624 | CQ100: 1966.7228 | CR100: 1816.1603 | CS100: 2141.8248 | CT100: 1952.9013 | CU100: 2173.4634 | CW100: -1
C101: Actual | CW101: 0
...

Sheet CF-4
A1: GVAR Conditional Forecasts
A2: Last in-sample estimation date: | B2: 2017M07
A3: Last forecast date: | B3: 2025M7
D5: 2017M8 | E5: 2017M9 | F5: 2017M10 | G5: 2017M11 | H5: 2017M12 | I5: 2018M1 | J5: 2018M2 | K5: 2018M3 | L5: 2018M4 | M5: 2018M5 | N5: 2018M6 | O5: 2018M7 | P5: 2018M8 | Q5: 2018M9 | R5: 2018M10 | S5: 2018M11 | T5: 2018M12 | U5: 2019M1 | V5: 2019M2 | W5: 2019M3 | X5: 2019M4 | Y5: 2019M5 | Z5: 2019M6 | AA5: 2019M7 | AB5: 2019M8 | AC5: 2019M9 | AD5: 2019M10 | AE5: 2019M11 | AF5: 2019M12 | AG5: 2020M1 | AH5: 2020M2 | AI5: 2020M3 | AJ5: 2020M4 | AK5: 2020M5 | AL5: 2020M6 | AM5: 2020M7 | AN5: 2020M8 | AO5: 2020M9 | AP5: 2020M10 | AQ5: 2020M11 | AR5: 2020M12 | AS5: 2021M1 | AT5: 2021M2 | AU5: 2021M3 | AV5: 2021M4 | AW5: 2021M5 | AX5: 2021M6 | AY5: 2021M7 | AZ5: 2021M8 | BA5: 2021M9 | BB5: 2021M10 | BC5: 2021M11 | BD5: 2021M12 | BE5: 2022M1 | BF5: 2022M2 | BG5: 2022M3 | BH5: 2022M4 | BI5: 2022M5 | BJ5: 2022M6 | BK5: 2022M7 | BL5: 2022M8 | BM5: 2022M9 | BN5: 2022M10 | BO5: 2022M11 | BP5: 2022M12 | BQ5: 2023M1 | BR5: 2023M2 | BS5: 2023M3 | BT5: 2023M4 | BU5: 2023M5 | BV5: 2023M6 | BW5: 2023M7 | BX5: 2023M8 | BY5: 2023M9 | BZ5: 2023M10 | CA5: 2023M11 | CB5: 2023M12 | CC5: 2024M1 | CD5: 2024M2 | CE5: 2024M3 | CF5: 2024M4 | CG5: 2024M5 | CH5: 2024M6 | CI5: 2024M7 | CJ5: 2024M8 | CK5: 2024M9 | CL5: 2024M10 | CM5: 2024M11 | CN5: 2024M12 | CO5: 2025M1 | CP5: 2025M2 | CQ5: 2025M3 | CR5: 2025M4 | CS5: 2025M5 | CT5: 2025M6 | CU5: 2025M7 | CW5: Seletor
A6: Ro1101 | B6: adm | C6: Forecast | D6: 3250.5434 | E6: 2966.3754 | F6: 2494.1688 | G6: 2284.0659 | H6: 1309.5875 | I6: 1966.47 | J6: 1752.5784 | K6: 2613.5518 | L6: 2476.5739 | M6: 2896.5897 | N6: 3086.7812 | O6: 3011.3181 | P6: 3155.0277 | Q6: 2915.5323 | R6: 2384.1664 | S6: 2191.4152 | T6: 1247.9202 | U6: 1952.9526 | V6: 1816.776 | W6: 2758.28 | X6: 2703.3654 | Y6: 3197.2149 | Z6: 3446.9764 | AA6: 3416.946 | AB6: 3592.9836 | AC6: 3376.3029 | AD6: 2862.5487 | AE6: 2685.5882 | AF6: 1758.3655 | AG6: 2481.2959 | AH6: 2365.0316 | AI6: 3328.4387 | AJ6: 3297.1811 | AK6: 3816.079 | AL6: 4091.7911 | AM6: 4088.0143 | AN6: 4289.9679 | AO6: 4098.2939 | AP6: 3608.2482 | AQ6: 3453.5505 | AR6: 2547.223 | AS6: 3289.9085 | AT6: 3192.5372 | AU6: 4174.2198 | AV6: 4160.7854 | AW6: 4697.1356 | AX6: 4989.9481 | AY6: 5002.9067 | AZ6: 5221.2082 | BA6: 5045.4743 | BB6: 4570.9435 | BC6: 4431.3184 | BD6: 3539.6037 | BE6: 4296.4246 | BF6: 4212.6962 | BG6: 5207.5195 | BH6: 5206.7209 | BI6: 5755.2086 | BJ6: 6059.6787 | BK6: 6083.8464 | BL6: 6312.952 | BM6: 6147.6647 | BN6: 5683.2632 | BO6: 5553.4707 | BP6: 4671.2869 | BQ6: 5437.3138 | BR6: 5362.4445 | BS6: 6365.7795 | BT6: 6373.1755 | BU6: 6929.5838 | BV6: 7241.7139 | BW6: 7273.2189 | BX6: 7509.1834 | BY6: 7350.0652 | BZ6: 6890.9794 | CA6: 6765.6607 | CB6: 5887.3715 | CC6: 6657.2384 | CD6: 6586.7388 | CE6: 7595.3685 | CF6: 7609.0966 | CG6: 8172.3422 | CH6: 8491.3073 | CI6: 8529.3982 | CJ6: 8770.7795 | CK6: 8618.3647 | CL6: 8165.5204 | CM6: 8043.0256 | CN6: 7176.1828 | CO6: 7932.7125 | CP6: 7848.0312 | CQ6: 8866.6385 | CR6: 8793.812 | CS6: 9517.1537 | CT6: 9709.1082 | CU6: 9566.0022 | CW6: 1
C7: Actual | CW7: 0
A8: Ro1101 | B8: desl | C8: Forecast | D8: 2946.6005 | E8: 2765.8494 | F8: 2849.6025 | G8: 2764.0307 | H8: 2526.2616 | I8: 2278.6112 | J8: 2079.9824 | K8: 2271.8857 | L8: 1996.3868 | M8: 2399.7821 | N8: 2126.92 | O8: 2308.1107 | P8: 2291.9663 | Q8: 2233.7529 | R8: 2344.1869 | S8: 2344.189 | T8: 2185.6449 | U8: 2030.6887 | V8: 1931.5653 | W8: 2229.7785 | X8: 2058.9904 | Y8: 2560.6254 | Z8: 2374.0377 | AA8: 2627.7011 | AB8: 2670.463 | AC8: 2660.1738 | AD8: 2810.5963 | AE8: 2845.6243 | AF8: 2719.4523 | AG8: 2595.6937 | AH8: 2527.4071 | AI8: 2856.52 | AJ8: 2716.9102 | AK8: 3250.083 | AL8: 3095.3171 | AM8: 3380.8345 | AN8: 3455.0931 | AO8: 3475.509 | AP8: 3655.4753 | AQ8: 3718.6649 | AR8: 3619.2294 | AS8: 3520.8872 | AT8: 3476.8835 | AU8: 3829.3434 | AV8: 3712.3029 | AW8: 4267.3685 | AX8: 4133.8699 | AY8: 4440.0491 | AZ8: 4534.3711 | BA8: 4574.2558 | BB8: 4773.0996 | BC8: 4854.5763 | BD8: 4772.8351 | BE8: 4691.5894 | BF8: 4664.0786 | BG8: 5032.4241 | BH8: 4930.6611 | BI8: 5500.3997 | BJ8: 5380.9801 | BK8: 5700.6644 | BL8: 5807.9505 | BM8: 5860.3008 | BN8: 6071.1553 | BO8: 6164.2201 | BP8: 6093.6527 | BQ8: 6023.15 | BR8: 6005.9225 | BS8: 6384.073 | BT8: 6291.6513 | BU8: 6870.318 | BV8: 6759.4759 | BW8: 7087.4137 | BX8: 7202.5733 | BY8: 7262.2696 | BZ8: 7479.7539 | CA8: 7578.6106 | CB8: 7513.0576 | CC8: 7447.0889 | CD8: 7434.3909 | CE8: 7817.5182 | CF8: 7730.7402 | CG8: 8315.4979 | CH8: 8210.5324 | CI8: 8543.6386 | CJ8: 8662.7942 | CK8: 8725.4233 | CL8: 8946.5543 | CM8: 9048.8226 | CN8: 8988.2937 | CO8: 8925.63 | CP8: 8904.3067 | CQ8: 9286.1944 | CR8: 9181.7434 | CS8: 9695.0179 | CT8: 9660.6757 | CU8: 10122.702 | CW8: -1
C9: Actual | CW9: 0
A10: Ro1102 | B10: adm | C10: Forecast | D10: 5691.5334 | E10: 4914.785 | F10: 4291.964 | G10: 4244.48 | H10: 3375.7508 | I10: 4339.7094 | J10: 3958.5404 | K10: 4986.2676 | L10: 4515.523 | M10: 4825.1832 | N10: 4779.5734 | O10: 4360.9597 | P10: 4401.4474 | Q10: 4016.7126 | R10: 3564.84 | S10: 3717.8872 | T10: 3020.5424 | U10: 4134.7654 | V10: 3895.0401 | W10: 5033.8369 | X10: 4654.2802 | Y10: 5030.2784 | Z10: 5026.6107 | AA10: 4631.8083 | AB10: 4683.6859 | AC10: 4305.2454 | AD10: 3860.6731 | AE10: 4025.0615 | AF10: 3343.7572 | AG10: 4477.7989 | AH10: 4260.1938 | AI10: 5422.0637 | AJ10: 5065.6185 | AK10: 5464.259 | AL10: 5482.4449 | AM10: 5108.4043 | AN10: 5179.631 | AO10: 4818.8783 | AP10: 4390.2755 | AQ10: 4569.0969 | AR10: 3901.0584 | AS10: 5047.638 | AT10: 4842.2225 | AU10: 6016.1682 | AV10: 5671.7565 | AW10: 6082.336 | AX10: 6112.2576 | AY10: 5749.6424 | AZ10: 5831.9122 | BA10: 5481.7877 | BB10: 5063.3923 | BC10: 5252.0076 | BD10: 4593.36 | BE10: 5748.9377 | BF10: 5552.1363 | BG10: 6734.3179 | BH10: 6397.7653 | BI10: 6815.8276 | BJ10: 6852.8641 | BK10: 6497.0246 | BL10: 6585.7856 | BM10: 6241.94 | BN10: 5829.6741 | BO10: 6024.2884 | BP10: 5371.4631 | BQ10: 6532.5844 | BR10: 6340.9398 | BS10: 7527.8451 | BT10: 7195.6481 | BU10: 7617.861 | BV10: 7659.0138 | BW10: 7307.3007 | BX10: 7400.0162 | BY10: 7059.5608 | BZ10: 6649.7028 | CA10: 6845.5835 | CB10: 6193.2261 | CC10: 7354.9231 | CD10: 7165.0638 | CE10: 8355.7275 | CF10: 8029.1723 | CG10: 8457.4769 | CH10: 8503.4136 | CI10: 8153.5198 | CJ10: 8244.1217 | CK10: 7901.5835 | CL10: 7488.7726 | CM10: 7684.6842 | CN10: 7044.6116 | CO10: 8195.1536 | CP10: 8002.6282 | CQ10: 9183.2709 | CR10: 8744.4287 | CS10: 9316.4499 | CT10: 9183.0203 | CU10: 8841.2787 | CW10: 1
C11: Actual | CW11: 0
A12: Ro1102 | B12: desl | C12: Forecast | D12: 4774.9482 | E12: 4265.5297 | F12: 4628.1008 | G12: 4697.4682 | H12: 4568.2527 | I12: 4166.9399 | J12: 3985.604 | K12: 4590.0693 | L12: 3651.3164 | M12: 4410.7176 | N12: 3621.7274 | O12: 3643.72 | P12: 3764.015 | Q12: 3419.8908 | R12: 3975.3918 | S12: 4211.2437 | T12: 4233.4847 | U12: 3960.7329 | V12: 3881.6696 | W12: 4580.6151 | X12: 3717.4962 | Y12: 4534.8851 | Z12: 3789.0502 | AA12: 3842.4577 | AB12: 3988.1291 | AC12: 3668.1759 | AD12: 4248.9217 | AE12: 4511.3932 | AF12: 4560.9156 | AG12: 4315.1435 | AH12: 4262.0297 | AI12: 4985.6818 | AJ12: 4146.2045 | AK12: 4986.4305 | AL12: 4262.7283 | AM12: 4337.4332 | AN12: 4503.3208 | AO12: 4202.3206 | AP12: 4800.7493 | AQ12: 5079.8077 | AR12: 5145.0999 | AS12: 4914.5543 | AT12: 4876.3057 | AU12: 5614.5216 | AV12: 4789.271 | AW12: 5643.3104 | AX12: 4932.9418 | AY12: 5020.4704 | AZ12: 5198.6772 | BA12: 4909.5159 | BB12: 5519.3289 | BC12: 5809.3358 | BD12: 5885.1528 | BE12: 5664.7161 | BF12: 5636.1666 | BG12: 6383.6743 | BH12: 5567.306 | BI12: 6429.8163 | BJ12: 5727.5167 | BK12: 5822.7441 | BL12: 6008.3351 | BM12: 5726.308 | BN12: 6343.0475 | BO12: 6639.7626 | BP12: 6721.9956 | BQ12: 6507.5731 | BR12: 6484.5509 | BS12: 7237.1043 | BT12: 6425.4251 | BU12: 7292.468 | BV12: 6594.7082 | BW12: 6694.4779 | BX12: 6884.3753 | BY12: 6606.02 | BZ12: 7225.4578 | CA12: 7523.8964 | CB12: 7607.3878 | CC12: 7394.6565 | CD12: 7374.6482 | CE12: 8131.8417 | CF12: 7325.7023 | CG12: 8197.5346 | CH12: 7501.737 | CI12: 7599.6695 | CJ12: 7785.1393 | CK12: 7501.1358 | CL12: 8119.0188 | CM12: 8422.3545 | CN12: 8510.9305 | CO12: 8305.1845 | CP12: 8275.308 | CQ12: 9002.6616 | CR12: 8206.663 | CS12: 8851.3164 | CT12: 8340.4784 | CU12: 8970.8027 | CW12: -1
C13: Actual | CW13: 0
A14: Ac1201 | B14: adm | C14: Forecast | D14: 190.89551 | E14: 142.77404 | F14: 112.59758 | G14: 105.29644 | H14: 64.204036 | I14: 92.242885 | J14: 64.29817 | K14: 112.8017 | L14: 111.44126 | M14: 136.84241 | N14: 145.65902 | O14: 122.61859 | P14: 123.03857 | Q14: 95.295263 | R14: 75.287812 | S14: 77.400843 | T14: 41.213926 | U14: 75.682774 | V14: 54.733324 | W14: 110.76255 | X14: 117.38957 | Y14: 149.6996 | Z14: 163.73964 | AA14: 143.82409 | AB14: 145.32532 | AC14: 117.14697 | AD14: 95.850553 | AE14: 96.456141 | AF14: 59.027431 | AG14: 92.786581 | AH14: 71.738162 | AI14: 128.23105 | AJ14: 135.77837 | AK14: 169.3463 | AL14: 184.8676 | AM14: 166.54972 | AN14: 169.66522 | AO14: 143.03047 | AP14: 123.14167 | AQ14: 124.9842 | AR14: 88.620531 | AS14: 123.29969 | AT14: 103.06922 | AU14: 160.3231 | AV14: 168.61054 | AW14: 202.9194 | AX14: 219.19006 | AY14: 201.62759 | AZ14: 205.49734 | BA14: 179.60756 | BB14: 160.44771 | BC14: 162.99824 | BD14: 127.31817 | BE14: 162.65402 | BF14: 143.05133 | BG14: 200.90252 | BH14: 209.75571 | BI14: 244.59848 | BJ14: 261.37216 | BK14: 244.28462 | BL14: 248.60591 | BM14: 223.15029 | BN14: 204.41291 | BO14: 207.37738 | BP14: 172.10179 | BQ14: 207.82767 | BR14: 188.59415 | BS14: 246.78973 | BT14: 255.96469 | BU14: 291.11487 | BV14: 308.19146 | BW14: 291.40557 | BX14: 296.01657 | BY14: 270.81306 | BZ14: 252.25874 | CA14: 255.31766 | CB14: 220.05839 | CC14: 255.77204 | CD14: 236.5713 | CE14: 294.91287 | CF14: 304.37392 | CG14: 339.9004 | CH14: 357.35692 | CI14: 340.8558 | CJ14: 345.58516 | CK14: 320.49307 | CL14: 302.0165 | CM14: 305.31201 | CN14: 270.77243 | CO14: 306.02507 | CP14: 286.56752 | CQ14: 343.75686 | CR14: 347.06628 | CS14: 387.41416 | CT14: 399.91512 | CU14: 393.29802 | CW14: 1
C15: Actual | CW15: 0
A16: Ac1201 | B16: desl | C16: Forecast | D16: 164.50856 | E16: 152.75295 | F16: 168.8014 | G16: 165.85963 | H16: 171.26838 | I16: 151.32762 | J16: 138.07238 | K16: 129.1804 | L16: 83.494521 | M16: 108.51901 | N16: 79.009272 | O16: 89.927186 | P16: 99.134469 | Q16: 90.117732 | R16: 119.19726 | S16: 125.99915 | T16: 139.08607 | U16: 126.32799 | V16: 118.59722 | W16: 114.54091 | X16: 73.220169 | Y16: 102.66992 | Z16: 77.682484 | AA16: 92.987074 | AB16: 106.27242 | AC16: 100.86824 | AD16: 133.0335 | AE16: 142.44502 | AF16: 157.75902 | AG16: 146.93936 | AH16: 140.93251 | AI16: 138.43379 | AJ16: 98.535341 | AK16: 129.3001 | AL16: 105.55295 | AM16: 122.05756 | AN16: 136.5309 | AO16: 132.31732 | AP16: 165.67458 | AQ16: 176.26629 | AR16: 192.73073 | AS16: 183.0163 | AT16: 178.061 | AU16: 176.55928 | AV16: 137.60777 | AW16: 169.27579 | AX16: 146.39386 | AY16: 163.72939 | AZ16: 179.00142 | BA16: 175.55566 | BB16: 209.65132 | BC16: 220.95378 | BD16: 238.10328 | BE16: 229.04985 | BF16: 224.7325 | BG16: 223.84604 | BH16: 185.48698 | BI16: 217.7243 | BJ16: 195.38821 | BK16: 213.24592 | BL16: 229.01646 | BM16: 226.04583 | BN16: 260.59388 | BO16: 272.32704 | BP16: 289.88668 | BQ16: 281.22371 | BR16: 277.27734 | BS16: 276.7418 | BT16: 238.71285 | BU16: 271.25958 | BV16: 249.21434 | BW16: 267.34885 | BX16: 283.38797 | BY16: 280.68244 | BZ16: 315.49267 | CA16: 327.47965 | CB16: 345.27425 | CC16: 336.81396 | CD16: 333.02912 | CE16: 332.61414 | CF16: 294.671 | CG16: 327.28634 | CH16: 305.29313 | CI16: 323.45647 | CJ16: 339.51328 | CK16: 336.7104 | CL16: 371.43332 | CM16: 383.41763 | CN16: 400.87732 | CO16: 392.97488 | CP16: 389.49597 | CQ16: 389.00384 | CR16: 354.16998 | CS16: 377.51887 | CT16: 361.36709 | CU16: 392.34097 | CW16: -1
C17: Actual | CW17: 0
A18: Ac1202 | B18: adm | C18: Forecast | D18: 1806.493 | E18: 1546.3461 | F18: 1345.9128 | G18: 1340.9319 | H18: 981.59391 | I18: 1329.1966 | J18: 1198.3286 | K18: 1567.5373 | L18: 1392.7363 | M18: 1533.7209 | N18: 1536.9444 | O18: 1414.2271 | P18: 1458.8189 | Q18: 1324.0303 | R18: 1148.6143 | S18: 1192.7641 | T18: 873.06957 | U18: 1259.7726 | V18: 1173.2609 | W18: 1580.34 | X18: 1439.6703 | Y18: 1608.9169 | Z18: 1633.0429 | AA18: 1524.9168 | AB18: 1578.4398 | AC18: 1448.7405 | AD18: 1276.6123 | AE18: 1323.8426 | AF18: 1008.095 | AG18: 1400.0172 | AH18: 1319.9338 | AI18: 1734.3327 | AJ18: 1601.4839 | AK18: 1778.7196 | AL18: 1810.7595 | AM18: 1710.301 | AN18: 1771.118 | AO18: 1648.2418 | AP18: 1482.4068 | AQ18: 1535.3935 | AR18: 1224.9166 | AS18: 1621.7201 | AT18: 1546.2448 | AU18: 1965.0853 | AV18: 1836.5863 | AW18: 2018.115 | AX18: 2054.3918 | AY18: 1958.0937 | AZ18: 2022.9679 | BA18: 1904.0226 | BB18: 1741.977 | BC18: 1798.6053 | BD18: 1491.6213 | BE18: 1891.7718 | BF18: 1819.5013 | BG18: 2241.4078 | BH18: 2115.8379 | BI18: 2300.1599 | BJ18: 2339.0958 | BK18: 2245.3284 | BL18: 2312.6167 | BM18: 2195.9872 | BN18: 2036.1799 | BO18: 2094.9834 | BP18: 1790.1122 | BQ18: 2192.2962 | BR18: 2121.9516 | BS18: 2545.6511 | BT18: 2421.7364 | BU18: 2607.5984 | BV18: 2648.0009 | BW18: 2555.6607 | BX18: 2624.3316 | BY18: 2508.9782 | BZ18: 2350.2404 | CA18: 2409.8242 | CB18: 2105.4478 | CC18: 2507.991 | CD18: 2438.1242 | CE18: 2862.6855 | CF18: 2740.1703 | CG18: 2927.7795 | CH18: 2969.926 | CI18: 2878.8615 | CJ18: 2947.616 | CK18: 2832.0322 | CL18: 2672.1789 | CM18: 2730.3494 | CN18: 2428.7514 | CO18: 2827.5 | CP18: 2756.7105 | CQ18: 3187.5747 | CR18: 3025.9377 | CS18: 3265.5563 | CT18: 3252.1773 | CU18: 3143.404 | CW18: 1
C19: Actual | CW19: 0
A20: Ac1202 | B20: desl | C20: Forecast | D20: 1495.6583 | E20: 1363.3632 | F20: 1562.1305 | G20: 1562.76 | H20: 1663.4592 | I20: 1466.436 | J20: 1378.8772 | K20: 1457.9343 | L20: 1112.4657 | M20: 1414.6346 | N20: 1055.2324 | O20: 1156.0199 | P20: 1143.3197 | Q20: 1048.2616 | R20: 1323.1091 | S20: 1376.8623 | T20: 1530.7088 | U20: 1380.2611 | V20: 1330.1684 | W20: 1446.2693 | X20: 1131.5944 | Y20: 1458.8689 | Z20: 1119.469 | AA20: 1235.4032 | AB20: 1234.7313 | AC20: 1150.0513 | AD20: 1434.5584 | AE20: 1497.7366 | AF20: 1660.9196 | AG20: 1519.7259 | AH20: 1478.7539 | AI20: 1603.8292 | AJ20: 1298.0105 | AK20: 1634.0397 | AL20: 1303.2588 | AM20: 1427.5829 | AN20: 1434.9547 | AO20: 1357.8819 | AP20: 1649.5272 | AQ20: 1719.4038 | AR20: 1888.9166 | AS20: 1753.7674 | AT20: 1718.6234 | AU20: 1849.3511 | AV20: 1549.0228 | AW20: 1890.3777 | AX20: 1564.7507 | AY20: 1694.0526 | AZ20: 1706.2266 | BA20: 1633.7835 | BB20: 1929.8898 | BC20: 2004.0612 | BD20: 2177.7048 | BE20: 2046.524 | BF20: 2015.1876 | BG20: 2149.5624 | BH20: 1852.7201 | BI20: 2197.3995 | BJ20: 1874.9394 | BK20: 2007.2626 | BL20: 2022.3322 | BM20: 1952.6818 | BN20: 2251.4935 | BO20: 2328.2814 | BP20: 2504.43 | BQ20: 2375.6084 | BR20: 2346.4577 | BS20: 2482.8448 | BT20: 2187.879 | BU20: 2534.3603 | BV20: 2213.6779 | BW20: 2347.752 | BX20: 2364.4704 | BY20: 2296.2422 | BZ20: 2596.1446 | CA20: 2673.6953 | CB20: 2850.4463 | CC20: 2722.357 | CD20: 2694.3592 | CE20: 2832.4263 | CF20: 2539.4362 | CG20: 2887.6808 | CH20: 2567.8717 | CI20: 2701.5767 | CJ20: 2717.1725 | CK20: 2647.241 | CL20: 2946.6674 | CM20: 3025.8647 | CN20: 3203.1629 | CO20: 3077.3681 | CP20: 3046.0054 | CQ20: 3168.5413 | CR20: 2892.3558 | CS20: 3150.5386 | CT20: 2903.3897 | CU20: 3222.0959 | CW20: -1
C21: Actual | CW21: 0
A22: Am1301 | B22: adm | C22: Forecast | D22: 8.6771003 | E22: 10.051723 | F22: 10.587453 | G22: 16.219221 | H22: 12.82576 | I22: 36.055409 | J22: 16.908657 | K22: 25.830228 | L22: 16.502747 | M22: 16.009725 | N22: 16.243376 | O22: 9.8878948 | P22: 11.703301 | Q22: 10.320599 | R22: 6.7211741 | S22: 14.111484 | T22: 10.829649 | U22: 34.031995 | V22: 15.215518 | W22: 24.012574 | X22: 14.946762 | Y22: 14.577203 | Z22: 14.920572 | AA22: 8.6848735 | AB22: 10.54968 | AC22: 9.1924597 | AD22: 5.6141688 | AE22: 13.024589 | AF22: 9.7688574 | AG22: 33.005448 | AH22: 14.228772 | AI22: 23.066217 | AJ22: 14.038537 | AK22: 13.704847 | AL22: 14.083194 | AM22: 7.8831841 | AN22: 9.7847783 | AO22: 8.4645441 | AP22: 4.9220165 | AQ22: 12.36567 | AR22: 9.1400051 | AS22: 32.403752 | AT22: 13.652202 | AU22: 22.513754 | AV22: 13.509871 | AW22: 13.199892 | AX22: 13.601677 | AY22: 7.4244635 | AZ22: 9.3479169 | BA22: 8.0485266 | BB22: 4.5259738 | BC22: 11.988991 | BD22: 8.7822835 | BE22: 32.064599 | BF22: 13.331023 | BG22: 22.20962 | BH22: 13.221571 | BI22: 12.926179 | BJ22: 13.341612 | BK22: 7.1776842 | BL22: 9.1146271 | BM22: 7.8291477 | BN22: 4.3205604 | BO22: 11.796716 | BP22: 8.6013542 | BQ22: 31.892819 | BR22: 13.166845 | BS22: 22.05316 | BT22: 13.074869 | BU22: 12.792222 | BV22: 13.222271 | BW22: 7.0715392 | BX22: 9.0161055 | BY22: 7.7300699 | BZ22: 4.2141023 | CA22: 11.681896 | CB22: 8.4854717 | CC22: 31.78975 | CD22: 13.089432 | CE22: 22.004858 | CF22: 13.044049 | CG22: 12.753022 | CH22: 13.154169 | CI22: 6.9635631 | CJ22: 8.8868068 | CK22: 7.6612309 | CL22: 4.2000622 | CM22: 11.765699 | CN22: 8.6745198 | CO22: 31.684931 | CP22: 12.99207 | CQ22: 21.232681 | CR22: 11.48093 | CS22: 16.120372 | CT22: 10.758128 | CU22: 5.0715114 | CW22: 1
C23: Actual | CW23: 0
A24: Am1301 | B24: desl | C24: Forecast | D24: 9.9825888 | E24: 19.021228 | F24: 25.717526 | G24: 24.699599 | H24: 39.650227 | I24: 20.465965 | J24: 29.782957 | K24: 15.597671 | L24: 22.297154 | M24: 14.713329 | N24: 11.788813 | O24: 13.877979 | P24: 10.562905 | Q24: 13.351263 | R24: 22.866837 | S24: 22.095725 | T24: 36.776583 | U24: 18.051397 | V24: 27.183504 | W24: 13.178697 | X24: 19.830192 | Y24: 12.165785 | Z24: 9.2324153 | AA24: 11.306748 | AB24: 8.031345 | AC24: 10.895196 | AD24: 20.486233 | AE24: 19.778171 | AF24: 34.50345 | AG24: 15.805432 | AH24: 24.953254 | AI24: 10.959448 | AJ24: 17.621875 | AK24: 9.9690135 | AL24: 7.0462832 | AM24: 9.1286201 | AN24: 5.8582307 | AO24: 8.7254116 | AP24: 18.32008 | AQ24: 17.617576 | AR24: 32.350958 | AS24: 13.663082 | AT24: 22.82187 | AU24: 8.8385833 | AV24: 15.510263 | AW24: 7.865199 | AX24: 4.9491122 | AY24: 7.0374315 | AZ24: 3.7727824 | BA24: 6.6456771 | BB24: 16.246055 | BC24: 15.549164 | BD24: 30.28794 | BE24: 11.605133 | BF24: 20.768597 | BG24: 6.7895897 | BH24: 13.465246 | BI24: 5.8240653 | BJ24: 2.9120502 | BK24: 5.0048648 | BL24: 1.7451592 | BM24: 4.6231532 | BN24: 14.228231 | BO24: 13.535078 | BP24: 28.276419 | BQ24: 9.5954056 | BR24: 18.76085 | BS24: 4.785044 | BT24: 11.465496 | BU24: 3.8298475 | BV24: 0.92206007 | BW24: 3.0154747 | BX24: -0.24835211 | BY24: 2.6223033 | BZ24: 12.221138 | CA24: 11.528471 | CB24: 26.280969 | CC24: 7.6207625 | CD24: 16.809983 | CE24: 2.8503174 | CF24: 9.5308861 | CG24: 1.8782592 | CH24: -1.0559343 | CI24: 1.0249506 | CJ24: -2.2187233 | CK24: 0.68735516 | CL24: 10.356022 | CM24: 9.668003 | CN24: 24.35493 | CO24: 5.5195794 | CP24: 14.373239 | CQ24: 0.39608063 | CR24: 8.2827547 | CS24: -2.4540083 | CT24: -0.63251259 | CU24: 4.9589029 | CW24: -1
C25: Actual | CW25: 0
A26: Am1302 | B26: adm | C26: Forecast | D26: 22.039938 | E26: 18.561949 | F26: 16.535634 | G26: 18.236175 | H26: 14.50748 | I26: 20.139005 | J26: 15.26303 | K26: 21.710074 | L26: 17.786617 | M26: 20.665436 | N26: 20.506037 | O26: 18.638649 | P26: 19.486509 | Q26: 17.92841 | R26: 15.618141 | S26: 17.534881 | T26: 14.400218 | U26: 20.494065 | V26: 16.227103 | W26: 23.201054 | X26: 19.807329 | Y26: 23.115452 | Z26: 23.24256 | AA26: 21.543087 | AB26: 22.459754 | AC26: 20.921891 | AD26: 18.631932 | AE26: 20.594892 | AF26: 17.539904 | AG26: 23.741913 | AH26: 19.600955 | AI26: 26.708863 | AJ26: 23.451185 | AK26: 26.895396 | AL26: 27.158024 | AM26: 25.592186 | AN26: 26.637842 | AO26: 25.22095 | AP26: 23.041468 | AQ26: 25.103875 | AR26: 22.138817 | AS26: 28.42408 | AT26: 24.362728 | AU26: 31.548836 | AV26: 28.368964 | AW26: 31.890503 | AX26: 32.229289 | AY26: 30.73767 | AZ26: 31.855085 | BA26: 30.507294 | BB26: 28.39427 | BC26: 30.52057 | BD26: 27.616894 | BE26: 33.961038 | BF26: 29.956078 | BG26: 37.196114 | BH26: 34.067735 | BI26: 37.638336 | BJ26: 38.023746 | BK26: 36.576354 | BL26: 37.735794 | BM26: 36.428217 | BN26: 34.354112 | BO26: 36.518456 | BP26: 33.652007 | BQ26: 40.032108 | BR26: 36.060983 | BS26: 43.331919 | BT26: 40.231275 | BU26: 43.827161 | BV26: 44.236883 | BW26: 42.814284 | BX26: 43.999328 | BY26: 42.716596 | BZ26: 40.663372 | CA26: 42.84131 | CB26: 39.98004 | CC26: 46.359963 | CD26: 42.390167 | CE26: 49.672137 | CF26: 46.597436 | CG26: 50.23079 | CH26: 50.678798 | CI26: 49.277104 | CJ26: 50.452663 | CK26: 49.143106 | CL26: 47.044328 | CM26: 49.20077 | CN26: 46.410758 | CO26: 52.783385 | CP26: 48.903407 | CQ26: 56.06411 | CR26: 52.62978 | CS26: 56.924513 | CT26: 55.387688 | CU26: 54.817681 | CW26: 1
C27: Actual | CW27: 0
A28: Am1302 | B28: desl | C28: Forecast | D28: 24.540837 | E28: 26.840818 | F28: 27.994788 | G28: 29.067776 | H28: 25.161264 | I28: 29.646129 | J28: 22.259457 | K28: 26.943492 | L28: 21.574442 | M28: 25.624434 | N28: 21.134442 | O28: 24.563124 | P28: 23.61889 | Q28: 25.467182 | R28: 27.160368 | S28: 28.513247 | T28: 24.551017 | U28: 29.127158 | V28: 21.653848 | W28: 26.440112 | X28: 21.25284 | Y28: 25.495003 | Z28: 21.212969 | AA28: 24.817384 | AB28: 24.014205 | AC28: 25.982688 | AD28: 27.782002 | AE28: 29.232735 | AF28: 25.361597 | AG28: 30.020993 | AH28: 22.620875 | AI28: 27.469732 | AJ28: 22.33731 | AK28: 26.631251 | AL28: 22.402251 | AM28: 26.063359 | AN28: 25.32054 | AO28: 27.351303 | AP28: 29.212419 | AQ28: 30.722462 | AR28: 26.907131 | AS28: 31.618826 | AT28: 24.268076 | AU28: 29.164024 | AV28: 24.076818 | AW28: 28.414206 | AX28: 24.22682 | AY28: 27.92766 | AZ28: 27.222761 | BA28: 29.289821 | BB28: 31.185832 | BC28: 32.729548 | BD28: 28.946759 | BE28: 33.689898 | BF28: 26.369505 | BG28: 31.294731 | BH28: 26.235709 | BI28: 30.600103 | BJ28: 26.438388 | BK28: 30.163386 | BL28: 29.481052 | BM28: 31.569218 | BN28: 33.485233 | BO28: 35.048296 | BP28: 31.284462 | BQ28: 36.046003 | BR28: 28.742821 | BS28: 33.683221 | BT28: 28.636825 | BU28: 33.011667 | BV28: 28.859663 | BW28: 32.595676 | BX28: 31.927253 | BY28: 34.032154 | BZ28: 35.965427 | CA28: 37.542355 | CB28: 33.785247 | CC28: 38.545435 | CD28: 31.235769 | CE28: 36.170509 | CF28: 31.126945 | CG28: 35.512798 | CH28: 31.3758 | CI28: 35.120751 | CJ28: 34.432013 | CK28: 36.507826 | CL28: 38.400154 | CM28: 39.893042 | CN28: 36.261937 | CO28: 40.988216 | CP28: 33.808882 | CQ28: 39.075728 | CR28: 33.032152 | CS28: 39.048467 | CT28: 34.948066 | CU28: 39.282364 | CW28: -1
C29: Actual | CW29: 0
A30: Am1303 | B30: adm | C30: Forecast | D30: 11916.17 | E30: 11484.32 | F30: 10486.514 | G30: 10525.917 | H30: 6683.7711 | I30: 9629.3841 | J30: 7608.6158 | K30: 11277.377 | L30: 10266.881 | M30: 11719.465 | N30: 12656.403 | O30: 12138.362 | P30: 13252.521 | Q30: 12857.946 | R30: 11486.888 | S30: 11655.197 | T30: 7900.1954 | U30: 10988.633 | V30: 9138.682 | W30: 12922.499 | X30: 11991.952 | Y30: 13465.12 | Z30: 14374.317 | AA30: 13801.745 | AB30: 14851.209 | AC30: 14399.808 | AD30: 12991.012 | AE30: 13142.784 | AF30: 9389.3976 | AG30: 12492.142 | AH30: 10664.113 | AI30: 14473.787 | AJ30: 13570.716 | AK30: 15071.416 | AL30: 16006.81 | AM30: 15457.742 | AN30: 16526.925 | AO30: 16090.988 | AP30: 14693.762 | AQ30: 14854.284 | AR30: 11108.231 | AS30: 14218.174 | AT30: 12398.049 | AU30: 16216.633 | AV30: 15323.338 | AW30: 16834.311 | AX30: 17780.088 | AY30: 17241.227 | AZ30: 18320.278 | BA30: 17893.799 | BB30: 16505.59 | BC30: 16674.669 | BD30: 12936.703 | BE30: 16054.276 | BF30: 14241.351 | BG30: 18066.736 | BH30: 17179.854 | BI30: 18696.854 | BJ30: 19648.276 | BK30: 19114.733 | BL30: 20198.909 | BM30: 19777.544 | BN30: 18394.598 | BO30: 18569.123 | BP30: 14836.632 | BQ30: 17959.394 | BR30: 16151.052 | BS30: 19980.275 | BT30: 19096.681 | BU30: 20616.882 | BV30: 21571.891 | BW30: 21042.405 | BX30: 22130.527 | BY30: 21711.836 | BZ30: 20329.113 | CA30: 20501.053 | CB30: 16764.299 | CC30: 19883.914 | CD30: 18076.775 | CE30: 21913.659 | CF30: 21043.821 | CG30: 22579.142 | CH30: 23545.588 | CI30: 23019.188 | CJ30: 24098.136 | CK30: 23673.666 | CL30: 22281.91 | CM30: 22449.619 | CN30: 18762.57 | CO30: 21833.963 | CP30: 20034.692 | CQ30: 23873.81 | CR30: 22536.39 | CS30: 24816.645 | CT30: 25150.2 | CU30: 24292.61 | CW30: 1
C31: Actual | CW31: 0
A32: Am1303 | B32: desl | C32: Forecast | D32: 8585.679 | E32: 8401.6874 | F32: 10427.881 | G32: 11370 | H32: 11555.526 | I32: 10274.883 | J32: 9535.7826 | K32: 10581.706 | L32: 8496.654 | M32: 10335.166 | N32: 8546.8695 | O32: 8826.5251 | P32: 9292.781 | Q32: 8856.4764 | R32: 10821.138 | S32: 11821.436 | T32: 12095.212 | U32: 10944.831 | V32: 10329.118 | W32: 11520.755 | X32: 9549.9199 | Y32: 11463.444 | Z32: 9712.337 | AA32: 9997.7927 | AB32: 10456.44 | AC32: 10015.669 | AD32: 11987.344 | AE32: 13008.14 | AF32: 13313.993 | AG32: 12203.383 | AH32: 11631.473 | AI32: 12868.749 | AJ32: 10944.485 | AK32: 12905.083 | AL32: 11200.844 | AM32: 11531.737 | AN32: 12033.016 | AO32: 11631.11 | AP32: 13637.68 | AQ32: 14689.957 | AR32: 15024.917 | AS32: 13942.136 | AT32: 13397.586 | AU32: 14662.113 | AV32: 12764.96 | AW32: 14752.286 | AX32: 13074.118 | AY32: 13430.239 | AZ32: 13955.833 | BA32: 13577.325 | BB32: 15606.403 | BC32: 16680.316 | BD32: 17036.038 | BE32: 15973.146 | BF32: 15447.606 | BG32: 16730.256 | BH32: 14850.327 | BI32: 16853.977 | BJ32: 15191.274 | BK32: 15562.113 | BL32: 16101.857 | BM32: 15737.131 | BN32: 17779.736 | BO32: 18866.871 | BP32: 19235.269 | BQ32: 18184.165 | BR32: 17669.28 | BS32: 18961.493 | BT32: 17090.433 | BU32: 19102.845 | BV32: 17449.222 | BW32: 17829.322 | BX32: 18377.646 | BY32: 18019.517 | BZ32: 20065.721 | CA32: 21153.593 | CB32: 21521.641 | CC32: 20472.079 | CD32: 19963.47 | CE32: 21267.637 | CF32: 19411.941 | CG32: 21437.812 | CH32: 19789.656 | CI32: 20164.653 | CJ32: 20700.447 | CK32: 20328.292 | CL32: 22372.252 | CM32: 23477.197 | CN32: 23867.296 | CO32: 22826.043 | CP32: 22290.836 | CQ32: 23516.711 | CR32: 21603.808 | CS32: 23016.501 | CT32: 21958.495 | CU32: 23846.109 | CW32: -1
C33: Actual | CW33: 0
