Workbook
Name B: #REF!
Name bootstrap_flag: #REF!
Name cb_blockdiag: #REF!
Name cb_blockdiagexc: #REF!
Name cb_exccountry: #REF!
Name cb_lambda: #REF!
Name cb_samplecov: #REF!
Name ccodes: #REF!
Name chow_cut: #REF!
Name cnames: #REF!
Name cnames_long: #REF!
Name criterion: #REF!
Name dvflag: #REF!
Name estcase: #REF!
Name first_trdyear: #REF!
Name firstcountries: #REF!
Name firstobs: #REF!
Name fvflag: #REF!
Name fvflag_we: #REF!
Name graphsflag: #REF!
Name gvflag: #REF!
Name gvflag_we: #REF!
Name gvnames: #REF!
Name gvnames_long: #REF!
Name gvshockmtrx: #REF!
Name importbuild_wmat_flag: #REF!
Name last_trdyear: #REF!
Name lastobs: #REF!
Name maxlag: #REF!
Name N: #REF!
Name newordervars: #REF!
Name outdir: #REF!
Name overid_flag: #REF!
Name pauseflag: #REF!
Name pe_blockdiag: #REF!
Name pe_blockdiagexc: #REF!
Name pe_exccountry: #REF!
Name pe_lambda: #REF!
Name pe_samplecov: #REF!
Name rank: #REF!
Name regcountries: #REF!
Name regcountriesx: #REF!
Name rnames: #REF!
Name rnames_long: #REF!
Name rnamesx: #REF!
Name rnamesx_long: #REF!
Name ss_B: #REF!
Name ss_bootstrap_flag: #REF!
Name ss_flag: #REF!
Name trade_window: #REF!
Name tvw_solution: #REF!
Name tvw_solution_modeflag: #REF!
Name urt_criterion: #REF!
Name urt_maxlag: #REF!
Name urtflag: #REF!
Name varxlag: #REF!
Name varxlag_we: #REF!
Name vnames: #REF!
Name vnames_long: #REF!
Name vshockmtrx: #REF!

Sheet Point Estimates Grandes Regioes
A1: Generalized Impulse Response Functions
A2: One s.e. Positive Shock to DOMINANT UNIT MODEL ProducaoIndustrial_BR
A3: Point Estimates
C4: 0 | D4: 1 | E4: 2 | F4: 3 | G4: 4 | H4: 5 | I4: 6 | J4: 7 | K4: 8 | L4: 9 | M4: 10 | N4: 11 | O4: 12 | P4: 13 | Q4: 14 | R4: 15 | S4: 16 | T4: 17 | U4: 18 | V4: 19 | W4: 20 | X4: 21 | Y4: 22 | Z4: 23 | AA4: 24 | AB4: 25 | AC4: 26 | AD4: 27 | AE4: 28 | AF4: 29 | AG4: 30 | AH4: 31 | AI4: 32 | AJ4: 33 | AK4: 34 | AL4: 35 | AM4: 36 | AN4: 37 | AO4: 38 | AP4: 39 | AQ4: 40 | AR4: 41 | AS4: 42 | AT4: 43 | AU4: 44 | AV4: 45 | AW4: 46 | AX4: 47 | AY4: 48
A5: norte | B5: desl | C5: 10.757598 | D5: 41.677714 | E5: 155.90532 | F5: 78.25433 | G5: 128.70892 | H5: 126.87101 | I5: 142.73854 | J5: 160.02194 | K5: 142.52764 | L5: 163.79709 | M5: 157.16497 | N5: 164.51103 | O5: 165.43516 | P5: 163.83315 | Q5: 171.42732 | R5: 172.40065 | S5: 180.53734 | T5: 185.08299 | U5: 190.29059 | V5: 195.36901 | W5: 197.62326 | X5: 200.79237 | Y5: 202.00232 | Z5: 203.9888 | AA5: 205.95065 | AB5: 208.03807 | AC5: 210.78931 | AD5: 213.27859 | AE5: 216.12803 | AF5: 218.69669 | AG5: 221.14 | AH5: 223.40134 | AI5: 225.33647 | AJ5: 227.15255 | AK5: 228.72232 | AL5: 230.22573 | AM5: 231.67436 | AN5: 233.12309 | AO5: 234.6305 | AP5: 236.15081 | AQ5: 237.6955 | AR5: 239.19745 | AS5: 240.63016 | AT5: 241.96796 | AU5: 243.19675 | AV5: 244.33668 | AW5: 245.40006 | AX5: 246.41721 | AY5: 247.40588
A6: nordeste | B6: desl | C6: 83.701454 | D6: -7.4467914 | E6: 118.9345 | F6: 10.683861 | G6: 78.139766 | H6: 154.76543 | I6: 166.12769 | J6: 209.39359 | K6: 179.85534 | L6: 210.60242 | M6: 213.3491 | N6: 214.67274 | O6: 221.39513 | P6: 215.82581 | Q6: 230.28329 | R6: 235.97421 | S6: 249.27794 | T6: 262.01891 | U6: 272.53335 | V6: 285.05466 | W6: 291.64577 | X6: 298.5898 | Y6: 302.64659 | Z6: 306.41079 | AA6: 310.77585 | AB6: 314.88046 | AC6: 320.50381 | AD6: 326.15371 | AE6: 332.47458 | AF6: 338.75002 | AG6: 344.62669 | AH6: 350.19527 | AI6: 354.99098 | AJ6: 359.34688 | AK6: 363.15835 | AL6: 366.67016 | AM6: 370.0709 | AN6: 373.43802 | AO6: 376.94111 | AP6: 380.51936 | AQ6: 384.16899 | AR6: 387.7827 | AS6: 391.26206 | AT6: 394.54909 | AU6: 397.5888 | AV6: 400.40338 | AW6: 403.01975 | AX6: 405.49576 | AY6: 407.88555
A7: sudeste | B7: desl | C7: 11.187861 | D7: 365.01387 | E7: 1094.5224 | F7: 443.77264 | G7: 854.98575 | H7: 814.69902 | I7: 986.21476 | J7: 1079.9703 | K7: 955.29798 | L7: 1115.5729 | M7: 1055.6901 | N7: 1111.8315 | O7: 1093.7468 | P7: 1072.9085 | Q7: 1115.0914 | R7: 1114.4114 | S7: 1173.4501 | T7: 1204.2129 | U7: 1246.1232 | V7: 1282.9184 | W7: 1298.8107 | X7: 1318.9215 | Y7: 1322.4232 | Z7: 1332.2682 | AA7: 1341.1296 | AB7: 1352.5171 | AC7: 1369.3389 | AD7: 1385.2114 | AE7: 1404.6124 | AF7: 1422.161 | AG7: 1439.2822 | AH7: 1454.9169 | AI7: 1468.1115 | AJ7: 1480.1673 | AK7: 1490.0918 | AL7: 1499.3694 | AM7: 1508.1064 | AN7: 1516.9752 | AO7: 1526.4874 | AP7: 1536.4064 | AQ7: 1546.816 | AR7: 1557.1248 | AS7: 1567.0551 | AT7: 1576.2897 | AU7: 1584.6667 | AV7: 1592.3017 | AW7: 1599.2977 | AX7: 1605.9225 | AY7: 1612.3478
A8: sul | B8: desl | C8: 196.72386 | D8: 250.85054 | E8: 552.06318 | F8: 180.1305 | G8: 522.00147 | H8: 537.68821 | I8: 643.39478 | J8: 729.20897 | K8: 674.14924 | L8: 765.9543 | M8: 713.65473 | N8: 726.01572 | O8: 703.34357 | P8: 683.45759 | Q8: 707.8327 | R8: 710.35855 | S8: 751.73508 | T8: 778.73293 | U8: 811.12059 | V8: 838.75721 | W8: 850.65681 | X8: 862.29495 | Y8: 861.85511 | Z8: 863.76236 | AA8: 865.17777 | AB8: 869.0233 | AC8: 877.89473 | AD8: 887.94307 | AE8: 901.38738 | AF8: 914.36032 | AG8: 926.91062 | AH8: 937.92718 | AI8: 946.54036 | AJ8: 953.58843 | AK8: 958.74118 | AL8: 963.22983 | AM8: 967.47487 | AN8: 972.10541 | AO8: 977.55015 | AP8: 983.65153 | AQ8: 990.35251 | AR8: 997.14541 | AS8: 1003.6977 | AT8: 1009.6935 | AU8: 1014.9607 | AV8: 1019.5606 | AW8: 1023.6014 | AX8: 1027.324 | AY8: 1030.9224
A9: centro | B9: desl | C9: -4.8582378 | D9: 163.20371 | E9: 436.5933 | F9: 183.45494 | G9: 309.57824 | H9: 288.05723 | I9: 366.43399 | J9: 402.19666 | K9: 359.26519 | L9: 420.03769 | M9: 405.35188 | N9: 433.94347 | O9: 430.32025 | P9: 426.93954 | Q9: 445.1728 | R9: 447.56787 | S9: 469.89431 | T9: 480.64192 | U9: 496.56543 | V9: 511.43153 | W9: 520.17496 | X9: 530.96427 | Y9: 535.90352 | Z9: 542.98479 | AA9: 548.97498 | AB9: 555.26874 | AC9: 562.88189 | AD9: 569.88788 | AE9: 578.13465 | AF9: 585.78821 | AG9: 593.46452 | AH9: 600.71535 | AI9: 607.19835 | AJ9: 613.30713 | AK9: 618.6293 | AL9: 623.65516 | AM9: 628.36714 | AN9: 632.99197 | AO9: 637.69688 | AP9: 642.4183 | AQ9: 647.22444 | AR9: 651.94883 | AS9: 656.53743 | AT9: 660.89816 | AU9: 664.97739 | AV9: 668.79937 | AW9: 672.37468 | AX9: 675.77377 | AY9: 679.03963
C12: 0 | D12: 1 | E12: 2 | F12: 3 | G12: 4 | H12: 5 | I12: 6 | J12: 7 | K12: 8 | L12: 9 | M12: 10 | N12: 11 | O12: 12 | P12: 13 | Q12: 14 | R12: 15 | S12: 16 | T12: 17 | U12: 18 | V12: 19 | W12: 20 | X12: 21 | Y12: 22 | Z12: 23 | AA12: 24 | AB12: 25 | AC12: 26 | AD12: 27 | AE12: 28 | AF12: 29 | AG12: 30 | AH12: 31 | AI12: 32 | AJ12: 33 | AK12: 34 | AL12: 35 | AM12: 36 | AN12: 37 | AO12: 38 | AP12: 39 | AQ12: 40 | AR12: 41 | AS12: 42 | AT12: 43 | AU12: 44 | AV12: 45 | AW12: 46 | AX12: 47 | AY12: 48
A13: norte | B13: adm | C13: 271.23439 | D13: 213.02649 | E13: 197.75608 | F13: 182.92091 | G13: 163.69698 | H13: 222.13141 | I13: 204.28164 | J13: 229.16165 | K13: 228.90226 | L13: 232.39554 | M13: 238.51695 | N13: 223.24859 | O13: 221.6811 | P13: 211.3863 | Q13: 210.38418 | R13: 211.316 | S13: 212.42604 | T13: 218.41817 | U13: 221.13553 | V13: 225.43465 | W13: 226.85493 | X13: 226.94736 | Y13: 226.3766 | Z13: 224.36934 | AA13: 223.02409 | AB13: 221.40346 | AC13: 220.66792 | AD13: 220.57688 | AE13: 220.98174 | AF13: 221.96534 | AG13: 222.88772 | AH13: 223.79907 | AI13: 224.31567 | AJ13: 224.43794 | AK13: 224.2212 | AL13: 223.72265 | AM13: 223.19042 | AN13: 222.70506 | AO13: 222.41131 | AP13: 222.32514 | AQ13: 222.41402 | AR13: 222.6246 | AS13: 222.85443 | AT13: 223.04668 | AU13: 223.14474 | AV13: 223.13793 | AW13: 223.04115 | AX13: 222.88359 | AY13: 222.70969
A14: nordeste | B14: adm | C14: 344.29536 | D14: 368.35479 | E14: 339.08971 | F14: 361.9902 | G14: 341.82884 | H14: 403.57961 | I14: 381.97109 | J14: 398.95829 | K14: 413.57475 | L14: 421.30437 | M14: 430.45034 | N14: 409.56008 | O14: 401.85381 | P14: 390.14646 | Q14: 386.04427 | R14: 386.92899 | S14: 387.43266 | T14: 394.59367 | U14: 399.06068 | V14: 404.168 | W14: 406.37581 | X14: 406.08982 | Y14: 405.06002 | Z14: 402.15108 | AA14: 399.73007 | AB14: 397.2352 | AC14: 395.72605 | AD14: 395.32846 | AE14: 395.66665 | AF14: 396.84965 | AG14: 398.09589 | AH14: 399.29116 | AI14: 400.01349 | AJ14: 400.14483 | AK14: 399.79242 | AL14: 399.03898 | AM14: 398.20975 | AN14: 397.46363 | AO14: 396.97919 | AP14: 396.80713 | AQ14: 396.89634 | AR14: 397.17156 | AS14: 397.49342 | AT14: 397.76943 | AU14: 397.92264 | AV14: 397.92833 | AW14: 397.80578 | AX14: 397.59428 | AY14: 397.35475
A15: sudeste | B15: adm | C15: 1525.76 | D15: 1071.8634 | E15: 963.67914 | F15: 894.60828 | G15: 920.59406 | H15: 1319.2709 | I15: 1281.3025 | J15: 1490.5201 | K15: 1528.6222 | L15: 1579.9099 | M15: 1590.1795 | N15: 1468.2351 | O15: 1415.4713 | P15: 1318.6185 | Q15: 1292.0958 | R15: 1287.7018 | S15: 1304.5603 | T15: 1357.2829 | U15: 1395.3509 | V15: 1438.8833 | W15: 1457.231 | X15: 1460.6157 | Y15: 1452.0806 | Z15: 1431.5988 | AA15: 1413.518 | AB15: 1395.4733 | AC15: 1386.2085 | AD15: 1384.4496 | AE15: 1389.3849 | AF15: 1399.936 | AG15: 1411.1323 | AH15: 1421.7734 | AI15: 1428.5228 | AJ15: 1430.995 | AK15: 1429.4942 | AL15: 1425.0134 | AM15: 1419.7604 | AN15: 1415.0315 | AO15: 1412.2789 | AP15: 1411.8387 | AQ15: 1413.4766 | AR15: 1416.5345 | AS15: 1419.9812 | AT15: 1423.0564 | AU15: 1425.1264 | AV15: 1426.0076 | AW15: 1425.8225 | AX15: 1424.9089 | AY15: 1423.7418
A16: sul | B16: adm | C16: 1069.7307 | D16: 578.76185 | E16: 523.53417 | F16: 539.64025 | G16: 641.94185 | H16: 960.35352 | I16: 891.33523 | J16: 1031.2966 | K16: 1011.6008 | L16: 1022.0791 | M16: 1008.9584 | N16: 913.4683 | O16: 892.82383 | P16: 839.23627 | Q16: 845.54187 | R16: 860.48367 | S16: 885.99638 | T16: 931.43247 | U16: 957.76744 | V16: 985.56071 | W16: 991.32841 | X16: 987.7199 | Y16: 977.74364 | Z16: 962.45516 | AA16: 952.96521 | AB16: 945.71032 | AC16: 946.4346 | AD16: 952.04773 | AE16: 961.0053 | AF16: 971.92224 | AG16: 981.10535 | AH16: 988.49153 | AI16: 992.30295 | AJ16: 993.21356 | AK16: 991.97239 | AL16: 989.55859 | AM16: 987.54952 | AN16: 986.54277 | AO16: 987.23846 | AP16: 989.46483 | AQ16: 992.78207 | AR16: 996.576 | AS16: 1000.1021 | AT16: 1002.9496 | AU16: 1004.8425 | AV16: 1005.8563 | AW16: 1006.2361 | AX16: 1006.3137 | AY16: 1006.4414
A17: centro | B17: adm | C17: 642.77342 | D17: 312.40477 | E17: 210.77877 | F17: 271.84705 | G17: 238.05972 | H17: 446.76464 | I17: 389.5439 | J17: 486.47289 | K17: 514.46964 | L17: 521.75052 | M17: 541.63692 | N17: 488.04391 | O17: 488.37384 | P17: 462.04323 | Q17: 461.26512 | R17: 470.98272 | S17: 480.71447 | T17: 509.95311 | U17: 527.88026 | V17: 549.76672 | W17: 561.80365 | X17: 567.37835 | Y17: 570.14551 | Z17: 566.84503 | AA17: 565.60921 | AB17: 563.97583 | AC17: 565.80896 | AD17: 570.60171 | AE17: 577.23602 | AF17: 585.90123 | AG17: 594.0997 | AH17: 601.82755 | AI17: 607.824 | AJ17: 612.05596 | AK17: 614.89235 | AL17: 616.58461 | AM17: 618.07553 | AN17: 619.70249 | AO17: 621.97317 | AP17: 624.97205 | AQ17: 628.55459 | AR17: 632.51253 | AS17: 636.44587 | AT17: 640.11495 | AU17: 643.30186 | AV17: 645.95842 | AW17: 648.15526 | AX17: 650.02107 | AY17: 651.7445
C19: 0 | D19: 1 | E19: 2 | F19: 3 | G19: 4 | H19: 5 | I19: 6 | J19: 7 | K19: 8 | L19: 9 | M19: 10 | N19: 11 | O19: 12 | P19: 13 | Q19: 14 | R19: 15 | S19: 16 | T19: 17 | U19: 18 | V19: 19 | W19: 20 | X19: 21 | Y19: 22 | Z19: 23 | AA19: 24 | AB19: 25 | AC19: 26 | AD19: 27 | AE19: 28 | AF19: 29 | AG19: 30 | AH19: 31 | AI19: 32 | AJ19: 33 | AK19: 34 | AL19: 35 | AM19: 36 | AN19: 37 | AO19: 38 | AP19: 39 | AQ19: 40 | AR19: 41 | AS19: 42 | AT19: 43 | AU19: 44 | AV19: 45 | AW19: 46 | AX19: 47 | AY19: 48
A20: DOMINANT UNIT MODEL | B20: lpim_BR | C20: 0.04980393 | D20: 0.043801491 | E20: 0.055602693 | F20: 0.032137477 | G20: 0.035616478 | H20: 0.039308167 | I20: 0.033749086 | J20: 0.037112628 | K20: 0.03214876 | L20: 0.035888025 | M20: 0.035103621 | N20: 0.033942349 | O20: 0.033829779 | P20: 0.031546214 | Q20: 0.031752868 | R20: 0.030307807 | S20: 0.029762645 | T20: 0.029175243 | U20: 0.028396835 | V20: 0.028256296 | W20: 0.027638507 | X20: 0.027430408 | Y20: 0.027034245 | Z20: 0.026647409 | AA20: 0.026285589 | AB20: 0.025744066 | AC20: 0.025291614 | AD20: 0.024757974 | AE20: 0.02430599 | AF20: 0.023902175 | AG20: 0.023537363 | AH20: 0.023247047 | AI20: 0.022957003 | AJ20: 0.022695661 | AK20: 0.022420153 | AL20: 0.022136652 | AM20: 0.021849504 | AN20: 0.021553497 | AO20: 0.021268085 | AP20: 0.020988516 | AQ20: 0.020725801 | AR20: 0.020479581 | AS20: 0.020249269 | AT20: 0.020035664 | AU20: 0.019832918 | AV20: 0.019639972 | AW20: 0.01945198 | AX20: 0.019267084 | AY20: 0.019084388
B22: Var% PIM | C22: =SUMIF(C19:AY19,A24,C20:AY20)/K30 -> 0.0050270354
A24: 36 | C24: adm | D24: desl | E24: Liquido
B25: norte | C25: =SUMIF($C$12:$AY$12,$A$24,C13:AY13) -> 223.19042 | D25: =SUMIF($C$4:$AY$4,$A$24,C5:AY5) -> 231.67436 | E25: =C25-D25 -> -8.483941
B26: nordeste | C26: =SUMIF($C$12:$AY$12,$A$24,C14:AY14) -> 398.20975 | D26: =SUMIF($C$4:$AY$4,$A$24,C6:AY6) -> 370.0709 | E26: =C26-D26 -> 28.138858
B27: sudeste | C27: =SUMIF($C$12:$AY$12,$A$24,C15:AY15) -> 1419.7604 | D27: =SUMIF($C$4:$AY$4,$A$24,C7:AY7) -> 1508.1064 | E27: =C27-D27 -> -88.345953
B28: sul | C28: =SUMIF($C$12:$AY$12,$A$24,C16:AY16) -> 987.54952 | D28: =SUMIF($C$4:$AY$4,$A$24,C8:AY8) -> 967.47487 | E28: =C28-D28 -> 20.074651
B29: centro | C29: =SUMIF($C$12:$AY$12,$A$24,C17:AY17) -> 618.07553 | D29: =SUMIF($C$4:$AY$4,$A$24,C9:AY9) -> 628.36714 | E29: =C29-D29 -> -10.291613
J30: PIM | K30: 4.3463995
E31: =SUM(E25:E29) -> -58.907999
B33: norte | C33: =C25/K34 -> 0.0063311042 | D33: =D25/K35 -> 0.0041339417 | K33: norte | L33: nordeste | M33: sudeste | N33: sul | O33: centro
B34: nordeste | C34: =C26/L34 -> 0.0032462928 | D34: =D26/L35 -> 0.0020666616 | J34: ADM | K34: ='Adm e Desl Grandes Regioes'!B158 -> 35253 | L34: ='Adm e Desl Grandes Regioes'!C158 -> 122666 | M34: ='Adm e Desl Grandes Regioes'!D158 -> 454540 | N34: ='Adm e Desl Grandes Regioes'!E158 -> 177890 | O34: ='Adm e Desl Grandes Regioes'!F158 -> 79090
B35: sudeste | C35: =C27/M34 -> 0.0031235104 | D35: =D27/M35 -> 0.0021153372 | J35: DESL | K35: ='Adm e Desl Grandes Regioes'!K158 -> 56042 | L35: ='Adm e Desl Grandes Regioes'!L158 -> 179067 | M35: ='Adm e Desl Grandes Regioes'!M158 -> 712939 | N35: ='Adm e Desl Grandes Regioes'!N158 -> 263419 | O35: ='Adm e Desl Grandes Regioes'!O158 -> 120338
B36: sul | C36: =C28/N34 -> 0.0055514617 | D36: =D28/N35 -> 0.0036727604
B37: centro | C37: =C29/O34 -> 0.0078148379 | D37: =D29/O35 -> 0.0052216851
B39: norte | C39: =C33/$C$22 -> 1.2594111 | D39: =D33/$C$22 -> 0.82234185
B40: nordeste | C40: =C34/$C$22 -> 0.64576684 | D40: =D34/$C$22 -> 0.41110942
B41: sudeste | C41: =C35/$C$22 -> 0.62134243 | D41: =D35/$C$22 -> 0.42079218
B42: sul | C42: =C36/$C$22 -> 1.1043212 | D42: =D36/$C$22 -> 0.73060165
B43: centro | C43: =C37/$C$22 -> 1.5545619 | D43: =D37/$C$22 -> 1.0387206

Sheet Adm e Desl Grandes Regioes
B1: ADM | C1: ADM | D1: ADM | E1: ADM | F1: ADM | K1: DESL | L1: DESL | M1: DESL | N1: DESL | O1: DESL
A2: date | B2: norte | C2: nordeste | D2: sudeste | E2: sul | F2: centro | H2: Total | K2: norte | L2: nordeste | M2: sudeste | N2: sul | O2: centro | Q2: Total
A3: 2004M01 | B3: 33812 | C3: 103186 | D3: 447161 | E3: 191862 | F3: 74177 | H3: =SUM(B3:F3) -> 850198 | K3: 30472 | L3: 105354 | M3: 397221 | N3: 156687 | O3: 60358 | Q3: =SUM(K3:O3) -> 750092
A4: 2004M02 | B4: 32185 | C4: 90842 | D4: 464979 | E4: 210645 | F4: 73395 | H4: =SUM(B4:F4) -> 872046 | K4: 26504 | L4: 95260 | M4: 386082 | N4: 167219 | O4: 57907 | Q4: =SUM(K4:O4) -> 732972
A5: 2004M03 | B5: 38482 | C5: 104931 | D5: 523187 | E5: 241882 | F5: 89610 | H5: =SUM(B5:F5) -> 998092 | K5: 33565 | L5: 128302 | M5: 454287 | N5: 203000 | O5: 70726 | Q5: =SUM(K5:O5) -> 889880
A6: 2004M04 | B6: 36228 | C6: 107289 | D6: 526604 | E6: 209699 | F6: 81655 | H6: =SUM(B6:F6) -> 961475 | K6: 27629 | L6: 115815 | M6: 396941 | N6: 171083 | O6: 62460 | Q6: =SUM(K6:O6) -> 773928
A7: 2004M05 | B7: 38443 | C7: 116372 | D7: 587932 | E7: 202534 | F7: 85946 | H7: =SUM(B7:F7) -> 1031227 | K7: 27494 | L7: 85378 | M7: 392577 | N7: 168988 | O7: 64968 | Q7: =SUM(K7:O7) -> 739405
A8: 2004M06 | B8: 41002 | C8: 110607 | D8: 555179 | E8: 193168 | F8: 86538 | H8: =SUM(B8:F8) -> 986494 | K8: 31160 | L8: 88778 | M8: 420431 | N8: 170211 | O8: 68019 | Q8: =SUM(K8:O8) -> 778599
A9: 2004M07 | B9: 43350 | C9: 122946 | D9: 539229 | E9: 194902 | F9: 82201 | H9: =SUM(B9:F9) -> 982628 | K9: 30089 | L9: 92847 | M9: 420600 | N9: 169767 | O9: 67292 | Q9: =SUM(K9:O9) -> 780595
A10: 2004M08 | B10: 44829 | C10: 150787 | D10: 550157 | E10: 216442 | F10: 86382 | H10: =SUM(B10:F10) -> 1048597 | K10: 32554 | L10: 95502 | M10: 444504 | N10: 176134 | O10: 70146 | Q10: =SUM(K10:O10) -> 818840
A11: 2004M09 | B11: 42253 | C11: 161645 | D11: 510382 | E11: 198114 | F11: 75337 | H11: =SUM(B11:F11) -> 987731 | K11: 31646 | L11: 86027 | M11: 441696 | N11: 161269 | O11: 67351 | Q11: =SUM(K11:O11) -> 787989
A12: 2004M10 | B12: 39323 | C12: 118838 | D12: 478960 | E12: 207903 | F12: 76039 | H12: =SUM(B12:F12) -> 921063 | K12: 31132 | L12: 97001 | M12: 429461 | N12: 164396 | O12: 68914 | Q12: =SUM(K12:O12) -> 790904
A13: 2004M11 | B13: 39131 | C13: 121337 | D13: 488499 | E13: 207639 | F13: 74520 | H13: =SUM(B13:F13) -> 931126 | K13: 34718 | L13: 103827 | M13: 458180 | N13: 175623 | O13: 79756 | Q13: =SUM(K13:O13) -> 852104
A14: 2004M12 | B14: 29610 | C14: 91325 | D14: 392603 | E14: 155685 | F14: 56596 | H14: =SUM(B14:F14) -> 725819 | K14: 44272 | L14: 118417 | M14: 606149 | N14: 215877 | O14: 93197 | Q14: =SUM(K14:O14) -> 1077912
... A158: 2016M12 | B158: 35253 | C158: 122666 | D158: 454540 | E158: 177890 | F158: 79090 | H158: =SUM(B158:F158) -> 869439 | K158: 56042 | L158: 179067 | M158: 712939 | N158: 263419 | O158: 120338 | Q158: =SUM(K158:O158) -> 1331805

Sheet Planilha6
C1: Ac1201 | D1: norte
C2: Ac1202 | D2: norte
C3: Am1301 | D3: norte
C4: Am1302 | D4: norte
C5: Am1303 | D5: norte
C6: Am1304 | D6: norte
C7: Ap1601 | D7: norte
C8: Ap1602 | D8: norte
C9: Pa1501 | D9: norte
C10: Pa1502 | D10: norte
C11: Pa1503 | D11: norte
C12: Pa1504 | D12: norte
... C137: Mt5105 | D137: centro
