Workbook

Sheet Graphs
D2: ='Point Estimates'!A5 -> Ro - Madeira-Guapore | E2: ='Point Estimates'!$B$5 -> desl | L2: ='Point Estimates'!A6 -> Ro - Leste Rondoniense | M2: ='Point Estimates'!$B$5 -> desl | T2: ='Point Estimates'!A7 -> Ac - Vale do Jurua | U2: ='Point Estimates'!$B$5 -> desl | AB2: ='Point Estimates'!A8 -> Ac - Vale do Acre | AC2: ='Point Estimates'!$B$5 -> desl | AJ2: ='Point Estimates'!A9 -> Am - Norte Amazonense | AK2: ='Point Estimates'!$B$5 -> desl
D21: ='Point Estimates'!A10 -> Am - Sudoeste Amazonense | E21: ='Point Estimates'!$B$5 -> desl | L21: ='Point Estimates'!A11 -> Am - Centro Amazonense | M21: ='Point Estimates'!$B$5 -> desl | T21: ='Point Estimates'!A12 -> Am - Sul Amazonense | U21: ='Point Estimates'!$B$5 -> desl | AB21: ='Point Estimates'!A13 -> Rr - Norte de Roraima | AC21: ='Point Estimates'!$B$5 -> desl | AJ21: ='Point Estimates'!A14 -> Rr - Sul de Roraima | AK21: ='Point Estimates'!$B$5 -> desl
D40: ='Point Estimates'!A15 -> Pa - Baixo Amazonas | E40: ='Point Estimates'!$B$5 -> desl | L40: ='Point Estimates'!A16 -> Pa - Marajo | M40: ='Point Estimates'!$B$5 -> desl | T40: ='Point Estimates'!A17 -> Pa - Metropol de Belem | U40: ='Point Estimates'!$B$5 -> desl | AB40: ='Point Estimates'!A18 -> Pa - Nordeste Paraense | AC40: ='Point Estimates'!$B$5 -> desl | AJ40: ='Point Estimates'!A19 -> Pa - Sudoeste Paraense | AK40: ='Point Estimates'!$B$5 -> desl
D59: ='Point Estimates'!A20 -> Pa - Sudeste Paraense | E59: ='Point Estimates'!$B$5 -> desl | L59: ='Point Estimates'!A21 -> Ap - Norte do Amapa | M59: ='Point Estimates'!$B$5 -> desl | T59: ='Point Estimates'!A22 -> Ap - Sul do Amapa | U59: ='Point Estimates'!$B$5 -> desl | AB59: ='Point Estimates'!A23 -> To - Ocidental do TO | AC59: ='Point Estimates'!$B$5 -> desl | AJ59: ='Point Estimates'!A24 -> To - Oriental do TO | AK59: ='Point Estimates'!$B$5 -> desl
D78: ='Point Estimates'!A25 -> Ma - Norte Maranhense | E78: ='Point Estimates'!$B$5 -> desl | L78: ='Point Estimates'!A26 -> Ma - Oeste Maranhense | M78: ='Point Estimates'!$B$5 -> desl | T78: ='Point Estimates'!A27 -> Ma - Centro Maranhense | U78: ='Point Estimates'!$B$5 -> desl | AB78: ='Point Estimates'!A28 -> Ma - Leste Maranhense | AC78: ='Point Estimates'!$B$5 -> desl | AJ78: ='Point Estimates'!A29 -> Ma - Sul Maranhense | AK78: ='Point Estimates'!$B$5 -> desl
D97: ='Point Estimates'!A30 -> Pi - Norte Piauiense | E97: ='Point Estimates'!$B$5 -> desl | L97: ='Point Estimates'!A31 -> Pi - Centro-Norte Piaui | M97: ='Point Estimates'!$B$5 -> desl | T97: ='Point Estimates'!A32 -> Pi - Sudoeste Piauiense | U97: ='Point Estimates'!$B$5 -> desl | AB97: ='Point Estimates'!A33 -> Pi - Sudeste Piauiense | AC97: ='Point Estimates'!$B$5 -> desl | AJ97: ='Point Estimates'!A34 -> Ce - Noroeste Cearense | AK97: ='Point Estimates'!$B$5 -> desl
D116: ='Point Estimates'!A35 -> Ce - Norte Cearense | E116: ='Point Estimates'!$B$5 -> desl | L116: ='Point Estimates'!A36 -> Ce - Metropol Fortaleza | M116: ='Point Estimates'!$B$5 -> desl | T116: ='Point Estimates'!A37 -> Ce - Sertoes Cearenses | U116: ='Point Estimates'!$B$5 -> desl | AB116: ='Point Estimates'!A38 -> Ce - Jaguaribe | AC116: ='Point Estimates'!$B$5 -> desl | AJ116: ='Point Estimates'!A39 -> Ce - Centro-Sul Cearense | AK116: ='Point Estimates'!$B$5 -> desl
D135: ='Point Estimates'!A40 -> Ce - Sul Cearense | E135: ='Point Estimates'!$B$5 -> desl | L135: ='Point Estimates'!A41 -> Rn - Oeste Potiguar | M135: ='Point Estimates'!$B$5 -> desl | T135: ='Point Estimates'!A42 -> Rn - Central Potiguar | U135: ='Point Estimates'!$B$5 -> desl | AB135: ='Point Estimates'!A43 -> Rn - Agreste Potiguar | AC135: ='Point Estimates'!$B$5 -> desl | AJ135: ='Point Estimates'!A44 -> Rn - Leste Potiguar | AK135: ='Point Estimates'!$B$5 -> desl

Sheet Point Estimates
A1: Generalized Impulse Response Functions
A2: One s.e. Positive Shock to DOMINANT UNIT MODEL ProducaoIndustrial_BR
A3: Point Estimates
C4: 0 | D4: 1 | E4: 2 | F4: 3 | G4: 4 | H4: 5 | I4: 6 | J4: 7 | K4: 8 | L4: 9 | M4: 10 | N4: 11 | O4: 12 | P4: 13 | Q4: 14 | R4: 15 | S4: 16 | T4: 17 | U4: 18 | V4: 19 | W4: 20 | X4: 21 | Y4: 22 | Z4: 23 | AA4: 24 | AB4: 25 | AC4: 26 | AD4: 27 | AE4: 28 | AF4: 29 | AG4: 30 | AH4: 31 | AI4: 32 | AJ4: 33 | AK4: 34 | AL4: 35 | AM4: 36 | AN4: 37 | AO4: 38 | AP4: 39 | AQ4: 40 | AR4: 41 | AS4: 42 | AT4: 43 | AU4: 44 | AV4: 45 | AW4: 46 | AX4: 47 | AY4: 48
A5: Ro - Madeira-Guapore | B5: desl | C5: 64.986854 | D5: 124.70978 | E5: 237.1975 | F5: 199.16753 | G5: 271.68686 | H5: 273.72945 | I5: 327.0203 | J5: 361.9092 | K5: 386.0903 | L5: 432.3888 | M5: 451.45494 | N5: 482.40562 | O5: 495.32276 | P5: 506.38673 | Q5: 517.32035 | R5: 522.78195 | S5: 534.56803 | T5: 543.62698 | U5: 556.60788 | V5: 569.65718 | W5: 581.93599 | X5: 594.2832 | Y5: 603.7842 | Z5: 612.52009 | AA5: 619.12424 | AB5: 624.65285 | AC5: 629.52891 | AD5: 633.8022 | AE5: 638.37353 | AF5: 642.93407 | AG5: 647.8606 | AH5: 652.88801 | AI5: 657.82696 | AJ5: 662.5547 | AK5: 666.77158 | AL5: 670.50489 | AM5: 673.68747 | AN5: 676.44818 | AO5: 678.92556 | AP5: 681.2406 | AQ5: 683.53314 | AR5: 685.83686 | AS5: 688.1765 | AT5: 690.51019 | AU5: 692.78282 | AV5: 694.94341 | AW5: 696.94417 | AX5: 698.77304 | AY5: 700.43194
A6: Ro - Leste Rondoniense | B6: desl | C6: 96.183765 | D6: 101.2962 | E6: 284.46558 | F6: 81.043936 | G6: 187.70559 | H6: 189.03869 | I6: 209.93069 | J6: 245.04078 | K6: 207.46986 | L6: 256.33117 | M6: 243.74494 | N6: 257.88178 | O6: 261.34459 | P6: 258.22211 | Q6: 275.50255 | R6: 277.06254 | S6: 292.99685 | T6: 301.51352 | U6: 311.1847 | V6: 321.49935 | W6: 326.07048 | X6: 333.2122 | Y6: 336.49366 | Z6: 341.33572 | AA6: 346.0253 | AB6: 350.59496 | AC6: 356.41288 | AD6: 361.52174 | AE6: 367.36689 | AF6: 372.68146 | AG6: 377.7865 | AH6: 382.62205 | AI6: 386.8339 | AJ6: 390.86439 | AK6: 394.41416 | AL6: 397.83357 | AM6: 401.13074 | AN6: 404.38698 | AO6: 407.72168 | AP6: 411.03343 | AQ6: 414.3621 | AR6: 417.58885 | AS6: 420.67749 | AT6: 423.59186 | AU6: 426.3051 | AV6: 428.85577 | AW6: 431.25768 | AX6: 433.56113 | AY6: 435.79327
A7: Ac - Vale do Jurua | B7: desl | C7: 0.25656643 | D7: 0.80955973 | E7: 9.3787795 | F7: 8.1109714 | G7: 14.113677 | H7: 13.150624 | I7: 12.554617 | J7: 13.101444 | K7: 12.213687 | L7: 13.881779 | M7: 13.822549 | N7: 15.197695 | O7: 16.350875 | P7: 17.193634 | Q7: 18.218469 | R7: 18.426642 | S7: 18.872889 | T7: 18.966276 | U7: 19.132587 | V7: 19.395793 | W7: 19.639595 | X7: 20.097943 | Y7: 20.525066 | Z7: 21.038952 | AA7: 21.525847 | AB7: 21.965479 | AC7: 22.375319 | AD7: 22.695913 | AE7: 22.983189 | AF7: 23.217165 | AG7: 23.435461 | AH7: 23.655869 | AI7: 23.883997 | AJ7: 24.137667 | AK7: 24.402675 | AL7: 24.678077 | AM7: 24.948357 | AN7: 25.203314 | AO7: 25.43818 | AP7: 25.6484 | AQ7: 25.83923 | AR7: 26.014289 | AS7: 26.180728 | AT7: 26.34389 | AU7: 26.506782 | AV7: 26.671204 | AW7: 26.83572 | AX7: 26.998595 | AY7: 27.157002
A8: Ac - Vale do Acre | B8: desl | C8: -11.346331 | D8: -3.0705982 | E8: 98.591971 | F8: 39.797856 | G8: 99.696985 | H8: 78.860645 | I8: 89.036367 | J8: 103.72052 | K8: 89.092347 | L8: 108.99603 | M8: 100.40185 | N8: 109.8259 | O8: 111.58568 | P8: 111.31641 | Q8: 117.73245 | R8: 116.79188 | S8: 122.7741 | T8: 124.70368 | U8: 128.02233 | V8: 131.3925 | W8: 132.83507 | X8: 135.70022 | Y8: 136.85906 | Z8: 138.91389 | AA8: 140.68791 | AB8: 142.45059 | AC8: 144.60805 | AD8: 146.34533 | AE8: 148.36263 | AF8: 150.07884 | AG8: 151.77391 | AH8: 153.39717 | AI8: 154.85148 | AJ8: 156.31785 | AK8: 157.63362 | AL8: 158.93603 | AM8: 160.17519 | AN8: 161.3779 | AO8: 162.57922 | AP8: 163.74191 | AQ8: 164.89938 | AR8: 166.01228 | AS8: 167.08393 | AT8: 168.10446 | AU8: 169.06685 | AV8: 169.9847 | AW8: 170.85705 | AX8: 171.69893 | AY8: 172.5138
A9: Am - Norte Amazonense | B9: desl | C9: -8.9619261 | D9: -1.8301271 | E9: -2.0411267 | F9: -2.5258215 | G9: -1.6231103 | H9: -3.2979017 | I9: -1.6859182 | J9: -2.5991681 | K9: -2.3922774 | L9: -2.336889 | M9: -2.5967988 | N9: -2.0884414 | O9: -2.3143294 | P9: -2.0302543 | Q9: -2.0246447 | R9: -1.9719785 | S9: -1.8355068 | T9: -1.8881112 | U9: -1.7928255 | V9: -1.8239005 | W9: -1.7922664 | X9: -1.7665129 | Y9: -1.7558638 | Z9: -1.6970963 | AA9: -1.668074 | AB9: -1.6092074 | AC9: -1.5671171 | AD9: -1.5290563 | AE9: -1.4929899 | AF9: -1.4723586 | AG9: -1.4477837 | AH9: -1.4314754 | AI9: -1.4118627 | AJ9: -1.3911695 | AK9: -1.3697532 | AL9: -1.3446786 | AM9: -1.3207301 | AN9: -1.2955325 | AO9: -1.2721046 | AP9: -1.2502993 | AQ9: -1.2302419 | AR9: -1.2126482 | AS9: -1.196262 | AT9: -1.1813131 | AU9: -1.166754 | AV9: -1.1523012 | AW9: -1.1377416 | AX9: -1.1228736 | AY9: -1.108076
A10: Am - Sudoeste Amazonense | B10: desl | C10: 0.46404691 | D10: -0.36164723 | E10: 1.1548238 | F10: 0.1230052 | G10: 0.61093613 | H10: 0.47676544 | I10: 0.44665559 | J10: 0.63229728 | K10: 0.35450563 | L10: 0.62661758 | M10: 0.57681436 | N10: 0.70018702 | O10: 0.77914928 | P10: 0.77640806 | Q10: 0.87194192 | R10: 0.84313071 | S10: 0.88208337 | T10: 0.87554388 | U10: 0.87756227 | V10: 0.90172874 | W10: 0.90688648 | X10: 0.94281815 | Y10: 0.96471317 | Z10: 0.99732432 | AA10: 1.0273819 | AB10: 1.0502123 | AC10: 1.0743637 | AD10: 1.0883387 | AE10: 1.1029612 | AF10: 1.1135857 | AG10: 1.1241326 | AH10: 1.1364496 | AI10: 1.1489631 | AJ10: 1.1643198 | AK10: 1.1797461 | AL10: 1.1958196 | AM10: 1.2112034 | AN10: 1.2251492 | AO10: 1.2378899 | AP10: 1.2488639 | AQ10: 1.2588771 | AR10: 1.2680404 | AS10: 1.276896 | AT10: 1.2858049 | AU10: 1.2948192 | AV10: 1.3040883 | AW10: 1.3133786 | AX10: 1.3225713 | AY10: 1.331441
A11: Am - Centro Amazonense | B11: desl | C11: -86.018607 | D11: 235.029 | E11: 879.06334 | F11: 508.50219 | G11: 791.58246 | H11: 741.65204 | I11: 868.6267 | J11: 930.39421 | K11: 837.329 | L11: 932.92398 | M11: 877.20517 | N11: 909.68061 | O11: 888.59592 | P11: 868.24151 | Q11: 890.12356 | R11: 883.95725 | S11: 920.14331 | T11: 935.78108 | U11: 959.47451 | V11: 978.71957 | W11: 983.96048 | X11: 992.2113 | Y11: 989.12956 | Z11: 990.93209 | AA11: 992.23244 | AB11: 995.78288 | AC11: 1003.2725 | AD11: 1010.309 | AE11: 1019.9284 | AF11: 1028.3085 | AG11: 1036.4948 | AH11: 1043.6653 | AI11: 1049.2261 | AJ11: 1054.082 | AK11: 1057.5805 | AL11: 1060.79 | AM11: 1063.7776 | AN11: 1067.0245 | AO11: 1070.8565 | AP11: 1075.0912 | AQ11: 1079.7603 | AR11: 1084.4311 | AS11: 1088.9048 | AT11: 1092.9559 | AU11: 1096.4796 | AV11: 1099.5629 | AW11: 1102.2845 | AX11: 1104.8351 | AY11: 1107.3332
A12: Am - Sul Amazonense | B12: desl | C12: -2.4016212 | D12: 0.25859474 | E12: 2.2206011 | F12: 0.86795472 | G12: 1.5768328 | H12: 1.6915299 | I12: 2.542796 | J12: 2.924641 | K12: 2.8941031 | L12: 3.387173 | M12: 3.4664086 | N12: 3.7845481 | O12: 3.8873482 | P12: 4.0224807 | Q12: 4.2671143 | R12: 4.445428 | S12: 4.7366532 | T12: 4.9545528 | U12: 5.1940289 | V12: 5.4044948 | W12: 5.5693747 | X12: 5.7298236 | Y12: 5.8495324 | Z12: 5.9782941 | AA12: 6.099779 | AB12: 6.2263466 | AC12: 6.3607808 | AD12: 6.4924345 | AE12: 6.6289624 | AF12: 6.7583351 | AG12: 6.8832602 | AH12: 7.0000151 | AI12: 7.1073839 | AJ12: 7.2078526 | AK12: 7.3002719 | AL12: 7.3884555 | AM12: 7.4731065 | AN12: 7.5562522 | AO12: 7.6389187 | AP12: 7.7206927 | AQ12: 7.8015173 | AR12: 7.8799715 | AS12: 7.9553725 | AT12: 8.0269593 | AU12: 8.0944851 | AV12: 8.1582904 | AW12: 8.218787 | AX12: 8.2767341 | AY12: 8.3326683
A13: Rr - Norte de Roraima | B13: desl | C13: 53.406422 | D13: -4.9370583 | E13: 57.603204 | F13: 3.5554556 | G13: 40.263735 | H13: 37.894901 | I13: 33.508881 | J13: 49.147727 | K13: 34.505466 | L13: 47.999382 | M13: 39.887151 | N13: 40.333737 | O13: 40.326051 | P13: 36.280558 | Q13: 40.081722 | R13: 38.107528 | S13: 41.1259 | T13: 42.199234 | U13: 43.228817 | V13: 44.968668 | W13: 44.611349 | X13: 45.337614 | Y13: 44.81973 | Z13: 44.730257 | AA13: 44.703531 | AB13: 44.578313 | AC13: 45.007742 | AD13: 45.259073 | AE13: 45.841255 | AF13: 46.343919 | AG13: 46.812459 | AH13: 47.257152 | AI13: 47.510215 | AJ13: 47.736736 | AK13: 47.833506 | AL13: 47.916524 | AM13: 48.001961 | AN13: 48.107196 | AO13: 48.280527 | AP13: 48.482643 | AQ13: 48.727084 | AR13: 48.974043 | AS13: 49.207219 | AT13: 49.414625 | AU13: 49.582493 | AV13: 49.721962 | AW13: 49.835212 | AX13: 49.937626 | AY13: 50.038706
A14: Rr - Sul de Roraima | B14: desl | C14: 1.2305904 | D14: -0.67264427 | E14: 1.5143873 | F14: -2.2900316 | G14: 0.22211032 | H14: 0.11988393 | I14: 0.6315555 | J14: 1.5264346 | K14: 1.2326447 | L14: 2.4049703 | M14: 2.2388984 | N14: 2.6125063 | O14: 2.700902 | P14: 2.6582917 | Q14: 2.9188624 | R14: 2.8591267 | S14: 3.0957548 | T14: 3.2169672 | U14: 3.421265 | V14: 3.6669712 | W14: 3.8334725 | X14: 4.0512559 | Y14: 4.1774451 | Z14: 4.3090091 | AA14: 4.406637 | AB14: 4.4851428 | AC14: 4.5783197 | AD14: 4.6605372 | AE14: 4.7659748 | AF14: 4.8717781 | AG14: 4.9846478 | AH14: 5.0990356 | AI14: 5.2051225 | AJ14: 5.3072787 | AK14: 5.3968844 | AL14: 5.4791344 | AM14: 5.5533252 | AN14: 5.6219999 | AO14: 5.6888954 | AP14: 5.7542994 | AQ14: 5.8210199 | AR14: 5.8881387 | AS14: 5.955529 | AT14: 6.021994 | AU14: 6.0859732 | AV14: 6.1468593 | AW14: 6.2037721 | AX14: 6.2570088 | AY14: 6.3069479
A15: Pa - Baixo Amazonas | B15: desl | C15: 14.48614 | D15: -12.934211 | E15: 63.733075 | F15: 24.437944 | G15: 55.111185 | H15: 56.610134 | I15: 54.213067 | J15: 68.169858 | K15: 51.136399 | L15: 58.701865 | M15: 50.273487 | N15: 48.854971 | O15: 49.092799 | P15: 45.959628 | Q15: 51.328102 | R15: 52.696378 | S15: 58.545377 | T15: 62.76988 | U15: 65.943986 | V15: 69.020967 | W15: 69.323825 | X15: 69.973837 | Y15: 69.407038 | Z15: 69.32591 | AA15: 69.791606 | AB15: 70.59471 | AC15: 72.25935 | AD15: 73.944736 | AE15: 75.889594 | AF15: 77.623135 | AG15: 79.075816 | AH15: 80.274542 | AI15: 81.102415 | AJ15: 81.778429 | AK15: 82.293511 | AL15: 82.808516 | AM15: 83.391115 | AN15: 84.069992 | AO15: 84.882859 | AP15: 85.765397 | AQ15: 86.6877 | AR15: 87.576194 | AS15: 88.385294 | AT15: 89.093478 | AU15: 89.693614 | AV15: 90.214791 | AW15: 90.68441 | AX15: 91.139053 | AY15: 91.603382
A16: Pa - Marajo | B16: desl | C16: -2.151507 | D16: -6.3241308 | E16: -0.76964004 | F16: -7.6555215 | G16: -5.8216314 | H16: -6.3992544 | I16: -7.6371484 | J16: -7.3086792 | K16: -9.2898581 | L16: -8.1407068 | M16: -8.4456582 | N16: -7.9303904 | O16: -7.3387122 | P16: -7.2029531 | Q16: -6.5427153 | R16: -6.6562757 | S16: -6.5839463 | T16: -6.8083704 | U16: -7.0738825 | V16: -7.1934658 | W16: -7.3760969 | X16: -7.3274423 | Y16: -7.2752838 | Z16: -7.1274554 | AA16: -6.9627689 | AB16: -6.8444399 | AC16: -6.7355385 | AD16: -6.7055574 | AE16: -6.6990006 | AF16: -6.729876 | AG16: -6.7722603 | AH16: -6.8030167 | AI16: -6.8236304 | AJ16: -6.814258 | AK16: -6.7873542 | AL16: -6.7429423 | AM16: -6.6920353 | AN16: -6.6455042 | AO16: -6.6073735 | AP16: -6.5843792 | AQ16: -6.5734521 | AR16: -6.5724061 | AS16: -6.5756352 | AT16: -6.5776427 | AU16: -6.5753888 | AV16: -6.5664367 | AW16: -6.551753 | AX16: -6.5329293 | AY16: -6.5126838
... A141: Go - Distrito Federal | B141: desl | C141: 428.52515 | D141: 357.72536 | E141: 1145.7372 | F141: 353.13449 | G141: 817.66754 | H141: 876.88381 | I141: 992.85372 | J141: 1186.162 | K141: 1052.3461 | L141: 1263.3478 | M141: 1217.3308 | N141: 1269.3448 | O141: 1280.5003 | P141: 1258.6156 | Q141: 1326.8203 | R141: 1335.6933 | S141: 1409.1621 | T141: 1458.3146 | U141: 1512.6053 | V141: 1569.9092 | W141: 1600.0049 | X141: 1636.9156 | Y141: 1654.5337 | Z141: 1675.8316 | AA141: 1696.0533 | AB141: 1716.0692 | AC141: 1742.7486 | AD141: 1768.0903 | AE141: 1797.7686 | AF141: 1826.1568 | AG141: 1853.782 | AH141: 1879.9855 | AI141: 1902.8357 | AJ141: 1924.0248 | AK141: 1942.3641 | AL141: 1959.466 | AM141: 1975.697 | AN141: 1991.67 | AO141: 2008.1486 | AP141: 2024.845 | AQ141: 2041.929 | AR141: 2058.8132 | AS141: 2075.1698 | AT141: 2090.6791 | AU141: 2105.0898 | AV141: 2118.4982 | AW141: 2130.9719 | AX141: 2142.7843 | AY141: 2154.1451
C143: =SUM(C5:C141) -> 8596.3391 | D143: =SUM(D5:D141) -> 22243.92 | E143: =SUM(E5:E141) -> 67857.035 | F143: =SUM(F5:F141) -> 25328.222 | G143: =SUM(G5:G141) -> 54140.229 | H143: =SUM(H5:H141) -> 55869.119 | I143: =SUM(I5:I141) -> 66616.67 | J143: =SUM(J5:J141) -> 74758.629 | ... AY143: =SUM(AY5:AY141) -> 115632.99

Sheet Planilha1
F1: 0 | G1: 1 | H1: 2 | I1: 3 | J1: 4 | K1: 5 | L1: 6 | M1: 7 | N1: 8 | O1: 9 | P1: 10 | Q1: 11 | R1: 12 | S1: 13 | T1: 14 | U1: 15 | V1: 16 | W1: 17 | X1: 18 | Y1: 19 | Z1: 20 | AA1: 21 | AB1: 22 | AC1: 23 | AD1: 24 | AE1: 25 | AF1: 26 | AG1: 27 | AH1: 28 | AI1: 29 | AJ1: 30 | AK1: 31 | AL1: 32 | AM1: 33 | AN1: 34 | AO1: 35 | AP1: 36 | AQ1: 37 | AR1: 38 | AS1: 39 | AT1: 40 | AU1: 41 | AV1: 42 | AW1: 43 | AX1: 44 | AY1: 45 | AZ1: 46 | BA1: 47 | BB1: 48
C2: Ro - Madeira-Guapore | D2: Ro1101 | E2: norte | F2: 64.986854 | G2: 124.70978 | H2: 237.1975 | I2: 199.16753 | J2: 271.68686 | K2: 273.72945 | L2: 327.0203 | M2: 361.9092 | N2: 386.0903 | O2: 432.3888 | P2: 451.45494 | Q2: 482.40562 | R2: 495.32276 | S2: 506.38673 | T2: 517.32035 | U2: 522.78195 | V2: 534.56803 | W2: 543.62698 | X2: 556.60788 | Y2: 569.65718 | Z2: 581.93599 | AA2: 594.2832 | AB2: 603.7842 | AC2: 612.52009 | AD2: 619.12424 | AE2: 624.65285 | AF2: 629.52891 | AG2: 633.8022 | AH2: 638.37353 | AI2: 642.93407 | AJ2: 647.8606 | AK2: 652.88801 | AL2: 657.82696 | AM2: 662.5547 | AN2: 666.77158 | AO2: 670.50489 | AP2: 673.68747 | AQ2: 676.44818 | AR2: 678.92556 | AS2: 681.2406 | AT2: 683.53314 | AU2: 685.83686 | AV2: 688.1765 | AW2: 690.51019 | AX2: 692.78282 | AY2: 694.94341 | AZ2: 696.94417 | BA2: 698.77304 | BB2: 700.43194
C3: Ro - Leste Rondoniense | D3: Ro1102 | E3: norte | F3: 96.183765 | G3: 101.2962 | H3: 284.46558 | I3: 81.043936 | J3: 187.70559 | K3: 189.03869 | L3: 209.93069 | M3: 245.04078 | N3: 207.46986 | O3: 256.33117 | P3: 243.74494 | Q3: 257.88178 | R3: 261.34459 | S3: 258.22211 | T3: 275.50255 | U3: 277.06254 | V3: 292.99685 | W3: 301.51352 | X3: 311.1847 | Y3: 321.49935 | Z3: 326.07048 | AA3: 333.2122 | AB3: 336.49366 | AC3: 341.33572 | AD3: 346.0253 | AE3: 350.59496 | AF3: 356.41288 | AG3: 361.52174 | AH3: 367.36689 | AI3: 372.68146 | AJ3: 377.7865 | AK3: 382.62205 | AL3: 386.8339 | AM3: 390.86439 | AN3: 394.41416 | AO3: 397.83357 | AP3: 401.13074 | AQ3: 404.38698 | AR3: 407.72168 | AS3: 411.03343 | AT3: 414.3621 | AU3: 417.58885 | AV3: 420.67749 | AW3: 423.59186 | AX3: 426.3051 | AY3: 428.85577 | AZ3: 431.25768 | BA3: 433.56113 | BB3: 435.79327
C4: Ac - Vale do Jurua | D4: Ac1201 | E4: norte | F4: 0.25656643 | G4: 0.80955973 | H4: 9.3787795 | I4: 8.1109714 | J4: 14.113677 | K4: 13.150624 | L4: 12.554617 | M4: 13.101444 | N4: 12.213687 | O4: 13.881779 | P4: 13.822549 | Q4: 15.197695 | R4: 16.350875 | S4: 17.193634 | T4: 18.218469 | U4: 18.426642 | V4: 18.872889 | W4: 18.966276 | X4: 19.132587 | Y4: 19.395793 | Z4: 19.639595 | AA4: 20.097943 | AB4: 20.525066 | AC4: 21.038952 | AD4: 21.525847 | AE4: 21.965479 | AF4: 22.375319 | AG4: 22.695913 | AH4: 22.983189 | AI4: 23.217165 | AJ4: 23.435461 | AK4: 23.655869 | AL4: 23.883997 | AM4: 24.137667 | AN4: 24.402675 | AO4: 24.678077 | AP4: 24.948357 | AQ4: 25.203314 | AR4: 25.43818 | AS4: 25.6484 | AT4: 25.83923 | AU4: 26.014289 | AV4: 26.180728 | AW4: 26.34389 | AX4: 26.506782 | AY4: 26.671204 | AZ4: 26.83572 | BA4: 26.998595 | BB4: 27.157002
C5: Ac - Vale do Acre | D5: Ac1202 | E5: norte | F5: -11.346331 | G5: -3.0705982 | H5: 98.591971 | I5: 39.797856 | J5: 99.696985 | K5: 78.860645 | L5: 89.036367 | M5: 103.72052 | N5: 89.092347 | O5: 108.99603 | P5: 100.40185 | Q5: 109.8259 | R5: 111.58568 | S5: 111.31641 | T5: 117.73245 | U5: 116.79188 | V5: 122.7741 | W5: 124.70368 | X5: 128.02233 | Y5: 131.3925 | Z5: 132.83507 | AA5: 135.70022 | AB5: 136.85906 | AC5: 138.91389 | AD5: 140.68791 | AE5: 142.45059 | AF5: 144.60805 | AG5: 146.34533 | AH5: 148.36263 | AI5: 150.07884 | AJ5: 151.77391 | AK5: 153.39717 | AL5: 154.85148 | AM5: 156.31785 | AN5: 157.63362 | AO5: 158.93603 | AP5: 160.17519 | AQ5: 161.3779 | AR5: 162.57922 | AS5: 163.74191 | AT5: 164.89938 | AU5: 166.01228 | AV5: 167.08393 | AW5: 168.10446 | AX5: 169.06685 | AY5: 169.9847 | AZ5: 170.85705 | BA5: 171.69893 | BB5: 172.5138
C6: Am - Norte Amazonense | D6: Am1301 | E6: norte | F6: -8.9619261 | G6: -1.8301271 | H6: -2.0411267 | I6: -2.5258215 | J6: -1.6231103 | K6: -3.2979017 | L6: -1.6859182 | M6: -2.5991681 | N6: -2.3922774 | O6: -2.336889 | P6: -2.5967988 | Q6: -2.0884414 | R6: -2.3143294 | S6: -2.0302543 | T6: -2.0246447 | U6: -1.9719785 | V6: -1.8355068 | W6: -1.8881112 | X6: -1.7928255 | Y6: -1.8239005 | Z6: -1.7922664 | AA6: -1.7665129 | AB6: -1.7558638 | AC6: -1.6970963 | AD6: -1.668074 | AE6: -1.6092074 | AF6: -1.5671171 | AG6: -1.5290563 | AH6: -1.4929899 | AI6: -1.4723586 | AJ6: -1.4477837 | AK6: -1.4314754 | AL6: -1.4118627 | AM6: -1.3911695 | AN6: -1.3697532 | AO6: -1.3446786 | AP6: -1.3207301 | AQ6: -1.2955325 | AR6: -1.2721046 | AS6: -1.2502993 | AT6: -1.2302419 | AU6: -1.2126482 | AV6: -1.196262 | AW6: -1.1813131 | AX6: -1.166754 | AY6: -1.1523012 | AZ6: -1.1377416 | BA6: -1.1228736 | BB6: -1.108076
C7: Am - Sudoeste Amazonense | D7: Am1302 | E7: norte | F7: 0.46404691 | G7: -0.36164723 | H7: 1.1548238 | I7: 0.1230052 | J7: 0.61093613 | K7: 0.47676544 | L7: 0.44665559 | M7: 0.63229728 | N7: 0.35450563 | O7: 0.62661758 | P7: 0.57681436 | Q7: 0.70018702 | R7: 0.77914928 | S7: 0.77640806 | T7: 0.87194192 | U7: 0.84313071 | V7: 0.88208337 | W7: 0.87554388 | X7: 0.87756227 | Y7: 0.90172874 | Z7: 0.90688648 | AA7: 0.94281815 | AB7: 0.96471317 | AC7: 0.99732432 | AD7: 1.0273819 | AE7: 1.0502123 | AF7: 1.0743637 | AG7: 1.0883387 | AH7: 1.1029612 | AI7: 1.1135857 | AJ7: 1.1241326 | AK7: 1.1364496 | AL7: 1.1489631 | AM7: 1.1643198 | AN7: 1.1797461 | AO7: 1.1958196 | AP7: 1.2112034 | AQ7: 1.2251492 | AR7: 1.2378899 | AS7: 1.2488639 | AT7: 1.2588771 | AU7: 1.2680404 | AV7: 1.276896 | AW7: 1.2858049 | AX7: 1.2948192 | AY7: 1.3040883 | AZ7: 1.3133786 | BA7: 1.3225713 | BB7: 1.331441
C8: Am - Centro Amazonense | D8: Am1303 | E8: norte | F8: -86.018607 | G8: 235.029 | H8: 879.06334 | I8: 508.50219 | J8: 791.58246 | K8: 741.65204 | L8: 868.6267 | M8: 930.39421 | N8: 837.329 | O8: 932.92398 | P8: 877.20517 | Q8: 909.68061 | R8: 888.59592 | S8: 868.24151 | T8: 890.12356 | U8: 883.95725 | V8: 920.14331 | W8: 935.78108 | X8: 959.47451 | Y8: 978.71957 | Z8: 983.96048 | AA8: 992.2113 | AB8: 989.12956 | AC8: 990.93209 | AD8: 992.23244 | AE8: 995.78288 | AF8: 1003.2725 | AG8: 1010.309 | AH8: 1019.9284 | AI8: 1028.3085 | AJ8: 1036.4948 | AK8: 1043.6653 | AL8: 1049.2261 | AM8: 1054.082 | AN8: 1057.5805 | AO8: 1060.79 | AP8: 1063.7776 | AQ8: 1067.0245 | AR8: 1070.8565 | AS8: 1075.0912 | AT8: 1079.7603 | AU8: 1084.4311 | AV8: 1088.9048 | AW8: 1092.9559 | AX8: 1096.4796 | AY8: 1099.5629 | AZ8: 1102.2845 | BA8: 1104.8351 | BB8: 1107.3332
C9: Am - Sul Amazonense | D9: Am1304 | E9: norte | F9: -2.4016212 | G9: 0.25859474 | H9: 2.2206011 | I9: 0.86795472 | J9: 1.5768328 | K9: 1.6915299 | L9: 2.542796 | M9: 2.924641 | N9: 2.8941031 | O9: 3.387173 | P9: 3.4664086 | Q9: 3.7845481 | R9: 3.8873482 | S9: 4.0224807 | T9: 4.2671143 | U9: 4.445428 | V9: 4.7366532 | W9: 4.9545528 | X9: 5.1940289 | Y9: 5.4044948 | Z9: 5.5693747 | AA9: 5.7298236 | AB9: 5.8495324 | AC9: 5.9782941 | AD9: 6.099779 | AE9: 6.2263466 | AF9: 6.3607808 | AG9: 6.4924345 | AH9: 6.6289624 | AI9: 6.7583351 | AJ9: 6.8832602 | AK9: 7.0000151 | AL9: 7.1073839 | AM9: 7.2078526 | AN9: 7.3002719 | AO9: 7.3884555 | AP9: 7.4731065 | AQ9: 7.5562522 | AR9: 7.6389187 | AS9: 7.7206927 | AT9: 7.8015173 | AU9: 7.8799715 | AV9: 7.9553725 | AW9: 8.0269593 | AX9: 8.0944851 | AY9: 8.1582904 | AZ9: 8.218787 | BA9: 8.2767341 | BB9: 8.3326683
C10: Rr - Norte de Roraima | D10: Rr1401 | E10: norte | F10: 53.406422 | G10: -4.9370583 | H10: 57.603204 | I10: 3.5554556 | J10: 40.263735 | K10: 37.894901 | L10: 33.508881 | M10: 49.147727 | N10: 34.505466 | O10: 47.999382 | P10: 39.887151 | Q10: 40.333737 | R10: 40.326051 | S10: 36.280558 | T10: 40.081722 | U10: 38.107528 | V10: 41.1259 | W10: 42.199234 | X10: 43.228817 | Y10: 44.968668 | Z10: 44.611349 | AA10: 45.337614 | AB10: 44.81973 | AC10: 44.730257 | AD10: 44.703531 | AE10: 44.578313 | AF10: 45.007742 | AG10: 45.259073 | AH10: 45.841255 | AI10: 46.343919 | AJ10: 46.812459 | AK10: 47.257152 | AL10: 47.510215 | AM10: 47.736736 | AN10: 47.833506 | AO10: 47.916524 | AP10: 48.001961 | AQ10: 48.107196 | AR10: 48.280527 | AS10: 48.482643 | AT10: 48.727084 | AU10: 48.974043 | AV10: 49.207219 | AW10: 49.414625 | AX10: 49.582493 | AY10: 49.721962 | AZ10: 49.835212 | BA10: 49.937626 | BB10: 50.038706
C11: Rr - Sul de Roraima | D11: Rr1402 | E11: norte | F11: 1.2305904 | G11: -0.67264427 | H11: 1.5143873 | I11: -2.2900316 | J11: 0.22211032 | K11: 0.11988393 | L11: 0.6315555 | M11: 1.5264346 | N11: 1.2326447 | O11: 2.4049703 | P11: 2.2388984 | Q11: 2.6125063 | R11: 2.700902 | S11: 2.6582917 | T11: 2.9188624 | U11: 2.8591267 | V11: 3.0957548 | W11: 3.2169672 | X11: 3.421265 | Y11: 3.6669712 | Z11: 3.8334725 | AA11: 4.0512559 | AB11: 4.1774451 | AC11: 4.3090091 | AD11: 4.406637 | AE11: 4.4851428 | AF11: 4.5783197 | AG11: 4.6605372 | AH11: 4.7659748 | AI11: 4.8717781 | AJ11: 4.9846478 | AK11: 5.0990356 | AL11: 5.2051225 | AM11: 5.3072787 | AN11: 5.3968844 | AO11: 5.4791344 | AP11: 5.5533252 | AQ11: 5.6219999 | AR11: 5.6888954 | AS11: 5.7542994 | AT11: 5.8210199 | AU11: 5.8881387 | AV11: 5.955529 | AW11: 6.021994 | AX11: 6.0859732 | AY11: 6.1468593 | AZ11: 6.2037721 | BA11: 6.2570088 | BB11: 6.3069479
C12: Pa - Baixo Amazonas | D12: Pa1501 | E12: norte | F12: 14.48614 | G12: -12.934211 | H12: 63.733075 | I12: 24.437944 | J12: 55.111185 | K12: 56.610134 | L12: 54.213067 | M12: 68.169858 | N12: 51.136399 | O12: 58.701865 | P12: 50.273487 | Q12: 48.854971 | R12: 49.092799 | S12: 45.959628 | T12: 51.328102 | U12: 52.696378 | V12: 58.545377 | W12: 62.76988 | X12: 65.943986 | Y12: 69.020967 | Z12: 69.323825 | AA12: 69.973837 | AB12: 69.407038 | AC12: 69.32591 | AD12: 69.791606 | AE12: 70.59471 | AF12: 72.25935 | AG12: 73.944736 | AH12: 75.889594 | AI12: 77.623135 | AJ12: 79.075816 | AK12: 80.274542 | AL12: 81.102415 | AM12: 81.778429 | AN12: 82.293511 | AO12: 82.808516 | AP12: 83.391115 | AQ12: 84.069992 | AR12: 84.882859 | AS12: 85.765397 | AT12: 86.6877 | AU12: 87.576194 | AV12: 88.385294 | AW12: 89.093478 | AX12: 89.693614 | AY12: 90.214791 | AZ12: 90.68441 | BA12: 91.139053 | BB12: 91.603382
C13: Pa - Marajo | D13: Pa1502 | E13: norte | F13: -2.151507 | G13: -6.3241308 | H13: -0.76964004 | I13: -7.6555215 | J13: -5.8216314 | K13: -6.3992544 | L13: -7.6371484 | M13: -7.3086792 | N13: -9.2898581 | O13: -8.1407068 | P13: -8.4456582 | Q13: -7.9303904 | R13: -7.3387122 | S13: -7.2029531 | T13: -6.5427153 | U13: -6.6562757 | V13: -6.5839463 | W13: -6.8083704 | X13: -7.0738825 | Y13: -7.1934658 | Z13: -7.3760969 | AA13: -7.3274423 | AB13: -7.2752838 | AC13: -7.1274554 | AD13: -6.9627689 | AE13: -6.8444399 | AF13: -6.7355385 | AG13: -6.7055574 | AH13: -6.6990006 | AI13: -6.729876 | AJ13: -6.7722603 | AK13: -6.8030167 | AL13: -6.8236304 | AM13: -6.814258 | AN13: -6.7873542 | AO13: -6.7429423 | AP13: -6.6920353 | AQ13: -6.6455042 | AR13: -6.6073735 | AS13: -6.5843792 | AT13: -6.5734521 | AU13: -6.5724061 | AV13: -6.5756352 | AW13: -6.5776427 | AX13: -6.5753888 | AY13: -6.5664367 | AZ13: -6.551753 | BA13: -6.5329293 | BB13: -6.5126838
... C138: Go - Distrito Federal | D138: Go5301 | E138: centro | F138: 428.52515 | G138: 357.72536 | H138: 1145.7372 | I138: 353.13449 | J138: 817.66754 | K138: 876.88381 | L138: 992.85372 | M138: 1186.162 | N138: 1052.3461 | O138: 1263.3478 | P138: 1217.3308 | Q138: 1269.3448 | R138: 1280.5003 | S138: 1258.6156 | T138: 1326.8203 | U138: 1335.6933 | V138: 1409.1621 | W138: 1458.3146 | X138: 1512.6053 | Y138: 1569.9092 | Z138: 1600.0049 | AA138: 1636.9156 | AB138: 1654.5337 | AC138: 1675.8316 | AD138: 1696.0533 | AE138: 1716.0692 | AF138: 1742.7486 | AG138: 1768.0903 | AH138: 1797.7686 | AI138: 1826.1568 | AJ138: 1853.782 | AK138: 1879.9855 | AL138: 1902.8357 | AM138: 1924.0248 | AN138: 1942.3641 | AO138: 1959.466 | AP138: 1975.697 | AQ138: 1991.67 | AR138: 2008.1486 | AS138: 2024.845 | AT138: 2041.929 | AU138: 2058.8132 | AV138: 2075.1698 | AW138: 2090.6791 | AX138: 2105.0898 | AY138: 2118.4982 | AZ138: 2130.9719 | BA138: 2142.7843 | BB138: 2154.1451
F140: =SUM(F2:F138) -> 8596.3391 | G140: =SUM(G2:G138) -> 22243.92 | H140: =SUM(H2:H138) -> 67857.035 | I140: =SUM(I2:I138) -> 25328.222 | J140: =SUM(J2:J138) -> 54140.229 | K140: =SUM(K2:K138) -> 55869.119 | L140: =SUM(L2:L138) -> 66616.67 | M140: =SUM(M2:M138) -> 74758.629 | ... BB140: =SUM(BB2:BB138) -> 115632.99
F141: ='Point Estimates'!C143 -> 8596.3391 | G141: ='Point Estimates'!D143 -> 22243.92 | H141: ='Point Estimates'!E143 -> 67857.035 | I141: ='Point Estimates'!F143 -> 25328.222 | J141: ='Point Estimates'!G143 -> 54140.229 | K141: ='Point Estimates'!H143 -> 55869.119 | L141: ='Point Estimates'!I143 -> 66616.67 | M141: ='Point Estimates'!J143 -> 74758.629 | ... BB141: ='Point Estimates'!AY143 -> 115632.99
C143: =AND(F143:BB143) -> TRUE | F143: =EXACT(F140,F141) -> TRUE | G143: =EXACT(G140,G141) -> TRUE | H143: =EXACT(H140,H141) -> TRUE | I143: =EXACT(I140,I141) -> TRUE | J143: =EXACT(J140,J141) -> TRUE | K143: =EXACT(K140,K141) -> TRUE | L143: =EXACT(L140,L141) -> TRUE | M143: =EXACT(M140,M141) -> TRUE | ... BB143: =EXACT(BB140,BB141) -> TRUE

Sheet Planilha2
A1: Regiao | B1: 0 | C1: 1 | D1: 2 | E1: 3 | F1: 4 | G1: 5 | H1: 6 | I1: 7 | J1: 8 | K1: 9 | L1: 10 | M1: 11 | N1: 12 | O1: 13 | P1: 14 | Q1: 15 | R1: 16 | S1: 17 | T1: 18 | U1: 19 | V1: 20 | W1: 21 | X1: 22 | Y1: 23 | Z1: 24 | AA1: 25 | AB1: 26 | AC1: 27 | AD1: 28 | AE1: 29 | AF1: 30 | AG1: 31 | AH1: 32 | AI1: 33 | AJ1: 34 | AK1: 35 | AL1: 36 | AM1: 37 | AN1: 38 | AO1: 39 | AP1: 40 | AQ1: 41 | AR1: 42 | AS1: 43 | AT1: 44 | AU1: 45 | AV1: 46 | AW1: 47 | AX1: 48
A2: norte | B2: =SUMIF(Planilha1!$E$2:$E$138,Planilha2!$A2,Planilha1!F$2:F$138) -> 215.15196 | C2: =SUMIF(Planilha1!$E$2:$E$138,Planilha2!$A2,Planilha1!G$2:G$138) -> 833.55428 | D2: =SUMIF(Planilha1!$E$2:$E$138,Planilha2!$A2,Planilha1!H$2:H$138) -> 3118.1063 | E2: =SUMIF(Planilha1!$E$2:$E$138,Planilha2!$A2,Planilha1!I$2:I$138) -> 1565.0866 | F2: =SUMIF(Planilha1!$E$2:$E$138,Planilha2!$A2,Planilha1!J$2:J$138) -> 2574.1784 | G2: =SUMIF(Planilha1!$E$2:$E$138,Planilha2!$A2,Planilha1!K$2:K$138) -> 2537.4201 | H2: =SUMIF(Planilha1!$E$2:$E$138,Planilha2!$A2,Planilha1!L$2:L$138) -> 2854.7708 | I2: =SUMIF(Planilha1!$E$2:$E$138,Planilha2!$A2,Planilha1!M$2:M$138) -> 3200.4387 | ... AX2: =SUMIF(Planilha1!$E$2:$E$138,Planilha2!$A2,Planilha1!BB$2:BB$138) -> 4948.1175
A3: nordeste | B3: =SUMIF(Planilha1!$E$2:$E$138,Planilha2!$A3,Planilha1!F$2:F$138) -> 3515.4611 | C3: =SUMIF(Planilha1!$E$2:$E$138,Planilha2!$A3,Planilha1!G$2:G$138) -> -312.76524 | D3: =SUMIF(Planilha1!$E$2:$E$138,Planilha2!$A3,Planilha1!H$2:H$138) -> 4995.2489 | E3: =SUMIF(Planilha1!$E$2:$E$138,Planilha2!$A3,Planilha1!I$2:I$138) -> 448.72215 | F3: =SUMIF(Planilha1!$E$2:$E$138,Planilha2!$A3,Planilha1!J$2:J$138) -> 3281.8702 | G3: =SUMIF(Planilha1!$E$2:$E$138,Planilha2!$A3,Planilha1!K$2:K$138) -> 6500.1479 | H3: =SUMIF(Planilha1!$E$2:$E$138,Planilha2!$A3,Planilha1!L$2:L$138) -> 6977.3629 | I3: =SUMIF(Planilha1!$E$2:$E$138,Planilha2!$A3,Planilha1!M$2:M$138) -> 8794.5309 | ... AX3: =SUMIF(Planilha1!$E$2:$E$138,Planilha2!$A3,Planilha1!BB$2:BB$138) -> 17131.193
A4: sudeste | B4: =SUMIF(Planilha1!$E$2:$E$138,Planilha2!$A4,Planilha1!F$2:F$138) -> 413.95086 | C4: =SUMIF(Planilha1!$E$2:$E$138,Planilha2!$A4,Planilha1!G$2:G$138) -> 13505.513 | D4: =SUMIF(Planilha1!$E$2:$E$138,Planilha2!$A4,Planilha1!H$2:H$138) -> 40497.327 | E4: =SUMIF(Planilha1!$E$2:$E$138,Planilha2!$A4,Planilha1!I$2:I$138) -> 16419.588 | F4: =SUMIF(Planilha1!$E$2:$E$138,Planilha2!$A4,Planilha1!J$2:J$138) -> 31634.473 | G4: =SUMIF(Planilha1!$E$2:$E$138,Planilha2!$A4,Planilha1!K$2:K$138) -> 30143.864 | H4: =SUMIF(Planilha1!$E$2:$E$138,Planilha2!$A4,Planilha1!L$2:L$138) -> 36489.946 | I4: =SUMIF(Planilha1!$E$2:$E$138,Planilha2!$A4,Planilha1!M$2:M$138) -> 39958.903 | ... AX4: =SUMIF(Planilha1!$E$2:$E$138,Planilha2!$A4,Planilha1!BB$2:BB$138) -> 59656.869
A5: sul | B5: =SUMIF(Planilha1!$E$2:$E$138,Planilha2!$A5,Planilha1!F$2:F$138) -> 4524.6488 | C5: =SUMIF(Planilha1!$E$2:$E$138,Planilha2!$A5,Planilha1!G$2:G$138) -> 5769.5624 | D5: =SUMIF(Planilha1!$E$2:$E$138,Planilha2!$A5,Planilha1!H$2:H$138) -> 12697.453 | E5: =SUMIF(Planilha1!$E$2:$E$138,Planilha2!$A5,Planilha1!I$2:I$138) -> 4143.0015 | F5: =SUMIF(Planilha1!$E$2:$E$138,Planilha2!$A5,Planilha1!J$2:J$138) -> 12006.034 | G5: =SUMIF(Planilha1!$E$2:$E$138,Planilha2!$A5,Planilha1!K$2:K$138) -> 12366.829 | H5: =SUMIF(Planilha1!$E$2:$E$138,Planilha2!$A5,Planilha1!L$2:L$138) -> 14798.08 | I5: =SUMIF(Planilha1!$E$2:$E$138,Planilha2!$A5,Planilha1!M$2:M$138) -> 16771.806 | ... AX5: =SUMIF(Planilha1!$E$2:$E$138,Planilha2!$A5,Planilha1!BB$2:BB$138) -> 23711.215
A6: centro | B6: =SUMIF(Planilha1!$E$2:$E$138,Planilha2!$A6,Planilha1!F$2:F$138) -> -72.873567 | C6: =SUMIF(Planilha1!$E$2:$E$138,Planilha2!$A6,Planilha1!G$2:G$138) -> 2448.0557 | D6: =SUMIF(Planilha1!$E$2:$E$138,Planilha2!$A6,Planilha1!H$2:H$138) -> 6548.8995 | E6: =SUMIF(Planilha1!$E$2:$E$138,Planilha2!$A6,Planilha1!I$2:I$138) -> 2751.8241 | F6: =SUMIF(Planilha1!$E$2:$E$138,Planilha2!$A6,Planilha1!J$2:J$138) -> 4643.6736 | G6: =SUMIF(Planilha1!$E$2:$E$138,Planilha2!$A6,Planilha1!K$2:K$138) -> 4320.8584 | H6: =SUMIF(Planilha1!$E$2:$E$138,Planilha2!$A6,Planilha1!L$2:L$138) -> 5496.5099 | I6: =SUMIF(Planilha1!$E$2:$E$138,Planilha2!$A6,Planilha1!M$2:M$138) -> 6032.9499 | ... AX6: =SUMIF(Planilha1!$E$2:$E$138,Planilha2!$A6,Planilha1!BB$2:BB$138) -> 10185.594
B8: =SUM(B2:B6) -> 8596.3391 | C8: =SUM(C2:C6) -> 22243.92 | D8: =SUM(D2:D6) -> 67857.035 | E8: =SUM(E2:E6) -> 25328.222 | F8: =SUM(F2:F6) -> 54140.229 | G8: =SUM(G2:G6) -> 55869.119 | H8: =SUM(H2:H6) -> 66616.67 | I8: =SUM(I2:I6) -> 74758.629 | ... AX8: =SUM(AX2:AX6) -> 115632.99
B9: ='Point Estimates'!C143 -> 8596.3391 | C9: ='Point Estimates'!D143 -> 22243.92 | D9: ='Point Estimates'!E143 -> 67857.035 | E9: ='Point Estimates'!F143 -> 25328.222 | F9: ='Point Estimates'!G143 -> 54140.229 | G9: ='Point Estimates'!H143 -> 55869.119 | H9: ='Point Estimates'!I143 -> 66616.67 | I9: ='Point Estimates'!J143 -> 74758.629 | ... AX9: ='Point Estimates'!AY143 -> 115632.99
B11: =EXACT(B8,B9) -> TRUE | C11: =EXACT(C8,C9) -> FALSE | D11: =EXACT(D8,D9) -> FALSE | E11: =EXACT(E8,E9) -> TRUE | F11: =EXACT(F8,F9) -> TRUE | G11: =EXACT(G8,G9) -> FALSE | H11: =EXACT(H8,H9) -> TRUE | I11: =EXACT(I8,I9) -> TRUE | ... AX11: =EXACT(AX8,AX9) -> TRUE
B13: =AND(B11:AX11) -> FALSE
